7 4
cycle300
FR
201
848.621504 284.403233 262.860943 242.804387 224.251864 207.468586 191.989235 178.313789 165.741808 154.215595 143.729529 133.992809 125.135030 116.806458 109.129710 101.844354 95.167290 88.820647 82.911855 77.340519 71.924192 66.854416 62.005647 57.418463 52.934286 48.772522 44.619814 40.827002 37.104875 33.630063 30.106139 26.888542 23.660322 20.671338 17.662767 14.911927 12.208852 9.613885 7.074909 4.685125 2.368502 0.149659 -1.989715 -3.970425 -5.934855 -7.760668 -9.626675 -11.344884 -13.042000 -14.687422 -16.327216 -17.856686 -19.361674 -20.843108 -22.293769 -23.693015 -25.075200 -26.407705 -27.730555 -28.956547 -30.224824 -31.401037 -32.558890 -33.637906 -34.722763 -35.722456 -36.713693 -37.672002 -38.658965 -39.584437 -40.549693 -41.415537 -42.327916 -43.208533 -44.122172 -44.982323 -45.885689 -46.764635 -47.637913 -48.468577 -49.311993 -50.064074 -50.905118 -51.621506 -52.450672 -53.184713 -53.972851 -54.704028 -55.417480 -56.127600 -56.848668 -57.535556 -58.271071 -58.954993 -59.679547 -60.319701 -61.005445 -61.602394 -62.254523 -62.854837 -63.533133 -64.160479 -64.845189 -65.480618 -66.162733 -66.787110 -67.451027 -68.057140 -68.693471 -69.296593 -69.928907 -70.528670 -71.166375 -71.761104 -72.395010 -72.991715 -73.597827 -74.193088 -74.803394 -75.391491 -76.006790 -76.604302 -77.195794 -77.760724 -78.337443 -78.884225 -79.441033 -79.978925 -80.525121 -81.064593 -81.611496 -82.159267 -82.713770 -83.260282 -83.819731 -84.356403 -84.899096 -85.423115 -85.954014 -86.475757 -86.999850 -87.508486 -88.022995 -88.520976 -89.015150 -89.497247 -89.975424 -90.449697 -90.914996 -91.372437 -91.819753 -92.262126 -92.693906 -93.124882 -93.545878 -93.964332 -94.379327 -94.789765 -95.193004 -95.581075 -95.971720 -96.346647 -96.717002 -97.078508 -97.432290 -97.776262 -98.112445 -98.436386 -98.752749 -99.059247 -99.356854 -99.646215 -99.925755 -100.196120 -100.455406 -100.706238 -100.946738 -101.178835 -101.400892 -101.613718 -101.816934 -102.011090 -102.195438 -102.370780 -102.536361 -102.693007 -102.840346 -102.978089 -103.106638 -103.225544 -103.335315 -103.435785 -103.527094 -103.609105 -103.681930 -103.745557 -103.800029 -103.845360 -103.881570 -103.908697 -103.926771
0.000015 0.003473 0.004507 0.006837 0.008161 0.009629 0.010771 0.011807 0.012794 0.013825 0.015802 0.017489 0.018608 0.019691 0.020714 0.021712 0.022669 0.023626 0.024611 0.025575 0.026543 0.027699 0.028850 0.029984 0.031017 0.032151 0.033128 0.034108 0.035081 0.036039 0.037021 0.037998 0.039669 0.040693 0.041784 0.042760 0.043717 0.044703 0.045657 0.046622 0.047587 0.048556 0.049578 0.050542 0.051499 0.052495 0.053476 0.054467 0.055433 0.056416 0.057373 0.058333 0.059675 0.060691 0.061876 0.062841 0.063800 0.064793 0.065766 0.066732 0.067695 0.068654 0.069642 0.070603 0.071567 0.073670 0.074815 0.075788 0.076747 0.077731 0.078701 0.079669 0.080634 0.081611 0.082756 0.083780 0.084803 0.085859 0.086839 0.087855 0.088833 0.089816 0.090772 0.091755 0.092747 0.093725 0.094779 0.095888 0.096864 0.098031 0.099052 0.100059 0.101059 0.102017 0.103026 0.104016 0.104987 0.106021 0.106992 0.108028 0.108996 0.110123 0.111113 0.112070 0.113065 0.114040 0.115007 0.116001 0.116961 0.118077 0.119100 0.120169 0.121220 0.122226 0.123215 0.124197 0.125179 0.126175 0.127153 0.128131 0.129096 0.130091 0.131095 0.132065 0.133020 0.133977 0.134949 0.135946 0.136904 0.137870 0.138859 0.139833 0.140813 0.141774 0.142802 0.143797 0.144771 0.145740 0.146732 0.147695 0.148665 0.149633 0.150602 0.151607 0.152579 0.153537 0.154503 0.155471 0.156639 0.157643 0.158613 0.159590 0.160550 0.161578 0.162538 0.163521 0.164516 0.165481 0.166473 0.167440 0.168415 0.169478 0.170455 0.171452 0.172429 0.173397 0.174377 0.175379 0.176383 0.177364 0.178347 0.179362 0.180330 0.181305 0.182335 0.183308 0.184278 0.185249 0.186420 0.187839 0.189048 0.190026 0.190989 0.191958 0.192956 0.193924 0.194883 0.195843 0.196803 0.197851 0.198819 0.199867 0.200858 0.201895 0.202901 0.203886 0.204858 0.206574 0.207660 0.208683 0.209699
Elapsed_time: 0.209699
Score: -103.926771
201
962.614825 292.983891 273.533309 254.518744 236.460291 219.772877 204.459402 190.376391 177.695359 166.191073 155.499727 146.054693 137.276739 129.100810 121.391681 113.993353 107.189598 100.765102 94.700385 88.885000 83.562309 78.435098 73.673778 68.756541 64.208928 59.842248 55.588134 51.625158 47.659819 43.928079 40.235882 36.777297 33.351125 30.140845 26.946160 23.919392 20.920688 18.104660 15.328314 12.726268 10.152272 7.817044 5.454499 3.306149 1.121992 -0.906957 -3.008487 -4.942247 -6.870001 -8.607551 -10.420993 -12.173539 -13.951115 -15.591429 -17.180743 -18.744414 -20.313003 -21.774649 -23.236460 -24.590132 -25.967555 -27.239444 -28.499158 -29.665865 -30.895029 -32.083266 -33.262556 -34.420489 -35.558476 -36.672383 -37.779548 -38.867139 -39.906661 -40.912638 -41.910363 -42.870863 -43.823698 -44.735250 -45.679095 -46.615823 -47.589244 -48.535554 -49.468377 -50.357670 -51.263851 -52.140009 -53.016426 -53.877150 -54.743524 -55.574408 -56.433855 -57.244700 -58.065575 -58.846015 -59.630843 -60.384392 -61.152043 -61.869370 -62.605913 -63.304260 -64.023644 -64.697028 -65.390743 -66.053644 -66.746003 -67.411869 -68.075619 -68.728296 -69.383766 -70.005553 -70.653257 -71.273223 -71.923643 -72.561600 -73.212567 -73.811343 -74.450736 -75.048114 -75.660361 -76.233585 -76.813354 -77.367770 -77.924497 -78.471006 -79.023706 -79.561030 -80.121754 -80.657502 -81.206864 -81.723384 -82.249577 -82.758859 -83.275250 -83.781742 -84.303020 -84.800924 -85.314317 -85.802974 -86.319305 -86.813609 -87.324166 -87.811640 -88.305533 -88.777561 -89.253034 -89.710223 -90.165727 -90.609905 -91.048251 -91.477724 -91.909973 -92.335570 -92.766397 -93.194290 -93.621830 -94.032738 -94.438992 -94.831565 -95.216199 -95.588810 -95.958446 -96.320871 -96.678754 -97.025562 -97.365133 -97.693864 -98.014179 -98.326566 -98.630799 -98.927533 -99.215384 -99.494457 -99.763653 -100.024535 -100.276564 -100.520478 -100.755638 -100.981631 -101.198226 -101.405439 -101.603803 -101.792917 -101.973251 -102.144277 -102.306339 -102.459079 -102.603008 -102.737949 -102.863998 -102.980970 -103.088847 -103.187643 -103.277359 -103.358015 -103.429603 -103.492159 -103.545713 -103.590295 -103.625931 -103.652641 -103.670439
0.000013 0.003154 0.004138 0.005119 0.006333 0.007728 0.009489 0.010536 0.011636 0.012727 0.013707 0.014688 0.015738 0.017143 0.018640 0.019719 0.020749 0.021728 0.022723 0.023699 0.024686 0.026562 0.027809 0.028838 0.029981 0.030976 0.031958 0.032923 0.033897 0.034948 0.035921 0.036906 0.037857 0.038811 0.039948 0.040907 0.041868 0.042833 0.043783 0.044884 0.046069 0.047278 0.048240 0.049288 0.050329 0.051290 0.052292 0.053251 0.054215 0.055195 0.056163 0.057682 0.058973 0.060219 0.061280 0.062316 0.063370 0.064353 0.065340 0.066307 0.067272 0.068223 0.069190 0.070180 0.071292 0.072290 0.073279 0.074229 0.075736 0.076846 0.077862 0.078830 0.079796 0.080801 0.081786 0.083002 0.084152 0.085118 0.086068 0.087018 0.088026 0.088988 0.089940 0.090924 0.091874 0.092836 0.093795 0.094767 0.095742 0.096701 0.097659 0.098640 0.099663 0.100623 0.101580 0.102541 0.103535 0.104485 0.105435 0.106423 0.107383 0.108336 0.109293 0.110245 0.111215 0.112183 0.113133 0.114083 0.115055 0.116035 0.116997 0.117952 0.118920 0.119881 0.120859 0.121827 0.122791 0.123753 0.124705 0.125671 0.126641 0.127596 0.128546 0.129499 0.130471 0.131444 0.132406 0.133364 0.134321 0.135283 0.136315 0.137270 0.138390 0.139513 0.140476 0.141604 0.142608 0.143590 0.144550 0.145509 0.146469 0.147454 0.148523 0.149853 0.150930 0.152628 0.153595 0.154582 0.155537 0.156487 0.157453 0.158413 0.159425 0.160396 0.161508 0.162541 0.163521 0.164513 0.165512 0.166582 0.167814 0.168956 0.170100 0.171110 0.172191 0.173464 0.174542 0.175570 0.176523 0.177491 0.178462 0.179418 0.180393 0.181452 0.182509 0.183607 0.184577 0.185532 0.186481 0.187449 0.188429 0.189395 0.190356 0.191311 0.192270 0.193286 0.194251 0.195209 0.196197 0.197146 0.198096 0.199046 0.200147 0.201229 0.202213 0.203173 0.204134 0.205097 0.206071 0.207031 0.208033
Elapsed_time: 0.208033
Score: -103.670439
201
954.555826 285.319923 264.357802 245.363434 228.346563 213.134281 199.233494 186.055716 174.257969 163.060181 152.850964 143.742590 135.085339 127.114800 119.601795 112.775787 106.474138 100.486046 94.854062 89.459510 84.494974 79.749853 75.390317 71.176888 67.220386 63.337402 59.895190 56.457305 53.265152 50.047104 47.158200 44.239221 41.547695 38.824964 36.313435 33.773311 31.434959 29.123252 26.914149 24.835916 22.802223 20.881957 18.959772 17.161503 15.388916 13.753776 12.094169 10.483912 8.880768 7.374436 5.893359 4.557832 3.203593 1.953855 0.717480 -0.507578 -1.686491 -2.937842 -4.153813 -5.400829 -6.642054 -7.874796 -9.075448 -10.264325 -11.428351 -12.565034 -13.586710 -14.622469 -15.598994 -16.593937 -17.550652 -18.444744 -19.336081 -20.183182 -20.991985 -21.785015 -22.567226 -23.363515 -24.164579 -24.963040 -25.768266 -26.540576 -27.339952 -28.148617 -28.973883 -29.795920 -30.659365 -31.504704 -32.424620 -33.283026 -34.219086 -35.065660 -35.978958 -36.823828 -37.735004 -38.556878 -39.392191 -40.186847 -41.026809 -41.810695 -42.635438 -43.405897 -44.207423 -44.956838 -45.748723 -46.481663 -47.250800 -47.985866 -48.766082 -49.495400 -50.253178 -50.982506 -51.743089 -52.468784 -53.219776 -53.941393 -54.684079 -55.396834 -56.105671 -56.781450 -57.450292 -58.096058 -58.755845 -59.395414 -60.051502 -60.697681 -61.355061 -61.993789 -62.633787 -63.254244 -63.872195 -64.473504 -65.069247 -65.648698 -66.242628 -66.827270 -67.409114 -67.979054 -68.543133 -69.089834 -69.621689 -70.150590 -70.671303 -71.193841 -71.705691 -72.216006 -72.709003 -73.204484 -73.678117 -74.146942 -74.598120 -75.042661 -75.475051 -75.900961 -76.317593 -76.728542 -77.135909 -77.535390 -77.927107 -78.308746 -78.688332 -79.062715 -79.435338 -79.793589 -80.146137 -80.480889 -80.813065 -81.129087 -81.441655 -81.738653 -82.031766 -82.310648 -82.585150 -82.847909 -83.106662 -83.356203 -83.600275 -83.834386 -84.061202 -84.279755 -84.489741 -84.690673 -84.881622 -85.062582 -85.233117 -85.394523 -85.546441 -85.689275 -85.822691 -85.946725 -86.061345 -86.166415 -86.261887 -86.347734 -86.423960 -86.490594 -86.547646 -86.595164 -86.633164 -86.661660 -86.680657
0.000013 0.002960 0.003922 0.004882 0.005863 0.006833 0.007801 0.008766 0.009730 0.010696 0.011663 0.012636 0.013609 0.014570 0.015539 0.016512 0.017484 0.018473 0.019434 0.020410 0.021385 0.022389 0.023464 0.024491 0.025477 0.026452 0.027412 0.028391 0.029370 0.030341 0.031312 0.032278 0.033333 0.034307 0.035330 0.036342 0.037398 0.038460 0.039515 0.040504 0.041578 0.042749 0.044136 0.045748 0.047557 0.049311 0.050831 0.052131 0.053238 0.054286 0.055256 0.056265 0.057235 0.058320 0.059280 0.060256 0.061239 0.062208 0.063175 0.064135 0.065094 0.066087 0.067111 0.068234 0.069265 0.070257 0.071347 0.072390 0.073359 0.074367 0.075616 0.077134 0.078849 0.080551 0.082483 0.084446 0.086128 0.088035 0.089028 0.090639 0.092096 0.093292 0.094329 0.095595 0.096580 0.097557 0.098518 0.099494 0.100453 0.101413 0.102363 0.103352 0.104347 0.105310 0.106271 0.107234 0.108188 0.109146 0.110104 0.111060 0.112035 0.112984 0.114132 0.115186 0.116287 0.117257 0.118209 0.119167 0.120132 0.121091 0.122065 0.123031 0.124162 0.125162 0.126122 0.127072 0.128024 0.128975 0.129964 0.130924 0.131891 0.132870 0.133822 0.134777 0.135737 0.136694 0.137656 0.138616 0.139580 0.140548 0.141516 0.142503 0.143468 0.144433 0.145442 0.146411 0.147379 0.148354 0.149315 0.150308 0.151279 0.152249 0.153238 0.154200 0.155168 0.156130 0.157089 0.158078 0.159048 0.160010 0.160976 0.161947 0.162944 0.163915 0.164877 0.165870 0.166845 0.167872 0.168841 0.169801 0.170781 0.171758 0.172730 0.173698 0.174659 0.175640 0.176611 0.177581 0.178560 0.179531 0.180492 0.181453 0.182429 0.183421 0.184390 0.185383 0.186355 0.187314 0.188295 0.189266 0.190228 0.191203 0.192173 0.193142 0.194129 0.195090 0.196051 0.197020 0.197988 0.198968 0.199928 0.200997 0.201968 0.202938 0.203972 0.205149 0.206194 0.207160 0.208134 0.209127 0.210099
Elapsed_time: 0.210099
Score: -86.680657
CN-FR
198
-6.782924 -19.341729 -14.614306 -23.716198 -18.905579 -26.577017 -23.115928 -30.211969 -26.965653 -33.342770 -29.735336 -35.884056 -32.857799 -38.741191 -36.429214 -41.936504 -39.571994 -45.092626 -42.364503 -48.080471 -45.092034 -50.577638 -47.875587 -52.767746 -50.317805 -55.027153 -52.541883 -57.086982 -54.774206 -59.033970 -56.905664 -61.147491 -59.020001 -62.985804 -61.056016 -65.104062 -63.240417 -67.109708 -65.169865 -68.859215 -66.989915 -70.565595 -68.806026 -72.463403 -70.409811 -74.024784 -72.140426 -75.551008 -73.804430 -77.031846 -75.324037 -78.400343 -76.864315 -79.856892 -78.317169 -81.219880 -79.803350 -82.645111 -81.153912 -83.973091 -82.703373 -85.343240 -84.019096 -86.647105 -85.335239 -87.812572 -86.601171 -89.077187 -87.710018 -90.088763 -88.872795 -91.215854 -90.160017 -92.527020 -91.409088 -93.707226 -92.644636 -94.779660 -93.856589 -95.947439 -95.010344 -97.097657 -96.190644 -98.212577 -97.364514 -99.296280 -98.421581 -100.327645 -99.545569 -101.418349 -100.731321 -102.569003 -101.751689 -103.612894 -102.901089 -104.646521 -103.980198 -105.480245 -104.978827 -106.482594 -105.982182 -107.411541 -106.931018 -108.448180 -107.845048 -109.373933 -108.798067 -110.290928 -109.770473 -111.268966 -110.698287 -112.174866 -111.782174 -113.093961 -112.754934 -114.010118 -113.690159 -114.908509 -114.614889 -115.771115 -115.542341 -116.646726 -116.469778 -117.534888 -117.380423 -118.386344 -118.268973 -119.264625 -119.166046 -120.110502 -120.052095 -120.951007 -120.960475 -121.813040 -121.839373 -122.644616 -122.744916 -123.490449 -123.650533 -124.392731 -124.571248 -125.292312 -125.562424 -126.203566 -126.502285 -127.103068 -127.438940 -128.011362 -128.379396 -128.951532 -129.313256 -129.870700 -130.213187 -130.737474 -131.091827 -131.628277 -131.954138 -132.446518 -132.784358 -133.268969 -133.625220 -134.076015 -134.437139 -134.852272 -135.214044 -135.602567 -135.954206 -136.318718 -136.659107 -136.995342 -137.315691 -137.614040 -137.913888 -138.189148 -138.459641 -138.715659 -138.962408 -139.194986 -139.413986 -139.615547 -139.801714 -139.973415 -140.133055 -140.282460 -140.422706 -140.554305 -140.677494 -140.792425 -140.899221 -140.997988 -141.088822 -141.171806 -141.247019 -141.314528 -141.374392 -141.426663 -141.471385 -141.508596
0.031877 0.036028 0.037022 0.037994 0.039306 0.040478 0.041467 0.042547 0.043537 0.044661 0.045843 0.047284 0.048678 0.049997 0.051280 0.052806 0.054345 0.055824 0.057153 0.058331 0.059400 0.060366 0.061331 0.062314 0.063280 0.064247 0.065213 0.066180 0.067156 0.068124 0.069102 0.070080 0.071041 0.072023 0.072993 0.073964 0.074940 0.075902 0.076870 0.077855 0.078824 0.079786 0.080753 0.081712 0.082690 0.083670 0.084640 0.085612 0.086580 0.087551 0.088520 0.089583 0.090596 0.091578 0.092568 0.093538 0.094513 0.095492 0.096591 0.097578 0.098557 0.099564 0.100658 0.101688 0.102671 0.103670 0.104619 0.105586 0.106547 0.107510 0.108471 0.109454 0.110405 0.111378 0.112339 0.113305 0.114255 0.115211 0.116195 0.117154 0.118114 0.119074 0.120114 0.121106 0.122057 0.123007 0.123969 0.124935 0.125897 0.126864 0.127834 0.128972 0.130324 0.131959 0.133112 0.134502 0.135724 0.136847 0.137843 0.138792 0.139743 0.140794 0.141787 0.142746 0.143744 0.144742 0.145748 0.146723 0.147676 0.148636 0.149607 0.150573 0.151535 0.152501 0.153464 0.154416 0.155376 0.156338 0.157298 0.158255 0.159203 0.160167 0.161138 0.162098 0.163050 0.164020 0.164986 0.165954 0.166922 0.167883 0.168843 0.169821 0.170805 0.171765 0.172760 0.173721 0.174688 0.175667 0.176637 0.177610 0.178581 0.179552 0.180535 0.181596 0.182634 0.183610 0.184582 0.185581 0.186555 0.187523 0.188578 0.189614 0.190624 0.191621 0.192621 0.193583 0.194565 0.195550 0.196525 0.197630 0.198946 0.200444 0.202229 0.203870 0.205295 0.206597 0.207749 0.208784 0.209744 0.210704 0.211673 0.212755 0.213811 0.214821 0.215823 0.216863 0.217968 0.219272 0.220802 0.222537 0.223960 0.225335 0.226567 0.227664 0.228649 0.229637 0.230611 0.231582 0.232550 0.233513 0.234506 0.235475 0.236455 0.237415 0.238375 0.239370 0.240347 0.241315
Elapsed_time: 0.241315
Score: -141.508596
198
1.264836 -14.294107 -10.653678 -18.318020 -15.844927 -23.036766 -20.320608 -26.609263 -24.619519 -30.266448 -28.808369 -33.589244 -32.427475 -37.236141 -35.754405 -40.199212 -38.897982 -42.805007 -41.690436 -45.658695 -44.540675 -48.324151 -47.252355 -50.988675 -49.810968 -53.452496 -52.342642 -55.991885 -54.931543 -58.473240 -57.350103 -60.368497 -59.695726 -62.601361 -61.701834 -64.749683 -64.028147 -66.875858 -66.368111 -68.838742 -68.409645 -70.738835 -70.371151 -72.662030 -72.368376 -74.559134 -74.266981 -76.445556 -76.191863 -78.444307 -78.105149 -80.298890 -79.920157 -82.067813 -81.660036 -83.804260 -83.400185 -85.358602 -84.909407 -87.004359 -86.616166 -88.478564 -88.230901 -90.076221 -89.746552 -91.393184 -91.219026 -92.791509 -92.581634 -94.205760 -93.973076 -95.535577 -95.331811 -96.921345 -96.550987 -98.164135 -97.931951 -99.325268 -99.201643 -100.661485 -100.548277 -101.807535 -101.778384 -103.055535 -103.013461 -104.251904 -104.233581 -105.355836 -105.468658 -106.510863 -106.641872 -107.662032 -107.700184 -108.704790 -108.822104 -109.838529 -109.946638 -110.928069 -110.989920 -111.995432 -112.103582 -113.089548 -113.157170 -114.109933 -114.266481 -115.050322 -115.319695 -116.097142 -116.356252 -117.139382 -117.386872 -118.142615 -118.369679 -119.112187 -119.348236 -120.075018 -120.380489 -121.082847 -121.345242 -122.087027 -122.356697 -123.032429 -123.357802 -124.007451 -124.303348 -124.967159 -125.246778 -125.890241 -126.224218 -126.809055 -127.173580 -127.748211 -128.101823 -128.644533 -129.040238 -129.523432 -129.911218 -130.421701 -130.838452 -131.311642 -131.758153 -132.225857 -132.662326 -133.139056 -133.583436 -134.035170 -134.526823 -134.951772 -135.460427 -135.876206 -136.380345 -136.793712 -137.282041 -137.697045 -138.160953 -138.582828 -139.027553 -139.440351 -139.869762 -140.256820 -140.676318 -141.045073 -141.445511 -141.776475 -142.180603 -142.500085 -142.873698 -143.180668 -143.517621 -143.812438 -144.115789 -144.394073 -144.671998 -144.934807 -145.184511 -145.425628 -145.650522 -145.862307 -146.059460 -146.244770 -146.419143 -146.582745 -146.735696 -146.878823 -147.013018 -147.138917 -147.256844 -147.366955 -147.469349 -147.564108 -147.651305 -147.731007 -147.803274 -147.868162 -147.925719 -147.975987 -148.019005 -148.054804
0.033467 0.037581 0.038550 0.039530 0.040489 0.041452 0.042434 0.043402 0.044371 0.045333 0.046301 0.047278 0.048247 0.049230 0.050200 0.051160 0.052136 0.053108 0.054078 0.055049 0.056010 0.056985 0.057968 0.058955 0.059927 0.060900 0.061859 0.062837 0.063807 0.064778 0.065737 0.066696 0.067673 0.068641 0.069615 0.070587 0.071646 0.072826 0.073837 0.074967 0.076036 0.077030 0.078023 0.079022 0.079992 0.080975 0.081952 0.083041 0.084373 0.085795 0.087067 0.088211 0.089241 0.090200 0.091170 0.092140 0.093112 0.094071 0.095033 0.096020 0.096988 0.097956 0.098923 0.099882 0.100843 0.101807 0.102778 0.103758 0.104714 0.105680 0.106668 0.107632 0.108587 0.109543 0.110509 0.111481 0.112677 0.113671 0.114627 0.115584 0.116587 0.117552 0.118517 0.119488 0.120465 0.121442 0.122554 0.123876 0.124956 0.126150 0.127532 0.129082 0.130885 0.133036 0.135256 0.137220 0.139005 0.140601 0.141998 0.143191 0.144275 0.145280 0.146249 0.147203 0.148156 0.149134 0.150124 0.151115 0.152070 0.153051 0.154020 0.154991 0.156003 0.157094 0.158105 0.159067 0.160034 0.161008 0.162260 0.163247 0.164203 0.165167 0.166147 0.167132 0.168200 0.169184 0.170146 0.171245 0.172299 0.173326 0.174326 0.175298 0.176282 0.177245 0.178221 0.179187 0.180155 0.181130 0.182090 0.183048 0.184029 0.184998 0.185961 0.186928 0.187914 0.188892 0.189860 0.190818 0.191811 0.192780 0.193747 0.194707 0.195831 0.196839 0.197819 0.198782 0.199743 0.200714 0.201693 0.202664 0.203624 0.204719 0.205808 0.206775 0.207744 0.208727 0.209710 0.210669 0.211629 0.212613 0.213582 0.214545 0.215505 0.216588 0.217611 0.218581 0.219630 0.220621 0.221617 0.222719 0.223920 0.225418 0.227099 0.228602 0.230019 0.231321 0.232637 0.233885 0.235100 0.236503 0.237691 0.238966 0.240321 0.241731 0.243120 0.244516 0.245995 0.247409
Elapsed_time: 0.247409
Score: -148.054804
198
2.818064 -17.077767 -12.103747 -21.052816 -19.409887 -26.677555 -25.178810 -32.183851 -30.506059 -36.440642 -34.413082 -40.221286 -38.226679 -43.912620 -41.878617 -47.093343 -45.148310 -49.927292 -48.270430 -52.753991 -50.987748 -55.602046 -53.924797 -58.369034 -56.618721 -60.905026 -59.003894 -63.176260 -61.564816 -65.230851 -63.948051 -67.483384 -66.328677 -69.724969 -68.568620 -71.895010 -70.701710 -73.777275 -72.713904 -75.596964 -74.516650 -77.356860 -76.123599 -79.090533 -77.827238 -80.876874 -79.702101 -82.632667 -81.521884 -84.304509 -83.178174 -85.781205 -84.712266 -87.345202 -86.511663 -89.051474 -88.203343 -90.488099 -89.680177 -91.997341 -91.244223 -93.548905 -92.851228 -95.057742 -94.243804 -96.432636 -95.681794 -97.819859 -97.098934 -99.217635 -98.391135 -100.503062 -99.670469 -101.685504 -100.896089 -102.923200 -102.186830 -104.007867 -103.443245 -105.206967 -104.632380 -106.281090 -105.744467 -107.446268 -106.916137 -108.481582 -108.019240 -109.597729 -109.158394 -110.610920 -110.159612 -111.675678 -111.320021 -112.742254 -112.433249 -113.825951 -113.508691 -114.841757 -114.566298 -115.854827 -115.640569 -116.837311 -116.707775 -117.899696 -117.761012 -118.846140 -118.822488 -119.812230 -119.816969 -120.800964 -120.884632 -121.798431 -121.879630 -122.716530 -122.805719 -123.649448 -123.783916 -124.555221 -124.697027 -125.442084 -125.639209 -126.386411 -126.547727 -127.292124 -127.462230 -128.169265 -128.348359 -129.037909 -129.252576 -129.914128 -130.140173 -130.800258 -131.042685 -131.680361 -131.945232 -132.495131 -132.850926 -133.391116 -133.769854 -134.296036 -134.685351 -135.186236 -135.591204 -136.060553 -136.469184 -136.943672 -137.331283 -137.812982 -138.187963 -138.647407 -139.006949 -139.480701 -139.831621 -140.297859 -140.645377 -141.094970 -141.452014 -141.894848 -142.245054 -142.682002 -143.026169 -143.449542 -143.794805 -144.198774 -144.532015 -144.902566 -145.221685 -145.554452 -145.850352 -146.152998 -146.423691 -146.696218 -146.949569 -147.194722 -147.427882 -147.650204 -147.859774 -148.057287 -148.244034 -148.419129 -148.583039 -148.736386 -148.880110 -149.015106 -149.142001 -149.261155 -149.372766 -149.476957 -149.573827 -149.663460 -149.745932 -149.821310 -149.889655 -149.951019 -150.005450 -150.052989 -150.093671 -150.127528
0.032672 0.036791 0.037750 0.038784 0.039898 0.040952 0.042272 0.043304 0.044304 0.045316 0.046324 0.047306 0.048277 0.049247 0.050219 0.051203 0.052349 0.053466 0.054468 0.055487 0.056486 0.057468 0.058470 0.059446 0.060415 0.061418 0.062478 0.063447 0.064505 0.065498 0.066514 0.067521 0.068599 0.069709 0.070820 0.071858 0.072828 0.073788 0.074757 0.075725 0.076699 0.077659 0.078626 0.079615 0.080584 0.081558 0.082517 0.083493 0.084477 0.085445 0.086416 0.087395 0.088368 0.089458 0.090488 0.091498 0.092483 0.093456 0.094469 0.095449 0.096426 0.097395 0.098354 0.099394 0.100492 0.101459 0.102449 0.103509 0.104476 0.105462 0.106463 0.107626 0.108935 0.110418 0.111846 0.113261 0.114662 0.115807 0.116843 0.117821 0.118816 0.119777 0.120732 0.121714 0.122690 0.123745 0.124758 0.125830 0.126800 0.127836 0.128840 0.129807 0.130804 0.131898 0.132952 0.133918 0.134881 0.135874 0.137089 0.138154 0.139180 0.140166 0.141152 0.142114 0.143104 0.144077 0.145035 0.146035 0.147090 0.148209 0.149212 0.150185 0.151141 0.152096 0.153061 0.154032 0.154997 0.156007 0.156976 0.157935 0.158893 0.159870 0.160851 0.161807 0.162782 0.163749 0.164714 0.165696 0.166666 0.167625 0.168612 0.169584 0.170553 0.171559 0.172575 0.173664 0.175063 0.176072 0.177031 0.178002 0.178975 0.180051 0.181204 0.182550 0.184071 0.185813 0.187253 0.188561 0.189799 0.191095 0.192231 0.193310 0.194465 0.195639 0.196900 0.198030 0.199073 0.200047 0.201042 0.202009 0.203090 0.204240 0.205293 0.206618 0.207677 0.208752 0.209741 0.210701 0.211710 0.212745 0.213850 0.215020 0.216451 0.217967 0.219319 0.220710 0.222334 0.223869 0.225348 0.226921 0.228307 0.229820 0.231403 0.232911 0.234387 0.235756 0.236975 0.238182 0.239625 0.241103 0.242497 0.243695 0.244756 0.245785 0.246751 0.247740 0.248702 0.249683
Elapsed_time: 0.249683
Score: -150.127528
L-BFGS
201
848.621504 538.611546 275.576013 226.647074 194.720564 159.259490 143.737815 119.377962 99.843083 79.360982 62.970197 50.506283 35.414088 23.373609 10.774930 1.266881 -8.235951 -17.815269 -27.545933 -34.779302 -40.816950 -45.791690 -50.474663 -55.881021 -61.176760 -66.141414 -71.379343 -76.275989 -80.576631 -84.586361 -87.886429 -91.024204 -94.157278 -97.238511 -100.401411 -103.505883 -106.598110 -109.857017 -112.738812 -115.501469 -118.216393 -120.931591 -122.895715 -125.615638 -127.908126 -130.565874 -133.185188 -135.715782 -138.198322 -140.922293 -143.414220 -145.551129 -147.882668 -150.158243 -152.653408 -155.093795 -157.497759 -159.665917 -161.610169 -164.440592 -166.125098 -168.043488 -170.269995 -171.916788 -174.007888 -175.877309 -177.235998 -179.478536 -181.108475 -183.243024 -185.072836 -186.700926 -188.481369 -190.694412 -192.233465 -194.263188 -196.556728 -199.053504 -201.132118 -203.106900 -204.851014 -206.675158 -208.547298 -209.927296 -211.522055 -213.297847 -215.123112 -216.764512 -218.294317 -220.018315 -221.237688 -222.337750 -223.704838 -224.727965 -225.874523 -227.067074 -228.180121 -229.133315 -230.225561 -231.118280 -231.997600 -233.110813 -234.026006 -234.932514 -235.883211 -236.653727 -237.547671 -238.342297 -239.093462 -239.679012 -240.376735 -241.055839 -241.739998 -242.524911 -243.247630 -243.945800 -244.562608 -245.244039 -246.016393 -246.730550 -247.578032 -248.255730 -249.024353 -250.425750 -251.211509 -252.067599 -253.588664 -254.668061 -256.023089 -258.067141 -259.303456 -260.727381 -261.797864 -262.850162 -263.979978 -264.878259 -265.874133 -266.807086 -267.603410 -268.214895 -268.827654 -269.602199 -270.131067 -270.743324 -271.375327 -271.931437 -272.677102 -273.184619 -273.598949 -274.153052 -274.623680 -275.209112 -275.843217 -276.421054 -276.842960 -277.526295 -278.067340 -278.556334 -279.375318 -279.910382 -280.580163 -281.356550 -281.917816 -282.322775 -283.008846 -283.485342 -284.034395 -284.597432 -285.009179 -285.422532 -285.972569 -286.406579 -286.828175 -287.303260 -287.683716 -288.053542 -288.444427 -288.754672 -289.127286 -289.544196 -289.936266 -290.338950 -290.848338 -291.299093 -291.823401 -292.504490 -293.002312 -293.561500 -294.352790 -294.893007 -295.451174 -296.417149 -297.074150 -297.830234 -298.909687 -299.322918 -299.836860 -300.247055 -300.571699 -300.796216 -301.107256
0.000012 0.002543 0.003686 0.004779 0.005831 0.007465 0.008616 0.009690 0.010731 0.011738 0.012709 0.013714 0.014829 0.015811 0.017178 0.018098 0.019039 0.019941 0.020829 0.021772 0.022630 0.023484 0.024466 0.025301 0.026151 0.027017 0.027862 0.028694 0.029581 0.030492 0.031436 0.032297 0.033134 0.033939 0.034772 0.035594 0.036400 0.037225 0.038027 0.038859 0.039685 0.040487 0.041427 0.042311 0.043158 0.043946 0.044766 0.045553 0.046358 0.047159 0.047955 0.048765 0.049646 0.050594 0.051495 0.052338 0.053162 0.053958 0.054818 0.055858 0.056892 0.057733 0.058583 0.059787 0.060607 0.061405 0.062230 0.063082 0.063876 0.064684 0.065451 0.066241 0.067017 0.067800 0.068579 0.069342 0.070131 0.070905 0.071704 0.072660 0.073642 0.074436 0.075264 0.076025 0.076784 0.077555 0.078319 0.079176 0.079952 0.080721 0.081481 0.082238 0.083031 0.083805 0.084573 0.085329 0.086086 0.086864 0.087764 0.088616 0.089421 0.090180 0.091005 0.091818 0.092598 0.093363 0.094147 0.094959 0.095725 0.096503 0.097266 0.098040 0.098847 0.099621 0.100452 0.101320 0.102378 0.103444 0.104695 0.105744 0.106647 0.107532 0.108431 0.109247 0.110338 0.111305 0.112166 0.113037 0.114024 0.115024 0.115978 0.116887 0.117722 0.118574 0.119843 0.120648 0.121409 0.122182 0.123093 0.124765 0.125543 0.126366 0.127136 0.127894 0.128645 0.129409 0.130167 0.130964 0.131803 0.132701 0.133672 0.134736 0.135837 0.137090 0.138269 0.139472 0.140706 0.141957 0.143162 0.144229 0.145277 0.146238 0.147192 0.148034 0.148855 0.149625 0.150369 0.151155 0.151911 0.152668 0.153413 0.154172 0.154939 0.155681 0.156531 0.157406 0.158186 0.158985 0.159848 0.160618 0.161389 0.162141 0.162897 0.163672 0.164624 0.165488 0.166312 0.167365 0.168150 0.168935 0.169733 0.170478 0.171297 0.172144 0.173018 0.173859 0.174746 0.175639 0.176488 0.177355 0.178161
Elapsed_time: 0.178161
Score: -301.107256
201
962.614825 613.115547 295.890788 241.842963 209.691402 172.413402 153.114056 130.923707 109.107972 89.337719 72.050478 56.509451 40.129250 28.375009 18.168638 8.019728 -1.242910 -9.433967 -17.397655 -23.962423 -30.232333 -37.206462 -44.144282 -50.418881 -56.831533 -64.040240 -70.646308 -76.061325 -80.198757 -84.296921 -88.814099 -93.158729 -97.545471 -101.795336 -105.779891 -109.457696 -113.034680 -116.380865 -119.129940 -122.162768 -124.810288 -127.438307 -129.804504 -132.090062 -134.994971 -138.075300 -140.878209 -143.089831 -145.701893 -148.137540 -150.657325 -152.573275 -154.510343 -156.626572 -158.697075 -160.610748 -162.402990 -164.250931 -166.163173 -167.758675 -169.085059 -170.230615 -171.399475 -172.347780 -173.407703 -174.682478 -175.903067 -177.316560 -178.522806 -179.986847 -181.551538 -182.761679 -184.110412 -185.724715 -186.972868 -188.149430 -189.779316 -190.920868 -192.037394 -193.950975 -195.163767 -196.315267 -198.104932 -199.573384 -201.225434 -202.938285 -204.901017 -206.765491 -208.747356 -211.117236 -212.951560 -214.673174 -216.462448 -217.919025 -219.397486 -220.796126 -222.135352 -223.589454 -225.084351 -226.574193 -228.025646 -229.235547 -230.341950 -231.451290 -232.205290 -232.924719 -233.531278 -234.073975 -234.745043 -235.358009 -235.912182 -236.470266 -237.037182 -237.546851 -238.048118 -238.482217 -238.994329 -239.422894 -239.871720 -240.330344 -240.855947 -241.304183 -241.770865 -242.204734 -242.638113 -243.232912 -243.771107 -244.252817 -245.006383 -245.458539 -246.030989 -246.906843 -247.362037 -247.748326 -248.536475 -249.029196 -249.747951 -250.427622 -251.155985 -251.616361 -252.401584 -252.861962 -253.608927 -254.139850 -254.656703 -255.291584 -256.002412 -256.387496 -256.932043 -257.293909 -257.728221 -258.186405 -258.455383 -259.003862 -259.368894 -259.755766 -260.274347 -260.600933 -260.949115 -261.652029 -262.114322 -262.611652 -263.615398 -264.345884 -265.378681 -266.557134 -267.846835 -269.055175 -270.542070 -271.971930 -273.201018 -274.182613 -275.019186 -275.934805 -276.739080 -277.473486 -278.236563 -278.970272 -279.749287 -280.536866 -281.200172 -281.889134 -282.560903 -283.179523 -283.824921 -284.381463 -284.980521 -285.470827 -285.932748 -286.406780 -286.769523 -287.155729 -287.778902 -288.258115 -288.635480 -289.299206 -289.744390 -290.316258 -290.885575 -291.354746 -291.751891
0.000013 0.002345 0.003452 0.004554 0.005601 0.006617 0.007982 0.009089 0.010484 0.011703 0.013699 0.014890 0.016037 0.017111 0.018241 0.019202 0.020254 0.021241 0.022250 0.023138 0.024026 0.024889 0.025747 0.026621 0.027770 0.028978 0.029897 0.030849 0.031699 0.032556 0.033442 0.034313 0.035218 0.036193 0.037086 0.037988 0.038821 0.039624 0.040661 0.041676 0.042659 0.043516 0.044369 0.045287 0.046398 0.047483 0.048613 0.049761 0.050808 0.051833 0.052799 0.053765 0.054617 0.055458 0.056234 0.057032 0.058415 0.059401 0.060364 0.061212 0.062082 0.062975 0.063762 0.064532 0.065322 0.066115 0.066894 0.067673 0.068452 0.069236 0.070022 0.070801 0.071577 0.072354 0.073147 0.073939 0.074851 0.075711 0.076500 0.077308 0.078142 0.078950 0.079745 0.080510 0.081288 0.082081 0.082869 0.083721 0.084650 0.085663 0.086632 0.087565 0.088431 0.089274 0.090075 0.090919 0.091764 0.092550 0.093365 0.094230 0.095166 0.096250 0.097284 0.098315 0.099296 0.100283 0.101182 0.102061 0.102865 0.103699 0.104451 0.105253 0.106248 0.107414 0.108189 0.108941 0.109719 0.110469 0.111219 0.112014 0.112766 0.114134 0.114911 0.115676 0.116427 0.117202 0.117968 0.118717 0.119476 0.120237 0.121000 0.121800 0.122572 0.123326 0.124077 0.124855 0.125690 0.126458 0.127212 0.127960 0.128728 0.129489 0.130248 0.131006 0.131767 0.132593 0.133361 0.134234 0.135001 0.135758 0.136541 0.137295 0.138062 0.138813 0.139565 0.140338 0.141111 0.141968 0.142836 0.143646 0.144470 0.145373 0.146189 0.146954 0.147765 0.148600 0.149544 0.150322 0.151082 0.151840 0.152607 0.153376 0.154138 0.154898 0.155654 0.156650 0.157415 0.158175 0.158983 0.159769 0.160552 0.161423 0.162178 0.163023 0.163995 0.164823 0.165642 0.166416 0.167426 0.168219 0.168969 0.169725 0.170536 0.171288 0.172051 0.172805 0.173626 0.174438 0.175240 0.176032 0.176771
Elapsed_time: 0.176771
Score: -291.751891
201
954.555826 604.936533 281.375452 226.238632 196.135667 165.290590 149.251487 130.977851 109.415122 90.142785 74.902104 61.473600 51.410057 43.271914 34.364018 28.649807 22.093038 13.338797 5.476869 -1.822604 -8.239507 -15.336705 -21.144940 -26.455821 -31.167432 -37.552089 -42.482324 -48.257615 -52.974568 -58.481032 -63.283187 -68.356545 -72.518812 -76.541384 -80.816084 -84.963075 -88.512675 -91.823310 -94.757566 -97.852220 -101.165231 -103.894219 -106.551569 -110.606925 -113.648568 -116.931569 -120.969908 -124.044605 -128.484296 -133.569606 -137.803525 -140.405060 -144.404398 -147.116199 -150.564014 -153.028297 -155.937137 -158.586460 -161.401739 -163.233025 -165.115695 -166.712788 -168.664259 -170.837459 -172.543158 -174.715513 -176.560903 -178.130720 -179.736787 -181.470868 -183.059078 -184.538815 -185.892040 -187.232612 -188.582801 -189.970227 -191.273936 -192.595576 -193.996476 -195.177259 -196.319911 -197.653623 -198.635272 -199.745606 -201.437024 -202.219857 -203.199443 -204.484432 -205.504490 -206.923920 -208.596968 -209.726946 -211.048295 -212.399486 -213.869723 -215.806761 -217.074466 -218.456349 -220.398503 -222.026084 -223.856976 -226.074274 -227.909863 -229.431218 -231.261171 -232.807332 -234.470271 -236.282232 -237.852113 -239.407988 -240.746665 -241.906635 -242.926485 -243.926115 -245.354844 -246.478594 -247.672708 -249.074454 -250.025949 -251.003453 -252.232090 -253.173723 -254.160016 -255.595300 -256.635943 -257.654347 -259.131167 -260.196361 -261.386322 -262.434460 -263.452342 -264.467799 -265.512467 -266.535510 -267.577091 -268.611515 -269.689052 -270.728287 -271.487272 -272.178139 -272.877079 -273.345845 -273.901108 -274.535498 -275.040855 -275.562864 -276.284320 -276.789336 -277.245280 -277.977736 -278.319103 -278.667544 -279.256630 -279.588528 -280.075550 -280.428526 -280.695290 -281.041452 -281.305030 -281.590801 -281.846110 -282.075357 -282.324095 -282.653501 -282.824239 -283.057234 -283.186653 -283.438001 -283.582656 -283.722004 -283.950143 -284.066680 -284.251610 -284.399097 -284.583516 -284.728921 -284.883689 -285.061318 -285.193647 -285.351740 -285.549813 -285.642545 -285.789102 -285.878645 -286.043092 -286.122555 -286.198011 -286.328809 -286.424945 -286.541449 -286.629646 -286.724323 -286.822917 -286.910601 -287.020875 -287.083486 -287.147800 -287.258994 -287.304654 -287.351140 -287.450027
0.000014 0.002330 0.003799 0.004982 0.006049 0.007083 0.009239 0.010288 0.011356 0.012446 0.013456 0.014449 0.015683 0.016885 0.020446 0.025289 0.026313 0.027361 0.028320 0.029236 0.030154 0.031093 0.032070 0.033238 0.034155 0.035036 0.035952 0.036866 0.037768 0.038921 0.040161 0.041367 0.042256 0.043100 0.043936 0.044784 0.045592 0.046453 0.047292 0.048102 0.048916 0.049725 0.050538 0.051357 0.052196 0.053051 0.053885 0.054674 0.055492 0.056313 0.057648 0.058649 0.059486 0.060305 0.061111 0.061940 0.062756 0.063556 0.064341 0.065112 0.065893 0.066679 0.067485 0.068311 0.069144 0.069923 0.070718 0.071537 0.072339 0.073185 0.073982 0.074754 0.075557 0.076344 0.077134 0.077915 0.078773 0.079693 0.080503 0.081294 0.082094 0.082893 0.083721 0.084504 0.085267 0.086041 0.086801 0.087612 0.088403 0.089166 0.089950 0.090709 0.091523 0.092283 0.093050 0.093809 0.094565 0.095369 0.096134 0.096901 0.097674 0.098519 0.099301 0.100056 0.100820 0.101573 0.102347 0.103116 0.103917 0.104683 0.105436 0.106203 0.106977 0.107754 0.108537 0.109298 0.110065 0.110829 0.111619 0.112371 0.113140 0.113910 0.114677 0.115456 0.116208 0.116958 0.117735 0.118498 0.119296 0.120060 0.120822 0.121588 0.122377 0.123160 0.123939 0.124699 0.125450 0.126211 0.127060 0.127842 0.128606 0.129356 0.130114 0.130873 0.131645 0.132411 0.133169 0.133938 0.134688 0.135456 0.136214 0.136976 0.137751 0.138498 0.139254 0.140010 0.140764 0.141544 0.142300 0.143054 0.143812 0.144579 0.145325 0.146078 0.146841 0.147608 0.148354 0.149127 0.149872 0.150638 0.151406 0.152904 0.153665 0.154425 0.155172 0.156003 0.156755 0.157516 0.158263 0.159017 0.159795 0.160540 0.161296 0.162041 0.162803 0.163578 0.164330 0.165111 0.166618 0.167441 0.168345 0.169171 0.169983 0.170744 0.171538 0.172289 0.173033 0.173783 0.174527 0.175301 0.176045
Elapsed_time: 0.176045
Score: -287.450027
CN-L-BFGS
201
-6.782924 -31.168275 -38.331191 -44.844371 -49.467976 -54.128472 -61.875889 -68.248558 -74.900321 -82.442843 -90.963004 -98.252164 -105.898850 -112.479404 -118.907421 -124.081471 -128.869025 -134.401114 -137.769374 -141.139535 -144.660313 -147.084457 -149.570907 -151.475329 -153.157270 -154.986786 -156.852221 -158.819127 -160.851011 -162.563084 -164.483080 -167.464706 -169.686377 -172.276342 -175.472830 -177.460302 -179.482689 -183.075723 -185.156279 -187.410710 -190.212242 -191.821322 -193.270642 -195.546168 -196.931413 -198.592008 -200.175339 -201.557744 -202.664256 -204.042799 -205.130281 -206.204042 -207.681640 -208.960470 -210.525651 -211.859719 -212.903425 -214.499611 -215.831216 -217.251547 -218.574763 -219.779077 -221.314060 -222.921128 -224.102375 -225.204180 -226.446784 -227.780948 -229.013978 -230.249164 -231.023909 -232.403572 -233.259145 -234.387911 -235.393670 -236.428498 -238.124408 -239.669045 -240.971319 -242.375625 -243.267261 -244.423838 -245.603287 -246.692505 -247.662324 -249.126548 -250.171021 -251.039229 -252.136605 -252.928377 -254.040107 -254.989016 -255.825530 -256.847162 -257.760350 -258.661485 -259.737358 -260.510566 -261.445201 -262.434317 -263.266112 -263.967350 -265.146302 -266.219743 -267.129542 -268.040240 -268.743257 -269.510632 -270.306434 -271.138199 -271.992252 -272.629690 -273.456267 -274.106959 -274.808015 -275.658295 -276.271594 -277.232070 -277.968665 -278.734695 -279.449774 -280.179383 -281.070294 -281.883415 -282.660809 -283.371882 -284.141744 -284.923880 -285.686189 -286.317005 -286.920665 -287.637248 -288.214279 -288.780368 -289.472426 -289.932279 -290.400701 -291.112547 -291.500633 -291.943245 -292.691540 -293.071528 -293.446323 -294.103380 -294.433571 -294.879985 -295.338603 -295.780902 -296.110621 -296.575536 -296.970820 -297.301009 -297.792145 -298.105067 -298.508176 -299.007812 -299.377527 -299.611746 -300.128346 -300.353718 -300.688807 -301.072570 -301.368506 -301.980821 -302.345283 -302.765294 -303.182589 -303.559172 -304.008796 -304.480179 -304.893810 -305.253574 -305.823028 -306.194629 -306.598499 -307.030659 -307.394502 -307.743946 -308.245713 -308.488025 -308.787842 -309.010538 -309.385321 -309.651233 -309.906867 -310.296742 -310.542178 -310.840723 -311.041984 -311.264692 -311.492381 -311.821947 -312.001857 -312.202894 -312.416844 -312.665184 -312.875334 -313.067309 -313.263931 -313.453264 -313.659836
0.032865 0.034688 0.035542 0.036455 0.037605 0.038501 0.039436 0.040290 0.041241 0.042124 0.042967 0.043837 0.044686 0.045553 0.046373 0.047166 0.047966 0.048780 0.049606 0.050406 0.051208 0.051985 0.052759 0.053739 0.054539 0.055328 0.056112 0.056917 0.057871 0.058729 0.059499 0.060267 0.061095 0.061867 0.062663 0.063430 0.064215 0.065057 0.065841 0.066631 0.067396 0.068159 0.068935 0.069750 0.070544 0.071307 0.072082 0.072864 0.073765 0.074630 0.075429 0.076214 0.077089 0.077915 0.078731 0.079503 0.080259 0.081067 0.081826 0.082608 0.083373 0.084130 0.084905 0.085702 0.086501 0.087282 0.088039 0.088807 0.089610 0.090420 0.091194 0.091947 0.092745 0.093632 0.094448 0.095216 0.095970 0.096754 0.097545 0.098313 0.099076 0.099833 0.100595 0.101390 0.102148 0.102912 0.103671 0.104433 0.105220 0.105998 0.106748 0.107509 0.108273 0.109048 0.109812 0.110588 0.111355 0.112116 0.112867 0.113727 0.114575 0.115385 0.116191 0.117043 0.117852 0.118697 0.119525 0.120299 0.121121 0.121940 0.122696 0.123445 0.124188 0.124948 0.125752 0.126517 0.127274 0.128019 0.128774 0.129607 0.130428 0.131216 0.131976 0.132732 0.133551 0.134333 0.135156 0.135904 0.136679 0.137481 0.138232 0.139062 0.139890 0.140703 0.141490 0.142243 0.142994 0.143749 0.144519 0.145292 0.146059 0.146808 0.147548 0.148287 0.149063 0.149864 0.150674 0.151440 0.152199 0.153023 0.153776 0.154517 0.155266 0.156014 0.156753 0.157518 0.158259 0.159010 0.159748 0.160487 0.161249 0.162000 0.162748 0.163489 0.164994 0.165854 0.166664 0.167500 0.168241 0.169087 0.169844 0.170624 0.171390 0.172140 0.172891 0.173647 0.174402 0.175149 0.175907 0.176714 0.177475 0.178274 0.179050 0.179809 0.180557 0.181433 0.183011 0.183792 0.184551 0.185313 0.186072 0.186829 0.187578 0.188327 0.189096 0.189835 0.190583 0.191320 0.192079 0.192820 0.193567
Elapsed_time: 0.193567
Score: -313.659836
201
1.264836 -22.707820 -29.720547 -36.921527 -42.692520 -48.372208 -54.893045 -62.873370 -70.939028 -78.948999 -90.579918 -100.453037 -108.487090 -117.232816 -123.577407 -130.144738 -135.409032 -140.157549 -143.796845 -147.034620 -150.058960 -153.167547 -156.171876 -158.882788 -161.126127 -162.972540 -164.749701 -166.254816 -167.529602 -169.113228 -170.549823 -171.970757 -173.416508 -174.640854 -176.251357 -178.181146 -179.760599 -181.083464 -183.289188 -184.693164 -186.185703 -187.818181 -189.107552 -191.017252 -192.668974 -193.982254 -195.735452 -197.125130 -198.492286 -200.742123 -202.157343 -203.996769 -205.242537 -206.324860 -207.396235 -208.568399 -209.674449 -210.722098 -211.635288 -212.572304 -213.436309 -214.388766 -215.068845 -215.755107 -216.473564 -217.389526 -217.970703 -218.651900 -219.226365 -219.841070 -220.373049 -220.947790 -221.564985 -222.240702 -222.906122 -223.730090 -224.353247 -225.146519 -225.904025 -226.586304 -227.446788 -228.424179 -229.039414 -229.836589 -230.408828 -231.036689 -231.733662 -232.212569 -232.896387 -233.471558 -233.967500 -234.707663 -235.281807 -235.907830 -236.584608 -237.111633 -237.797812 -238.502119 -239.018234 -239.543998 -240.140277 -240.697490 -241.273951 -241.728881 -242.225002 -242.754092 -243.198604 -243.678962 -244.219785 -244.646231 -245.076528 -245.747629 -246.142306 -246.542155 -246.975171 -247.273385 -247.629846 -247.971499 -248.205635 -248.518129 -248.781860 -249.147111 -249.442375 -249.725873 -250.147392 -250.556658 -250.836386 -251.206665 -251.483370 -251.808469 -252.221707 -252.568255 -252.814082 -253.336519 -253.564111 -253.960639 -254.293484 -254.605652 -255.106182 -255.277131 -255.971973 -256.252705 -256.745609 -257.249958 -257.812172 -258.340594 -258.753035 -259.353362 -259.782884 -260.232747 -260.642452 -261.021207 -261.621107 -262.071371 -263.039539 -263.598715 -264.271572 -264.996240 -266.050612 -266.865000 -267.751476 -268.512484 -269.636148 -270.674996 -271.547419 -272.653920 -273.988298 -274.928001 -275.895142 -276.752731 -277.616324 -278.709742 -279.460492 -280.413116 -281.433673 -282.422298 -282.912826 -283.943706 -284.310723 -285.261859 -285.802886 -286.371193 -287.314824 -288.036301 -289.112102 -290.098251 -291.217878 -292.344651 -293.655892 -294.892477 -295.963068 -296.789769 -297.957797 -298.606599 -299.490724 -300.229873 -300.873709 -301.612279 -302.532840 -303.089782 -303.856966
0.030316 0.032211 0.033099 0.033992 0.034880 0.035776 0.036634 0.037475 0.038317 0.039152 0.039993 0.040805 0.041620 0.042420 0.043225 0.044058 0.044846 0.045640 0.046422 0.047222 0.048029 0.048818 0.049607 0.050392 0.051179 0.051977 0.052758 0.053531 0.054316 0.055097 0.055877 0.056668 0.057446 0.058234 0.059003 0.059783 0.060590 0.061387 0.062173 0.062946 0.063742 0.064536 0.065312 0.066100 0.066932 0.067711 0.068486 0.069264 0.070027 0.070813 0.071592 0.072365 0.073210 0.073975 0.074746 0.075542 0.076331 0.077096 0.077853 0.078636 0.079406 0.080182 0.080951 0.081734 0.082576 0.083346 0.084143 0.084908 0.085687 0.086442 0.087220 0.087990 0.088756 0.089535 0.090291 0.091083 0.091841 0.092600 0.093366 0.094131 0.094913 0.095672 0.096441 0.097192 0.097946 0.098733 0.099485 0.100254 0.101017 0.101767 0.102596 0.103364 0.104264 0.105382 0.106159 0.106918 0.107678 0.108452 0.109200 0.109957 0.110709 0.111466 0.112336 0.113390 0.114207 0.114988 0.115737 0.116512 0.117260 0.118018 0.118764 0.119512 0.120436 0.121268 0.122150 0.123012 0.123777 0.124560 0.125317 0.126062 0.126830 0.127594 0.128365 0.129118 0.129863 0.130609 0.131425 0.132234 0.133076 0.133838 0.134615 0.135360 0.136237 0.136997 0.137743 0.138504 0.139248 0.140040 0.140802 0.141567 0.142408 0.143251 0.144053 0.144813 0.145581 0.146338 0.147114 0.147864 0.148628 0.149386 0.150141 0.150913 0.151750 0.152811 0.153618 0.154374 0.155132 0.155892 0.156663 0.157532 0.158323 0.159206 0.159972 0.160741 0.161527 0.162287 0.163034 0.163786 0.164586 0.165334 0.166099 0.166856 0.167600 0.168435 0.169290 0.170343 0.171177 0.172060 0.172824 0.173567 0.174321 0.175067 0.175826 0.177318 0.178077 0.178866 0.179715 0.180599 0.181565 0.182512 0.183466 0.184805 0.185644 0.186468 0.187345 0.188440 0.189406 0.190346 0.191220 0.192091 0.192879
Elapsed_time: 0.192879
Score: -303.856966
201
2.818064 -23.387732 -30.089258 -36.683960 -41.715851 -46.958699 -54.630855 -63.821601 -72.770712 -81.636936 -90.109311 -99.277719 -107.739174 -115.304655 -122.190049 -128.451218 -133.215164 -137.232889 -141.064700 -143.810051 -146.392949 -148.381676 -150.500723 -153.239805 -155.867368 -158.147755 -160.609165 -162.851055 -165.106653 -167.504931 -169.509939 -171.951186 -175.490270 -178.318456 -180.799300 -184.249594 -186.924962 -190.103654 -193.562803 -196.543549 -199.075667 -201.311370 -203.461258 -205.406871 -207.157964 -208.776425 -210.305415 -211.845140 -213.620015 -215.369791 -217.222195 -219.722502 -222.000977 -224.364491 -227.434045 -229.874019 -232.404233 -234.841503 -236.798655 -238.571829 -240.637626 -242.190179 -243.793374 -245.346285 -247.030854 -248.539327 -250.307350 -251.743416 -253.112948 -254.267960 -256.020795 -256.916921 -257.990802 -258.696608 -259.873086 -260.574204 -261.251934 -262.316946 -263.156466 -264.245959 -265.064080 -265.827768 -266.539820 -267.607344 -268.138361 -268.735490 -269.333751 -269.982828 -270.637134 -271.114921 -271.600622 -271.995936 -272.322647 -272.582489 -272.895397 -273.202593 -273.484288 -273.752511 -274.086487 -274.397151 -274.654949 -274.977294 -275.201662 -275.459895 -275.763662 -275.943011 -276.102658 -276.420618 -276.561954 -276.723610 -276.976954 -277.155613 -277.445584 -277.796155 -277.990407 -278.262590 -278.436594 -278.654629 -278.944953 -279.124106 -279.485717 -279.853214 -280.048265 -280.339901 -280.542160 -280.783412 -281.084971 -281.262460 -281.532967 -281.752329 -281.919102 -282.145198 -282.314252 -282.497784 -282.738457 -282.909760 -283.152073 -283.363489 -283.508679 -283.707898 -283.859801 -284.037650 -284.186498 -284.312277 -284.508536 -284.720597 -284.850442 -285.051075 -285.172642 -285.305746 -285.503784 -285.632928 -285.859741 -286.040509 -286.218728 -286.393192 -286.544957 -286.747338 -286.919583 -287.081611 -287.250112 -287.378834 -287.502389 -287.609220 -287.703961 -287.825896 -287.931517 -288.025161 -288.161055 -288.270471 -288.406537 -288.527154 -288.636851 -288.738750 -288.922047 -288.992704 -289.102760 -289.242190 -289.366721 -289.456836 -289.572766 -289.677633 -289.850099 -289.946268 -290.103009 -290.183861 -290.292084 -290.353338 -290.496542 -290.588595 -290.687954 -290.838164 -290.946389 -291.090728 -291.209834 -291.343688 -291.475564 -291.600642 -291.727264 -291.814908 -291.983558
0.030422 0.032234 0.033099 0.033990 0.034835 0.035676 0.036544 0.037375 0.038218 0.039044 0.039881 0.040724 0.041531 0.042408 0.043277 0.044065 0.044881 0.045669 0.046478 0.047258 0.048058 0.048853 0.049653 0.050467 0.051319 0.052161 0.052951 0.053817 0.054600 0.055440 0.056306 0.057114 0.057941 0.058746 0.059525 0.060311 0.061102 0.061918 0.062701 0.063487 0.064337 0.065108 0.065954 0.067102 0.067939 0.068759 0.069948 0.070819 0.071617 0.072401 0.073170 0.073961 0.074719 0.075485 0.076247 0.077029 0.077838 0.078595 0.079360 0.080125 0.080952 0.081708 0.082515 0.083395 0.084155 0.084910 0.085675 0.086652 0.087415 0.088185 0.088969 0.089746 0.090508 0.091276 0.092044 0.092796 0.093556 0.094327 0.095136 0.095895 0.096644 0.097476 0.098313 0.099078 0.099827 0.100575 0.101334 0.102175 0.103171 0.104024 0.104792 0.105550 0.106349 0.107108 0.107881 0.108737 0.109541 0.110328 0.111080 0.111902 0.112701 0.113459 0.114240 0.115120 0.117303 0.118490 0.119313 0.120105 0.121015 0.122481 0.123314 0.124786 0.125566 0.126352 0.127143 0.127897 0.129408 0.130494 0.131262 0.132126 0.133014 0.134158 0.134937 0.135707 0.136563 0.137412 0.138282 0.139134 0.139907 0.140696 0.141464 0.142266 0.143010 0.143754 0.144517 0.145262 0.146026 0.146785 0.147550 0.148303 0.149045 0.150580 0.151405 0.152172 0.152938 0.154339 0.155272 0.156215 0.157038 0.157855 0.158656 0.159447 0.160222 0.160995 0.161790 0.162566 0.163326 0.164076 0.164817 0.165572 0.166395 0.167273 0.168031 0.168782 0.169612 0.170410 0.171165 0.171962 0.172789 0.173561 0.174335 0.175120 0.175881 0.176628 0.177373 0.178134 0.178884 0.179621 0.180381 0.181118 0.181950 0.182762 0.183569 0.184313 0.185068 0.185816 0.186553 0.187300 0.188037 0.188785 0.189555 0.190323 0.191807 0.192574 0.193311 0.194069 0.194824 0.195627 0.196373 0.197120 0.197866
Elapsed_time: 0.197866
Score: -291.983558
jagmesh1
FR
201
12737.400673 1173.656545 1126.366937 1078.248852 1030.213594 983.715282 940.015164 898.761396 860.561707 824.888691 791.383543 760.057062 730.700580 702.938059 676.872691 652.435190 629.002268 607.031623 586.263528 566.747647 548.461867 531.047911 514.571163 498.987195 484.465013 470.887953 457.917415 445.504201 433.909822 422.733972 412.087185 402.162160 392.627075 383.527543 374.773060 366.223995 358.265372 350.460243 343.069050 336.001892 329.217685 322.475792 316.076845 309.764193 303.690798 297.685461 291.749871 286.013348 280.520787 275.001009 269.804865 264.584059 259.589702 254.690715 249.934542 245.248743 240.662820 236.045528 231.634404 227.256078 223.083067 218.948453 214.943572 210.976996 207.077711 203.267662 199.442529 195.657905 192.079233 188.463653 184.952928 181.469141 178.047973 174.677579 171.402979 168.191622 164.939619 161.754670 158.631942 155.617919 152.594565 149.587007 146.662106 143.735313 140.920358 138.048749 135.247906 132.479239 129.718649 126.918564 124.227112 121.571898 118.940879 116.380264 113.781865 111.250169 108.745396 106.293929 103.824565 101.424493 99.040367 96.678326 94.359320 92.014945 89.703288 87.419227 85.169627 82.903775 80.679702 78.469199 76.347893 74.213898 72.128924 70.040647 67.974686 65.969987 63.915614 61.969347 60.013646 58.100946 56.226618 54.351106 52.508916 50.696639 48.917927 47.127096 45.385321 43.644411 41.908992 40.227128 38.567616 36.934742 35.344167 33.778797 32.239566 30.732791 29.244303 27.805358 26.378942 24.975004 23.586293 22.231714 20.886590 19.565965 18.271910 16.989738 15.720327 14.476216 13.259867 12.057642 10.884779 9.735518 8.591001 7.471421 6.379919 5.319914 4.279709 3.258506 2.267363 1.297022 0.351144 -0.581725 -1.487396 -2.366091 -3.231881 -4.062796 -4.872038 -5.660861 -6.423770 -7.165396 -7.883511 -8.574960 -9.247801 -9.898762 -10.524232 -11.129355 -11.711918 -12.269587 -12.803446 -13.311433 -13.796796 -14.261158 -14.701942 -15.119903 -15.514065 -15.886595 -16.235952 -16.562752 -16.866848 -17.149173 -17.408795 -17.646391 -17.861830 -18.055328 -18.226957 -18.376735 -18.504795 -18.611481 -18.696793 -18.760761 -18.803394
0.000051 0.036073 0.045583 0.055108 0.064602 0.074070 0.083649 0.096815 0.108946 0.118905 0.128819 0.139408 0.148810 0.158325 0.169834 0.184756 0.196563 0.206210 0.216279 0.226420 0.236275 0.246885 0.258441 0.270351 0.279819 0.289715 0.300473 0.310380 0.320150 0.329853 0.341496 0.351018 0.360521 0.369991 0.379491 0.389083 0.404112 0.414990 0.424978 0.434519 0.444904 0.454417 0.464019 0.475180 0.485458 0.494922 0.507406 0.516986 0.526475 0.535921 0.546320 0.555796 0.565310 0.575003 0.584422 0.595305 0.605175 0.616025 0.627673 0.638806 0.649494 0.659198 0.668910 0.678437 0.687901 0.698421 0.708840 0.719368 0.729743 0.739455 0.749030 0.758860 0.768306 0.777846 0.787293 0.797227 0.808958 0.820787 0.832541 0.842467 0.852521 0.862372 0.871828 0.881260 0.892034 0.903818 0.913982 0.925803 0.935555 0.945250 0.954791 0.964526 0.974523 0.984104 0.993558 1.008353 1.019049 1.029514 1.039661 1.049270 1.059050 1.074333 1.086999 1.096383 1.105880 1.115650 1.127636 1.138826 1.148771 1.158467 1.167896 1.177937 1.191640 1.204771 1.214270 1.223715 1.233342 1.243054 1.253897 1.263588 1.273127 1.283416 1.293404 1.303975 1.314159 1.324375 1.334358 1.345350 1.355973 1.365621 1.379636 1.390079 1.399511 1.410051 1.421233 1.431847 1.441763 1.451265 1.460643 1.470274 1.481975 1.491448 1.502104 1.511557 1.520983 1.530502 1.540049 1.549863 1.559862 1.570000 1.579845 1.589478 1.599875 1.609310 1.618775 1.628462 1.638439 1.648363 1.658505 1.668294 1.678540 1.688281 1.698732 1.708912 1.718495 1.727999 1.737404 1.746938 1.757827 1.767233 1.776747 1.786552 1.796364 1.806643 1.816178 1.825622 1.835155 1.844614 1.856204 1.866024 1.875425 1.884770 1.894163 1.903612 1.912991 1.922660 1.932486 1.942089 1.951518 1.961007 1.970418 1.980028 1.991395 2.001050 2.015355 2.025272 2.035060 2.045007 2.054556 2.064446 2.074594
Elapsed_time: 2.074594
Score: -18.803394
201
12993.952854 1181.221070 1133.884392 1084.741740 1035.162205 986.409585 940.348596 896.991590 856.042423 817.865853 782.389783 749.514567 718.685553 689.531295 662.687348 637.565466 614.146608 592.511263 572.054370 552.934064 535.114262 518.166466 502.210846 487.050544 472.799495 459.336692 446.654174 434.677889 422.911141 411.893565 401.248086 391.361708 381.755628 372.436348 363.546265 354.977552 346.814081 338.911063 331.388501 324.084855 316.981362 310.063419 303.415466 296.916282 290.616592 284.654313 278.697775 273.072771 267.427801 261.975485 256.745993 251.596996 246.530942 241.680167 237.037640 232.422020 227.940810 223.558466 219.271920 215.219984 211.222367 207.256826 203.406687 199.615695 195.920094 192.325650 188.751768 185.273567 181.940998 178.694751 175.501627 172.304085 169.239875 166.243523 163.305426 160.566202 157.755568 155.116953 152.449165 149.905759 147.336123 144.856911 142.417729 140.121497 137.872200 135.682101 133.483306 131.264988 129.188460 127.086115 125.045030 123.008674 121.112324 119.188212 117.309608 115.398448 113.600371 111.811810 110.107839 108.354907 106.653842 104.987207 103.358976 101.744137 100.178500 98.576185 97.098410 95.531311 94.079457 92.615594 91.158974 89.707019 88.256295 86.777313 85.378621 83.958069 82.582288 81.198310 79.843771 78.472492 77.090699 75.756288 74.375340 73.026810 71.688225 70.349432 68.994704 67.679199 66.312861 64.979828 63.643893 62.330076 61.017196 59.710185 58.420321 57.151485 55.886734 54.622602 53.348635 52.111027 50.872043 49.625843 48.404334 47.186304 45.979168 44.778688 43.589741 42.413836 41.274604 40.141644 39.025318 37.911725 36.809342 35.727169 34.660517 33.603873 32.588812 31.582082 30.594097 29.632024 28.699283 27.766972 26.864469 25.983839 25.120460 24.277741 23.460857 22.659589 21.879040 21.120790 20.381196 19.667429 18.971564 18.300512 17.650404 17.028064 16.428586 15.847908 15.292333 14.761420 14.253091 13.769100 13.308131 12.870675 12.455503 12.064832 11.698007 11.354747 11.035263 10.739407 10.466515 10.217000 9.990416 9.786612 9.605342 9.446636 9.310537 9.197090 9.106331 9.038262 8.992888
0.000034 0.029347 0.039095 0.049450 0.059136 0.068573 0.078968 0.089334 0.100321 0.111498 0.121417 0.132425 0.141885 0.151701 0.161384 0.171425 0.181576 0.191120 0.201437 0.214303 0.225873 0.235601 0.245219 0.255178 0.264913 0.274386 0.283810 0.293250 0.302678 0.312137 0.322178 0.333561 0.343569 0.353870 0.365379 0.375352 0.386216 0.396038 0.406451 0.415872 0.426273 0.435940 0.445387 0.456376 0.466452 0.476581 0.486404 0.495920 0.506010 0.516368 0.527414 0.536908 0.546614 0.556121 0.566052 0.575936 0.585930 0.595878 0.606338 0.615827 0.625325 0.635153 0.648927 0.658730 0.670517 0.682703 0.694643 0.704299 0.716889 0.727140 0.737069 0.746983 0.756555 0.766098 0.776042 0.785854 0.795866 0.806577 0.816138 0.826309 0.835955 0.845643 0.855808 0.865246 0.874869 0.884666 0.894416 0.904553 0.914148 0.923674 0.934199 0.943717 0.956454 0.966607 0.981541 0.990972 1.000467 1.009996 1.019421 1.029109 1.041665 1.051160 1.061184 1.070696 1.080178 1.089702 1.099538 1.109016 1.118578 1.128576 1.138202 1.147718 1.157174 1.167224 1.177065 1.186663 1.196319 1.205754 1.215438 1.225178 1.234810 1.244240 1.253719 1.263396 1.276527 1.287164 1.299730 1.309324 1.318828 1.328296 1.338338 1.348296 1.359024 1.368779 1.379097 1.390152 1.403103 1.413098 1.422661 1.432465 1.442202 1.453974 1.463710 1.473426 1.483363 1.492950 1.502764 1.517091 1.526638 1.539736 1.552003 1.561865 1.575406 1.585495 1.598071 1.607934 1.617483 1.627305 1.637198 1.646982 1.656861 1.670882 1.681042 1.690598 1.700569 1.709994 1.719911 1.729690 1.739687 1.749228 1.758905 1.768608 1.778319 1.788541 1.798032 1.807502 1.817002 1.826853 1.837857 1.848127 1.859945 1.876012 1.885730 1.896053 1.905715 1.918590 1.928737 1.938376 1.948612 1.958136 1.967559 1.977020 1.986460 1.996007 2.005893 2.016124 2.025664 2.035087 2.045784 2.055202 2.064763
Elapsed_time: 2.064763
Score: 8.992888
201
13867.877349 1182.006800 1136.239113 1089.027949 1041.730752 996.261102 953.173267 912.937997 875.740366 841.144880 809.243140 779.698097 752.362060 726.635272 702.472521 679.461360 658.080681 637.501760 618.093042 599.532352 581.798696 565.027230 548.831126 533.724185 518.991760 504.595266 490.796380 477.705662 464.851289 452.608024 441.050028 429.962064 419.332447 409.253719 399.294506 390.013517 380.972249 372.262699 363.812602 355.752342 347.971673 340.353017 333.105592 326.128243 319.374650 312.813269 306.456062 300.485016 294.490817 288.613228 282.952761 277.432176 272.138238 266.965912 261.862423 256.862063 251.966816 247.186038 242.573430 237.989278 233.607378 229.295046 225.075230 220.976443 216.959457 212.987661 209.165933 205.357376 201.666015 198.019294 194.463840 190.917067 187.549750 184.083267 180.719589 177.345790 174.057320 170.758192 167.580290 164.333969 161.144674 157.977884 154.941749 151.890826 148.885488 145.892591 142.974896 140.067292 137.251789 134.434891 131.713242 128.952064 126.244697 123.520805 120.802723 118.098711 115.439202 112.777074 110.160494 107.615679 105.120332 102.609557 100.087763 97.600792 95.125614 92.677787 90.266148 87.866543 85.478756 83.116311 80.756984 78.395310 76.084085 73.767708 71.489155 69.259909 67.014337 64.806497 62.647914 60.473925 58.321126 56.223447 54.097849 52.027227 49.969934 47.925053 45.920082 43.943200 41.985067 40.066298 38.164159 36.296435 34.440016 32.619627 30.820860 29.037770 27.280877 25.536336 23.813029 22.116766 20.446177 18.794727 17.169782 15.574127 14.003472 12.454159 10.920173 9.421105 7.950325 6.504727 5.094169 3.699610 2.348408 1.018297 -0.282010 -1.561714 -2.806696 -4.025027 -5.215672 -6.384338 -7.521951 -8.637805 -9.726304 -10.786918 -11.822488 -12.832926 -13.817719 -14.775345 -15.707677 -16.615024 -17.493120 -18.340240 -19.156593 -19.943477 -20.700792 -21.430556 -22.136184 -22.813168 -23.462037 -24.083465 -24.677080 -25.244313 -25.784877 -26.297678 -26.782834 -27.240581 -27.670862 -28.073713 -28.449132 -28.797247 -29.118120 -29.411880 -29.678607 -29.918411 -30.131372 -30.317550 -30.477021 -30.609836 -30.716041 -30.795669 -30.848744
0.000034 0.032778 0.043226 0.054653 0.064813 0.074278 0.083800 0.093272 0.102771 0.112479 0.122899 0.133530 0.143382 0.153016 0.162748 0.172561 0.182152 0.193287 0.202915 0.212394 0.221884 0.231496 0.242149 0.252382 0.261937 0.271596 0.281170 0.295201 0.306084 0.315979 0.325773 0.335346 0.345183 0.355096 0.364478 0.373988 0.384603 0.394234 0.403865 0.413966 0.427415 0.437025 0.446634 0.460823 0.472862 0.482371 0.492535 0.503602 0.513731 0.524577 0.536607 0.547635 0.563326 0.574691 0.584207 0.594296 0.604162 0.614899 0.626803 0.637393 0.646814 0.656345 0.665763 0.675466 0.685342 0.695542 0.705440 0.715541 0.725923 0.735980 0.745696 0.755296 0.765144 0.774798 0.785061 0.798279 0.807721 0.817417 0.829848 0.839383 0.850754 0.860531 0.870925 0.886556 0.896416 0.907131 0.916979 0.927064 0.936605 0.946235 0.955703 0.967043 0.977659 0.988425 0.998864 1.008666 1.019102 1.029336 1.039274 1.049321 1.060720 1.072320 1.083441 1.092834 1.102225 1.111635 1.121073 1.130614 1.140226 1.150689 1.160604 1.170109 1.179962 1.192485 1.207191 1.219064 1.230180 1.240320 1.250267 1.261178 1.270799 1.280638 1.290550 1.302407 1.312526 1.322686 1.334738 1.344855 1.355423 1.365336 1.375068 1.385169 1.394758 1.404561 1.415055 1.424560 1.434172 1.444104 1.454464 1.464820 1.475420 1.486358 1.496159 1.506661 1.516596 1.526200 1.535649 1.545321 1.554706 1.564384 1.573793 1.583227 1.594925 1.604809 1.614326 1.623988 1.634007 1.643366 1.653241 1.663559 1.673421 1.683448 1.692954 1.702571 1.712234 1.724451 1.733882 1.743363 1.752772 1.762525 1.773041 1.788331 1.802501 1.817501 1.830037 1.839520 1.848947 1.858305 1.867730 1.877645 1.891797 1.904467 1.917059 1.930355 1.941886 1.953484 1.967141 1.976758 1.986287 1.995790 2.006084 2.015904 2.026102 2.036471 2.046221 2.056837 2.067766 2.077411 2.089050 2.098876 2.109222
Elapsed_time: 2.109222
Score: -30.848744
CN-FR
199
239.576578 221.218877 197.828926 205.980703 189.677812 196.623600 182.285663 188.498135 175.002904 180.914543 169.141107 173.799727 162.883496 168.391657 157.911400 163.797620 153.562747 159.042675 149.313217 154.909432 145.386495 151.037032 141.749388 146.987426 138.118417 143.262053 134.583674 139.264504 130.938622 135.977139 127.644065 132.153832 123.605973 128.559847 119.833060 125.025821 116.796039 121.945948 114.120193 118.645161 111.215072 115.824189 108.563820 113.166824 105.952035 110.522039 102.846536 107.345446 99.772381 104.217403 97.030558 101.293631 94.661638 98.813638 92.030474 96.150669 89.833877 93.973625 87.936316 92.009682 86.044685 89.869501 83.946746 87.745994 82.062764 85.875742 80.345244 84.051673 78.519548 82.083522 76.478484 80.143729 74.834872 78.295406 73.070970 76.397293 71.110464 74.652012 69.192896 72.537532 67.204643 70.289427 65.226359 68.176251 63.410115 65.959948 61.513533 64.160298 59.742282 62.526308 58.146965 60.518641 56.543872 58.811041 54.767537 57.198076 53.285096 55.740800 51.639563 54.083490 50.287307 52.492201 48.898893 50.959249 47.330810 49.226956 45.631924 47.672633 43.991190 46.139295 42.575225 44.330775 41.030038 42.830690 39.753175 41.509936 38.493535 40.074633 37.147735 38.742901 35.902349 37.372015 34.748013 36.035274 33.415635 34.778101 32.084687 33.062699 30.502203 31.087086 28.596153 29.130078 26.712762 27.156236 24.628770 24.853173 22.425759 22.410202 19.976915 19.595529 17.591011 17.246049 15.203831 14.671415 12.663918 12.219375 10.436588 10.148681 8.317802 7.897874 6.065426 5.685492 3.974837 3.491052 1.842186 1.296200 -0.165147 -0.726609 -2.177532 -2.773831 -4.041425 -4.705241 -6.106601 -6.864478 -8.156845 -9.143593 -10.318369 -11.318253 -12.595467 -13.731141 -15.014599 -16.260824 -17.526707 -18.740641 -19.976476 -21.208663 -22.403240 -23.638368 -24.854649 -26.063715 -27.233330 -28.379141 -29.482618 -30.565437 -31.570331 -32.538132 -33.430447 -34.279399 -35.060875 -35.783468 -36.440030 -37.034247 -37.558528 -38.017399 -38.414704 -38.756418 -39.045700 -39.284333 -39.473587
0.217028 0.260657 0.274071 0.288120 0.299498 0.309064 0.318517 0.329967 0.341802 0.351429 0.360877 0.370769 0.380206 0.390328 0.400228 0.410344 0.420760 0.431946 0.441842 0.451482 0.461461 0.471281 0.482817 0.494495 0.509332 0.518759 0.528216 0.537795 0.547792 0.557580 0.567463 0.579301 0.592881 0.603398 0.612864 0.622312 0.632079 0.642023 0.656209 0.667869 0.683441 0.696422 0.707329 0.718290 0.728261 0.738930 0.754258 0.764225 0.773786 0.783267 0.793515 0.807431 0.816824 0.826480 0.840827 0.851269 0.861079 0.874789 0.889665 0.900062 0.910148 0.919808 0.929310 0.938708 0.948668 0.960165 0.970194 0.980017 0.989990 1.001714 1.011682 1.021565 1.035668 1.048564 1.063459 1.077674 1.091597 1.101006 1.110515 1.119946 1.129687 1.142004 1.151628 1.161839 1.171890 1.183971 1.195068 1.204879 1.216039 1.229334 1.243797 1.256206 1.271689 1.284122 1.297515 1.307082 1.317182 1.326915 1.339598 1.353899 1.363627 1.373015 1.382918 1.396033 1.408305 1.425971 1.436429 1.448072 1.458674 1.469199 1.478865 1.488303 1.497767 1.507461 1.517307 1.527454 1.537342 1.546820 1.556287 1.565697 1.575149 1.584560 1.594220 1.603850 1.613784 1.623247 1.632718 1.642202 1.651762 1.661343 1.670990 1.680858 1.690530 1.699938 1.709405 1.718859 1.728351 1.738115 1.748241 1.757757 1.768024 1.777646 1.787020 1.796429 1.806016 1.815451 1.824965 1.834459 1.844648 1.854694 1.864380 1.875243 1.887033 1.896689 1.907710 1.917831 1.927412 1.936827 1.946313 1.955689 1.965189 1.974790 1.984526 1.995311 2.005810 2.015241 2.024883 2.034637 2.044776 2.054727 2.064588 2.074528 2.084045 2.094491 2.103973 2.113415 2.122853 2.132734 2.142208 2.151797 2.163122 2.174759 2.185261 2.195015 2.204719 2.215159 2.225729 2.236929 2.246466 2.256286 2.268082 2.277625 2.287094 2.297013 2.306531 2.315992 2.325458 2.334994 2.344435
Elapsed_time: 2.344435
Score: -39.473587
198
273.622925 247.036677 222.802684 230.658113 215.598337 221.951953 208.474041 214.471334 201.888257 208.612609 197.401368 204.007261 193.413424 200.062170 189.877840 196.266491 186.440653 192.438674 183.096253 189.123498 180.060236 186.015510 177.207105 183.269722 174.713182 180.563579 172.216419 177.585443 169.380138 174.639100 166.421904 171.635963 163.722785 168.863636 161.089173 166.542506 158.565408 164.038121 156.473280 161.485006 154.273712 159.134624 152.062118 156.435867 150.135006 154.254754 148.201575 152.176647 146.313967 150.114493 144.317244 148.055303 142.528849 146.179252 140.765977 144.324818 139.054591 142.390998 137.337453 140.357101 135.402764 138.475956 133.653683 136.459296 132.043643 134.501664 130.411330 132.699398 128.849566 131.060762 127.280680 129.479675 125.619809 127.971250 124.189799 126.262578 122.779847 124.680429 121.351394 123.257636 119.714656 121.775731 118.404345 120.428442 116.960896 119.074149 115.723337 117.613661 114.324494 115.862808 112.913802 114.358802 111.543724 112.945009 110.140578 111.495173 108.967915 110.117254 107.637867 108.836020 106.307616 107.606070 105.136428 106.280736 103.892812 104.955548 102.743123 103.803260 101.608393 102.591736 100.533957 101.441858 99.533450 100.283009 98.438580 99.122803 97.260746 97.996177 96.085211 96.740401 94.920351 95.533249 93.619595 94.382986 92.474583 93.115509 91.471354 92.017447 90.561218 90.964077 89.495069 89.878006 88.521542 88.891998 87.615431 87.885995 86.642995 86.829388 85.624245 85.791628 84.433825 84.562472 83.302610 83.291580 82.256540 82.134013 81.348806 81.130900 80.413687 80.159805 79.500341 79.230179 78.570713 78.300708 77.725176 77.373379 76.836071 76.475929 75.854300 75.570522 74.951505 74.606055 74.058384 73.758036 73.189839 72.895535 72.335196 72.057562 71.500202 71.149579 70.526532 70.116597 69.540683 69.136712 68.651932 68.193010 67.728222 67.282391 66.763078 66.300377 65.794962 65.256296 64.723413 64.162594 63.637452 63.099125 62.595464 62.107221 61.657251 61.233362 60.840989 60.486251 60.172239 59.898306 59.662317 59.462490 59.295451 59.158466
0.185175 0.230474 0.242100 0.251545 0.261533 0.272353 0.281923 0.292210 0.302051 0.313134 0.323090 0.334258 0.343808 0.353878 0.364599 0.374526 0.384281 0.394093 0.403645 0.413230 0.423102 0.432732 0.442157 0.451573 0.461004 0.470851 0.480265 0.489775 0.499382 0.509457 0.518932 0.528422 0.537974 0.550868 0.562563 0.572425 0.581927 0.592936 0.603190 0.615823 0.625646 0.635845 0.645321 0.654759 0.664314 0.673788 0.684507 0.694849 0.705936 0.716582 0.727317 0.737719 0.747205 0.756619 0.766326 0.776419 0.786038 0.795828 0.807486 0.817616 0.827236 0.837007 0.846634 0.856145 0.865724 0.875351 0.884891 0.894434 0.904385 0.913905 0.923572 0.933120 0.942674 0.952310 0.961932 0.972584 0.982110 0.992706 1.009285 1.018760 1.028230 1.038681 1.048127 1.058576 1.069024 1.078754 1.088297 1.097836 1.107652 1.118107 1.128359 1.138518 1.147978 1.158119 1.167935 1.178104 1.188883 1.200067 1.211551 1.221046 1.230501 1.239906 1.249339 1.260139 1.273616 1.284042 1.293924 1.303393 1.312851 1.322331 1.332659 1.343001 1.352516 1.362438 1.372300 1.381721 1.391374 1.401051 1.410723 1.420397 1.430030 1.439808 1.449440 1.458978 1.468496 1.478102 1.487526 1.496996 1.506438 1.516339 1.526287 1.535942 1.545943 1.555833 1.565573 1.575218 1.584676 1.594156 1.603573 1.613005 1.622836 1.632438 1.641864 1.651488 1.660892 1.670350 1.679761 1.689599 1.699151 1.708874 1.718502 1.728434 1.738236 1.747821 1.757359 1.767054 1.776678 1.786060 1.796043 1.805578 1.815110 1.824911 1.834529 1.844415 1.854299 1.864263 1.874218 1.883944 1.893363 1.902817 1.912225 1.921697 1.931164 1.940690 1.950187 1.960269 1.970019 1.979627 1.988991 1.998414 2.008056 2.017627 2.027552 2.037167 2.046863 2.060162 2.070514 2.080869 2.090266 2.099912 2.109523 2.118987 2.128402 2.137884 2.147324 2.156754 2.166233 2.175702
Elapsed_time: 2.175702
Score: 59.158466
199
256.041155 246.369675 214.825594 233.171092 209.754249 224.983897 203.493669 217.122879 197.581798 211.116779 192.872222 205.827267 188.600751 200.930624 184.344425 195.923081 180.505389 191.833400 176.703126 187.725223 172.806317 183.374646 169.429173 179.223534 165.869578 175.341392 162.676870 171.351745 158.634700 167.131762 154.783369 163.318483 150.840523 159.086354 147.203564 155.469918 143.600451 151.629081 139.668902 148.209128 136.620834 144.908713 133.700784 141.769837 130.734968 138.588002 128.026450 135.655678 125.521478 133.127361 123.096629 130.356380 120.605080 127.479452 117.945175 124.724340 115.409662 121.984575 112.727657 118.987200 110.118729 115.919718 107.513162 113.134889 105.042497 110.568264 102.635483 107.970996 100.325767 105.611781 98.046016 103.292795 95.962336 100.937560 93.834391 98.636509 91.586151 96.285089 89.640191 93.892699 87.459786 91.409805 85.287591 89.361948 83.148019 86.787324 80.846706 84.402426 78.629195 81.943157 76.174086 79.378449 73.597614 76.740588 71.332802 74.188236 68.942533 71.854830 66.738102 69.593128 64.631355 67.371509 62.629331 65.151827 60.612208 62.857532 58.369977 60.540726 56.217802 58.200017 54.054476 55.868994 51.883236 53.604418 49.783330 51.165751 47.249906 48.437941 44.809757 45.767090 42.458589 43.091854 39.914935 40.571269 37.484742 37.973029 35.010835 35.403049 32.653005 33.077420 30.526499 30.800461 28.441993 28.548303 26.261926 26.349844 24.180728 24.207035 22.171754 21.896829 19.985409 19.511660 17.581060 16.931088 15.010864 14.430799 12.759763 12.194146 10.481736 10.030029 8.409160 7.837627 6.285759 5.580384 4.239084 3.565305 2.311877 1.630836 0.450999 -0.210753 -1.332903 -2.078945 -3.139059 -3.974199 -5.006667 -5.941954 -7.023211 -7.959478 -9.088399 -10.061549 -11.147494 -12.234829 -13.349718 -14.448991 -15.524042 -16.517720 -17.572999 -18.547931 -19.560753 -20.526718 -21.512588 -22.457495 -23.390801 -24.291040 -25.166032 -25.994188 -26.786645 -27.536151 -28.239959 -28.892111 -29.489199 -30.028029 -30.507140 -30.926605 -31.289524 -31.601587 -31.866030 -32.084661 -32.258493
0.183868 0.227125 0.236714 0.246326 0.255943 0.265576 0.275215 0.284682 0.294142 0.303581 0.313019 0.322475 0.332061 0.341795 0.351342 0.361156 0.371127 0.380732 0.390206 0.399996 0.411764 0.421780 0.431876 0.442682 0.452152 0.461600 0.471018 0.480409 0.489820 0.499600 0.509106 0.518720 0.528119 0.537495 0.547012 0.557170 0.567167 0.576618 0.586087 0.595544 0.605371 0.614893 0.624329 0.633855 0.643312 0.653577 0.663220 0.672995 0.682441 0.691912 0.701628 0.711508 0.720965 0.730495 0.740110 0.749556 0.759010 0.768948 0.779901 0.790222 0.800177 0.809876 0.820204 0.829622 0.839006 0.848889 0.858372 0.868141 0.878990 0.889214 0.899187 0.908887 0.919575 0.931427 0.941508 0.951521 0.961271 0.971084 0.980581 0.990025 0.999546 1.009083 1.018754 1.028693 1.038259 1.047699 1.057863 1.068758 1.078635 1.088251 1.097820 1.107454 1.117281 1.127172 1.137788 1.147264 1.156684 1.166135 1.176446 1.186482 1.196714 1.206619 1.216143 1.225608 1.235104 1.244723 1.255078 1.265311 1.275480 1.285144 1.295129 1.304719 1.314317 1.324026 1.333464 1.342915 1.352382 1.361863 1.371402 1.380852 1.390259 1.399791 1.409804 1.419533 1.429863 1.439424 1.448917 1.458683 1.468197 1.477977 1.487454 1.496995 1.506519 1.516199 1.526286 1.536111 1.545821 1.555632 1.565181 1.574788 1.584198 1.594066 1.604041 1.614325 1.623717 1.633465 1.642940 1.652969 1.662742 1.672114 1.681559 1.691351 1.701158 1.711057 1.721135 1.731559 1.741382 1.751612 1.761320 1.770686 1.780069 1.789668 1.799086 1.808459 1.818466 1.828856 1.838501 1.848006 1.857452 1.867019 1.876447 1.889793 1.899261 1.909369 1.919348 1.929445 1.938854 1.948363 1.957751 1.967526 1.976978 1.986918 1.996504 2.005892 2.015407 2.025279 2.034877 2.045388 2.055887 2.065704 2.077107 2.087833 2.097823 2.107732 2.118708 2.128259 2.137670 2.148053 2.158564
Elapsed_time: 2.158564
Score: -32.258493
L-BFGS
201
12737.400673 9731.461972 2263.957829 1305.416486 1018.728900 926.214676 812.272811 746.526920 682.938079 597.057103 528.857744 479.792605 437.248971 400.162105 370.098131 342.872775 317.157550 294.814209 274.844068 258.863702 243.890929 229.094751 214.741399 201.719982 187.884380 172.877251 158.548208 144.816186 131.657122 120.735681 111.651899 101.184135 92.286087 83.476660 74.141175 64.647884 53.187574 42.331320 31.837728 21.296194 11.178907 1.765315 -7.606591 -14.969855 -22.232153 -29.132497 -35.598759 -42.546255 -49.385907 -55.866620 -62.185197 -69.195704 -75.741363 -81.509775 -86.830287 -92.332771 -96.948034 -100.525402 -105.337162 -109.593482 -114.596349 -120.982474 -126.188506 -131.244984 -137.053187 -141.377357 -145.747807 -150.404229 -153.789712 -157.232954 -160.910071 -163.428264 -166.324250 -169.366848 -171.502572 -173.635131 -175.669182 -177.393180 -178.960143 -180.414841 -181.773378 -182.892075 -183.933558 -185.457330 -186.694646 -188.062755 -190.016646 -191.296003 -192.749938 -194.349037 -195.362195 -196.499254 -197.605686 -198.341156 -198.963605 -199.555805 -200.019206 -200.476955 -200.819497 -201.128930 -201.446238 -201.875723 -202.299238 -202.706062 -203.071538 -203.423109 -203.747580 -204.060234 -204.362042 -204.641493 -204.836147 -205.074094 -205.221029 -205.382676 -205.522466 -205.634466 -205.722799 -205.839146 -205.890877 -205.952510 -206.000926 -206.039176 -206.090640 -206.120598 -206.148841 -206.182274 -206.198658 -206.224302 -206.237264 -206.257619 -206.267241 -206.278781 -206.292727 -206.301339 -206.308638 -206.313359 -206.318980 -206.323706 -206.329210 -206.331989 -206.335205 -206.339059 -206.342435 -206.343961 -206.345775 -206.346997 -206.348266 -206.349455 -206.349984 -206.350860 -206.351540 -206.351864 -206.352382 -206.352883 -206.353362 -206.353712 -206.354062 -206.354349 -206.354674 -206.354963 -206.355204 -206.355429 -206.355660 -206.355908 -206.356030 -206.356245 -206.356281 -206.356491 -206.356591 -206.356703 -206.356849 -206.356946 -206.357057 -206.357138 -206.357247 -206.357307 -206.357392 -206.357445 -206.357492 -206.357541 -206.357598 -206.357619 -206.357654 -206.357677 -206.357707 -206.357732 -206.357753 -206.357770 -206.357797 -206.357811 -206.357828 -206.357851 -206.357870 -206.357881 -206.357893 -206.357904 -206.357918 -206.357927 -206.357933 -206.357941 -206.357943
0.000034 0.023490 0.034485 0.045354 0.056060 0.067333 0.077940 0.099037 0.108928 0.118525 0.128263 0.137965 0.147660 0.157447 0.167354 0.177130 0.186639 0.196151 0.205596 0.215420 0.224781 0.234220 0.243498 0.252923 0.262236 0.271463 0.281210 0.290887 0.300198 0.309207 0.318306 0.327155 0.336105 0.346824 0.355785 0.364523 0.373209 0.381787 0.390374 0.398950 0.407396 0.415800 0.424108 0.432412 0.440639 0.448938 0.457243 0.465523 0.473798 0.482279 0.490688 0.499851 0.508340 0.517291 0.525961 0.534287 0.542647 0.550867 0.559115 0.567474 0.575960 0.584471 0.593134 0.601284 0.609548 0.617676 0.625861 0.633983 0.642085 0.650178 0.658446 0.666500 0.674770 0.682785 0.690919 0.698948 0.707092 0.715153 0.723247 0.731279 0.739320 0.747398 0.755599 0.763785 0.772007 0.780029 0.788018 0.796066 0.804974 0.813165 0.821350 0.829812 0.837840 0.845825 0.853837 0.861833 0.869856 0.877850 0.885886 0.893941 0.901931 0.910361 0.918480 0.926764 0.934970 0.943008 0.951042 0.959084 0.967128 0.975164 0.983172 0.991245 0.999244 1.007850 1.015923 1.024358 1.040926 1.048947 1.057648 1.066157 1.074809 1.083017 1.091014 1.099023 1.106975 1.115074 1.123147 1.131389 1.140381 1.148505 1.156607 1.164587 1.172621 1.180709 1.188643 1.196638 1.204610 1.212570 1.220524 1.228486 1.236505 1.244477 1.252457 1.260671 1.268761 1.276934 1.285367 1.293461 1.301724 1.309965 1.319499 1.327480 1.335837 1.343859 1.352096 1.360135 1.368127 1.376182 1.388908 1.397276 1.405988 1.414005 1.422062 1.430070 1.437992 1.445922 1.453822 1.461848 1.469848 1.477865 1.485812 1.501895 1.509839 1.518045 1.526670 1.534850 1.542836 1.550895 1.558851 1.566775 1.574715 1.582808 1.591153 1.599170 1.607468 1.615684 1.623734 1.632129 1.640234 1.649769 1.657821 1.666104 1.674145 1.682161 1.690157 1.698910 1.707025 1.715623 1.723856 1.731827 1.739793
Elapsed_time: 1.739793
Score: -206.357943
201
12993.952854 9942.203990 2279.530958 1318.134606 1036.391719 941.842677 812.230354 766.357180 677.921900 612.870248 531.670967 475.579704 440.994439 401.809113 367.972304 336.929929 310.969708 288.613843 265.445955 241.797432 218.630584 197.964529 181.317787 166.395349 151.778809 139.442614 127.965403 117.057493 106.765378 96.984892 87.802618 78.912615 69.933172 60.622781 50.932002 42.209523 33.364531 22.869919 13.534598 4.555181 -4.439154 -13.367665 -22.812391 -31.288741 -39.072363 -45.478149 -51.927593 -58.938887 -64.002002 -68.656414 -73.973014 -77.290805 -80.262179 -84.318914 -86.685267 -89.250241 -92.491303 -94.374962 -96.427252 -98.920028 -100.292204 -101.416187 -103.175596 -104.163302 -105.161583 -106.426384 -107.216177 -107.930050 -108.828086 -109.452596 -110.093545 -111.295181 -112.057519 -112.973401 -113.979804 -114.951574 -116.656652 -118.242418 -120.267736 -122.879185 -124.788834 -127.145497 -129.511065 -131.609916 -133.541148 -136.661233 -139.775196 -143.196826 -147.926500 -151.355001 -155.136469 -159.528909 -162.994536 -166.659158 -169.648591 -171.845417 -173.481087 -175.636822 -177.244446 -178.822677 -180.379008 -181.590477 -182.992702 -184.220405 -185.209445 -186.332474 -187.388076 -188.585803 -190.128642 -191.250513 -192.505187 -193.939038 -195.016898 -196.312245 -197.415904 -198.455574 -199.492248 -200.542424 -201.531614 -202.298735 -202.824075 -203.251436 -203.514352 -203.711950 -203.900973 -204.062993 -204.235062 -204.394973 -204.555952 -204.719268 -204.868141 -205.007765 -205.128896 -205.249260 -205.362797 -205.459954 -205.562332 -205.654462 -205.736115 -205.800204 -205.877340 -205.922808 -205.976544 -206.011238 -206.047036 -206.069205 -206.124948 -206.143856 -206.168181 -206.189103 -206.210865 -206.222627 -206.237163 -206.244019 -206.257511 -206.265251 -206.272722 -206.284903 -206.290544 -206.299436 -206.303614 -206.309158 -206.314490 -206.320970 -206.323453 -206.326829 -206.329382 -206.332310 -206.334747 -206.336678 -206.338709 -206.340468 -206.342422 -206.343572 -206.344584 -206.346371 -206.347111 -206.347963 -206.349203 -206.350177 -206.350626 -206.351880 -206.352169 -206.352802 -206.353241 -206.353667 -206.354229 -206.354470 -206.354929 -206.355140 -206.355352 -206.355514 -206.355655 -206.355917 -206.356053 -206.356194 -206.356398 -206.356511 -206.356632 -206.356783 -206.356914
0.000036 0.023302 0.035505 0.047389 0.059202 0.069978 0.080241 0.090553 0.104200 0.113979 0.123600 0.133294 0.142889 0.152591 0.162364 0.172073 0.181666 0.192026 0.201825 0.211437 0.220914 0.230607 0.240012 0.249169 0.258252 0.267376 0.277613 0.287772 0.296727 0.306138 0.315065 0.323801 0.332585 0.341218 0.350743 0.359488 0.370010 0.379828 0.388512 0.397726 0.406234 0.415660 0.424376 0.433369 0.442290 0.450986 0.459289 0.468103 0.476658 0.485240 0.493577 0.502864 0.511447 0.520845 0.529414 0.538526 0.546925 0.555870 0.564112 0.573006 0.581210 0.590291 0.598719 0.608900 0.617560 0.626449 0.635263 0.643535 0.652366 0.660576 0.668905 0.677105 0.685323 0.693516 0.702324 0.710463 0.718803 0.727522 0.735661 0.744056 0.752140 0.760361 0.768462 0.777630 0.786413 0.794923 0.803408 0.812149 0.820424 0.829728 0.838153 0.848145 0.857473 0.866091 0.875681 0.884005 0.892449 0.901832 0.911332 0.919428 0.927923 0.936030 0.944145 0.952428 0.960655 0.969382 0.977531 0.988760 0.997375 1.006180 1.014283 1.023800 1.032092 1.040786 1.049400 1.057727 1.066085 1.074237 1.082389 1.090497 1.098589 1.106918 1.115120 1.123899 1.131959 1.140170 1.148564 1.156643 1.165078 1.173045 1.181597 1.189854 1.198286 1.206560 1.214845 1.223149 1.231622 1.240857 1.249315 1.257345 1.265403 1.273524 1.281528 1.289716 1.297698 1.307110 1.315108 1.324429 1.332749 1.341251 1.349650 1.358751 1.367691 1.376097 1.385634 1.395781 1.404146 1.412655 1.420849 1.430673 1.439463 1.447789 1.455985 1.464684 1.472841 1.480918 1.488965 1.496991 1.505069 1.513072 1.521113 1.529184 1.537389 1.545538 1.553689 1.561702 1.569920 1.578022 1.586122 1.594843 1.603070 1.613918 1.622161 1.630214 1.639000 1.647377 1.656055 1.672396 1.680661 1.688704 1.696705 1.704732 1.712715 1.720736 1.728756 1.736959 1.745387 1.753430 1.761793 1.769987 1.779389
Elapsed_time: 1.779389
Score: -206.356914
198
13867.877349 10660.689987 2392.649620 1346.416619 1038.258996 944.920361 829.711367 766.411143 713.133883 643.523863 586.949044 544.993933 504.059603 464.715369 425.663311 387.074296 349.791929 317.102986 288.409114 264.833564 246.457362 230.158570 215.258427 201.225716 185.729142 167.937620 150.330307 133.789678 118.044448 104.288848 91.359592 78.057775 66.456687 55.259861 44.480720 31.486073 19.570733 8.373043 -3.154385 -13.269709 -23.939332 -34.377324 -43.007099 -51.146683 -60.598956 -69.421588 -78.349319 -88.808150 -98.410816 -106.736135 -113.840106 -119.603761 -124.629770 -129.557127 -133.736920 -137.518682 -140.902457 -144.171569 -147.463475 -150.809884 -154.508248 -157.939613 -161.595422 -165.922780 -169.482646 -173.207994 -177.370668 -180.532793 -183.330778 -185.685790 -187.170599 -188.459892 -189.588768 -190.576154 -191.554863 -192.355719 -193.281109 -193.994704 -194.735580 -195.560220 -196.142193 -196.794843 -197.508466 -198.025317 -198.504381 -199.308295 -199.704761 -200.105898 -200.680913 -201.055278 -201.489385 -202.093100 -202.378571 -202.847205 -203.006962 -203.599816 -203.849258 -204.130726 -204.508492 -204.691768 -204.934512 -205.090160 -205.264285 -205.393169 -205.497292 -205.619197 -205.699227 -205.817546 -205.895990 -205.952804 -206.019022 -206.071779 -206.124035 -206.159186 -206.191126 -206.218096 -206.239915 -206.259667 -206.274445 -206.288025 -206.298053 -206.305284 -206.315058 -206.320068 -206.326850 -206.330489 -206.334905 -206.336352 -206.341525 -206.343174 -206.344896 -206.347130 -206.348311 -206.349788 -206.350780 -206.352209 -206.352859 -206.353609 -206.354380 -206.354781 -206.355197 -206.355501 -206.355745 -206.355952 -206.356180 -206.356287 -206.356406 -206.356516 -206.356673 -206.356737 -206.356810 -206.356890 -206.356981 -206.357052 -206.357111 -206.357162 -206.357204 -206.357256 -206.357292 -206.357322 -206.357384 -206.357414 -206.357440 -206.357483 -206.357513 -206.357565 -206.357604 -206.357627 -206.357648 -206.357672 -206.357705 -206.357733 -206.357759 -206.357780 -206.357805 -206.357822 -206.357837 -206.357852 -206.357870 -206.357878 -206.357901 -206.357909 -206.357920 -206.357933 -206.357947 -206.357955 -206.357961 -206.357966 -206.357969 -206.357974 -206.357977 -206.357980 -206.357982 -206.357983 -206.357984 -206.357986 -206.357986 -206.357987
0.000034 0.023561 0.035139 0.046604 0.057414 0.069196 0.080080 0.101584 0.113081 0.123473 0.133373 0.143961 0.154096 0.164210 0.176965 0.187080 0.198565 0.208699 0.218273 0.227738 0.237261 0.247582 0.257102 0.266609 0.276275 0.285616 0.294742 0.303841 0.312759 0.322863 0.332697 0.341680 0.350811 0.359383 0.368413 0.376912 0.386560 0.395265 0.404209 0.412814 0.423637 0.432803 0.441330 0.449542 0.457740 0.465897 0.474128 0.482310 0.490641 0.499276 0.508789 0.517572 0.526561 0.535407 0.543683 0.551763 0.560352 0.569509 0.578781 0.587065 0.596143 0.605136 0.613714 0.623475 0.632287 0.641387 0.649839 0.658206 0.666405 0.674808 0.682986 0.691274 0.699545 0.707604 0.716038 0.724033 0.732484 0.741142 0.749663 0.757752 0.766122 0.774379 0.782459 0.790483 0.798468 0.806805 0.815808 0.824064 0.833120 0.841377 0.849982 0.858376 0.867207 0.876170 0.885787 0.893789 0.901927 0.910290 0.918665 0.935757 0.943790 0.951846 0.959966 0.967971 0.975982 0.984067 0.992156 1.000139 1.008190 1.016209 1.024255 1.032315 1.040314 1.048359 1.056390 1.064397 1.072452 1.080498 1.088470 1.096507 1.104756 1.113373 1.121521 1.129794 1.138868 1.148114 1.156452 1.164900 1.174254 1.183395 1.191596 1.199829 1.215863 1.223963 1.231977 1.240196 1.256371 1.264557 1.272822 1.281272 1.289248 1.297662 1.305754 1.313790 1.322132 1.330808 1.339409 1.347663 1.355719 1.363743 1.372461 1.380598 1.388882 1.397618 1.405974 1.414084 1.422348 1.430613 1.438690 1.447755 1.456116 1.464533 1.473167 1.481251 1.489437 1.497717 1.505836 1.514038 1.522063 1.530251 1.538558 1.546937 1.555353 1.563825 1.571852 1.580185 1.588192 1.596368 1.605049 1.613469 1.621514 1.629591 1.637590 1.645677 1.654056 1.665909 1.677115 1.685440 1.693608 1.701850 1.709987 1.718103 1.726161 1.734619 1.743116 1.751956 1.768038 1.776229
Elapsed_time: 1.776229
Score: -206.357987
CN-L-BFGS
201
239.576578 160.747710 142.288002 128.489870 117.822800 105.488483 83.154861 63.249345 44.947863 27.093522 11.876428 -1.374689 -12.527914 -20.376838 -26.858300 -32.930010 -37.640727 -41.672714 -46.106407 -50.063166 -53.873866 -57.465432 -61.723069 -65.762107 -69.752368 -74.630984 -78.759003 -83.603359 -87.174052 -89.795596 -91.886500 -94.029909 -95.687047 -96.778317 -97.971216 -98.790182 -99.603630 -100.260910 -100.711405 -101.231035 -101.633203 -101.925387 -102.175165 -102.449746 -102.617059 -102.756253 -102.893155 -103.009861 -103.122173 -103.210609 -103.275619 -103.331844 -103.376720 -103.414376 -103.436982 -103.464973 -103.473471 -103.508317 -103.518079 -103.532959 -103.548267 -103.561074 -103.568319 -103.577183 -103.583391 -103.589994 -103.596561 -103.600424 -103.604631 -103.609938 -103.616349 -103.618804 -103.624614 -103.625662 -103.630315 -103.632571 -103.635345 -103.639088 -103.641384 -103.644817 -103.647510 -103.651237 -103.653724 -103.656270 -103.659053 -103.661129 -103.664656 -103.669768 -103.673522 -103.677276 -103.681705 -103.685752 -103.688353 -103.693249 -103.696849 -103.702544 -103.709753 -103.730415 -103.739687 -103.755859 -103.773730 -103.802223 -103.828508 -103.850921 -103.893766 -103.940585 -103.977955 -104.076060 -104.216191 -104.343394 -104.766695 -105.123708 -105.517064 -106.268775 -107.054362 -107.878326 -108.614583 -109.316400 -110.546929 -111.918169 -113.227274 -115.673777 -118.002761 -121.103396 -124.853845 -128.283008 -132.214541 -139.412171 -144.022593 -148.565456 -153.906579 -159.044575 -163.432605 -167.613001 -171.577251 -175.549628 -179.324704 -181.595975 -183.354044 -185.411770 -186.868209 -188.229043 -190.369168 -191.782524 -193.369543 -195.002909 -196.138642 -197.313190 -198.500018 -199.311108 -200.231353 -200.996618 -201.590785 -201.994968 -202.561418 -202.890264 -203.248783 -203.540224 -203.758873 -204.001320 -204.222539 -204.332661 -204.479472 -204.587616 -204.700972 -204.811391 -204.934596 -204.978903 -205.089828 -205.137544 -205.196171 -205.275267 -205.361751 -205.424436 -205.500827 -205.547609 -205.598572 -205.677468 -205.720804 -205.760068 -205.860362 -205.889731 -205.940016 -205.982218 -206.036852 -206.063553 -206.090220 -206.113937 -206.140782 -206.160658 -206.178729 -206.197326 -206.218644 -206.233229 -206.245374 -206.255337 -206.269172 -206.276914 -206.284878 -206.297800 -206.304633
0.182580 0.200894 0.209849 0.218649 0.227585 0.236362 0.245126 0.253810 0.262465 0.271129 0.280097 0.290418 0.298892 0.308065 0.316402 0.325139 0.333492 0.341993 0.350299 0.358766 0.367026 0.375489 0.383989 0.392342 0.400829 0.409177 0.417441 0.427003 0.435448 0.443886 0.452132 0.460706 0.469024 0.477387 0.486773 0.498904 0.509176 0.518405 0.526828 0.535548 0.544334 0.552736 0.562630 0.570934 0.579904 0.588155 0.597435 0.605704 0.615405 0.623750 0.633701 0.642108 0.650548 0.658961 0.667431 0.675675 0.683962 0.692381 0.700562 0.709127 0.717505 0.726174 0.734362 0.743139 0.751622 0.760231 0.768714 0.776945 0.785743 0.794167 0.802473 0.810739 0.818953 0.827132 0.835615 0.843904 0.852620 0.860836 0.877526 0.886193 0.894375 0.903109 0.911354 0.919664 0.927889 0.937249 0.945673 0.954022 0.963344 0.972729 0.982206 0.990481 0.999495 1.007911 1.024526 1.032951 1.041612 1.049948 1.066634 1.076040 1.084333 1.093787 1.102965 1.111946 1.120425 1.137159 1.145803 1.154732 1.163060 1.179728 1.188165 1.196456 1.204727 1.212970 1.221378 1.233498 1.241713 1.249827 1.257914 1.265942 1.274022 1.282083 1.290155 1.298176 1.306215 1.314307 1.322295 1.330547 1.338798 1.347382 1.355459 1.363495 1.371587 1.380290 1.388527 1.396847 1.404793 1.412995 1.420969 1.429376 1.437300 1.445261 1.453167 1.461081 1.469554 1.478156 1.486114 1.494216 1.502216 1.510217 1.518354 1.526762 1.535329 1.543389 1.553078 1.561617 1.569939 1.578163 1.586932 1.595323 1.603469 1.611823 1.620272 1.628315 1.636401 1.644485 1.652545 1.660622 1.669191 1.677629 1.685734 1.694220 1.702691 1.711604 1.719923 1.728499 1.736832 1.745647 1.754092 1.763412 1.772415 1.780555 1.788616 1.796661 1.804722 1.814046 1.822384 1.830746 1.838952 1.847164 1.855805 1.863827 1.872057 1.880226 1.888334 1.896401 1.906385 1.914465 1.922733 1.930798 1.947076
Elapsed_time: 1.947076
Score: -206.304633
195
273.622925 196.383096 178.696408 165.378568 154.709143 142.244083 123.408686 105.127018 90.156390 80.331260 71.183037 65.289605 60.518495 56.880667 53.838184 51.238696 49.029343 47.176064 45.002026 42.373158 39.742238 37.192857 34.229097 29.982890 25.157251 20.226414 14.993438 10.043322 5.344477 -1.062860 -6.685943 -14.725198 -28.336314 -39.671407 -52.274718 -68.868214 -83.482037 -97.831470 -111.252053 -121.316845 -128.797742 -135.902436 -143.060023 -148.988961 -153.339998 -157.612599 -160.911761 -163.934215 -166.844651 -169.159075 -171.781104 -174.246458 -176.225525 -177.944323 -180.013409 -181.576133 -182.825360 -184.250214 -185.368558 -186.560811 -187.582376 -188.630934 -189.684424 -190.691284 -191.563693 -192.431679 -193.235993 -194.018048 -194.872486 -195.553479 -196.297604 -197.265855 -197.891643 -198.667099 -199.523189 -200.145118 -200.517212 -201.187613 -201.493142 -201.912106 -202.172167 -202.384098 -202.664328 -202.779311 -202.975021 -203.083352 -203.236234 -203.453914 -203.636663 -203.802262 -203.952861 -204.093388 -204.210196 -204.509583 -204.620923 -204.776356 -204.980778 -205.146449 -205.351631 -205.503687 -205.626532 -205.763972 -205.879498 -205.934994 -205.996202 -206.027097 -206.089050 -206.111655 -206.138202 -206.177577 -206.195582 -206.216690 -206.230487 -206.244707 -206.256384 -206.263947 -206.273408 -206.279568 -206.286796 -206.297515 -206.302647 -206.307776 -206.313911 -206.317942 -206.320078 -206.328379 -206.330507 -206.333438 -206.337213 -206.339598 -206.342737 -206.344164 -206.346269 -206.346867 -206.349673 -206.350446 -206.351384 -206.352584 -206.353186 -206.353869 -206.354298 -206.354693 -206.355074 -206.355372 -206.355614 -206.355800 -206.355915 -206.356072 -206.356154 -206.356276 -206.356387 -206.356450 -206.356616 -206.356684 -206.356795 -206.356884 -206.356993 -206.357059 -206.357138 -206.357200 -206.357248 -206.357310 -206.357386 -206.357421 -206.357471 -206.357501 -206.357541 -206.357583 -206.357612 -206.357673 -206.357707 -206.357732 -206.357756 -206.357774 -206.357793 -206.357808 -206.357821 -206.357835 -206.357850 -206.357866 -206.357877 -206.357890 -206.357906 -206.357918 -206.357925 -206.357935 -206.357942 -206.357949 -206.357955 -206.357960 -206.357964 -206.357967 -206.357971 -206.357974 -206.357976
0.178054 0.198115 0.207703 0.217099 0.227092 0.236192 0.245082 0.253928 0.262759 0.271563 0.280359 0.289242 0.297955 0.307040 0.315950 0.325460 0.334184 0.342831 0.351431 0.361436 0.371006 0.381269 0.391193 0.400021 0.409235 0.418443 0.427305 0.436391 0.444958 0.454931 0.463620 0.472141 0.480528 0.488885 0.497103 0.506017 0.514752 0.523021 0.531555 0.540105 0.548674 0.556880 0.566294 0.575036 0.583439 0.592061 0.600312 0.609590 0.617820 0.626180 0.634523 0.643003 0.651349 0.660540 0.668852 0.677902 0.685929 0.694157 0.702462 0.710633 0.718619 0.726587 0.734802 0.742830 0.750845 0.758955 0.766969 0.775875 0.784302 0.792338 0.800707 0.808744 0.816719 0.824749 0.833131 0.841170 0.850519 0.858811 0.868049 0.876842 0.887443 0.897926 0.906222 0.914279 0.922318 0.930304 0.938966 0.946904 0.954886 0.962884 0.970900 0.978898 0.986868 0.994881 1.002940 1.010932 1.018950 1.026958 1.034851 1.043112 1.051091 1.059953 1.068196 1.076792 1.084852 1.095169 1.103295 1.111306 1.119252 1.127236 1.143314 1.151653 1.159760 1.168128 1.176175 1.184445 1.192428 1.200861 1.208929 1.217373 1.225408 1.233713 1.241701 1.250597 1.258809 1.267403 1.275346 1.283791 1.291751 1.300102 1.308393 1.316459 1.324553 1.332802 1.340968 1.348889 1.356841 1.364745 1.380852 1.390369 1.398536 1.407475 1.415398 1.423654 1.431852 1.440809 1.449187 1.457467 1.465643 1.473616 1.482072 1.490465 1.498488 1.514963 1.523820 1.532023 1.540079 1.548369 1.556942 1.565021 1.573041 1.581758 1.589688 1.598285 1.606290 1.614492 1.622568 1.630590 1.638808 1.647121 1.662991 1.671727 1.679973 1.688074 1.696134 1.704271 1.712261 1.720405 1.728313 1.736301 1.744410 1.752417 1.760523 1.768442 1.776739 1.784738 1.793571 1.801635 1.810286 1.818276 1.826992 1.835251 1.843542 1.851627 1.859730
Elapsed_time: 1.859730
Score: -206.357976
201
256.041155 181.283167 164.857426 151.812988 143.383152 134.154621 112.869721 96.207971 78.334850 57.268923 44.885288 34.582066 26.320898 19.410099 14.133931 9.881589 5.845354 1.948541 -3.069753 -7.999006 -13.405655 -19.337066 -25.879036 -32.995379 -40.881100 -47.664231 -54.726307 -62.098332 -67.407358 -72.596957 -77.771803 -81.076609 -84.086770 -87.138270 -88.849588 -90.401743 -91.793674 -92.986976 -94.340535 -95.361992 -96.158003 -97.009058 -97.784203 -98.592118 -99.322601 -99.881581 -100.535926 -101.058359 -101.496042 -101.918484 -102.273451 -102.585617 -102.801729 -103.007316 -103.203526 -103.345095 -103.490614 -103.634577 -103.799153 -103.958458 -104.094842 -104.215962 -104.358875 -104.486883 -104.625992 -104.818603 -104.949105 -105.090214 -105.278685 -105.403737 -105.543147 -105.754742 -105.948263 -106.133921 -106.507098 -106.821430 -107.177813 -107.768315 -108.351105 -109.009529 -110.112030 -111.306041 -112.662431 -114.473376 -116.978891 -119.274978 -122.576363 -126.850599 -130.810009 -135.387612 -139.824837 -145.346139 -151.187249 -156.132187 -160.783827 -165.856618 -169.426603 -172.862121 -176.168922 -179.098530 -182.352484 -185.025375 -186.742934 -188.335400 -189.500647 -190.565576 -191.560230 -192.480526 -193.561032 -194.582195 -195.426901 -196.323259 -197.271795 -198.175367 -199.010230 -199.691021 -200.457180 -201.210594 -201.867161 -202.496150 -203.108281 -203.620640 -204.051333 -204.452645 -204.799532 -205.091131 -205.340776 -205.561758 -205.728686 -205.856392 -205.961906 -206.009468 -206.048680 -206.071935 -206.087472 -206.107344 -206.125578 -206.145942 -206.163085 -206.177103 -206.186579 -206.197070 -206.206768 -206.217488 -206.225466 -206.232449 -206.240315 -206.248600 -206.254700 -206.260542 -206.265815 -206.275276 -206.279532 -206.284274 -206.291113 -206.292350 -206.300450 -206.302722 -206.306711 -206.308770 -206.313332 -206.315523 -206.317923 -206.321722 -206.323918 -206.326876 -206.328973 -206.331606 -206.334252 -206.336873 -206.340204 -206.342030 -206.344228 -206.346620 -206.348120 -206.349179 -206.350834 -206.351680 -206.352787 -206.353528 -206.354334 -206.354817 -206.355357 -206.355606 -206.356133 -206.356348 -206.356557 -206.356835 -206.356973 -206.357072 -206.357160 -206.357264 -206.357357 -206.357440 -206.357493 -206.357539 -206.357596 -206.357660 -206.357693 -206.357733 -206.357758
0.181411 0.201038 0.210357 0.220478 0.233038 0.243269 0.252313 0.262056 0.270884 0.279623 0.288642 0.298324 0.308849 0.318101 0.326747 0.336072 0.345001 0.353576 0.362525 0.373142 0.387469 0.396046 0.404829 0.413363 0.422209 0.430474 0.438731 0.446941 0.455447 0.463876 0.472696 0.481000 0.489157 0.497497 0.505762 0.514363 0.522550 0.534832 0.543465 0.552313 0.560708 0.569384 0.581904 0.595117 0.607899 0.618804 0.628581 0.641545 0.652441 0.661828 0.670439 0.678654 0.687076 0.695320 0.706906 0.717038 0.726083 0.738167 0.748346 0.756585 0.764823 0.775948 0.788845 0.798275 0.806567 0.816083 0.828344 0.837106 0.845360 0.853919 0.862399 0.871949 0.883301 0.895470 0.905693 0.914177 0.925115 0.936890 0.950726 0.962145 0.970529 0.979903 0.987981 0.997054 1.005637 1.014319 1.022472 1.030593 1.040585 1.048663 1.057146 1.065083 1.074206 1.082701 1.090666 1.098560 1.106554 1.115158 1.123480 1.131569 1.139652 1.147922 1.155885 1.163845 1.171906 1.179858 1.188110 1.196188 1.205363 1.214117 1.222193 1.230394 1.239567 1.248039 1.256566 1.265451 1.273667 1.281729 1.289674 1.298436 1.309953 1.321140 1.331705 1.340827 1.349966 1.365116 1.374130 1.382106 1.390312 1.398343 1.406670 1.415432 1.423479 1.431630 1.439583 1.448191 1.457287 1.466154 1.474302 1.482424 1.491151 1.499160 1.507448 1.515699 1.524316 1.532334 1.540380 1.548366 1.557226 1.565617 1.573668 1.581884 1.589920 1.598360 1.606841 1.614829 1.623054 1.631115 1.639778 1.648562 1.657026 1.665299 1.673276 1.681535 1.698503 1.706458 1.714716 1.722678 1.730935 1.740139 1.748404 1.757032 1.767282 1.775947 1.783875 1.792158 1.801109 1.811005 1.822643 1.835176 1.845531 1.853900 1.862293 1.870280 1.878527 1.887563 1.897686 1.906235 1.922884 1.931865 1.940227 1.951416 1.959735 1.968038 1.976150 1.984992 1.992976 2.003015 2.011159 2.019597 2.029252
Elapsed_time: 2.029252
Score: -206.357758
btree9
FR
201
5432.626608 1075.153112 999.019846 934.529301 879.223592 829.011266 781.547596 737.575828 697.345053 660.398888 626.286532 595.544063 567.485378 541.443430 517.526657 495.255693 474.451790 454.894851 436.195724 418.197878 401.344195 385.053827 369.766839 355.087017 341.143219 327.867817 315.118192 302.850579 290.970417 279.429570 268.325844 258.048497 247.890304 238.171692 228.688953 219.764941 211.001484 202.703586 194.317473 186.306523 178.279065 170.708500 163.094696 156.088654 148.874151 142.069090 135.437985 129.067170 122.720036 116.600855 110.476401 104.606074 98.644205 92.872612 87.293434 81.929190 76.806015 71.706754 66.858810 62.042887 57.289773 52.583938 47.783816 43.232330 38.637237 34.222511 29.790290 25.380565 21.042993 16.791337 12.780380 8.759641 4.823420 0.938995 -2.851389 -6.662333 -10.253203 -13.900212 -17.405481 -20.900295 -24.325289 -27.611011 -30.871127 -34.061023 -37.188646 -40.160453 -43.294898 -46.226150 -49.382060 -52.300097 -55.388439 -58.246787 -61.231402 -63.980151 -66.883383 -69.559156 -72.358878 -74.974082 -77.749361 -80.261355 -82.899283 -85.383575 -88.016476 -90.542645 -93.187147 -95.577817 -98.005113 -100.307701 -102.656800 -104.931374 -107.246507 -109.449481 -111.642864 -113.764614 -115.942941 -117.958297 -119.942540 -121.895310 -123.779904 -125.665846 -127.507488 -129.291677 -131.046202 -132.809996 -134.581150 -136.346079 -138.072933 -139.785294 -141.440415 -143.079946 -144.720769 -146.308384 -147.883717 -149.397247 -150.905413 -152.377359 -153.845932 -155.294193 -156.757178 -158.186232 -159.595182 -160.988793 -162.373988 -163.732827 -165.091546 -166.431416 -167.731243 -168.971223 -170.225853 -171.436451 -172.661568 -173.855239 -175.051400 -176.237863 -177.410974 -178.557160 -179.690861 -180.796332 -181.877987 -182.931131 -183.948476 -184.948510 -185.917517 -186.878962 -187.816417 -188.728973 -189.619431 -190.488232 -191.322792 -192.139828 -192.926318 -193.692748 -194.428518 -195.142748 -195.830680 -196.494910 -197.130299 -197.737915 -198.320318 -198.875878 -199.410818 -199.919252 -200.400157 -200.857803 -201.287895 -201.693646 -202.074226 -202.430821 -202.762574 -203.070141 -203.352743 -203.612183 -203.847946 -204.060496 -204.248919 -204.413448 -204.554237 -204.671444 -204.765133 -204.835320 -204.882074
0.000044 0.038521 0.053902 0.071710 0.089832 0.103063 0.114880 0.131731 0.142909 0.154233 0.165483 0.176986 0.188486 0.200031 0.212104 0.224296 0.235631 0.247562 0.259630 0.271199 0.283375 0.294774 0.306120 0.317691 0.329022 0.340350 0.351631 0.363416 0.375753 0.387661 0.399313 0.411276 0.426667 0.438458 0.449840 0.462684 0.476515 0.487729 0.499228 0.510468 0.521785 0.533095 0.545293 0.556582 0.572199 0.587123 0.600224 0.616981 0.631738 0.648838 0.660204 0.671459 0.683809 0.695325 0.706815 0.718503 0.729807 0.741043 0.752442 0.764279 0.776930 0.789170 0.801540 0.812917 0.824388 0.836115 0.848369 0.860053 0.872880 0.884533 0.897327 0.910447 0.924717 0.936160 0.947361 0.958559 0.970260 0.981645 0.995193 1.007857 1.019347 1.031636 1.044137 1.055951 1.067454 1.080337 1.093016 1.109415 1.121481 1.133524 1.144701 1.155911 1.167255 1.179513 1.190882 1.203383 1.215069 1.226742 1.239028 1.251924 1.265402 1.281716 1.293051 1.305810 1.319019 1.330672 1.342357 1.354179 1.368219 1.381540 1.393027 1.405065 1.418070 1.429522 1.441322 1.452831 1.464472 1.476300 1.489594 1.501305 1.513652 1.526376 1.538226 1.549896 1.561974 1.574097 1.588548 1.600303 1.611648 1.622929 1.634618 1.646007 1.658724 1.671584 1.683560 1.697840 1.709566 1.720941 1.734208 1.745575 1.757268 1.773977 1.790846 1.805795 1.823682 1.839665 1.850964 1.862895 1.875368 1.888227 1.904676 1.916600 1.932748 1.949320 1.960568 1.972075 1.983804 1.995029 2.006483 2.018799 2.030385 2.047621 2.064464 2.078062 2.090566 2.102697 2.114717 2.126612 2.142700 2.158542 2.169998 2.187150 2.199627 2.213671 2.225980 2.237329 2.248635 2.261129 2.273181 2.285432 2.297354 2.308608 2.320215 2.332004 2.343717 2.356016 2.368288 2.379794 2.398564 2.409952 2.421256 2.433275 2.451056 2.463365 2.475499 2.487067 2.499512 2.511043 2.522954 2.534560 2.546810
Elapsed_time: 2.546810
Score: -204.882074
201
5237.825108 1072.997665 996.873686 931.971111 875.654535 824.123840 775.968794 731.889864 691.616547 654.817103 621.108317 590.593651 562.554521 537.147679 513.557970 491.448207 470.846195 451.447629 433.000913 415.602572 399.215952 383.600765 368.490998 354.460868 340.816153 327.391313 314.632211 302.755121 291.297236 280.563219 270.205309 260.128945 250.433378 240.909426 231.976610 223.074813 214.957619 206.548365 198.981334 191.261288 184.123372 176.863416 170.174048 163.410214 156.929747 150.469249 144.295677 137.823263 131.806903 125.406033 119.459597 113.577627 108.086836 102.504403 97.283439 92.036850 87.202178 82.365279 77.646429 72.751001 67.996833 63.129397 58.472212 53.884901 49.467023 45.220305 41.083505 37.067311 33.083943 29.150735 25.309777 21.439372 17.620138 13.698105 9.859516 6.077097 2.303119 -1.254490 -4.886163 -8.423348 -12.056461 -15.654149 -19.168451 -22.664547 -26.014196 -29.353921 -32.462581 -35.562589 -38.518147 -41.460428 -44.322428 -47.122867 -49.868056 -52.611302 -55.264190 -57.965179 -60.521865 -63.103966 -65.651039 -68.190012 -70.675588 -73.171578 -75.590318 -77.958442 -80.298028 -82.546148 -84.866785 -87.170469 -89.436671 -91.643097 -93.814985 -95.970549 -98.076158 -100.196277 -102.264442 -104.336856 -106.432464 -108.515556 -110.560349 -112.593826 -114.544428 -116.482495 -118.355219 -120.245009 -122.056294 -123.866485 -125.645188 -127.437369 -129.207140 -130.915885 -132.658226 -134.358121 -136.049149 -137.681288 -139.299154 -140.840883 -142.390022 -143.884217 -145.348339 -146.799490 -148.229072 -149.624919 -151.006893 -152.362173 -153.713477 -154.994601 -156.260633 -157.516149 -158.765056 -160.010364 -161.217163 -162.408892 -163.574612 -164.713350 -165.860924 -166.980207 -168.092704 -169.174250 -170.222168 -171.256006 -172.253676 -173.219911 -174.167750 -175.085031 -175.971032 -176.836020 -177.679615 -178.498011 -179.311197 -180.102726 -180.864332 -181.604188 -182.325331 -183.013015 -183.684973 -184.324460 -184.943984 -185.536017 -186.106874 -186.645930 -187.165807 -187.655791 -188.122619 -188.565786 -188.983935 -189.377583 -189.749587 -190.097147 -190.421233 -190.720925 -190.997268 -191.250344 -191.480300 -191.686815 -191.870124 -192.030217 -192.167106 -192.281136 -192.372243 -192.440491 -192.485947
0.000050 0.039523 0.051035 0.066274 0.080336 0.092916 0.105026 0.117790 0.130434 0.146327 0.157647 0.169453 0.183983 0.195619 0.207046 0.220746 0.233137 0.245777 0.257678 0.270782 0.285276 0.299991 0.311988 0.324851 0.337657 0.351301 0.362679 0.373986 0.385275 0.396596 0.409325 0.420557 0.431809 0.443128 0.454544 0.466487 0.484586 0.496068 0.507867 0.524892 0.541298 0.559655 0.572225 0.583904 0.601411 0.619466 0.636236 0.647888 0.666394 0.684309 0.702388 0.719566 0.737279 0.755566 0.772294 0.788779 0.806372 0.827144 0.838619 0.849963 0.861341 0.872718 0.884252 0.895612 0.910236 0.923863 0.935280 0.946837 0.958692 0.973366 0.984655 0.996840 1.009268 1.022430 1.039517 1.053953 1.070000 1.081930 1.100269 1.118807 1.133144 1.144390 1.156352 1.167820 1.179194 1.190732 1.202186 1.213376 1.224827 1.238206 1.256861 1.272753 1.289163 1.306098 1.322090 1.334182 1.346520 1.358723 1.371352 1.382873 1.401285 1.416507 1.430268 1.443184 1.456065 1.467454 1.478852 1.492305 1.506287 1.519235 1.533696 1.548081 1.561848 1.573383 1.584922 1.599482 1.613401 1.626284 1.640809 1.656777 1.671419 1.683123 1.694391 1.705720 1.718122 1.729320 1.740579 1.752036 1.763275 1.779819 1.796719 1.810826 1.824151 1.837775 1.853477 1.868864 1.885696 1.896953 1.908664 1.925316 1.939917 1.955005 1.972503 1.988922 2.001904 2.014678 2.026103 2.041844 2.056829 2.072114 2.083404 2.094699 2.105938 2.118117 2.129509 2.140823 2.152537 2.165674 2.180311 2.195750 2.208959 2.226673 2.238008 2.249746 2.261348 2.272884 2.284242 2.300106 2.313208 2.328284 2.341315 2.354461 2.366475 2.384051 2.400188 2.416617 2.433602 2.445522 2.457068 2.473398 2.490109 2.502808 2.515364 2.526769 2.540365 2.551729 2.562960 2.574844 2.589031 2.601220 2.612860 2.624145 2.636303 2.647803 2.660170 2.673983 2.686263 2.702203 2.715604 2.732123 2.749100
Elapsed_time: 2.749100
Score: -192.485947
201
5643.542758 1077.558515 1004.397460 941.410236 887.181524 838.121472 792.631595 750.060057 710.973721 675.287715 642.983606 613.681215 586.832673 561.812365 538.939522 517.297976 497.077041 477.654461 459.250812 441.658454 424.934755 408.730053 393.556519 378.857105 364.538046 351.120009 338.151096 326.292610 314.795478 303.981974 293.642489 283.582464 273.885245 264.493765 255.767582 246.943946 238.816752 230.843839 223.448910 215.868259 208.710185 201.607167 194.669397 188.151045 181.683621 175.386184 169.188406 163.210589 157.624922 152.156446 146.673846 141.793322 136.802419 132.223404 127.558958 123.092446 118.444501 114.091321 109.734256 105.388464 101.170493 96.895242 92.612556 88.468794 84.274751 80.219072 76.320328 72.478571 68.669614 65.058663 61.398884 58.060675 54.651352 51.420375 48.103857 44.863939 41.520978 38.191687 34.954977 31.754136 28.631276 25.514142 22.411283 19.191113 16.035921 12.818520 9.611228 6.427330 3.362837 0.382347 -2.604591 -5.384461 -8.205659 -10.824240 -13.534903 -16.055549 -18.684772 -21.112496 -23.705706 -26.105650 -28.579997 -30.997078 -33.488610 -35.936732 -38.418031 -40.820226 -43.229270 -45.573952 -47.996867 -50.354405 -52.686312 -55.040190 -57.318423 -59.623891 -61.900561 -64.176791 -66.333149 -68.449024 -70.531230 -72.575523 -74.566476 -76.496529 -78.404595 -80.286859 -82.175494 -84.065499 -85.937691 -87.800772 -89.643823 -91.493659 -93.386715 -95.224665 -97.082594 -98.867851 -100.667854 -102.412619 -104.174319 -105.884009 -107.573025 -109.211767 -110.829523 -112.414798 -113.976970 -115.494539 -116.992210 -118.452069 -119.910142 -121.342992 -122.759582 -124.151529 -125.523997 -126.865013 -128.173894 -129.453481 -130.709998 -131.947710 -133.166327 -134.366994 -135.549874 -136.706344 -137.841814 -138.952637 -140.036039 -141.091590 -142.122727 -143.136096 -144.126837 -145.087138 -146.024692 -146.933406 -147.817202 -148.672954 -149.502891 -150.306904 -151.081702 -151.829899 -152.547980 -153.238055 -153.899007 -154.531330 -155.135591 -155.712000 -156.260262 -156.780493 -157.273295 -157.739003 -158.176473 -158.586395 -158.968004 -159.321885 -159.647789 -159.946089 -160.217101 -160.460692 -160.676948 -160.866216 -161.028466 -161.163568 -161.271559 -161.352558 -161.406537
0.000038 0.038463 0.052048 0.069003 0.081686 0.094106 0.105838 0.117669 0.130023 0.142145 0.158368 0.171286 0.182940 0.194981 0.211832 0.223604 0.235065 0.254046 0.273645 0.289630 0.305617 0.317338 0.328838 0.341260 1.741397 1.753531 1.768176 1.782352 1.800024 1.818534 1.830651 1.844549 1.856237 1.870620 1.890232 1.909084 1.920273 1.933060 1.945490 1.958964 1.970837 1.982840 2.001923 2.016649 2.027919 2.039420 2.054076 2.069648 2.083593 2.101741 2.122792 2.140540 2.156943 2.171599 2.182860 2.194055 2.205403 2.217228 2.228675 2.239949 2.253557 2.264937 2.276370 2.287774 2.299292 2.311050 2.326279 2.337687 2.348949 2.360333 2.371742 2.384957 2.405665 2.418695 2.434529 2.450281 2.463264 2.476295 2.488942 2.500627 2.511943 2.523270 2.535533 2.547817 2.560296 2.572976 2.584253 2.596677 2.610092 2.627054 2.638558 2.650242 2.661648 2.672982 2.684283 2.695583 2.706968 2.718685 2.730221 2.741613 2.753154 2.771744 2.787612 2.798959 2.810284 2.821585 2.832892 2.844157 2.855392 2.866647 2.878077 2.890037 2.904887 2.916809 2.928564 2.940531 2.952887 2.964458 2.976451 2.988501 3.000267 3.011547 3.022948 3.035122 3.047989 3.060141 3.071687 3.083147 3.094404 3.105669 3.116962 3.128787 3.143559 3.154881 3.168500 3.179758 3.191482 3.203821 3.215343 3.233416 3.252110 3.263471 3.275024 3.286489 3.297872 3.309576 3.322302 3.333626 3.344890 3.357111 3.368801 3.380362 3.395830 3.409018 3.420936 3.432208 3.443592 3.454855 3.466162 3.477664 3.493092 3.504615 3.515942 3.527544 3.541096 3.554573 3.573689 3.593332 3.608731 3.619997 3.631302 3.642824 3.662627 3.680059 3.694952 3.714975 3.731647 3.746465 3.758247 3.774038 3.787478 3.798883 3.810932 3.822754 3.834264 3.845677 3.857157 3.868597 3.879858 3.891796 3.904634 3.917983 3.929387 3.942331 3.953611 3.965872 3.977162 3.988472 4.000646 4.016816 4.028076
Elapsed_time: 4.028076
Score: -161.406537
CN-FR
185
-47.296613 -112.632675 -122.992478 -131.589259 -135.243627 -140.100288 -142.394565 -146.084082 -147.340679 -150.280907 -151.201566 -153.855708 -154.240528 -156.667362 -156.779331 -159.118035 -158.773143 -160.696182 -160.266073 -162.370478 -161.707600 -163.741116 -163.121148 -164.942414 -164.398869 -165.961708 -165.473110 -166.996581 -166.500989 -167.878456 -167.450921 -168.747961 -168.350877 -169.602667 -169.249495 -170.501312 -170.141887 -171.340470 -171.047464 -172.192776 -171.943450 -173.041828 -172.830835 -173.911952 -173.742963 -174.730616 -174.627549 -175.588357 -175.549429 -176.451939 -176.461537 -177.250858 -177.318848 -178.119362 -178.205377 -179.010802 -179.047343 -179.806812 -179.853522 -180.669103 -180.669090 -181.468011 -181.480287 -182.240108 -182.221152 -182.993697 -182.986369 -183.796208 -183.726450 -184.551943 -184.471392 -185.260917 -185.207505 -186.011668 -185.924148 -186.697307 -186.634896 -187.447180 -187.320006 -188.103520 -188.004028 -188.873931 -188.779215 -189.617712 -189.453674 -190.322576 -190.191486 -191.009518 -190.890081 -191.736438 -191.633401 -192.470183 -192.346400 -193.215618 -193.054945 -193.926375 -193.750808 -194.662249 -194.498298 -195.387524 -195.231067 -196.099917 -195.959594 -196.837931 -196.675052 -197.579289 -197.462249 -198.371782 -198.300126 -199.301355 -199.252953 -200.228878 -200.189489 -201.154918 -201.014372 -202.032832 -201.912353 -202.906127 -202.838122 -203.920414 -203.915553 -205.048567 -205.344559 -206.545698 -206.813755 -207.802979 -208.202953 -209.090407 -209.469489 -210.235530 -210.583051 -211.418524 -211.782214 -212.618872 -213.131177 -214.003217 -214.556222 -215.351193 -215.834510 -216.538681 -217.140886 -217.894087 -218.542183 -219.450385 -220.236215 -221.172543 -221.975523 -222.761400 -223.465596 -224.172782 -224.903063 -225.577816 -226.407896 -227.234660 -228.199136 -229.130325 -230.080252 -230.957408 -231.722339 -232.443573 -233.092574 -233.733738 -234.339404 -234.962917 -235.542590 -236.127576 -236.674175 -237.238586 -237.767851 -238.309204 -238.801305 -239.287514 -239.784438 -240.241053 -240.696880 -241.106325 -241.509002 -241.888152 -242.257663 -242.604236 -242.933702 -243.247221 -243.542226 -243.819753 -244.081748
0.390710 0.448692 0.460336 0.471924 0.483214 0.494542 0.505860 0.517806 0.529706 0.545609 0.557413 0.569564 0.582017 0.594729 0.610892 0.622779 0.641569 0.653435 0.664881 0.678039 0.693739 0.705004 0.716591 0.731991 0.744244 0.756480 0.767760 0.779041 0.790326 0.801928 0.814972 0.832082 0.845778 0.859997 0.873087 0.884406 0.895700 0.907300 0.923679 0.935038 0.946810 0.958967 0.970494 0.983886 0.999397 1.016364 1.030190 1.041468 1.052872 1.064890 1.076838 1.088346 1.100448 1.114098 1.125590 1.138377 1.149969 1.167562 1.181848 1.195422 1.206738 1.218019 1.232219 1.243604 1.255030 1.268184 1.280959 1.292834 1.304367 1.315856 1.327540 1.339048 1.352489 1.371284 1.385578 1.399044 1.410414 1.421846 1.438036 1.455012 1.468551 1.480415 1.492230 1.507106 1.525666 1.541141 1.554051 1.566333 1.578353 1.592805 1.606198 1.619462 1.630888 1.645984 1.661346 1.672749 1.684345 1.702542 1.713869 1.727144 1.740291 1.756893 1.772632 1.788719 1.800385 1.815295 1.827039 1.839197 1.855866 1.872775 1.888374 1.906845 1.923263 1.940433 1.958711 1.974925 1.987376 2.003830 2.015440 2.026764 2.038965 2.051714 2.063605 2.075595 2.087351 2.099693 2.111232 2.122732 2.139679 2.156417 2.172474 2.188982 2.205992 2.223228 2.237957 2.252448 2.263805 2.275411 2.287173 2.301330 2.314923 2.328905 2.340385 2.356046 2.370472 2.385900 2.401954 2.419519 2.438537 2.455887 2.470714 2.482750 2.497562 2.509110 2.527393 2.541092 2.552495 2.563923 2.583121 2.600274 2.611601 2.623147 2.634611 2.646522 2.658663 2.670028 2.681364 2.692751 2.704031 2.715666 2.729040 2.740601 2.756593 2.767937 2.780157 2.795507 2.808970 2.822089 2.833529 2.849499 2.861000 2.877921 2.889822 2.901768 2.918448
Elapsed_time: 2.918448
Score: -244.081748
185
-33.882395 -103.004422 -118.756514 -122.088817 -131.164077 -131.649279 -137.910971 -137.640893 -142.497294 -141.717029 -146.405994 -145.379871 -149.353760 -148.246742 -151.906566 -150.851759 -154.036118 -152.931418 -155.918291 -154.899367 -157.869926 -156.454644 -159.627970 -157.901760 -160.953592 -159.018865 -162.095134 -160.136016 -163.309790 -161.214706 -164.407779 -162.283678 -165.454398 -163.313863 -166.468750 -164.318932 -167.440542 -165.266916 -168.380617 -166.196476 -169.314713 -167.121985 -170.231654 -168.021593 -171.145371 -168.926406 -172.032613 -169.802713 -172.888678 -170.673389 -173.794193 -171.530932 -174.648294 -172.406251 -175.508962 -173.267247 -176.348499 -174.134457 -177.205297 -174.963683 -178.051922 -175.839950 -178.856681 -176.655062 -179.649979 -177.444989 -180.445200 -178.311417 -181.216316 -179.084007 -182.000778 -179.839958 -182.718678 -180.598156 -183.457555 -181.405575 -184.180888 -182.166231 -184.935274 -182.986995 -185.671682 -183.909981 -186.441778 -184.771862 -187.185338 -185.547005 -187.902944 -186.347176 -188.572814 -187.127667 -189.267256 -187.896762 -189.897628 -188.592839 -190.568533 -189.386712 -191.222772 -190.133650 -191.971566 -191.018143 -192.799440 -191.812699 -193.516896 -192.649133 -194.227792 -193.498701 -194.985050 -194.287074 -195.714002 -195.140391 -196.549420 -196.089411 -197.347032 -196.996118 -198.335903 -198.167622 -199.474460 -199.348393 -200.672381 -200.555886 -201.728780 -201.659934 -202.784186 -202.824947 -203.902479 -203.932960 -205.023864 -205.238520 -206.367289 -206.666046 -207.765372 -207.991440 -208.973727 -209.269160 -210.382031 -210.862605 -212.218068 -213.045564 -214.463395 -215.217881 -216.565009 -217.278887 -218.430585 -219.061137 -220.119981 -220.705324 -221.763038 -222.375040 -223.242450 -223.796846 -224.733759 -225.452332 -226.437663 -227.249629 -228.349652 -229.410717 -230.539298 -231.489227 -232.447545 -233.259775 -234.049221 -234.769564 -235.451982 -236.119094 -236.887962 -237.556072 -238.312618 -238.987265 -239.617192 -240.187247 -240.725173 -241.227138 -241.749919 -242.301448 -242.843712 -243.353065 -243.815493 -244.231809 -244.633423 -245.018615 -245.391301 -245.743065 -246.076157 -246.381003 -246.671276
0.448899 0.527392 0.539133 0.550557 0.562119 0.573516 0.584991 0.606913 0.618593 0.630001 0.641821 0.653655 0.667527 0.681326 0.692867 0.708782 0.726478 0.742545 0.756397 0.768586 0.780510 0.792246 0.804825 0.823891 0.835433 0.853651 0.865657 0.879941 0.891678 0.902782 0.914408 0.925766 0.938013 0.950197 0.966517 0.982291 0.999209 1.010516 1.021902 1.033351 1.044802 1.057227 1.068690 1.082838 1.094425 1.110868 1.129132 1.148335 1.162491 1.174939 1.186172 1.198214 1.214077 1.225374 1.240581 1.252820 1.265047 1.277797 1.289540 1.300695 1.312238 1.325034 1.336178 1.347445 1.361313 1.373233 1.384854 1.401371 1.412530 1.426647 1.438591 1.450194 1.468078 1.485496 1.498027 1.509737 1.521762 1.533305 1.544961 1.558822 1.576321 1.588479 1.604469 1.620326 1.633652 1.645205 1.658930 1.675955 1.692289 1.706289 1.717498 1.728853 1.745805 1.762182 1.778526 1.790707 1.802548 1.814215 1.825768 1.837318 1.851295 1.863068 1.874151 1.885307 1.896761 1.909112 1.920928 1.932943 1.945314 1.956814 1.968299 1.985192 2.002782 2.017790 2.029711 2.040907 2.055161 2.070733 2.083901 2.099247 2.112796 2.126010 2.137186 2.148350 2.159630 2.171057 2.187584 2.204777 2.219573 2.231868 2.246301 2.258022 2.269950 2.281938 2.294328 2.313054 2.328136 2.339533 2.352433 2.368060 2.381111 2.394204 2.410992 2.428208 2.445813 2.463211 2.480873 2.495295 2.508756 2.520077 2.531345 2.547096 2.560368 2.571779 2.583062 2.598059 2.613149 2.624927 2.636214 2.647521 2.664942 2.677806 2.689399 2.707607 2.719475 2.731019 2.747305 2.758410 2.769541 2.781221 2.797248 2.813763 2.830883 2.842052 2.853305 2.864487 2.876281 2.887582 2.898819 2.910192 2.921369 2.932932 2.944195 2.955389 2.966859
Elapsed_time: 2.966859
Score: -246.671276
185
-33.084960 -103.711776 -118.819840 -119.971676 -128.557887 -129.724907 -135.590043 -136.505884 -140.960537 -141.660488 -144.854097 -145.730473 -148.277493 -149.063000 -150.921022 -151.719511 -153.138717 -154.202985 -155.251120 -156.042828 -156.912399 -157.639063 -158.325363 -159.168565 -159.942479 -160.655771 -161.305175 -162.050591 -162.636157 -163.348132 -163.853044 -164.511916 -164.960233 -165.648875 -166.113248 -166.723859 -167.215233 -167.867486 -168.321648 -168.934563 -169.373520 -170.099223 -170.425429 -171.123190 -171.522215 -172.209238 -172.544566 -173.260986 -173.632251 -174.370029 -174.798153 -175.497292 -175.943884 -176.517495 -177.031519 -177.639839 -178.191774 -178.789132 -179.269367 -179.846143 -180.334321 -180.949980 -181.472981 -182.140302 -182.588815 -183.338754 -183.647185 -184.377901 -184.723572 -185.423221 -185.913403 -186.570310 -187.022449 -187.758545 -188.235112 -188.956131 -189.400620 -190.138276 -190.514918 -191.250578 -191.632770 -192.339845 -192.801225 -193.475836 -193.887106 -194.549230 -194.977797 -195.696209 -196.124921 -196.810827 -197.217711 -197.871611 -198.288973 -198.940406 -199.348484 -199.989710 -200.484864 -201.129209 -201.869681 -202.711315 -203.514318 -204.308066 -204.841300 -205.672286 -206.080581 -206.766656 -207.282740 -207.935307 -208.588272 -209.356212 -210.070299 -210.797659 -211.599292 -212.368712 -213.115175 -213.871387 -214.629088 -215.378394 -216.152592 -216.822467 -217.559665 -218.273411 -219.051997 -219.681543 -220.603038 -221.300937 -222.197879 -222.990624 -224.052388 -224.909845 -225.916500 -226.718053 -227.642377 -228.430885 -229.339306 -230.384859 -231.558326 -232.880828 -234.117272 -235.399845 -236.674651 -237.801821 -238.858362 -239.849887 -240.732016 -241.711455 -242.661200 -243.631646 -244.608547 -245.663223 -246.719474 -247.800241 -248.860472 -249.845764 -250.909511 -251.841766 -252.753916 -253.575313 -254.412723 -255.149637 -255.948509 -256.633173 -257.442534 -258.134492 -258.946058 -259.651638 -260.387372 -261.042062 -261.708131 -262.299852 -262.887074 -263.412347 -263.951131 -264.465031 -264.978246 -265.476446 -265.941942 -266.383314 -266.796033 -267.189587 -267.565571 -267.926980 -268.269728 -268.593488 -268.896058
0.385238 0.457118 0.473395 0.488166 0.501683 0.513060 0.528911 0.546488 0.564254 0.575988 0.587169 0.599425 0.620225 0.637825 0.652890 0.667947 0.685255 0.696736 0.708528 0.725968 0.742228 0.753876 0.768301 0.779487 0.790612 0.801894 0.813311 0.828817 0.846577 0.863436 0.874889 0.886558 0.900598 0.912489 0.925125 0.937056 0.948922 0.961082 0.975042 0.989570 1.005308 1.026262 1.037624 1.049129 1.060586 1.071749 1.082968 1.094231 1.105555 1.116896 1.128064 1.139159 1.150830 1.162712 1.174207 1.188940 1.203523 1.218856 1.229930 1.242937 1.254229 1.270502 1.289114 1.306850 1.326263 1.337533 1.348710 1.360613 1.377196 1.391884 1.403220 1.415563 1.428216 1.439328 1.450978 1.465865 1.477620 1.488745 1.500065 1.511658 1.522890 1.534088 1.545214 1.556583 1.572652 1.586074 1.598409 1.611632 1.622725 1.636388 1.650210 1.661860 1.674743 1.686058 1.700572 1.716485 1.729555 1.740851 1.752050 1.763212 1.774642 1.786054 1.797411 1.815055 1.828417 1.846419 1.860743 1.876531 1.887814 1.900270 1.911735 1.923504 1.938272 1.953022 1.967177 1.978703 1.993279 2.007221 2.019783 2.035740 2.050324 2.065592 2.076714 2.088289 2.104492 2.117437 2.134020 2.151519 2.163024 2.178298 2.194349 2.208360 2.222568 2.240273 2.260259 2.273429 2.285827 2.297300 2.311491 2.325306 2.343408 2.360679 2.374947 2.386140 2.398618 2.416244 2.428121 2.439816 2.451707 2.465119 2.476947 2.488428 2.500672 2.512982 2.524796 2.535880 2.547300 2.563457 2.579771 2.591032 2.602561 2.616415 2.632952 2.645796 2.661208 2.678042 2.695539 2.711882 2.728170 2.741056 2.753444 2.771163 2.786831 2.800767 2.812183 2.826811 2.841080 2.854116 2.868717 2.883864 2.895502 2.911256 2.922899 2.939261 2.956869
Elapsed_time: 2.956869
Score: -268.896058
L-BFGS
201
5432.626608 4074.651465 1370.388360 973.551859 820.938177 738.280899 638.596194 577.845705 510.871432 457.664785 414.541495 380.962127 346.017800 302.838993 270.227673 241.522523 220.285745 196.346855 176.966116 154.488064 137.185474 116.765618 101.757883 82.528788 69.929272 53.630103 36.256813 20.478945 8.458234 -7.800642 -15.813818 -28.161000 -38.399290 -49.382337 -61.446851 -70.705102 -77.527512 -86.141354 -95.076722 -101.553695 -111.419663 -118.338306 -125.976043 -129.551697 -141.763486 -146.861453 -154.521972 -163.848850 -170.106138 -177.163488 -181.533715 -186.972620 -189.803727 -197.431432 -200.099573 -205.112486 -210.436140 -214.586682 -217.504625 -220.976073 -224.428852 -228.430432 -232.261791 -235.524831 -238.564189 -242.212210 -245.617473 -249.690070 -252.164512 -254.935682 -258.383076 -261.000721 -263.217517 -266.689396 -268.290310 -271.268510 -274.453299 -277.830392 -279.763131 -282.583634 -284.377058 -286.959999 -288.865749 -290.872364 -293.551319 -295.669507 -297.059955 -298.597022 -299.821188 -301.285647 -302.652556 -303.682940 -305.666309 -306.487999 -307.910342 -308.919884 -310.054005 -311.647287 -312.418376 -313.437478 -314.791935 -315.683388 -317.210596 -318.071641 -318.934185 -319.720593 -320.818897 -321.953509 -323.194149 -324.097362 -325.426044 -326.043627 -327.437029 -328.259407 -329.190678 -331.315489 -332.205407 -333.361709 -334.426931 -335.784820 -336.408370 -337.945053 -338.577158 -339.464580 -340.416849 -341.519502 -342.360785 -343.344972 -343.963129 -344.811748 -345.564250 -346.149691 -347.549376 -348.139240 -348.751688 -349.401129 -349.965300 -350.325124 -351.015378 -351.416700 -352.060394 -352.402811 -353.103864 -353.393358 -353.804606 -354.482572 -354.801599 -355.241902 -355.543984 -355.900368 -356.183304 -356.561537 -356.801210 -357.031599 -357.424853 -357.723544 -357.920747 -358.152365 -358.413481 -358.712962 -358.955332 -359.163992 -359.353048 -359.524131 -359.817610 -359.965930 -360.172922 -360.402516 -360.552197 -360.727304 -360.906887 -361.101636 -361.287571 -361.453272 -361.668624 -361.789276 -361.906996 -362.062134 -362.160879 -362.276261 -362.404968 -362.480062 -362.564047 -362.719041 -362.793522 -362.900042 -362.993146 -363.082235 -363.162761 -363.228840 -363.301636 -363.377854 -363.439305 -363.508973 -363.568652 -363.638079 -363.686782 -363.744711 -363.800111 -363.845517 -363.899001
0.000048 0.044510 0.057356 0.070867 0.083834 0.097086 0.111062 0.124037 0.137541 0.154892 0.171040 0.186811 0.206850 0.225457 0.243405 0.260857 0.277433 0.293171 0.311432 0.330722 0.342615 0.354808 0.371465 0.382873 0.394204 0.406077 0.417624 0.434217 0.452747 0.469653 0.481760 0.493791 0.505410 0.517868 0.531585 0.542341 0.556337 0.569368 0.579514 0.589733 0.599869 0.610005 0.620489 0.631556 0.644046 0.654575 0.664780 0.675367 0.691447 0.707913 0.724626 0.740892 0.756497 0.772792 0.788571 0.802457 0.819197 0.834629 0.845371 0.855203 0.868091 0.883104 0.897675 0.916949 0.929588 0.939071 0.948495 0.957965 0.967337 0.976759 0.986228 0.995602 1.005046 1.014797 1.024286 1.034322 1.043886 1.053724 1.063126 1.072570 1.082363 1.091798 1.101221 1.110930 1.125716 1.147368 1.159278 1.171744 1.181950 1.191312 1.200702 1.209980 1.219526 1.229003 1.238292 1.247578 1.256875 1.266108 1.288704 1.299402 1.308643 1.317882 1.327191 1.336378 1.345598 1.355192 1.364433 1.373606 1.384873 1.395213 1.405512 1.416355 1.425557 1.436703 1.448456 1.459196 1.478620 1.488133 1.498397 1.507708 1.517633 1.528827 1.542412 1.557024 1.568179 1.577443 1.586831 1.596493 1.606002 1.616857 1.629134 1.638926 1.650781 1.675123 1.684852 1.694095 1.703855 1.716758 1.730570 1.746489 1.757957 1.767279 1.779756 1.793367 1.804585 1.818202 1.845049 1.858222 1.868457 1.879125 1.888659 1.898424 1.908517 1.917616 1.927361 1.936574 1.948776 1.962178 1.975700 1.989481 2.003890 2.016291 2.026677 2.040716 2.055491 2.083468 2.097121 2.110731 2.121711 2.131295 2.141481 2.153683 2.162933 2.173418 2.186317 2.199254 2.209899 2.219518 2.229014 2.238943 2.253932 2.266295 2.280639 2.293790 2.302948 2.312038 2.321141 2.330573 2.340306 2.352402 2.364699 2.379120 2.391803 2.405392 2.414668 2.423759 2.434010 2.448729 2.460196 2.469370 2.478522
Elapsed_time: 2.478522
Score: -363.899001
201
5237.825108 3916.278756 1357.117933 971.984816 822.246468 739.551388 647.950675 619.793827 553.458279 513.330656 449.330487 413.596792 383.985561 351.400441 319.925171 290.244037 264.772122 235.066952 212.407445 189.239492 169.924648 149.291922 131.557727 111.368593 96.439082 79.330478 69.908452 50.784127 40.635884 24.873839 7.646756 -6.793098 -18.133347 -32.276861 -42.544091 -52.764033 -61.226417 -71.054090 -77.630652 -86.374795 -93.792351 -101.098967 -113.943490 -120.625676 -133.468828 -142.024166 -151.938654 -158.700657 -172.832911 -180.623900 -189.540590 -196.430882 -203.749397 -209.496450 -215.682882 -220.682990 -224.822209 -228.930698 -233.887874 -239.316570 -242.071788 -244.493086 -247.995015 -250.903729 -254.514689 -258.164448 -260.617546 -263.692351 -265.969436 -268.400672 -270.339304 -272.535688 -274.529734 -276.927564 -278.840174 -280.688598 -283.619510 -284.217104 -286.715847 -287.597389 -289.280562 -290.980880 -292.631912 -293.519764 -294.846547 -296.167508 -297.672643 -298.963138 -300.268640 -301.344739 -302.712402 -303.572800 -304.700823 -305.649527 -306.556003 -307.539277 -308.345499 -309.348303 -310.261320 -311.299986 -312.127505 -312.968350 -314.352127 -314.980468 -315.718985 -316.825180 -317.508911 -318.334832 -319.448929 -319.791290 -320.441085 -320.948200 -321.560208 -322.366150 -323.165943 -324.025930 -324.564510 -325.132836 -325.784730 -326.394827 -326.969326 -327.873232 -328.273483 -328.918553 -329.582781 -330.037112 -330.531126 -331.331730 -331.712454 -332.231030 -332.532838 -333.134107 -333.576605 -333.933243 -334.550508 -334.756243 -335.607308 -335.929179 -336.273867 -336.977160 -337.375582 -337.946823 -338.418191 -338.844675 -339.433594 -339.871743 -340.310295 -340.873894 -341.228302 -341.654868 -342.207843 -342.510051 -342.916828 -343.270461 -343.689717 -344.394081 -344.679982 -345.111163 -345.223818 -345.823060 -346.203705 -346.632991 -347.169790 -347.459742 -347.880953 -348.365265 -348.768520 -349.088002 -349.567054 -349.831932 -350.170856 -350.542137 -350.950904 -351.221184 -351.625276 -351.970208 -352.347879 -352.687466 -353.017438 -353.295405 -353.650528 -354.004342 -354.327391 -354.614078 -354.909191 -355.105469 -355.325059 -355.576644 -355.767732 -356.065778 -356.343237 -356.505782 -356.754235 -356.894108 -357.096649 -357.309484 -357.450593 -357.796105 -357.966135 -358.160301 -358.406207
0.000039 0.029738 0.050819 0.070479 0.088201 0.101230 0.118625 0.138652 0.160728 0.174721 0.191494 0.210203 0.229441 0.249916 0.269151 0.284599 0.302811 0.320584 0.336164 0.352000 0.367934 0.385853 0.405059 0.422664 0.438862 0.454334 0.470972 0.487399 0.502137 0.515943 0.530902 0.544282 0.557287 0.570851 0.582667 0.596359 0.608689 0.619942 0.630552 0.642247 0.653511 0.664075 0.674845 0.686079 0.696345 0.707222 0.717352 0.727518 0.739524 0.754661 0.769233 0.795005 0.804893 0.814879 0.824901 0.836237 0.846084 0.856495 0.870378 0.885527 0.900138 0.915074 0.929634 0.944448 0.957115 0.966623 0.976064 0.985675 0.999166 1.009494 1.020978 1.035373 1.049729 1.062959 1.072332 1.082214 1.096056 1.112259 1.123820 1.138524 1.148870 1.159986 1.170635 1.180275 1.189667 1.199242 1.208783 1.218530 1.227957 1.237515 1.247320 1.257092 1.267793 1.277658 1.287644 1.298244 1.308321 1.321812 1.333679 1.343428 1.356176 1.369182 1.382517 1.396429 1.409718 1.423105 1.436231 1.449078 1.462581 1.477569 1.490293 1.499415 1.508814 1.520123 1.533173 1.544545 1.553997 1.565396 1.577881 1.589901 1.602897 1.617888 1.631115 1.640377 1.649570 1.659246 1.670605 1.680213 1.690464 1.704726 1.719481 1.732764 1.742390 1.752375 1.761782 1.773107 1.782462 1.791689 1.803163 1.817259 1.840420 1.852357 1.866160 1.879608 1.893473 1.906804 1.916605 1.925812 1.937779 1.947941 1.957073 1.966225 1.975383 1.984565 1.997360 2.011448 2.039630 2.054238 2.069331 2.079696 2.092481 2.105992 2.116420 2.135214 2.145836 2.160365 2.174262 2.186902 2.200418 2.214937 2.227581 2.236797 2.245910 2.255161 2.264439 2.273656 2.283099 2.292311 2.303448 2.316729 2.330273 2.341109 2.350239 2.359323 2.368459 2.377596 2.386679 2.395848 2.405008 2.414631 2.423798 2.433399 2.443440 2.457115 2.471591 2.483123 2.492463 2.501641 2.520368 2.530131 2.539274
Elapsed_time: 2.539274
Score: -358.406207
201
5643.542758 4246.349884 1408.413034 987.406069 826.010170 742.516734 650.610334 594.041074 528.164148 476.122493 428.869615 393.249942 355.531508 317.324817 287.985198 260.025639 237.148858 213.025800 200.236566 182.727062 170.513411 155.439110 138.416166 121.512727 110.136396 94.610297 83.410775 69.935589 56.976489 43.453662 25.903383 14.008406 -0.228346 -10.974328 -23.493087 -29.940573 -42.801863 -49.618642 -57.684940 -68.586644 -75.539215 -83.258119 -90.844364 -98.012339 -106.200475 -114.233755 -123.446937 -129.533283 -135.347347 -143.017556 -147.856252 -154.368719 -159.957238 -165.243854 -170.292201 -174.255248 -178.397945 -181.051347 -184.927034 -186.690162 -190.771492 -193.251453 -196.134873 -200.542954 -202.702461 -207.048067 -209.490289 -212.613093 -215.213574 -219.725980 -221.920494 -224.584660 -228.434080 -231.172169 -235.143163 -237.721952 -240.456387 -243.321031 -246.366030 -249.581692 -252.316166 -254.628790 -257.857460 -260.084299 -262.461139 -265.490244 -267.854288 -269.502312 -272.715906 -273.900764 -275.691379 -277.348775 -278.814552 -281.845830 -283.339381 -285.822455 -288.042285 -290.000604 -292.072267 -294.300638 -296.183980 -298.212112 -299.588541 -301.958544 -304.134936 -305.986116 -307.709219 -309.861938 -311.406657 -313.046603 -314.953113 -316.055170 -317.338487 -319.030245 -320.140403 -322.166870 -323.374266 -324.455989 -325.327775 -326.406362 -327.663393 -328.785926 -329.451173 -330.280192 -330.974681 -331.980985 -332.745981 -333.290640 -334.033427 -334.533005 -335.038892 -335.158236 -335.380559 -335.722284 -335.831498 -336.167534 -336.931093 -337.234808 -337.532550 -338.055776 -338.370749 -338.430321 -338.903378 -339.357913 -339.732518 -340.063361 -340.420156 -340.763016 -341.102104 -341.409886 -341.679122 -341.950027 -342.277330 -342.600821 -342.913284 -343.141065 -343.425363 -343.712156 -344.009344 -344.226910 -344.453121 -344.645198 -344.839560 -345.016026 -345.170298 -345.378267 -345.571990 -345.766980 -345.967824 -346.127004 -346.361481 -346.483617 -346.670954 -346.826960 -346.976832 -347.158341 -347.383009 -347.500890 -347.649530 -347.701436 -347.889144 -347.999657 -348.091868 -348.258024 -348.376253 -348.567149 -348.692527 -348.854379 -348.965477 -349.081318 -349.216648 -349.327497 -349.381478 -349.558092 -349.625148 -349.720211 -349.873624 -349.962033 -350.123447 -350.239415 -350.370315
0.000036 0.028724 0.041751 0.055466 0.069730 0.088640 0.111467 0.125213 0.141913 0.155827 0.172579 0.191308 0.204859 0.218401 0.231373 0.243680 0.255959 0.267681 0.279296 0.291685 0.304459 0.316376 0.329735 0.346891 0.363524 0.379742 0.395365 0.410934 0.425738 0.440744 0.455693 0.467528 0.481891 0.498630 0.514124 0.529116 0.540257 0.552931 0.563960 0.577337 0.592606 0.604077 0.615525 0.629472 0.642549 0.655419 0.668111 0.678674 0.690840 0.705847 0.721752 0.737770 0.753408 0.763810 0.777052 0.788907 0.801331 0.815042 0.829710 0.842732 0.852934 0.867039 0.881903 0.896050 0.909580 0.919540 0.933267 0.949753 0.960067 0.970599 0.981205 0.990949 1.001477 1.021166 1.031160 1.041556 1.052629 1.064159 1.073727 1.083311 1.093178 1.102699 1.114618 1.124292 1.133703 1.143658 1.154533 1.167439 1.181779 1.198168 1.212791 1.227427 1.242551 1.258929 1.287601 1.297239 1.307765 1.321981 1.335202 1.344792 1.354612 1.363959 1.373392 1.382807 1.392370 1.401761 1.411767 1.425389 1.438858 1.448508 1.458511 1.471698 1.482118 1.491423 1.500642 1.509886 1.519162 1.528572 1.541050 1.556216 1.570955 1.580423 1.589962 1.601178 1.610909 1.620205 1.632562 1.646100 1.657347 1.668732 1.681851 1.700721 1.712636 1.726075 1.754539 1.765379 1.774618 1.784066 1.793252 1.802436 1.811558 1.830474 1.839954 1.849168 1.860542 1.876947 1.891008 1.902002 1.911256 1.920808 1.930146 1.939521 1.948956 1.962056 1.976100 1.989042 2.001277 2.012105 2.021902 2.031129 2.040227 2.049490 2.061965 2.074638 2.084912 2.097173 2.107641 2.117716 2.127083 2.136426 2.148689 2.164314 2.178696 2.192009 2.205946 2.220747 2.232247 2.241448 2.254868 2.264754 2.275763 2.288165 2.297399 2.306977 2.325187 2.334389 2.343607 2.353753 2.362962 2.372272 2.382063 2.391288 2.400656 2.410141 2.421742 2.431177 2.441252 2.467026 2.476293 2.485827 2.497231
Elapsed_time: 2.497231
Score: -350.370315
CN-L-BFGS
201
-47.296613 -111.906562 -129.890316 -139.005011 -144.767075 -150.550142 -155.179544 -159.794569 -164.471643 -169.396090 -173.982848 -181.090684 -186.107096 -193.234159 -200.604610 -210.145651 -216.900459 -224.407526 -227.068534 -235.923495 -238.588866 -243.278788 -247.065014 -250.665493 -252.795298 -256.388446 -258.714250 -261.862274 -264.176026 -266.406343 -267.872902 -270.919675 -272.134967 -273.527875 -275.429120 -276.205335 -276.723000 -277.328172 -277.885807 -279.295682 -279.867302 -280.014002 -280.661031 -281.364842 -282.035295 -282.608980 -283.525502 -283.958229 -284.664004 -285.677811 -285.937325 -287.479696 -287.967697 -288.820748 -289.521426 -290.610661 -291.174516 -292.072926 -292.499246 -293.548445 -294.237291 -294.791714 -295.767095 -296.639894 -297.807560 -298.273407 -299.069538 -299.770345 -300.385314 -301.221394 -301.809353 -302.841692 -303.504622 -304.094591 -304.770612 -305.362432 -306.042320 -306.633498 -307.175274 -307.595800 -308.007713 -308.512662 -308.865362 -309.304700 -309.796384 -310.211146 -310.698517 -311.161203 -311.636315 -312.118571 -312.547370 -313.175674 -313.549276 -314.060510 -314.560662 -314.885869 -315.238706 -315.804462 -316.221674 -316.815980 -317.363403 -317.921465 -318.370054 -318.835014 -319.515686 -320.039736 -320.563656 -321.206097 -321.597298 -322.165459 -322.759427 -323.251193 -323.956824 -324.539868 -325.043636 -325.755493 -326.343513 -326.963784 -327.554427 -328.101110 -328.977473 -329.683886 -330.165910 -330.806806 -331.604910 -332.097872 -332.783147 -333.444909 -334.220943 -335.345101 -336.161093 -337.012230 -337.890709 -338.763894 -339.585049 -340.223528 -341.018449 -341.739361 -342.324769 -343.168661 -343.466860 -344.422145 -345.325593 -345.810728 -346.738612 -347.242228 -348.039958 -348.611375 -349.173147 -350.121373 -350.647299 -351.181887 -351.818488 -352.272291 -352.859848 -353.539553 -353.995162 -354.649855 -355.253352 -355.770858 -356.270580 -356.905776 -357.257613 -357.629497 -357.954210 -358.338297 -358.977838 -359.310593 -359.614329 -359.916683 -360.199702 -360.579208 -360.851113 -361.066341 -361.312876 -361.598786 -361.927538 -362.076970 -362.312590 -362.511727 -362.776036 -362.990323 -363.165894 -363.350086 -363.559821 -363.700445 -363.890547 -363.999145 -364.168281 -364.311810 -364.439835 -364.573530 -364.706596 -364.857138 -364.994902 -365.111288 -365.276343 -365.362986 -365.454796 -365.575813 -365.653802
0.426575 0.450867 0.462546 0.475179 0.491808 0.508667 0.519959 0.530957 0.541232 0.553480 0.566218 0.576623 0.586559 0.596520 0.606618 0.616574 0.626453 0.636415 0.646352 0.659031 0.676050 0.688949 0.698810 0.708502 0.718028 0.727625 0.737171 0.746731 0.756329 0.766681 0.777172 0.787476 0.797413 0.806877 0.817524 0.837045 0.847036 0.857982 0.873234 0.888273 0.916152 0.929285 0.942509 0.957458 0.971305 0.981601 0.991076 1.002803 1.012172 1.021443 1.030725 1.040040 1.049435 1.058909 1.072160 1.085100 1.099897 1.114042 1.126737 1.139069 1.153357 1.167096 1.176759 1.186481 1.196271 1.205889 1.220322 1.234645 1.249998 1.264723 1.274841 1.284107 1.293592 1.304630 1.315642 1.325233 1.334843 1.347174 1.358461 1.368371 1.378064 1.387640 1.396871 1.406030 1.415526 1.425176 1.438198 1.451241 1.460505 1.469882 1.480854 1.494507 1.507900 1.518555 1.531800 1.544899 1.557815 1.573505 1.588907 1.602783 1.612791 1.624140 1.637791 1.649755 1.659059 1.668772 1.682332 1.695140 1.705010 1.715420 1.725190 1.735774 1.746970 1.757394 1.770288 1.783028 1.792592 1.802066 1.811583 1.823864 1.833344 1.843279 1.853385 1.862886 1.873884 1.893091 1.902309 1.911666 1.920893 1.930144 1.939772 1.949594 1.962978 1.972819 1.982335 1.991814 2.003938 2.014338 2.027519 2.039058 2.048365 2.057536 2.066747 2.075914 2.085203 2.094447 2.103625 2.113226 2.122620 2.131955 2.155998 2.166904 2.178623 2.191725 2.205066 2.215218 2.227194 2.240573 2.250226 2.260949 2.274899 2.284783 2.295742 2.305310 2.314971 2.325180 2.335743 2.355560 2.365021 2.375010 2.390365 2.406510 2.420495 2.429692 2.438902 2.448082 2.457335 2.466564 2.478725 2.492390 2.504747 2.518227 2.532305 2.548108 2.562877 2.572956 2.583282 2.609986 2.624338 2.638401 2.651499 2.664713 2.676661 2.690776 2.701784 2.710951 2.720441 2.732031 2.743494 2.754304 2.768445
Elapsed_time: 2.768445
Score: -365.653802
201
-33.882395 -104.614426 -124.590072 -136.822153 -143.326029 -147.230050 -153.311563 -157.763199 -162.717648 -168.292672 -173.519693 -180.524390 -188.950581 -195.757797 -205.485778 -219.209622 -226.204029 -235.946612 -242.212467 -248.764065 -251.807904 -257.255367 -259.611354 -262.280206 -264.366725 -267.905315 -269.465950 -271.794557 -273.092056 -275.070102 -278.381317 -279.697078 -281.029830 -282.965243 -283.796100 -284.857141 -286.061235 -286.557967 -287.154744 -287.814133 -288.215020 -288.701614 -289.111006 -289.521846 -289.928889 -290.625718 -290.779984 -291.552823 -291.733464 -292.200863 -292.795602 -292.941398 -293.706101 -294.070786 -294.545654 -295.082972 -295.688840 -296.242365 -296.824091 -297.421053 -298.085274 -298.528968 -298.902922 -299.361451 -299.839637 -300.180951 -300.725516 -301.284913 -301.523974 -302.189136 -302.396032 -302.928279 -303.392873 -303.914145 -304.238391 -304.669253 -305.035131 -305.479390 -305.769125 -306.105053 -306.451921 -306.815048 -307.122825 -307.314583 -307.600093 -307.776402 -308.163728 -308.332934 -308.561198 -308.852488 -309.149173 -309.340982 -309.593612 -309.731106 -309.914710 -310.102208 -310.228917 -310.535094 -310.627189 -310.867212 -310.971383 -311.119532 -311.335247 -311.489414 -311.627260 -311.735077 -311.863660 -311.963274 -312.138079 -312.260667 -312.413782 -312.579145 -312.737165 -312.848356 -312.996495 -313.104531 -313.221631 -313.424544 -313.515905 -313.631572 -313.772258 -313.867724 -313.970978 -314.113517 -314.222673 -314.314213 -314.538914 -314.638817 -314.799333 -314.910504 -315.056271 -315.201596 -315.321559 -315.484496 -315.601863 -315.731819 -315.917957 -315.977526 -316.077825 -316.180655 -316.261409 -316.402270 -316.482247 -316.622390 -316.716137 -316.846561 -316.955829 -317.069133 -317.185636 -317.277055 -317.398554 -317.509934 -317.610684 -317.691520 -317.789692 -317.892665 -317.996266 -318.086939 -318.239151 -318.377091 -318.504901 -318.666040 -318.825620 -319.003901 -319.165547 -319.336052 -319.504430 -319.670427 -319.827176 -320.037770 -320.202797 -320.385235 -320.573376 -320.760865 -320.927781 -321.277571 -321.419929 -321.672122 -321.780000 -322.183688 -322.385352 -322.624999 -322.873649 -323.335686 -323.886668 -324.258208 -324.516677 -325.244708 -325.397406 -325.870999 -326.234885 -326.604053 -327.134159 -327.638836 -328.165567 -328.695329 -329.001769 -329.468254 -329.853552 -330.367504 -330.787337
0.422152 0.443663 0.454971 0.466387 0.479229 0.492438 0.503315 0.515701 0.530814 0.544463 0.559300 0.572356 0.584691 0.595112 0.605065 0.618864 0.635498 0.646268 0.656046 0.665788 0.675768 0.686014 0.699774 0.714467 0.725327 0.735061 0.747443 0.758122 0.780095 0.794366 0.808542 0.821737 0.832963 0.844733 0.855069 0.864343 0.878439 0.892411 0.902127 0.915881 0.929204 0.941794 0.955440 0.969522 0.992633 1.002335 1.015850 1.030754 1.040064 1.050408 1.059697 1.069563 1.079294 1.088808 1.098441 1.110533 1.121149 1.131086 1.140808 1.150615 1.162550 1.173123 1.183111 1.192511 1.202240 1.211520 1.220849 1.230095 1.239458 1.248881 1.259234 1.268582 1.277962 1.287324 1.297479 1.308861 1.318468 1.327708 1.337483 1.347645 1.356891 1.367180 1.377700 1.388071 1.397500 1.408584 1.418830 1.428270 1.439117 1.449364 1.459628 1.468822 1.478749 1.489306 1.499414 1.513274 1.523829 1.535950 1.547188 1.556318 1.565481 1.574717 1.583854 1.592987 1.602889 1.612039 1.622167 1.640848 1.651623 1.660755 1.670510 1.681173 1.693832 1.703775 1.717538 1.730571 1.742931 1.754385 1.763876 1.773117 1.782569 1.791692 1.801275 1.813851 1.827864 1.841341 1.852828 1.875768 1.889697 1.902849 1.915215 1.928348 1.937759 1.947343 1.956868 1.966828 1.980778 1.992080 2.004324 2.017989 2.030465 2.043884 2.071929 2.085468 2.099142 2.112480 2.123555 2.132578 2.141646 2.151192 2.161417 2.173797 2.187387 2.197334 2.209925 2.220522 2.229623 2.238688 2.247834 2.257108 2.270995 2.285257 2.299712 2.310026 2.322596 2.333981 2.343731 2.356888 2.368403 2.377544 2.386648 2.395931 2.408153 2.420748 2.433857 2.444165 2.454691 2.469214 2.481485 2.490924 2.500682 2.510080 2.520603 2.529839 2.539578 2.548817 2.558751 2.568065 2.577552 2.587189 2.597323 2.606695 2.616677 2.630271 2.643909 2.656948 2.670077 2.680875 2.690221 2.699735 2.712306
Elapsed_time: 2.712306
Score: -330.787337
201
-33.084960 -103.915968 -123.660638 -134.515207 -140.631163 -144.415163 -151.409997 -156.580353 -162.213074 -169.135253 -175.040015 -185.415577 -190.522143 -201.739647 -209.482697 -219.918852 -234.221154 -242.128837 -249.011607 -254.124331 -259.517950 -264.874761 -269.456607 -273.463622 -277.813724 -282.242909 -287.083400 -291.131737 -294.157789 -298.702230 -300.380302 -303.102728 -305.207538 -306.976452 -309.706662 -310.208477 -312.458893 -313.287492 -314.847666 -316.515532 -317.895255 -318.965427 -320.349931 -321.578307 -322.623813 -324.156388 -325.014714 -326.328390 -327.276792 -329.049310 -329.816024 -330.767433 -332.000328 -333.742632 -334.598312 -335.325569 -336.216181 -336.928924 -337.720817 -338.377223 -339.231337 -339.807292 -340.574162 -341.143638 -341.610219 -342.624240 -343.002157 -343.539907 -344.185613 -344.668117 -345.374321 -345.828430 -346.192746 -346.545978 -346.881533 -347.246349 -347.612503 -347.943859 -348.283049 -348.700386 -348.951879 -349.219619 -349.440945 -349.690724 -349.892670 -350.191577 -350.405532 -350.649402 -350.910029 -351.130922 -351.317596 -351.531997 -351.801224 -352.021301 -352.211337 -352.375960 -352.525494 -352.738805 -352.890796 -353.011152 -353.188598 -353.274884 -353.382354 -353.530150 -353.598248 -353.720365 -353.858195 -353.917193 -354.046928 -354.126876 -354.230086 -354.329791 -354.441428 -354.550278 -354.666643 -354.783124 -354.860480 -354.949346 -355.047620 -355.156996 -355.238025 -355.331294 -355.406073 -355.493439 -355.623368 -355.750125 -355.826339 -355.932227 -356.016849 -356.108656 -356.249633 -356.309314 -356.364720 -356.539842 -356.618011 -356.735143 -356.863276 -356.953080 -357.026090 -357.112545 -357.178396 -357.258238 -357.320285 -357.380213 -357.434458 -357.493865 -357.583905 -357.609737 -357.654272 -357.699496 -357.739380 -357.814990 -357.860533 -357.933810 -357.984808 -358.024086 -358.069176 -358.116920 -358.174470 -358.202999 -358.258242 -358.267786 -358.344555 -358.374983 -358.415775 -358.466312 -358.524633 -358.572105 -358.630656 -358.660847 -358.704973 -358.743116 -358.778802 -358.830374 -358.888915 -358.925617 -358.965037 -359.008415 -359.055122 -359.105651 -359.137903 -359.170567 -359.234202 -359.271515 -359.301999 -359.356342 -359.390255 -359.444598 -359.488207 -359.531382 -359.583078 -359.623147 -359.668571 -359.717672 -359.761183 -359.835579 -359.878473 -359.933979 -359.977968 -360.019301 -360.077720
0.438139 0.459501 0.470240 0.484618 0.495176 0.506031 0.522080 0.539511 0.555045 0.565092 0.575171 0.585374 0.596298 0.607248 0.617705 0.632622 0.647921 0.681272 0.697176 0.711134 0.720995 0.730854 0.740671 0.750441 0.761413 0.772055 0.786070 0.799257 0.810786 0.821161 0.837892 0.852653 0.867874 0.882251 0.896254 0.909762 0.923569 0.932942 0.942313 0.952557 0.966480 0.980742 0.997902 1.013423 1.028223 1.043680 1.058106 1.071223 1.081716 1.099222 1.115865 1.127978 1.140695 1.149986 1.159250 1.168471 1.177734 1.187073 1.196315 1.205522 1.215085 1.224705 1.233964 1.243459 1.254713 1.263853 1.288265 1.300642 1.314251 1.326733 1.335914 1.345253 1.355103 1.368195 1.381875 1.391825 1.401447 1.411549 1.420947 1.430537 1.442314 1.455895 1.467725 1.476920 1.495420 1.506922 1.520690 1.533916 1.547354 1.561373 1.573212 1.582390 1.592250 1.601466 1.610598 1.620870 1.630151 1.639889 1.649162 1.661903 1.673933 1.686198 1.695375 1.704689 1.714067 1.723386 1.736566 1.749393 1.762442 1.790611 1.803928 1.817342 1.827956 1.837114 1.846309 1.855444 1.864576 1.874316 1.883517 1.895391 1.905768 1.916466 1.929516 1.942906 1.956985 1.968021 1.979520 1.993457 2.006444 2.019216 2.032678 2.046771 2.060109 2.074590 2.085736 2.095215 2.104935 2.115061 2.124325 2.133887 2.143229 2.153116 2.162490 2.171910 2.181193 2.190507 2.201731 2.214343 2.223563 2.232663 2.241909 2.251854 2.279605 2.293175 2.305056 2.317932 2.328565 2.338175 2.349889 2.364093 2.378286 2.390671 3.800678 3.812485 3.824202 3.836663 3.847033 3.856093 3.866047 3.875676 3.885084 3.894550 3.903902 3.913458 3.923045 3.933685 3.947015 3.956309 3.965610 3.974917 3.984109 3.997355 4.015102 4.025339 4.034460 4.044070 4.055698 4.065917 4.075265 4.088501 4.100831 4.110754 4.120164 4.131546 4.145631 4.159252 4.173695 4.188708 4.201795 4.210928 4.220266
Elapsed_time: 4.220266
Score: -360.077720
1138_bus
FR
201
2539925.809466 2265.558007 2141.818366 2057.044610 1994.028170 1941.317873 1895.309015 1854.060503 1816.384860 1782.198220 1750.633125 1721.636439 1694.688742 1669.619009 1646.195913 1624.086012 1603.336345 1583.736792 1565.102746 1547.513167 1530.498431 1514.328273 1498.683091 1483.807655 1469.268906 1455.458529 1442.047014 1429.267374 1416.722862 1404.728455 1393.048444 1381.829864 1370.936494 1360.413455 1350.248109 1340.368007 1330.974759 1321.699609 1312.858644 1304.124699 1295.729288 1287.402377 1279.403203 1271.497070 1263.895951 1256.433324 1249.296864 1242.238452 1235.442875 1228.818320 1222.371678 1215.981422 1209.710038 1203.622552 1197.701962 1191.838565 1186.085338 1180.320241 1174.826129 1169.376476 1164.155514 1158.948291 1153.923356 1148.946150 1144.103707 1139.317157 1134.647433 1129.961217 1125.462894 1120.983481 1116.638898 1112.268697 1107.978127 1103.737319 1099.614652 1095.522637 1091.494930 1087.522703 1083.629560 1079.751647 1075.945150 1072.165656 1068.466783 1064.771344 1061.171753 1057.543652 1054.018670 1050.457014 1046.934117 1043.449568 1040.012388 1036.620113 1033.270452 1029.951472 1026.653402 1023.421497 1020.165953 1016.982028 1013.784498 1010.694956 1007.624555 1004.608410 1001.610359 998.710558 995.766240 992.937173 990.107703 987.327789 984.562037 981.831130 979.146968 976.503273 973.887422 971.308932 968.731649 966.238408 963.766451 961.353396 958.992619 956.630768 954.318859 952.031902 949.816430 947.574018 945.390817 943.190902 941.037875 938.921261 936.859029 934.805480 932.784131 930.793298 928.851334 926.924212 925.039645 923.188766 921.365585 919.571788 917.782096 916.042184 914.295736 912.603789 910.915835 909.272773 907.642750 906.056277 904.476596 902.933421 901.404882 899.913305 898.443369 897.008199 895.599864 894.230817 892.883208 891.566091 890.275173 889.015724 887.785262 886.586899 885.415754 884.268364 883.147515 882.055496 880.992099 879.958976 878.952959 877.979215 877.033322 876.120209 875.232357 874.374918 873.541327 872.737962 871.961972 871.215974 870.495510 869.806027 869.143329 868.509525 867.903901 867.325391 866.775888 866.254082 865.760684 865.295185 864.857543 864.447513 864.064789 863.709807 863.381785 863.080868 862.807258 862.561158 862.342360 862.150947 861.986955 861.850367 861.741120 861.659193 861.604592
0.000072 0.057129 0.071163 0.085109 0.099183 0.121679 0.135622 0.151956 0.172489 0.191506 0.213063 0.230148 0.247495 0.267055 0.287794 0.302393 0.316998 0.338068 0.360490 0.383447 0.404547 0.419240 0.437931 0.452712 0.473203 0.487355 0.502938 0.517145 0.531074 0.545420 0.566540 0.580940 0.595750 0.609686 0.624545 0.640455 0.654989 0.670114 0.685753 0.705917 0.726347 0.746771 0.769861 0.785260 0.800018 0.814671 0.828896 0.845943 0.864719 0.881660 0.897604 0.911567 0.929460 0.949047 0.973977 0.989870 1.003802 1.017720 1.031770 1.046306 1.063178 1.082390 1.096316 1.110783 1.129122 1.152752 1.169720 1.183866 1.202274 1.216799 1.233856 1.251139 1.276294 1.292040 1.306662 1.321037 1.342462 1.365166 1.379411 1.394048 1.408076 1.424891 1.447894 1.466461 1.482932 1.501305 1.515266 1.529182 1.543092 1.557107 1.572361 1.588222 1.609828 1.631127 1.647671 1.662195 1.676985 1.691665 1.706076 1.720228 1.734987 1.751271 1.773447 1.793110 1.807957 1.822685 1.837796 1.851874 1.865939 1.882392 1.897089 1.911391 1.926431 1.945467 1.961796 1.975818 1.990916 2.010316 2.027596 2.043862 2.061431 2.076324 2.094749 2.109953 2.125214 2.141631 2.157199 2.173697 2.188993 2.204774 2.219439 2.234102 2.250206 2.267095 2.282334 2.298997 2.313079 2.333805 2.347757 2.365709 2.379627 2.393630 2.407740 2.422185 2.437420 2.451812 2.466445 2.480981 2.495251 2.510753 2.530141 2.548383 2.562348 2.576527 2.591632 2.605629 2.620325 2.634187 2.648965 2.663401 2.681109 2.702176 2.720814 2.738762 2.755316 2.769804 2.787031 2.801217 2.815645 2.830530 2.852822 2.869583 2.887157 2.901651 2.916826 2.932336 2.947696 2.961735 2.976686 2.991599 3.006551 3.021024 3.035287 3.049645 3.064348 3.080754 3.095138 3.110112 3.125252 3.139678 3.153942 3.170164 3.188292 3.206856 3.224854 3.242166 3.257309 3.272788 3.288120 3.303235 3.321617
Elapsed_time: 3.321617
Score: 861.604592
201
2593539.541220 2271.759383 2145.763566 2062.302587 1999.783656 1947.484781 1900.948317 1860.024607 1822.522985 1788.727560 1757.623484 1729.115239 1702.507362 1677.659563 1654.286691 1631.887473 1610.872706 1590.770243 1571.714439 1553.396965 1535.814390 1518.934726 1502.677168 1486.840666 1471.648065 1456.991103 1442.988111 1429.278311 1416.171876 1403.370382 1391.063922 1378.930801 1367.250866 1355.818408 1344.829999 1334.138864 1323.827373 1313.848467 1304.164066 1294.727356 1285.558391 1276.532072 1267.762673 1259.256571 1250.944077 1242.891545 1234.990488 1227.368705 1219.788106 1212.565817 1205.343759 1198.311970 1191.427114 1184.690817 1178.056975 1171.558051 1165.189866 1158.971589 1152.848012 1146.814860 1140.920576 1135.115044 1129.328479 1123.661523 1118.128262 1112.716346 1107.364593 1102.126181 1096.954734 1091.923972 1086.979496 1082.140503 1077.335532 1072.677277 1068.050932 1063.577269 1059.118365 1054.772720 1050.498291 1046.311949 1042.153894 1038.084554 1034.005664 1030.016603 1026.051799 1022.189401 1018.358109 1014.604196 1010.886549 1007.235458 1003.638333 1000.106835 996.642438 993.223886 989.890288 986.608009 983.393010 980.210552 977.057964 973.971383 970.937369 967.940716 965.027718 962.114944 959.328146 956.526639 953.822329 951.119887 948.457588 945.865561 943.309486 940.809944 938.340158 935.903146 933.490619 931.102076 928.764654 926.444719 924.164727 921.892993 919.612202 917.363352 915.133084 912.932850 910.780376 908.654382 906.568155 904.516544 902.501255 900.522559 898.587397 896.667012 894.785653 892.933370 891.125911 889.358461 887.627410 885.934553 884.266287 882.630111 881.047102 879.471017 877.933278 876.410479 874.918470 873.439588 871.997111 870.588375 869.196393 867.834705 866.482738 865.153798 863.849033 862.574042 861.320123 860.094416 858.899387 857.732588 856.589544 855.474042 854.383486 853.320897 852.283593 851.274924 850.294056 849.340760 848.414132 847.518193 846.648721 845.809120 844.990939 844.198292 843.427731 842.683418 841.966691 841.277669 840.616065 839.981772 839.374996 838.794416 838.239405 837.709960 837.206346 836.728449 836.275574 835.847949 835.445048 835.067618 834.715726 834.389365 834.088381 833.812732 833.562169 833.336885 833.136774 832.961752 832.811805 832.686914 832.587027 832.512142 832.462232
0.000055 0.045251 0.060012 0.074039 0.088354 0.106514 0.123479 0.137518 0.152640 0.166795 0.181584 0.196428 0.215196 0.229439 0.243467 0.257464 0.271543 0.285612 0.299980 0.313993 0.327993 0.341864 0.356404 0.378859 0.398014 0.411907 0.425908 0.440510 0.455954 0.471101 0.486668 0.502485 0.516934 0.532052 0.547285 0.563941 0.585463 0.600531 0.617087 0.631307 0.646593 0.660629 0.674685 0.696794 0.711261 0.733422 0.750619 0.766602 0.782307 0.796721 0.812735 0.828547 0.847621 0.861517 0.875360 0.890118 0.904688 0.919079 0.934254 0.956092 0.973573 0.987550 1.007485 1.025873 1.041542 1.055774 1.070430 1.085200 1.100793 1.116884 1.132473 1.149023 1.164023 1.178447 1.194873 1.216949 1.238798 1.255771 1.271912 1.288562 1.305493 1.319636 1.333891 1.348182 1.362772 1.376925 1.393093 1.407146 1.421173 1.435433 1.449569 1.463896 1.478816 1.493830 1.507778 1.523751 1.538211 1.552369 1.566470 1.581398 1.595881 1.610615 1.624739 1.644257 1.658893 1.673215 1.687689 1.701587 1.715884 1.731527 1.748113 1.762108 1.776110 1.793301 1.807627 1.821476 1.836400 1.865533 1.879426 1.893259 1.907414 1.921964 1.936050 1.950260 1.964471 1.979081 1.993749 2.008325 2.023318 2.037847 2.061178 2.075961 2.091000 2.105482 2.119926 2.133980 2.148053 2.162434 2.178249 2.193294 2.207911 2.222130 2.236798 2.250907 2.266028 2.279914 2.298579 2.312906 2.327008 2.341551 2.355805 2.371742 2.386699 2.407346 2.422267 2.437194 2.453799 2.474933 2.497800 2.511886 2.526370 2.540928 2.556105 2.570942 2.585466 2.599532 2.615284 2.634637 2.649677 2.663802 2.681266 2.700958 2.720419 2.741336 2.755190 2.771238 2.791534 2.807591 2.823806 2.838043 2.853611 2.867732 2.882276 2.897832 2.916142 2.935100 2.949776 2.963590 2.977433 2.991975 3.005662 3.019898 3.033840 3.048683 3.062728 3.076897 3.091314 3.109322 3.127284 3.144194 3.158596
Elapsed_time: 3.158596
Score: 832.462232
201
2248500.387938 2229.688393 2108.624491 2027.899706 1967.280995 1916.044221 1871.122972 1830.760506 1794.152669 1760.070026 1728.971999 1699.916882 1672.913531 1647.709851 1623.844609 1601.642079 1580.368974 1560.437571 1541.403354 1523.437403 1506.167600 1489.645008 1473.698727 1458.406614 1443.670122 1429.487433 1415.911194 1402.874049 1390.182043 1378.048390 1366.217620 1354.872640 1343.745863 1333.089205 1322.732696 1312.740630 1303.027795 1293.741552 1284.663421 1275.749802 1267.110731 1258.647586 1250.332308 1242.333169 1234.347694 1226.691981 1219.017440 1211.634385 1204.349801 1197.366342 1190.434149 1183.669657 1176.966502 1170.455969 1164.002444 1157.778534 1151.560702 1145.542419 1139.511808 1133.669264 1127.836893 1122.144003 1116.525018 1111.059230 1105.609009 1100.377970 1095.171693 1090.178963 1085.137936 1080.331983 1075.454392 1070.771523 1066.017984 1061.464098 1056.839276 1052.408926 1047.885998 1043.584104 1039.232281 1035.098055 1030.886039 1026.868242 1022.814145 1018.917881 1014.947146 1011.162896 1007.334440 1003.685006 999.943874 996.417418 992.824662 989.371777 985.920994 982.568675 979.215526 975.986193 972.709212 969.559174 966.358722 963.290219 960.221614 957.247280 954.247432 951.343617 948.415083 945.628864 942.795973 940.055224 937.316830 934.670061 932.010141 929.474883 926.910378 924.454091 921.976346 919.570182 917.206429 914.900067 912.610710 910.386918 908.161930 905.968601 903.826504 901.730296 899.661518 897.636754 895.611568 893.641467 891.683047 889.771441 887.899913 886.036596 884.229892 882.428720 880.694277 878.955823 877.254611 875.582919 873.954105 872.368052 870.793486 869.265021 867.749914 866.280876 864.819234 863.390950 861.979068 860.616530 859.270402 857.956335 856.669236 855.413263 854.176775 852.980287 851.797196 850.658400 849.516442 848.413744 847.325849 846.268820 845.225736 844.220350 843.228628 842.273368 841.333404 840.428664 839.539066 838.678887 837.841213 837.030616 836.244631 835.486642 834.753556 834.047931 833.364051 832.701543 832.060929 831.446235 830.854177 830.289353 829.747493 829.232033 828.740730 828.275504 827.834426 827.418784 827.027408 826.661170 826.319783 826.002652 825.710059 825.441801 825.197911 824.978512 824.783573 824.613091 824.467036 824.345392 824.248126 824.175211 824.126615
0.000064 0.047099 0.067619 0.084328 0.098236 0.114190 0.132240 0.149373 0.164716 0.182069 0.197995 0.212632 0.231001 0.251009 0.266479 0.280431 0.295413 0.309654 0.325080 0.343488 0.358502 0.373149 0.393515 0.411460 0.425146 0.439111 0.453483 0.468114 0.487448 0.501762 0.515514 0.532379 0.546312 0.560339 0.578618 0.593721 0.611980 0.631748 0.646220 0.660885 0.676720 0.698154 0.712267 0.732161 0.747017 0.763122 0.777124 0.791749 0.810809 0.827317 0.841434 0.855511 0.869470 0.883162 0.898340 0.912596 0.926481 0.942331 0.956043 0.969813 0.983537 0.998362 1.012704 1.027936 1.042040 1.056764 1.072827 1.087775 1.101899 1.115809 1.130571 1.144527 1.166239 1.187473 1.201179 1.214856 1.228587 1.242288 1.256747 1.271208 1.285232 1.303602 1.318041 1.332295 1.346152 1.359963 1.376154 1.392925 1.407730 1.421444 1.435294 1.450225 1.466195 1.486793 1.503845 1.517912 1.532632 1.548663 1.562464 1.576276 1.590061 1.606259 1.620422 1.634151 1.648031 1.661869 1.675888 1.695076 1.708808 1.722468 1.736190 1.752746 1.768277 1.782091 1.796049 1.810828 1.825385 1.846025 1.870880 1.884640 1.900468 1.920495 1.939296 1.953304 1.968052 1.982203 1.997224 2.010899 2.025998 2.044585 2.059384 2.083974 2.105034 2.126271 2.147814 2.164653 2.181113 2.198490 2.213458 2.227630 2.242769 2.257579 2.271852 2.286477 2.302010 2.315923 2.332053 2.346947 2.361293 2.375932 2.389990 2.404751 2.419963 2.434678 2.449414 2.464217 2.479371 2.498008 2.512829 2.526649 2.540464 2.554113 2.568185 2.586522 2.603285 2.617025 2.630760 2.644850 2.658629 2.672641 2.686800 2.703628 2.717750 2.731488 2.745352 2.762312 2.776942 2.790732 2.804465 2.818146 2.832144 2.848146 2.861973 2.877245 2.891076 2.905291 2.919085 2.933027 2.947561 2.962202 2.976418 2.990401 3.005429 3.019723 3.038255 3.052142 3.066554 3.080620 3.096208 3.110649 3.126090
Elapsed_time: 3.126090
Score: 824.126615
CN-FR
198
1033.856479 928.470696 919.103916 878.002286 883.986976 847.889454 856.244139 823.452331 832.947910 802.883057 813.661101 785.184193 796.152459 769.534297 780.827400 755.773029 767.593860 744.365836 756.430224 734.639118 746.774315 726.131358 738.076828 718.568343 730.942675 712.364838 724.701013 706.736306 718.455143 701.237749 712.726045 696.387413 707.582068 691.913090 702.255681 687.081880 697.238555 682.801329 692.555435 678.942547 688.292355 675.081780 684.390178 671.808200 681.063191 669.088931 678.056585 666.764953 675.374277 664.597827 673.024580 662.658745 670.806416 660.922647 668.676843 659.393075 666.746576 657.794905 664.636631 655.927155 662.455064 653.915499 660.189947 651.995003 657.897941 650.040556 655.793395 648.083095 653.583308 646.216595 651.471287 644.435181 649.411904 642.558383 647.257729 640.738519 644.959705 638.690809 642.743091 636.847890 640.775998 635.153477 638.794737 633.300927 636.668326 631.473948 634.781371 629.858177 632.939109 628.273986 631.226912 626.816632 629.606833 625.403702 627.917165 623.935823 626.390604 622.600524 624.839278 621.345899 623.314479 619.888745 621.486071 618.180900 619.447243 616.497054 617.785676 614.821210 615.942940 613.055820 614.008737 611.304582 612.108601 609.562560 610.213283 607.758158 608.208836 605.924772 606.257036 604.019540 604.271119 602.324466 602.503332 600.736474 600.840232 599.054504 599.055853 597.385204 597.290654 595.656819 595.528435 593.791224 593.493984 591.700917 591.399273 589.790961 589.472814 587.895534 587.485809 586.024031 585.520728 584.190461 583.616449 582.513856 581.812181 580.743157 580.018157 579.012401 578.269547 577.327871 576.583653 575.672912 574.812852 573.934147 573.065456 572.184840 571.357132 570.508527 569.636704 568.771587 567.859019 567.010547 566.060026 565.256217 564.367797 563.591279 562.718464 561.975395 561.162741 560.422320 559.619003 558.835267 558.083597 557.343327 556.598299 555.872019 555.171896 554.485929 553.796263 553.162460 552.505393 551.897206 551.281398 550.689354 550.110246 549.549343 549.020706 548.506085 548.025676 547.567709 547.142663 546.747597 546.390243 546.060522 545.771794 545.512730 545.294535 545.108271
0.544186 0.648871 0.662751 0.676970 0.706788 0.743487 0.772629 0.803571 0.834101 0.862248 0.883876 0.913352 0.927317 0.942041 0.956038 0.970364 0.984533 0.998652 1.013156 1.033017 1.051899 1.066705 1.080609 1.096068 1.111482 1.128660 1.142828 1.156783 1.170961 1.185098 1.200234 1.214629 1.229194 1.243226 1.258434 1.272577 1.286741 1.302283 1.316491 1.330612 1.349201 1.365372 1.385081 1.399392 1.413830 1.428666 1.442953 1.463503 1.481143 1.495100 1.509183 1.524200 1.539742 1.559383 1.573453 1.587540 1.601857 1.618006 1.633328 1.647610 1.666393 1.686085 1.700673 1.716793 1.731079 1.745366 1.759594 1.775216 1.789944 1.804203 1.819034 1.836020 1.850760 1.869020 1.889401 1.910603 1.925220 1.939718 1.953656 1.968933 1.983095 1.997338 2.012297 2.026244 2.043720 2.059366 2.077554 2.092769 2.107478 2.121428 2.135396 2.151070 2.166881 2.184601 2.198900 2.213293 2.227498 2.242121 2.256245 2.273073 2.288148 2.302344 2.317791 2.332532 2.350786 2.365140 2.380211 2.395102 2.409441 2.424655 2.441664 2.457470 2.473116 2.488839 2.506825 2.521761 2.541077 2.557065 2.571039 2.585132 2.603343 2.619823 2.636224 2.651752 2.666172 2.681136 2.701694 2.723607 2.742885 2.756887 2.776280 2.791954 2.807517 2.821729 2.836178 2.851413 2.866267 2.883141 2.897127 2.912404 2.931409 2.945664 2.963276 2.978010 2.992785 3.007136 3.021813 3.036711 3.056184 3.074846 3.089154 3.105523 3.119466 3.133605 3.147834 3.162597 3.182025 3.200448 3.216497 3.231330 3.245358 3.259971 3.274486 3.288530 3.304172 3.322406 3.339071 3.354135 3.368424 3.384508 3.399200 3.415715 3.430386 3.446816 3.461009 3.476311 3.490548 3.504477 3.519158 3.534424 3.554141 3.574695 3.589136 3.609738 3.624226 3.638103 3.652161 3.666285 3.680333 3.698875 3.721008 3.735028 3.749017 3.764978 3.780083 3.798736 3.816768 3.830733
Elapsed_time: 3.830733
Score: 545.108271
198
1017.756330 929.222778 934.987167 891.896047 901.941592 864.646082 876.271202 842.588689 855.205673 824.275896 837.237291 808.605229 821.909406 795.353499 808.952180 783.902033 797.634729 774.132340 787.884543 765.694542 779.029953 758.105690 770.996493 750.953824 763.678976 744.717993 757.268321 739.297525 751.611400 734.545468 746.833205 730.445574 742.425754 726.774187 738.516624 723.542498 734.821441 720.652891 731.769176 718.198739 728.983503 715.998117 726.360968 713.876812 723.849483 711.814296 721.356606 709.680899 718.707534 707.222930 715.928943 704.790633 713.252108 702.594876 710.743453 700.604185 708.362174 698.681458 706.122954 696.816445 703.832621 694.976221 701.584669 693.090917 699.364016 691.160263 697.009179 689.303973 694.913564 687.671437 693.074536 686.194938 691.304881 684.848495 689.680948 683.510228 688.118610 682.204384 686.399597 680.782370 684.637541 679.265682 682.781801 677.630323 680.697578 675.788039 678.652510 673.847972 676.471817 671.835751 674.181321 669.858293 672.017560 667.979696 669.984722 666.146551 668.046568 664.509816 666.204235 662.771819 664.316434 661.119102 662.505292 659.481095 660.791838 657.941212 659.218641 656.515955 657.492631 654.948167 655.751571 653.364039 654.092317 651.837162 652.367186 650.140505 650.423427 648.260481 648.346468 646.332692 646.309305 644.422297 644.349219 642.692128 642.577987 641.079533 640.939002 639.580031 639.356551 637.957220 637.486436 636.052094 635.454440 634.090063 633.528592 632.325235 631.543997 630.321940 629.605265 628.568387 627.772074 626.770709 625.954769 625.100460 624.254500 623.506763 622.708670 621.981932 621.166932 620.442653 619.614317 618.853364 617.959654 617.170757 616.273511 615.459371 614.538714 613.773811 612.896076 612.190003 611.320130 610.643372 609.812478 609.193990 608.366101 607.779190 606.918499 606.338899 605.465544 604.865101 603.968556 603.389236 602.466164 601.898748 601.052915 600.520068 599.731048 599.230056 598.475134 597.985908 597.274516 596.811656 596.142421 595.692726 595.071281 594.641260 594.076502 593.676830 593.181613 592.822218 592.394123 592.087872 591.730319 591.470214 591.179876 590.969119 590.753246 590.597282
0.439423 0.522544 0.536825 0.554210 0.569647 0.587242 0.608239 0.623019 0.636995 0.651065 0.666414 0.680377 0.698686 0.712626 0.726817 0.743841 0.764831 0.780791 0.795250 0.811707 0.835347 0.856680 0.870595 0.884620 0.904100 0.923728 0.938661 0.953194 0.967623 0.986594 1.000536 1.017376 1.031462 1.047205 1.062372 1.087941 1.102173 1.116253 1.132296 1.148905 1.162937 1.176908 1.191341 1.206177 1.224508 1.238819 1.252691 1.266644 1.280535 1.294808 1.309361 1.324143 1.338141 1.352135 1.366041 1.380035 1.394691 1.414221 1.431243 1.446135 1.467511 1.481511 1.499966 1.517059 1.533228 1.547699 1.563970 1.577873 1.591762 1.605888 1.620911 1.635038 1.649812 1.665116 1.679150 1.693490 1.712958 1.732121 1.746786 1.766272 1.783483 1.799994 1.814142 1.829526 1.844714 1.859461 1.874846 1.889690 1.904052 1.918040 1.932928 1.947329 1.962114 1.978646 1.992751 2.006691 2.024616 2.040704 2.058085 2.073665 2.088162 2.102954 2.117017 2.138812 2.152725 2.166729 2.181302 2.196961 2.210870 2.224807 2.239133 2.261674 2.283883 2.300158 2.315048 2.329456 2.344326 2.358799 2.373610 2.387832 2.402553 2.417136 2.431623 2.445827 2.461356 2.475831 2.490413 2.504292 2.518280 2.532279 2.546284 2.562356 2.577008 2.590914 2.604856 2.619009 2.636684 2.660755 2.679240 2.693124 2.707070 2.721075 2.740562 2.757976 2.773645 2.787757 2.802072 2.822296 2.836896 2.851189 2.865736 2.880141 2.894640 2.908894 2.922823 2.942964 2.963431 2.978242 2.993411 3.007979 3.022641 3.036875 3.051711 3.066485 3.081887 3.096634 4.470147 4.486301 4.501200 4.516782 4.531378 4.546708 4.561325 4.577219 4.592417 4.606752 4.622444 4.636878 4.651015 4.665566 4.679883 4.695336 4.711072 4.725424 4.739691 4.761418 4.775334 4.793946 4.811220 4.825301 4.840037 4.854741 4.869812 4.884714 4.900376 4.915992 4.932073 4.948160
Elapsed_time: 4.948160
Score: 590.597282
198
1049.791284 963.239094 957.936809 921.965551 923.781256 892.350680 896.083813 867.832116 872.703572 846.522945 852.313185 828.000443 834.876447 812.347400 820.005265 799.322866 806.903894 788.009922 796.075762 778.363887 786.624721 769.989423 778.204285 762.711787 770.837962 756.373585 764.536283 751.106171 759.082393 746.407586 754.130174 742.121576 749.548758 738.312434 745.435835 734.746364 741.671307 731.488205 738.324506 728.804197 735.504060 726.511902 732.989585 724.513646 730.713038 722.566283 728.456735 720.682287 726.303659 718.782461 724.157985 716.748635 721.736205 714.516170 718.929216 711.914622 716.125286 709.306595 713.419975 706.907447 710.960025 704.870771 708.672721 703.038444 706.759296 701.461927 704.952284 699.916376 703.081444 698.419372 701.294623 696.751827 699.377984 695.030901 697.680376 693.571097 696.103053 692.135323 694.437479 690.610161 692.796851 689.059419 690.984638 687.217332 689.239090 685.617271 687.264030 683.672652 685.244089 681.730780 683.034545 679.527241 680.912251 677.411462 678.534704 675.230206 676.140514 672.968594 673.772017 670.696088 671.434040 668.422651 669.051988 666.252235 666.811739 664.119924 664.525715 661.866224 662.311071 659.703148 659.888658 657.411650 657.566909 655.156751 655.464734 653.229401 653.556648 651.418211 651.795226 649.790758 650.162556 648.303142 648.507954 646.691348 646.669772 644.950711 644.815564 643.210072 642.983971 641.503296 641.226751 639.863424 639.568394 638.343987 638.068687 636.931047 636.565311 635.365637 634.773657 633.514741 632.735550 631.463430 630.549283 629.258549 628.281367 627.019793 625.999468 624.888110 623.891692 622.925742 621.967726 621.032949 620.148390 619.331845 618.444544 617.731946 616.925033 616.250053 615.452255 614.836955 614.014654 613.409780 612.514196 611.855892 610.947621 610.326225 609.419688 608.820305 607.958909 607.380416 606.522476 605.964257 605.145607 604.596536 603.803535 603.248184 602.402679 601.935075 601.141450 600.685828 599.950385 599.500685 598.816431 598.380924 597.747259 597.320020 596.754216 596.349957 595.857458 595.497625 595.062661 594.744355 594.372064 594.104410 593.797267 593.576984 593.347381 593.183107
0.458145 0.543309 0.558039 0.572902 0.589792 0.605737 0.625490 0.643427 0.664804 0.683432 0.697860 0.712183 0.726871 0.743176 0.758472 0.773371 0.788182 0.802452 0.817889 0.833922 0.850092 0.864955 0.879258 0.894688 0.910344 0.924890 0.940499 0.954786 0.973552 0.988116 1.002917 1.020700 1.035551 1.053386 1.070482 1.084994 1.100137 1.114851 1.129519 1.144369 1.158888 1.173305 1.187756 1.206785 1.221919 1.237725 1.253396 1.268407 1.284740 1.299119 1.314326 1.334116 1.349157 1.363826 1.379198 1.394775 1.410731 1.425148 1.440052 1.454729 1.472104 1.486753 1.501666 1.517306 1.531958 1.546318 1.561489 1.576463 1.591210 1.606198 1.622505 1.642986 1.657447 1.673740 1.689455 1.704114 1.718783 1.735572 1.751534 1.766193 1.782573 1.798013 1.812688 1.827559 1.842913 1.863529 1.887920 1.902606 1.917002 1.931703 1.947684 1.962010 1.976388 1.991799 2.006575 2.023872 2.039674 2.054318 2.069360 2.083622 2.098079 2.112409 2.127683 2.142743 2.157522 2.171978 2.186640 2.200993 2.219932 2.234518 2.257048 2.276416 2.295842 2.310944 2.326022 2.342073 2.356652 2.371599 2.386624 2.401819 2.416589 2.432433 2.447436 2.461969 2.481900 2.496836 2.511467 2.527156 2.542052 2.558111 2.573020 2.588579 2.604281 2.619044 2.639967 2.654232 2.668594 2.682910 2.697171 2.712789 2.728202 2.743433 2.759254 2.776671 2.791065 2.806293 2.821116 2.835781 2.850414 2.867084 2.882522 2.897012 2.911445 2.925920 2.941001 2.956228 2.972170 2.987159 3.002599 3.017299 3.031877 3.046541 3.061831 3.077989 3.092293 3.106793 3.125860 3.142062 3.160363 3.176959 3.191684 3.213528 3.230834 3.245742 3.263233 3.280122 3.295016 3.309444 3.323793 3.338090 3.356335 3.376214 3.393515 3.407892 3.422233 3.437142 3.451595 3.466745 3.481315 3.496553 3.511424 3.526232 3.542773 3.564164 3.578594 3.593837 3.614645 3.631859
Elapsed_time: 3.631859
Score: 593.183107
L-BFGS
201
2539925.809466 978585.152996 586623.747715 372074.937902 239216.278973 141940.580109 113161.364618 76905.813617 67889.996433 40783.418690 31631.360092 24610.625565 18600.373885 14437.442363 11469.177749 9517.570663 7666.935229 6220.446445 5222.933344 4469.072105 3843.560027 3335.452595 2916.081342 2683.885328 2416.901997 2213.054409 2049.376971 1944.801645 1837.607945 1746.324018 1706.454024 1639.344906 1568.106772 1524.750738 1497.325145 1460.565282 1423.966726 1398.913427 1376.724785 1357.978221 1337.555274 1323.649541 1307.142333 1293.140330 1281.032284 1268.008424 1255.148799 1247.798176 1241.685989 1234.800309 1225.446508 1215.042616 1204.044508 1191.924781 1180.423412 1171.818415 1163.131998 1154.082050 1145.841620 1137.391290 1129.176545 1121.763915 1113.491453 1107.051859 1097.338301 1090.386606 1082.207654 1076.448380 1070.349653 1062.974046 1055.765714 1048.493001 1040.304563 1031.578809 1025.159676 1018.250338 1011.287350 1003.478439 998.019107 992.212102 986.379715 979.742038 973.543574 966.375347 959.958724 952.972435 946.242925 939.617157 932.544570 925.517350 917.342429 910.820199 905.529111 898.899692 889.524219 884.188417 878.298762 871.644041 864.871636 858.453909 853.429506 848.386079 843.694035 836.714301 831.492694 824.297547 818.750147 813.879409 808.480484 802.860606 796.392762 790.505309 786.250125 781.246750 776.379545 771.463640 767.432220 762.636668 758.552618 752.970400 747.127899 742.457316 737.582800 732.927165 728.489277 724.070408 721.719337 717.612873 715.153506 709.999036 706.792170 702.958337 700.676904 696.373757 691.658950 688.736982 685.692569 682.761549 679.714824 675.625630 671.886240 668.422896 664.989890 661.500054 657.817087 654.414906 651.993612 649.012286 645.962907 643.341970 640.363961 637.574423 634.782168 631.334514 628.953393 626.110569 624.071762 620.959304 618.147153 615.227193 611.144645 607.207435 604.093208 601.144744 598.200913 595.824545 593.149098 591.248323 589.342395 586.934070 584.548898 582.672307 580.395228 578.176294 575.902963 573.554901 570.252047 567.209868 564.898998 562.695773 560.858785 558.498924 555.942534 553.726829 551.649314 549.836375 548.065754 545.746515 544.909050 542.999386 541.929882 540.569814 539.164676 537.792859 536.624204 534.454272 533.978879 532.051693 531.060957 529.711728 528.523330
0.000055 0.038369 0.056935 0.074954 0.095123 0.112186 0.128854 0.145268 0.161907 0.183295 0.201166 0.218575 0.235196 0.251602 0.268160 0.288521 0.305821 0.323804 0.341052 0.357487 0.373556 0.390572 0.407435 0.423696 0.440497 0.457176 0.473437 0.491341 0.508207 0.526214 0.542913 0.561201 0.576814 0.594000 0.612647 0.629096 0.649172 0.669409 0.689037 0.705279 0.722659 0.740834 0.764263 0.779698 0.795205 0.811309 0.828750 0.845890 0.862211 0.878446 0.894562 0.915094 0.933292 0.948653 0.964178 0.980079 0.996030 1.011307 1.027793 1.043426 1.059070 1.075537 1.091770 1.107908 1.124140 1.140525 1.157233 1.173169 1.189266 1.204826 1.221063 1.241203 1.262050 1.277427 1.295024 1.310569 1.331578 1.352575 1.372381 1.388230 1.403693 1.421088 1.439167 1.460866 1.482082 1.499354 1.514289 1.529464 1.546361 1.560932 1.576409 1.592086 1.606657 1.624309 1.640117 1.670436 1.685863 1.700618 1.715315 1.730141 1.745611 1.762105 1.776544 1.790781 1.805333 1.820081 1.835040 1.851447 1.868788 1.884489 1.898942 1.914421 1.928687 1.946578 1.964890 1.984873 2.002131 2.020240 2.034667 2.049086 2.064742 2.080104 2.094569 2.109341 2.123733 2.139118 2.158687 2.177237 2.194344 2.209921 2.226252 2.240761 2.256580 2.270698 2.284820 2.299766 2.314499 2.328872 2.343293 2.358911 2.373709 2.388625 2.403694 2.418402 2.432694 2.447457 2.461894 2.476909 2.493763 2.508214 2.522080 2.535912 2.551948 2.571728 2.589635 2.604849 2.622546 2.637762 2.655645 2.670927 2.686302 2.701262 2.715161 2.729605 2.745151 2.759922 2.775308 2.790124 2.804199 2.819245 2.834399 2.849293 2.864753 2.879160 2.893238 2.907335 2.921910 2.936266 2.950032 2.963686 2.977501 2.992222 3.008391 3.023439 3.037535 3.051555 3.066754 3.081056 3.095055 3.108886 3.130985 3.146854 3.161318 3.176077 3.190530 3.205238 3.219132 3.233755 3.248179 3.266615 3.280658
Elapsed_time: 3.280658
Score: 528.523330
201
2593539.541220 1006642.585622 567555.317884 349103.570345 223540.531980 133252.205340 95024.926187 66490.859598 47540.747750 33798.571543 27637.419914 23400.058834 18664.627393 15317.408354 12345.436463 9918.343731 8172.276807 6944.737381 6193.473344 5020.684652 4287.378441 3704.777987 3509.443308 3085.084192 2851.938534 2647.705588 2344.933489 2140.299867 1992.785982 1881.536904 1784.218805 1706.923732 1612.105022 1537.479849 1493.013416 1465.427070 1427.743116 1381.138503 1353.917658 1332.288526 1318.501760 1296.424543 1284.090379 1269.848589 1264.297183 1251.238994 1241.231846 1229.500464 1221.066331 1211.816350 1205.196860 1198.041574 1190.605343 1181.425993 1173.144007 1165.696467 1155.540701 1147.433201 1139.511434 1130.791553 1121.369813 1114.306802 1106.131670 1098.217043 1090.075031 1084.606029 1077.938840 1073.782120 1064.535538 1056.217702 1050.996003 1041.764478 1034.342749 1028.790992 1017.778531 1011.249180 1004.818023 997.312044 990.385365 985.885787 978.553191 973.277679 968.256926 960.877223 955.697629 950.135786 947.026271 942.134184 937.373324 931.998213 926.697898 921.183033 916.056242 911.540813 905.827484 902.265064 896.616001 894.196536 889.418665 884.692442 880.354715 875.481077 871.602177 867.438096 863.730063 859.195317 854.056069 848.529301 845.909528 841.173571 837.241977 833.460339 828.473470 824.657321 819.880334 815.160190 809.535007 805.603525 802.138422 795.743142 792.210400 787.957510 784.295260 780.535143 776.454433 774.343093 770.230828 765.938903 761.582409 756.675405 752.569826 748.457897 744.182916 739.005578 735.560541 731.825471 728.005863 724.361024 720.215658 716.272907 711.212182 707.727564 704.975444 701.294993 697.765393 694.546111 691.522256 687.753630 684.272515 681.487503 677.847202 674.842035 672.053819 669.735581 667.364535 665.148663 663.127837 660.380474 657.518826 654.640768 651.902881 648.929522 645.909277 644.284832 641.946878 639.916224 638.280927 635.378863 632.759871 630.832097 628.876438 626.878829 625.060663 623.329368 621.178147 619.050068 616.733481 614.744469 612.610907 610.815486 608.772640 606.774429 605.174029 603.618042 602.125555 600.416351 598.731682 597.526633 595.662521 594.251280 592.653097 590.480321 588.475447 587.069456 585.271059 583.603934 581.590480 580.104401 578.048831 577.033069 575.357570
0.000042 0.035082 0.052538 0.070676 0.086817 0.103001 0.137832 0.160722 0.178933 0.196321 0.212874 0.229142 0.247309 0.264054 0.280842 0.300110 0.316084 0.333233 0.349567 0.370770 0.387888 0.405007 0.421466 0.438003 0.470675 0.487725 0.504588 0.521565 0.544315 0.560711 0.576867 0.593427 0.609947 0.628963 0.646448 0.663717 0.679678 0.700227 0.738694 0.754263 0.769922 0.785926 0.810786 0.829750 0.852503 0.874594 0.897535 0.913983 0.929479 0.947034 0.963701 0.980514 0.997016 1.013814 1.030003 1.046037 1.061766 1.077054 1.092923 1.108274 1.124912 1.144185 1.161499 1.178436 1.194057 1.209664 1.225928 1.242566 1.258410 1.276324 1.299240 1.321072 1.342249 1.360204 1.377956 1.409247 1.424623 1.445171 1.460145 1.475995 1.492398 1.508276 1.523044 1.538146 1.553046 1.568722 1.585950 1.603891 1.619399 1.634222 1.649507 1.664753 1.685138 1.700633 1.717407 1.736258 1.752572 1.769208 1.785938 1.801018 1.815939 1.834202 1.849805 1.865096 1.880430 1.895401 1.910085 1.924914 1.940802 1.955297 1.975083 1.990240 2.004821 2.020344 2.035645 2.050828 2.066135 2.080957 2.095867 2.110774 2.125419 2.140468 2.155042 2.170452 2.187799 2.210668 2.232786 2.247917 2.262494 2.277423 2.292703 2.307891 2.323015 2.338034 2.354781 2.375449 2.390037 2.404669 2.421231 2.438558 2.453083 2.467479 2.482079 2.497630 2.512150 2.528610 2.543537 2.558495 2.573400 2.588653 2.603858 2.618187 2.632839 2.650589 2.665774 2.680965 2.695580 2.710198 2.725404 2.741974 2.758073 2.774913 2.791456 2.806362 2.821068 2.835349 2.850689 2.865559 2.880932 2.895389 2.909896 2.924166 2.940646 2.956161 2.977378 2.998258 3.015080 3.033901 3.050362 3.066114 3.081375 3.095801 3.110710 3.126085 3.141494 3.156762 3.173515 3.190636 3.212765 3.228894 3.248317 3.264842 3.287939 3.306705 3.321732 3.336225 3.356415 3.377286 3.391698 3.406103 3.423349
Elapsed_time: 3.423349
Score: 575.357570
201
2248500.387938 834107.342595 508269.586525 332707.472765 223691.254130 135440.388950 107916.267219 72000.112548 61428.576386 37165.771668 29027.709216 23393.327062 19409.006176 14604.091952 11139.161755 9511.912399 7659.565665 6539.912003 5591.820963 5029.008359 4280.975488 3876.494084 3557.039904 3275.760430 2918.991462 2685.987314 2527.792409 2294.811215 2112.107685 1983.635430 1921.409838 1804.456836 1714.536601 1647.481672 1581.688517 1531.208088 1491.627290 1448.118123 1418.190868 1397.023339 1368.823807 1344.362044 1322.058044 1304.772987 1285.654122 1270.627886 1256.548409 1247.099365 1236.371259 1227.419152 1215.465320 1205.515474 1196.720626 1190.828647 1181.705375 1176.446287 1167.760907 1164.419047 1153.512695 1146.517768 1139.723506 1132.933590 1124.619778 1117.078733 1109.421276 1100.757300 1093.222046 1086.868933 1079.221881 1070.365695 1064.670221 1056.430871 1049.975386 1046.511348 1038.991516 1031.141709 1024.052273 1017.985117 1011.908988 1008.325949 1000.772341 997.382706 989.249153 985.296923 980.221986 975.514276 968.265285 963.457169 958.680842 954.353556 948.519234 942.367014 937.008369 931.832766 924.809140 919.456986 915.396758 909.050698 904.189380 899.220744 894.756254 890.493316 885.380674 881.774095 878.178167 874.059707 868.809326 864.057009 860.752056 855.833489 851.622147 846.324550 842.751409 838.206443 834.283753 830.623618 827.061216 824.374723 820.481339 816.566865 813.695280 809.544938 804.918808 801.361494 797.037677 793.333720 790.895448 787.620464 784.603101 781.051286 778.601804 776.002518 773.214047 769.930899 767.312786 765.169864 762.249060 759.013861 756.095697 754.424703 751.436237 749.254553 746.468300 743.691996 740.897226 738.186575 735.373441 732.357312 729.928749 727.411254 724.434638 721.869564 719.659172 716.960482 714.094194 711.309713 708.750151 706.893409 704.585854 702.319620 699.455605 697.276324 694.567800 691.903552 689.217440 687.071577 684.896547 682.447932 679.921565 677.744535 675.058206 672.539373 669.984400 667.665230 664.773180 661.243257 658.472922 655.650963 653.171642 651.198923 648.986169 645.926686 642.716110 640.586468 638.559736 636.671002 634.299560 631.987966 629.434891 628.071751 625.633089 622.981665 619.890035 617.047562 615.078028 613.564260 611.518412 608.406636 606.504835 604.491439 602.674483
0.000045 0.036273 0.054255 0.072681 0.092293 0.110068 0.127012 0.143513 0.163854 0.182164 0.202598 0.220365 0.237464 0.254916 0.271451 0.291747 0.310004 0.330641 0.348705 0.368238 0.385195 0.402217 0.418392 0.434369 0.452254 0.469059 0.485554 0.503646 0.521540 0.546915 0.566612 0.590674 0.611502 0.635163 0.658922 0.680265 0.696945 0.713640 0.730019 0.747488 0.764782 0.781740 0.798301 0.814854 0.831660 0.849072 0.872492 0.890146 0.906544 0.922568 0.938548 0.954146 0.969795 0.985613 1.001205 1.016763 1.033477 1.049803 1.073370 1.098376 1.123539 1.144354 1.164133 1.183107 1.198497 1.213813 1.229722 1.245696 1.261832 1.280848 1.296141 1.312639 1.328258 1.344072 1.360225 1.377057 1.392803 1.409672 1.425020 1.440035 1.455904 1.477013 1.495666 1.510885 1.525893 1.540957 1.557655 1.572930 1.588220 1.604745 1.620456 1.637362 1.652858 1.667834 1.683475 1.698845 1.718045 1.739928 1.761604 1.783453 1.802274 1.817606 1.833366 1.849215 1.868790 1.889954 1.908035 1.922779 1.938594 1.953856 1.968835 1.986095 2.001021 2.016026 2.032369 2.048130 2.063164 2.079251 2.094213 2.115422 2.132922 2.147915 2.164557 2.179878 2.194603 2.209318 2.223898 2.238644 2.255600 2.272473 2.287450 2.302488 2.321950 2.340748 2.359311 2.374219 2.392544 2.407663 2.422684 2.437188 2.452607 2.467388 2.481797 2.497348 2.513439 2.528274 2.543225 2.558786 2.573683 2.589384 2.605223 2.621403 2.636574 2.651537 2.667072 2.681579 2.697428 2.713103 2.728114 2.743280 2.758693 2.776716 2.793117 2.808376 2.823171 2.838247 2.853517 2.867919 2.883193 2.897619 2.912403 2.927871 2.950659 2.965836 2.980745 2.995330 3.010008 3.026353 3.040588 3.071490 3.087171 3.101602 3.116148 3.130601 3.145226 3.159527 3.174074 3.189761 3.204363 3.222793 3.241612 3.258768 3.273730 3.288380 3.303725 3.318301 3.333063 3.347366 3.362488 3.376811 3.391745
Elapsed_time: 3.391745
Score: 602.674483
CN-L-BFGS
201
1033.856479 990.285295 955.931968 941.918510 929.477270 920.810806 914.710502 911.382331 906.011342 901.144469 896.796274 891.851893 884.444390 878.875280 873.730640 868.991311 861.684558 855.645159 849.377225 844.468506 838.635297 830.813425 824.380594 814.397514 806.191594 799.705611 791.655399 783.678081 775.059807 767.627599 757.211162 748.742816 741.031982 730.206050 722.124163 713.017102 706.986763 698.478790 691.056282 684.983607 675.081541 669.432900 663.123737 655.443567 648.194291 641.913125 636.032164 630.058823 625.001490 618.864159 612.104361 606.631763 600.502871 596.479534 593.005315 587.469311 583.742232 580.034304 577.486902 573.437131 569.803325 566.748962 563.376081 560.851649 557.985537 555.494895 552.887750 550.217265 547.639778 544.698124 542.245454 539.871267 537.455590 535.004953 532.995283 531.105486 529.101908 526.800640 524.291824 522.130926 519.740996 517.888662 515.421459 513.530522 511.755919 509.857160 507.893764 505.783837 503.798895 501.676267 499.848601 497.879758 496.084210 494.149535 492.634289 491.097346 490.000327 488.357224 486.508157 484.374434 482.596003 480.992803 479.126263 477.276402 475.549208 474.339604 472.823656 471.497813 470.113728 468.925958 468.000575 467.435452 466.265997 464.864355 463.458392 462.162111 461.167137 460.443757 459.304505 458.248171 457.338426 456.514438 455.658391 454.823656 454.255068 453.522887 452.604736 451.718578 450.800894 449.939048 449.270117 448.593824 448.148013 447.502360 446.832056 446.271694 445.677915 445.057411 444.270296 443.628457 442.892891 442.164370 441.544830 440.897203 440.200377 439.566656 439.003922 438.464126 437.959641 437.587272 437.074026 436.607145 436.121430 435.791539 435.412650 435.110382 434.556416 434.299495 433.917633 433.596112 433.307262 433.002614 432.561514 432.077328 431.697732 431.334505 430.963392 430.573200 430.146296 429.804901 429.467485 429.091787 428.982530 428.623279 428.519053 428.343886 427.992221 427.769029 427.620949 427.325768 427.155939 426.719670 426.502067 426.307874 425.950641 425.701182 425.520729 425.297875 425.191768 424.985589 424.763631 424.561006 424.352304 424.158307 423.922602 423.684200 423.482809 423.327666 423.137311 422.930565 422.751479
0.449440 0.505707 0.520352 0.534949 0.548674 0.563205 0.581136 0.597947 0.614510 0.627878 0.641407 0.655305 0.670582 0.685503 0.698763 0.712180 0.728657 0.746734 0.760260 0.774028 0.789526 0.803811 0.817203 0.830527 0.844115 0.858364 0.872350 0.885840 0.900400 0.914206 0.927809 0.943092 0.960243 0.982801 0.998190 1.011749 1.025417 1.041852 1.055461 1.068990 1.082559 1.109959 1.123723 1.137576 1.152252 1.166841 1.183242 1.197316 1.216456 1.234779 1.250353 1.265761 1.287091 1.303846 1.317919 1.335103 1.353771 1.368892 1.384407 1.399599 1.415101 1.431506 1.446207 1.461277 1.475847 1.490545 1.505603 1.521500 1.537563 1.552449 1.567517 1.585611 1.600654 1.615679 1.630225 1.644201 1.657987 1.671881 1.685636 1.700132 1.714582 1.731038 1.746366 1.760683 1.775752 1.791000 1.805065 1.821310 1.837119 1.855376 1.869505 1.883348 1.897477 1.911200 1.926561 1.942523 1.958623 1.976093 1.993001 2.007302 2.024000 2.040424 2.055857 2.070657 2.084557 2.098795 2.113030 2.128397 2.145964 2.159839 2.173914 2.188610 2.203294 2.218303 2.232806 2.250111 2.265189 2.284567 2.303731 2.323719 2.337442 2.351034 2.365716 2.379424 2.393410 2.408545 2.423267 2.436822 2.450686 2.464539 2.477940 2.491355 2.505059 2.518404 2.534543 2.548769 2.563446 2.576883 2.590374 2.604069 2.617296 2.630696 2.644063 2.657690 2.671110 2.685309 2.698795 2.714762 2.729383 2.743172 2.757478 2.770968 2.785308 2.798842 2.812984 2.827525 2.843522 2.857186 2.870441 2.898055 2.911970 2.926321 2.940667 2.954279 2.971655 2.985106 3.001191 3.016165 3.029687 3.042995 3.056823 3.072998 3.086545 3.100091 3.114130 3.128695 3.142723 3.156308 3.169607 3.185204 3.199369 3.214013 3.248526 3.265897 3.279066 3.292464 3.306002 3.320279 3.333926 3.348232 3.361621 3.375128 3.389872 3.403529 3.417625 3.433074 3.448262 3.462710 3.477457 3.494592 3.508199
Elapsed_time: 3.508199
Score: 422.751479
201
1017.756330 988.976211 960.393404 950.005802 938.372743 927.598284 920.008528 913.156659 905.830266 900.153330 895.607757 891.000948 886.474646 882.267964 879.030859 874.025381 869.137416 863.787211 857.818746 851.087041 846.861268 840.995832 833.405670 826.384023 821.011613 815.166023 807.362835 799.039364 790.930495 785.193088 778.684819 771.246705 762.701652 758.807069 751.033481 741.894178 734.483833 726.317674 717.010105 712.477071 706.248534 701.537203 695.397660 692.234599 688.073212 683.986328 679.424758 673.683203 669.359560 664.474064 660.494609 656.281657 652.579713 649.409004 645.871886 642.932038 640.991960 637.988024 635.629286 632.893947 631.134449 627.926019 625.378616 622.956675 620.404774 618.829524 616.287637 614.340626 612.454994 611.147180 609.487206 607.983514 605.980317 604.204650 602.867661 601.696840 600.078369 598.688288 597.567826 596.460294 595.185843 593.961975 592.383380 590.823770 589.362216 587.786272 586.667118 585.343006 583.848132 582.506173 580.898346 579.369978 577.707540 575.879434 573.990233 572.563711 571.442270 570.230307 568.778779 567.316625 566.140254 564.753739 563.608927 562.666949 561.249533 560.275728 559.025624 558.386120 557.164236 555.942887 554.596912 553.385653 552.041137 550.810266 549.564543 548.253419 547.442386 546.321733 544.973945 543.695981 542.273155 540.953507 539.497279 538.207742 537.008265 536.224703 534.809620 533.689516 532.649791 531.507289 530.273352 529.581689 528.487420 527.853319 526.811403 525.727225 524.763004 523.749732 522.619195 521.728016 520.675672 519.581717 518.713049 517.792410 516.460118 515.836076 514.425135 513.754372 513.159246 512.373877 511.878348 510.938550 510.265876 509.444366 508.838127 508.135472 507.474217 506.259472 505.465876 504.615938 503.701439 502.461665 501.665980 501.080251 500.059771 499.200602 498.279569 497.426718 496.591581 495.903988 494.925605 494.092319 493.374082 492.576379 492.034004 491.210240 490.558496 489.678664 488.964635 488.379818 487.390680 487.077035 486.342824 485.780864 485.183410 484.427447 483.659555 482.927784 481.964243 481.241874 480.457803 479.570517 478.578864 477.796040 477.242263 476.625743 475.668193 475.015053 474.294172 473.259758 472.444031
0.418132 0.486768 0.502743 0.516727 0.531187 0.547240 0.561990 0.576769 0.595165 0.611349 0.627362 0.641676 0.656683 0.671448 0.686773 0.700778 0.714301 0.727852 0.742286 0.757269 0.771390 0.784821 0.798653 0.813717 0.831269 0.845296 0.859834 0.874272 0.887913 0.901563 0.915120 0.930915 0.951040 0.970146 0.990383 1.004545 1.020328 1.037662 1.052951 1.066768 1.080926 1.095202 1.110065 1.123933 1.142257 1.157047 1.174600 1.188568 1.202437 1.217460 1.230930 1.244536 1.258208 1.272530 1.288350 1.302200 1.315990 1.331367 1.345613 1.359677 1.376487 1.390611 1.404297 1.418421 1.435179 1.451497 1.471247 1.487523 1.501057 1.514608 1.528345 1.542456 1.556189 1.571992 1.589011 1.604533 1.618203 1.633764 1.652147 1.667053 1.680495 1.694247 1.716418 1.737148 1.759924 1.780074 1.800761 1.818873 1.832533 1.870108 1.885255 1.899588 1.914938 1.928610 1.942440 1.955996 1.969774 1.986661 2.000356 2.016248 2.030105 2.045750 2.064959 2.080014 2.094284 2.108704 2.125942 2.140378 2.154107 2.168030 2.184090 2.199306 2.213613 2.229664 2.244669 2.265071 2.284140 2.301948 2.317507 2.332045 2.351598 2.366354 2.381558 2.395772 2.414219 2.430212 2.447598 2.465676 2.480413 2.494816 2.509056 2.524503 2.539617 2.556294 2.570184 2.585329 2.600571 2.615813 2.633365 2.651175 2.668759 2.683733 2.697940 2.712148 2.726078 2.739811 2.754308 2.768272 2.782338 2.796445 2.810723 2.824994 2.838727 2.853309 2.867257 2.881481 2.896553 2.910557 2.924854 2.939152 2.952957 2.966736 2.980379 2.995411 3.009730 3.027117 3.043717 3.063774 3.083891 3.104762 3.121743 3.136968 3.151229 3.165619 3.181551 3.195914 3.209974 3.224376 3.239006 3.259481 3.279015 3.292895 3.308413 3.322595 3.343069 3.356887 3.370413 3.383988 3.397463 3.410974 3.424473 3.438063 3.451685 3.465331 3.479348 3.499895 3.513960 3.528451 3.543861 3.558855 3.573279
Elapsed_time: 3.573279
Score: 472.444031
201
1049.791284 1017.806407 990.240992 978.114891 966.329063 958.858767 952.719827 948.610010 939.702743 933.537355 927.591438 924.618273 917.946955 913.556926 910.598544 902.537874 896.526208 891.269356 882.459594 875.965666 869.940442 864.630229 857.365961 851.178159 845.320716 838.685063 832.941070 825.744660 821.956766 813.065446 805.370604 798.030462 789.716970 781.910686 770.428607 760.876752 753.035089 746.368508 739.701759 733.609369 728.960689 722.793103 716.940818 710.091330 704.425571 699.225527 695.679145 690.808011 685.111141 679.658503 674.969972 670.464056 665.928949 663.253536 657.713034 653.899139 651.427904 647.311608 644.436064 641.553205 638.301855 634.200583 631.432547 628.629500 626.353669 623.928667 621.613325 619.558746 616.759085 615.442754 612.966789 611.847547 609.100734 607.050550 604.839865 602.885712 600.981077 599.158408 597.277525 595.072921 593.141627 591.287302 589.701424 587.988507 586.553682 585.046651 583.602957 581.846771 580.361397 578.806954 577.231279 575.616700 574.455570 572.766455 571.194786 570.149347 568.268842 567.337971 566.300670 564.904607 563.584492 562.408695 561.528443 560.455727 559.185395 558.077240 557.154481 556.319374 555.213251 553.975375 552.874744 551.933371 551.173440 550.086196 548.868503 547.995382 547.073030 546.189442 545.318321 544.619232 543.928221 543.128454 542.346152 541.530143 540.810990 540.126872 539.340179 538.508959 537.906276 537.206031 536.850177 536.101997 535.591806 535.100104 534.497096 533.794553 533.240786 532.648684 532.075151 531.351599 530.765681 530.334949 529.602731 528.965514 528.316289 527.691282 527.146603 526.511486 526.076849 525.513912 525.209819 524.622183 524.284581 523.946215 523.585752 523.015525 522.520334 522.124851 521.734587 521.231528 520.637413 520.086417 519.624053 519.109156 518.619169 518.203865 517.749528 517.313086 516.901535 516.461026 515.904834 515.640571 515.010657 514.574278 514.175985 513.615535 513.238460 512.865899 512.474981 511.891217 511.381015 510.788272 510.139399 509.728397 509.343655 508.974591 508.254779 507.812015 507.280872 506.846466 506.423539 505.931639 505.402842 504.801544 504.569025 504.025142 503.663017 503.191257 502.678115 502.163801 501.764418
0.435049 0.496762 0.514580 0.530429 0.545899 0.562739 0.577689 0.592349 0.607058 0.620853 0.634697 0.648476 0.662588 0.677170 0.691409 0.707043 0.722826 0.739739 0.754229 0.768042 0.781876 0.795681 0.809496 0.823123 0.836987 0.851002 0.865792 0.880094 0.898303 0.915443 0.931933 0.946317 0.966508 0.980264 0.995166 1.010603 1.025795 1.043317 1.064798 1.078855 1.092684 1.106372 1.120350 1.134799 1.149645 1.164898 1.180165 1.195352 1.210289 1.224232 1.238996 1.253264 1.268163 1.283386 1.298586 1.313480 1.328779 1.343345 1.372376 1.386346 1.400380 1.414486 1.429996 1.444148 1.459246 1.474141 1.488904 1.503114 1.517917 1.534665 1.549879 1.565007 1.582154 1.598108 1.612322 1.631229 1.649772 1.669008 1.683005 1.697437 1.712117 1.726838 1.741482 1.757730 1.773658 1.793870 1.809075 1.824989 1.839938 1.855749 1.870521 1.884964 1.899411 1.913729 1.928730 1.943028 1.960847 1.997500 2.018993 2.033058 2.047982 2.064096 2.079472 2.095493 2.111721 2.126224 2.142146 2.157758 2.172828 2.187889 2.203969 2.218367 2.232904 2.248507 2.263058 2.277122 2.292057 2.306364 2.320657 2.335065 2.350828 2.364853 2.378860 2.392851 2.406765 2.420805 2.437378 2.453497 2.474243 2.491777 2.507254 2.522872 2.536985 2.551619 2.565614 2.580501 2.596455 2.611637 2.626317 2.643379 2.657808 2.672953 2.687936 2.702666 2.722481 2.736451 2.752067 2.774164 2.798674 2.816015 2.833522 2.851180 2.872025 2.903489 2.922814 2.942785 2.958216 2.975401 2.992804 3.006934 3.024396 3.040949 3.056625 3.070690 3.085146 3.100371 3.114135 3.127854 3.141615 3.155309 3.169021 3.182837 3.197710 3.211635 3.226439 3.240534 3.255872 3.269800 3.283816 3.298460 3.312513 3.326465 3.342241 3.356127 3.370453 3.385111 3.399165 3.412813 3.426461 3.440083 3.453765 3.467499 3.485981 3.507955 3.524747 3.539382 3.553065 3.566815 3.581234 3.595115 3.609241
Elapsed_time: 3.609241
Score: 501.764418
dwt_1005
FR
201
18884.289771 1312.025409 1263.809688 1217.208042 1172.044715 1128.075928 1086.388075 1046.446029 1009.422155 974.264504 940.415187 908.123983 877.339665 847.762720 819.600533 793.103628 768.167427 744.290841 721.766946 700.416076 680.168973 660.762813 642.162973 624.200204 606.973954 590.263088 574.217216 558.634446 543.585533 528.927552 514.885296 501.321650 488.359799 475.794794 463.905965 452.342492 441.503046 430.755682 420.527442 410.555320 401.185808 392.015415 383.253359 374.734249 366.803317 358.980166 351.695596 344.537765 337.779728 331.234313 324.887903 318.947347 313.008600 307.547641 302.022234 297.072707 292.002494 287.348803 282.444915 278.005001 273.537586 269.448603 265.322784 261.391470 257.466344 253.710192 249.942712 246.386777 242.783826 239.429153 236.053131 232.951051 229.763441 226.884845 223.872079 221.086092 218.293833 215.726357 213.096106 210.633457 208.135893 205.850248 203.598063 201.385352 199.222317 197.105070 195.060759 193.047842 191.133293 189.238525 187.402238 185.550941 183.815271 181.972059 180.225288 178.359102 176.707972 174.903519 173.298191 171.681155 170.167329 168.569331 167.043487 165.419798 163.977346 162.379928 160.917559 159.415645 158.036099 156.627061 155.319237 153.978876 152.737933 151.481158 150.329116 149.162038 148.059431 146.915242 145.835858 144.664542 143.584986 142.504685 141.474303 140.452245 139.438864 138.426538 137.411246 136.486490 135.531059 134.633075 133.721491 132.816543 131.947151 131.026344 130.184905 129.301841 128.464518 127.586812 126.790111 125.930321 125.125488 124.306873 123.537790 122.726614 121.985001 121.196694 120.482900 119.744351 119.065094 118.355770 117.704783 117.018144 116.380067 115.709565 115.064800 114.405187 113.776359 113.151007 112.552749 111.981271 111.433884 110.903001 110.374886 109.875690 109.374751 108.908135 108.423096 107.971878 107.515917 107.083616 106.670940 106.277540 105.891368 105.525203 105.168052 104.820378 104.481308 104.157129 103.837685 103.531289 103.238458 102.961339 102.701233 102.450772 102.217554 101.996202 101.790615 101.596649 101.418451 101.251986 101.099146 100.960010 100.833003 100.718776 100.617795 100.529446 100.453973 100.391275 100.341301 100.303991 100.279147
0.000066 0.037186 0.048485 0.061702 0.073430 0.085248 0.097139 0.108414 0.120174 0.132693 0.143931 0.155247 0.166729 0.180711 0.197649 0.214406 0.230876 0.247238 0.261114 0.276776 0.289976 0.301527 0.318360 0.333380 0.345756 0.360699 0.372035 0.384919 0.396570 0.408151 0.419448 0.430965 0.448177 0.459611 0.471565 0.483090 0.495322 0.507293 0.519993 0.532228 0.544151 0.556667 0.568778 0.581434 0.593898 0.605550 0.617617 0.633794 0.645308 0.657089 0.668654 0.681081 0.695835 0.708485 0.723140 0.735723 0.747441 0.759378 0.771248 0.782647 0.794177 0.806782 0.818719 0.830142 0.841805 0.853064 0.864424 0.876270 0.887858 0.899696 0.912238 0.924814 0.936423 0.948865 0.961057 0.974925 0.987903 0.999257 1.010694 1.022334 1.035626 1.048653 1.059884 1.071110 1.082668 1.094092 1.106180 1.118247 1.130539 1.143425 1.155587 1.168463 1.179747 1.191351 1.202642 1.214298 1.225215 1.236513 1.247676 1.259031 1.269935 1.280860 1.291726 1.305666 1.319812 1.331139 1.342215 1.353945 1.366666 1.378068 1.389834 1.402435 1.413546 1.425703 1.437948 1.449199 1.460420 1.471862 1.483509 1.495019 1.506213 1.517737 1.529031 1.539968 1.551145 1.562333 1.574021 1.585128 1.596307 1.608811 1.620826 1.632423 1.643964 1.655200 1.667059 1.678256 1.692610 1.705838 1.719696 1.732606 1.743622 1.754763 1.765799 1.776953 1.788767 1.799854 1.813223 1.824684 1.836962 1.848393 1.859369 1.870310 1.881472 1.892619 1.904296 1.915931 1.927419 1.940046 1.951319 1.963670 1.974783 1.985975 1.997425 2.008524 2.020395 2.031261 2.042739 2.053992 2.064999 2.075980 2.087882 2.098772 2.110083 2.126791 2.140242 2.151091 2.162033 2.172893 2.184219 2.200039 2.211291 2.222219 2.233273 2.244311 2.255883 2.268492 2.279633 2.290688 2.302034 2.314141 2.326457 2.337558 2.348878 2.360317 2.371702 2.382695 2.394023 2.404887 2.415796 2.426930 2.439046
Elapsed_time: 2.439046
Score: 100.279147
201
18564.936694 1312.645416 1263.753360 1215.722375 1168.032218 1121.618680 1076.171056 1033.228188 992.488653 953.754611 917.332082 883.103448 851.145724 821.048555 792.382784 765.435174 740.323101 716.328021 693.938094 672.557807 652.509954 633.145396 615.030088 597.637409 581.113132 565.181259 550.199192 536.011891 522.456320 509.586625 497.585013 486.069787 475.150427 464.620740 454.665550 445.157839 436.159126 427.626526 419.493247 411.712661 404.394212 397.403722 390.823751 384.590028 378.707990 372.991589 367.450223 362.418987 357.289566 352.879085 348.354195 344.268635 340.116537 336.238014 332.267149 328.724890 325.118260 321.851447 318.479443 315.351940 312.063231 309.108309 306.021240 303.073338 300.264184 297.570613 294.991570 292.554250 290.184654 287.916437 285.695084 283.416445 281.211002 279.045126 276.880636 274.660396 272.596326 270.488918 268.546159 266.524715 264.634519 262.587508 260.697115 258.672748 256.731711 254.749400 252.920089 250.907539 249.106560 247.179927 245.563680 243.753834 242.344796 240.688463 239.352069 237.859258 236.514535 234.970771 233.547091 232.031315 230.764215 229.321603 227.981012 226.690188 225.314885 224.077338 222.842339 221.571133 220.377488 219.200872 218.093656 217.002332 215.959182 214.820682 213.780756 212.709637 211.660945 210.658309 209.708011 208.751501 207.842911 206.973688 206.129486 205.215674 204.442927 203.538838 202.729655 201.866505 201.021801 200.152592 199.273088 198.459371 197.598591 196.815119 196.001394 195.223121 194.463691 193.729966 192.975224 192.258246 191.522739 190.820503 190.118075 189.433154 188.730488 188.058234 187.381411 186.757137 186.106975 185.490111 184.874181 184.279762 183.709248 183.148000 182.581254 182.018794 181.478690 180.955964 180.428944 179.912786 179.408386 178.919776 178.417238 177.952210 177.479185 177.004325 176.539393 176.075914 175.624430 175.172327 174.745671 174.331056 173.927275 173.538534 173.160617 172.795881 172.441319 172.099105 171.773126 171.459856 171.163714 170.884029 170.615893 170.363654 170.123890 169.897711 169.684918 169.486182 169.300955 169.129521 168.972218 168.827957 168.697283 168.579692 168.475271 168.383954 168.305676 168.240583 168.188511 168.149573 168.123668
0.000049 0.034755 0.047358 0.058380 0.069283 0.080905 0.096454 0.107408 0.119451 0.130469 0.142299 0.153366 0.164848 0.176760 0.188693 0.199643 0.210500 0.221439 0.232423 0.244943 0.261007 0.276433 0.291905 0.303825 0.318034 0.330843 0.342701 0.361093 0.372324 0.387561 0.399609 0.410507 0.426940 0.438074 0.449184 0.460223 0.471760 0.483537 0.495454 0.509589 0.523886 0.534788 0.545744 0.558080 0.570173 0.583068 0.596391 0.607455 0.618799 0.634406 0.648755 0.661545 0.674588 0.686921 0.698645 0.709825 0.721688 0.734375 0.745798 0.758374 0.770431 0.781925 0.794344 0.805302 0.821912 0.837201 0.850037 0.861095 0.872273 0.883027 0.893829 0.904596 0.915403 0.926134 0.937476 0.950091 0.961400 0.972215 0.983135 0.995853 1.006700 1.017834 1.030547 1.041814 1.053676 1.064509 1.075327 1.086361 1.097090 1.107920 1.119533 1.130570 1.142607 1.154365 1.165378 1.181798 1.198278 1.213594 1.224357 1.235139 1.245898 1.256656 1.267472 1.278426 1.290091 1.301975 1.317226 1.329089 1.341990 1.353603 1.364715 1.382677 1.400592 1.416753 1.427936 1.439131 1.450847 1.461739 1.474267 1.489163 1.504366 1.520352 1.532398 1.544964 1.556190 1.568619 1.581822 1.598446 1.614602 1.628746 1.640820 1.654547 1.668389 1.680052 1.694093 1.710270 1.722236 1.733905 1.746153 1.757006 1.768286 1.779338 1.791061 1.802321 1.813013 1.824090 1.835208 1.846069 1.857170 1.868007 1.878816 1.891268 1.903098 1.913965 1.926879 1.938412 1.950587 1.961981 1.975834 1.986581 1.997554 2.008510 2.019465 2.031394 2.045046 2.055803 2.066759 2.077858 2.090196 2.101366 2.116047 2.127539 2.139012 2.151176 2.162849 2.175228 2.188379 2.201975 2.212800 2.223550 2.234467 2.245793 2.258704 2.275001 2.290855 2.306959 2.318416 2.329898 2.340715 2.352133 2.365114 2.378742 2.391123 2.402758 2.414276 2.425294 2.436774 2.451878 2.466623 2.479987 2.491240
Elapsed_time: 2.491240
Score: 168.123668
201
20711.960297 1321.636701 1275.875568 1231.389788 1186.544799 1141.711242 1098.109951 1056.695473 1017.631885 981.000745 946.287031 913.778546 882.424582 852.780475 824.805718 797.793818 772.039032 747.420756 724.437547 702.344106 681.526130 661.661804 643.118658 625.302042 608.303875 592.211931 577.020480 562.743432 549.151346 536.165128 523.889095 512.156834 501.017624 490.326746 480.195812 470.572459 461.357960 452.479991 444.043855 435.888736 428.096902 420.692432 413.604931 406.815160 400.321865 393.926900 387.835181 381.947962 376.314425 370.881195 365.769409 360.648532 355.816612 351.077013 346.663976 342.325645 338.039073 334.019463 329.950982 326.165245 322.355000 318.744923 315.116040 311.663833 308.238915 304.941754 301.589928 298.466570 295.300708 292.269429 289.209208 286.224123 283.269198 280.454009 277.656842 274.949207 272.219295 269.662807 267.065281 264.462042 261.884517 259.276463 256.794696 254.221462 251.704070 249.228130 246.725439 244.344121 241.981213 239.683837 237.368989 235.132127 232.835284 230.592208 228.323335 226.063196 223.876639 221.778226 219.641694 217.600498 215.512245 213.509497 211.505367 209.545724 207.595458 205.683750 203.740410 201.916044 200.119641 198.357215 196.589684 194.870390 193.149772 191.512584 189.875989 188.221657 186.634023 185.052363 183.515542 182.002865 180.521563 178.994340 177.585796 176.165722 174.847524 173.432767 172.162606 170.854324 169.587730 168.330818 167.064676 165.824018 164.602080 163.397262 162.231305 161.059001 159.927553 158.774899 157.726092 156.627525 155.576714 154.502895 153.476007 152.444489 151.453291 150.467857 149.494703 148.547666 147.610295 146.694645 145.822919 144.969368 144.129518 143.331170 142.507010 141.712961 140.952573 140.205809 139.471920 138.762007 138.065135 137.389325 136.736783 136.087006 135.452529 134.830040 134.218698 133.621444 133.029677 132.460281 131.906402 131.366093 130.846102 130.339605 129.853474 129.382806 128.928396 128.490646 128.068542 127.660857 127.273873 126.902346 126.550995 126.214828 125.895728 125.595682 125.312240 125.048624 124.803543 124.576277 124.366568 124.174288 123.999657 123.842888 123.703969 123.582646 123.478833 123.392362 123.323368 123.271729 123.237331
0.000035 0.034896 0.046542 0.057747 0.069165 0.083408 0.095247 0.108992 0.124014 0.139380 0.154965 0.166115 0.181698 0.193231 0.204068 0.214779 0.225863 0.238239 0.250760 0.262543 0.274038 0.286328 0.297898 0.310349 0.324232 0.335804 0.347686 0.359707 0.370723 0.382504 0.393400 0.404127 0.415909 0.427570 0.440895 0.452613 0.463445 0.474220 0.485028 0.497087 0.514787 0.530044 0.544505 0.560436 0.571755 0.585670 0.596429 0.607505 0.618719 0.634243 0.649351 0.660654 0.674492 0.685412 0.696268 0.707653 0.718913 0.730607 0.741725 0.752909 0.763805 0.775098 0.789908 0.800916 0.811697 0.822609 0.834443 0.845511 0.856879 0.871477 0.882429 0.897116 0.908109 0.923742 0.934911 0.946610 0.957376 0.972961 0.985453 0.996694 1.007553 1.019302 1.030080 1.041737 1.056169 1.068807 1.079590 1.090472 1.101247 1.116529 1.130031 1.143858 1.157743 1.168818 1.180747 1.191793 1.203285 1.215398 1.226200 1.236940 1.248479 1.263432 1.274712 1.285681 1.297842 1.309780 1.322311 1.335602 1.346418 1.362594 1.376576 1.387294 1.398092 1.408943 1.419752 1.430917 1.446315 1.458919 1.476509 1.490314 1.502170 1.513160 1.527044 1.537893 1.549044 1.560166 1.571348 1.585943 1.601948 1.615280 1.627135 1.638840 1.649841 1.661531 1.672706 1.683744 1.695576 1.709877 1.721286 1.732430 1.743707 1.754977 1.766439 1.777834 1.789208 1.800546 1.812035 1.822972 1.834121 1.845278 1.857735 1.869721 1.880612 1.891954 1.902853 1.913653 1.924536 1.935588 1.947042 1.959575 1.972347 1.983736 1.996038 2.010076 2.022224 2.032984 2.043708 2.054527 2.065251 2.076312 2.092225 2.105527 2.116896 2.127985 2.140331 2.151859 2.162956 2.174969 2.186407 2.197246 2.209503 2.221164 2.232253 2.244632 2.257441 2.268862 2.279949 2.290858 2.301634 2.312380 2.323527 2.335861 2.346675 2.358439 2.369197 2.380142 2.390993 2.401752 2.413242 2.424121 2.434846
Elapsed_time: 2.434846
Score: 123.237331
CN-FR
200
449.600789 392.341976 371.174994 360.645028 351.568653 343.401651 338.885043 332.151601 328.901820 322.690275 320.786505 314.905017 313.194804 307.853009 306.632665 301.717373 300.431573 295.664559 294.695460 290.669254 289.781724 285.973394 285.296129 282.027809 281.524100 278.541008 278.267902 275.428041 275.213524 272.545663 272.479520 269.729223 270.025732 267.257109 267.615755 264.892455 265.138275 262.438240 262.706496 259.738293 259.690663 256.314392 256.556442 253.002493 253.287504 249.376534 249.436367 245.579597 245.481329 241.932677 242.248529 239.136311 239.588981 236.673745 237.268415 234.463191 234.801519 232.249087 232.779498 230.324563 230.788672 228.245549 229.040242 226.682116 227.520230 225.214339 226.075966 223.806281 224.699115 222.512529 223.445037 221.269528 222.119213 220.046941 220.929157 218.976534 219.866290 217.903068 218.752862 216.844810 217.509568 215.756409 216.231395 214.613063 215.059152 213.040532 213.651232 211.484317 212.028947 209.837202 209.919063 207.751913 207.355174 205.242465 204.242508 202.789247 201.739217 200.363104 199.080803 197.407957 196.017450 193.971884 192.673791 191.134543 189.859820 188.559788 187.375239 186.190421 185.079555 184.260443 183.257735 182.569169 181.728240 180.996575 180.268885 179.451173 178.735058 177.802404 176.968439 175.824268 175.082618 173.800255 172.943141 171.805377 170.879552 169.729015 168.891919 167.759381 166.714704 165.423349 164.418687 163.072829 161.985644 160.737985 159.477767 157.852458 156.686613 155.006235 153.870939 152.307781 151.320911 149.733285 148.868677 147.528775 146.594360 145.553132 144.502417 143.506931 142.619003 141.657471 140.925741 140.007507 139.306761 138.288420 137.437463 136.515594 135.493584 134.461825 133.401970 132.195499 131.020934 129.681157 128.362774 126.914162 125.751755 124.482638 123.351154 122.095699 120.927513 119.746444 118.546948 117.348682 116.173135 115.079755 113.928068 112.839329 111.769318 110.733942 109.699552 108.668628 107.655209 106.665540 105.693947 104.740551 103.799593 102.926747 102.105904 101.353804 100.655784 100.008245 99.410246 98.860299 98.365681 97.924138 97.534199 97.199275 96.913793 96.676308 96.488962 96.349508
0.181863 0.240050 0.253152 0.264202 0.276285 0.287679 0.298669 0.309500 0.320955 0.331862 0.342779 0.354264 0.365234 0.380689 0.395359 0.406807 0.419441 0.431355 0.443062 0.454986 0.467708 0.479586 0.491130 0.502080 0.513465 0.524792 0.535652 0.546601 0.558649 0.572352 0.585677 0.602979 0.613960 0.625526 0.636485 0.648090 0.659151 0.671294 0.684588 0.696649 0.708567 0.721261 0.732275 0.743282 0.754286 0.766119 0.778620 0.791583 0.805391 0.816665 0.829219 0.841697 0.853431 0.865702 0.877737 0.893800 0.907108 0.917911 0.928946 0.942046 0.953143 0.964544 0.975841 0.987628 1.002274 1.014693 1.026736 1.037772 1.049304 1.060690 1.071520 1.082360 1.093472 1.104261 1.118339 1.129081 1.142373 1.153734 1.165652 1.180956 1.193586 1.205084 1.216269 1.227465 1.238254 1.249174 1.262627 1.278010 1.289688 1.300567 1.311882 1.327337 1.338143 1.350921 1.362385 1.373275 1.384580 1.396078 1.407216 1.418589 1.429323 1.440143 1.452036 1.463246 1.474655 1.487286 1.499708 1.512452 1.524742 1.536376 1.548766 1.561811 1.574047 1.590048 1.601887 1.612684 1.623672 1.637534 1.648793 1.660652 1.676184 1.687952 1.699828 1.710596 1.722345 1.733381 1.744110 1.757000 1.769866 1.783564 1.797442 1.810222 1.821507 1.832846 1.845307 1.856867 1.867762 1.879435 1.890530 1.905937 1.917268 1.928568 1.939479 1.950299 1.961829 1.973036 1.984285 1.995487 2.006563 2.018778 2.029606 2.041451 2.053147 2.063957 2.075508 2.086482 2.097554 2.111459 2.122768 2.135078 2.146214 2.156919 2.168003 2.183913 2.196703 2.213267 2.230100 2.242503 2.258335 2.269481 2.280662 2.292188 2.303452 2.319940 2.332009 2.344010 2.355011 2.366468 2.379330 2.390388 2.401158 2.412519 2.425814 2.436671 2.447583 2.460865 2.475106 2.486584 2.498145 2.509367 2.520291 2.531779 2.542618 2.554604 2.568129 2.579082 2.589906 2.600919 2.616914 2.627837
Elapsed_time: 2.627837
Score: 96.349508
200
441.530153 395.851322 379.857357 376.259620 366.677649 365.297652 357.988191 356.537514 349.918176 349.802787 344.658686 344.968295 340.440754 341.219017 337.207495 337.868147 333.953520 334.578094 331.179775 331.681966 328.166648 328.675596 325.433533 325.864224 322.771125 323.349904 320.464509 321.033491 318.530104 319.081554 316.403489 317.232230 314.421411 315.320913 312.450225 313.271126 310.378427 311.162394 308.311000 309.279732 306.126432 307.278781 304.268920 305.359435 302.357773 303.327172 300.591223 301.371005 298.771730 299.412024 296.950939 297.535652 295.359969 296.013365 293.832709 294.409581 292.382796 292.826353 290.720837 291.146990 288.866981 289.339777 287.228134 287.576563 285.641291 285.728987 283.999935 284.103801 282.494149 282.515200 280.677519 280.686953 278.778714 278.444490 276.488313 276.299222 274.631205 274.434950 272.715490 272.596755 270.907088 270.581951 269.052871 268.651888 267.116442 266.775950 265.209734 265.062903 263.451338 263.349617 261.704742 261.752114 260.114741 260.122386 258.506104 258.556806 257.002097 257.016473 255.393223 255.323203 253.490240 253.228892 251.212901 250.555627 248.134980 247.252479 244.946037 243.818299 241.728801 240.786885 238.809338 237.787384 235.996907 234.945674 233.084881 231.915518 230.236523 228.911523 227.241780 225.866383 224.271399 222.885111 221.035273 219.686440 217.871037 216.422231 214.737758 213.170420 211.602913 210.036614 208.393997 206.914337 205.094419 203.501396 201.731958 199.939341 198.149460 196.126199 194.256554 191.931160 189.838937 187.617127 185.667278 183.611175 181.631523 179.775349 177.856487 176.225086 174.711704 173.219823 171.849847 170.471828 169.006933 167.615446 166.131888 164.685762 163.141096 161.471449 159.972855 158.232291 156.717116 154.873825 153.191272 151.508256 149.997639 148.536263 147.007977 145.693789 144.342818 143.050066 141.782241 140.666739 139.536348 138.452724 137.421716 136.393720 135.363182 134.323012 133.295034 132.314272 131.308300 130.372094 129.456363 128.600065 127.766443 126.988512 126.242846 125.539642 124.880304 124.257688 123.686725 123.167672 122.701386 122.286052 121.917239 121.603898 121.335601 121.116782 120.944308 120.815818
0.219102 0.271908 0.283258 0.294610 0.306102 0.322095 0.333784 0.351578 0.366291 0.379237 0.390229 0.404089 0.414881 0.425898 0.436931 0.448212 0.459361 0.471135 0.482677 0.494385 0.506015 0.517831 0.529404 0.542175 0.554014 0.566804 0.579393 0.596813 0.609368 0.620115 0.631105 0.643906 0.654631 0.665380 0.677476 0.693207 0.704646 0.715648 0.726511 0.737281 0.748004 0.759644 0.772510 0.785748 0.798799 0.810271 0.822688 0.833793 0.844984 0.856255 0.868139 0.878999 0.892777 0.907605 0.923078 0.938918 0.950919 0.969634 0.985432 0.996329 1.009315 1.021327 1.033172 1.044061 1.055274 1.065977 1.076902 1.087809 1.100293 1.112857 1.124260 1.135083 1.145976 1.157509 1.168656 1.187212 1.198816 1.209547 1.220360 1.231076 1.241880 1.252976 1.267214 1.280403 1.293679 1.304920 1.316112 1.327762 1.339749 1.354187 1.368280 1.380710 1.393317 1.404413 1.415592 1.426685 1.437411 1.448159 1.460224 1.471199 1.482276 1.493058 1.503741 1.514822 1.528395 1.539940 1.555298 1.566110 1.576804 1.587688 1.598691 1.613704 1.628103 1.639149 1.650566 1.661589 1.673484 1.685314 1.697454 1.708798 1.721578 1.732296 1.744409 1.755399 1.766325 1.777289 1.788734 1.802595 1.813742 1.830082 1.844046 1.854829 1.865817 1.876520 1.888039 1.899033 1.910170 1.921736 1.932785 1.943505 1.954209 1.965165 1.976519 1.987892 1.998721 2.009945 2.020935 2.032188 2.043457 2.054438 2.066125 2.077305 2.093596 2.110738 2.121858 2.134802 2.147485 2.159007 2.170047 2.181708 2.192832 2.203820 2.215031 2.226464 2.237901 2.249294 2.260401 2.272558 2.285469 2.296959 2.308539 2.324520 2.339764 2.352866 2.363987 2.376627 2.387926 2.399565 2.411430 2.425743 2.441070 2.455446 2.468902 2.480766 2.492689 2.503925 2.515460 2.528276 2.539338 2.553111 2.569450 2.580764 2.592011 2.603225 2.614360 2.625268 2.636466 2.647770 2.659718 2.670791
Elapsed_time: 2.670791
Score: 120.815818
200
418.014819 380.666677 363.056470 360.876387 349.801009 349.905795 341.309288 343.057507 335.013450 336.872781 329.649993 331.750188 325.032626 327.116564 320.573380 323.603402 317.614560 320.897494 315.161601 318.595273 313.242365 316.694885 311.602703 314.936549 310.020261 313.276659 308.296111 311.436213 306.369832 309.346671 304.249957 307.302050 301.706164 305.162891 299.785188 302.904416 298.104860 301.018208 296.453953 299.483268 295.234918 298.054526 294.179496 296.772507 293.005990 295.485733 291.818506 294.242647 290.715663 293.012639 289.692569 291.869701 288.677393 290.759212 287.715367 289.659561 286.640224 288.524524 285.546388 287.334240 284.355075 285.948160 283.099621 284.721359 282.033165 283.567200 280.817791 282.143765 279.593967 280.815397 278.248770 279.083375 276.531232 276.803347 274.615485 274.912377 272.571586 273.061017 270.558252 271.145226 268.659162 268.730646 266.421943 266.116374 263.977022 263.836713 261.786239 261.690444 259.807133 259.898345 258.186986 258.346534 256.762973 256.813629 255.229908 255.310469 253.628984 253.783397 252.217924 252.306357 250.858197 250.857183 249.136683 249.270736 247.367359 247.344946 245.164558 244.979406 242.358348 241.465793 238.393336 237.079416 234.365795 232.590948 229.747548 227.058859 224.737678 221.873877 219.969524 217.423408 215.509075 212.925646 211.173630 209.121830 207.406199 205.518070 203.608597 201.822684 200.031970 198.258083 196.488205 194.637681 192.679427 190.539353 188.447990 186.671218 184.966853 183.240769 181.530507 179.852412 178.031284 176.507657 174.860666 173.051532 171.458754 169.843697 167.995176 166.426939 164.509607 162.955035 160.908326 159.214343 157.128126 155.400902 153.286113 151.462576 149.544200 147.929468 146.060923 144.380930 142.553959 140.955421 139.160942 137.681394 136.084168 134.768367 133.171009 131.840043 130.219407 128.840743 127.258807 125.869799 124.415187 123.055972 121.641020 120.266772 118.968186 117.606048 116.368025 115.085371 113.866220 112.654131 111.487456 110.351617 109.268971 108.221471 107.224251 106.278534 105.402596 104.581745 103.823326 103.129576 102.502166 101.940632 101.442900 101.014727 100.652134 100.352882 100.115416 99.936981
0.185681 0.249045 0.261035 0.273868 0.285186 0.297053 0.310242 0.323168 0.335328 0.346986 0.359350 0.371796 0.382752 0.394167 0.405558 0.420224 0.432649 0.445758 0.457395 0.468345 0.480521 0.491706 0.502810 0.515163 0.526773 0.541022 0.552243 0.563075 0.573983 0.585016 0.596046 0.607952 0.619267 0.630574 0.643190 0.656371 0.672240 0.683244 0.695012 0.706757 0.720551 0.732007 0.747922 0.761696 0.775206 0.789515 0.805189 0.816215 0.827125 0.838978 0.850250 0.861545 0.872853 0.884114 0.897626 0.909308 0.920320 0.933119 0.945069 0.957617 0.969458 0.981839 0.993787 1.011232 1.027752 1.039186 1.050275 1.061168 1.072665 1.084751 1.099042 1.115117 1.126084 1.136965 1.148127 1.159330 1.170697 1.181609 1.192616 1.203483 1.214396 1.225268 1.236190 1.247225 1.259024 1.272010 1.283690 1.294633 1.305644 1.316687 1.327708 1.338887 1.352748 1.364076 1.376302 1.387423 1.398336 1.410684 1.424208 1.435400 1.447289 1.458994 1.470092 1.481517 1.493475 1.504540 1.522048 1.533397 1.546426 1.562721 1.580057 1.594188 1.606371 1.618571 1.630658 1.642241 1.657210 1.675158 1.690538 1.706529 1.720368 1.732628 1.743853 1.757609 1.770714 1.781635 1.792932 1.804296 1.817295 1.828420 1.839439 1.850969 1.868399 1.882055 1.893372 1.904412 1.915597 1.927586 1.940488 1.956051 1.967101 1.978450 1.990543 2.008039 2.020639 2.031707 2.043114 2.054141 2.066723 2.078056 2.089748 2.100636 2.111892 2.123093 2.134060 2.150822 2.164818 2.175853 2.187245 2.202972 2.219992 2.234139 2.247656 2.260856 2.273133 2.288780 2.300464 2.312459 2.325611 2.337238 2.348411 2.359882 2.373108 2.384475 2.395718 2.406789 2.417928 2.429904 2.441006 2.452050 2.464944 2.477383 2.492165 2.503544 2.515418 2.526612 2.538463 2.549405 2.560602 2.571858 2.589043 2.601703 2.612940 2.629360 2.642484 2.653461 2.664626 2.676478 2.687720 2.698765
Elapsed_time: 2.698765
Score: 99.936981
L-BFGS
201
18884.289771 14400.937016 3346.217311 1698.505432 1207.770669 1091.911878 1015.696310 949.522396 868.066399 801.339613 719.299406 653.515036 606.906819 569.165851 517.876289 480.153337 443.610107 411.127682 378.697649 348.246376 322.007273 304.510991 281.383794 265.929892 250.934981 241.620121 231.673057 223.943566 216.069405 209.172897 201.932781 194.998663 187.409942 182.246506 174.942044 171.565515 165.425174 162.137408 157.840691 153.157243 149.017120 145.131034 141.298484 137.620701 133.496553 126.897704 121.699042 115.211472 109.319591 104.404380 100.518148 96.489823 93.386691 91.040586 89.080657 87.803222 86.024551 83.975344 82.953966 81.914764 80.434002 80.192813 79.644360 78.122966 77.251592 76.311875 75.940468 75.313420 74.494304 73.805558 73.143254 72.389971 72.026110 71.717474 71.347664 70.987050 70.427658 70.024893 69.584260 69.209438 68.877769 68.615103 68.172813 67.814173 67.525567 67.260713 66.936370 66.669416 66.392986 66.056026 65.710510 65.275372 64.669204 64.001985 63.240831 62.030459 60.657995 59.198089 57.377434 55.365685 52.526522 48.943273 45.241222 41.425145 37.312214 33.810872 29.867771 26.979212 23.833062 21.060312 19.073546 17.622169 16.286275 14.842722 13.909523 13.095616 12.337323 11.649903 10.871259 10.128637 9.523073 8.980503 8.538288 8.054912 7.542878 7.120233 6.653907 6.200540 5.817523 5.450512 5.177426 4.983835 4.822345 4.680713 4.556497 4.468093 4.394867 4.322365 4.257766 4.201840 4.177448 4.168495 4.152021 4.107641 4.056193 4.012631 3.962099 3.913676 3.867817 3.830347 3.785497 3.766287 3.736454 3.721468 3.707084 3.693310 3.691924 3.674449 3.665913 3.654565 3.645091 3.641581 3.636024 3.630693 3.623900 3.622294 3.613679 3.611073 3.606290 3.602284 3.598898 3.597036 3.595470 3.593864 3.592236 3.591214 3.590396 3.589567 3.588757 3.588220 3.587689 3.587157 3.586576 3.586193 3.585904 3.585665 3.585401 3.585183 3.585035 3.584842 3.584691 3.584523 3.584324 3.584202 3.584052 3.583862 3.583740 3.583622 3.583482 3.583403 3.583310
0.000035 0.031124 0.049267 0.062787 0.075705 0.089575 0.107640 0.123271 0.135176 0.146398 0.160321 0.173951 0.185913 0.198492 0.213872 0.225004 0.236993 0.249796 0.261416 0.274480 0.285673 0.296191 0.307126 0.317628 0.328607 0.339119 0.349620 0.360184 0.370986 0.381935 0.392527 0.402856 0.413999 0.425102 0.436139 0.448250 0.462280 0.475718 0.485786 0.495744 0.505964 0.517473 0.527301 0.538378 0.550246 0.562041 0.573135 0.584146 0.593964 0.604163 0.618552 0.628806 0.639226 0.652959 0.665426 0.682521 0.694511 0.704370 0.714450 0.724437 0.734444 0.758207 0.770477 0.782537 0.794979 0.804911 0.827488 0.837173 0.846824 0.857227 0.867123 0.877293 0.890439 0.903390 0.913551 0.924237 0.938683 0.951141 0.963258 0.974823 0.987445 0.997552 1.009236 1.020130 1.030144 1.040227 1.052342 1.062584 1.073583 1.083684 1.094594 1.104873 1.115101 1.124930 1.134773 1.144821 1.155162 1.166055 1.175550 1.185172 1.194746 1.204271 1.213803 1.226261 1.240207 1.253090 1.262985 1.272428 1.281941 1.294380 1.304597 1.315037 1.325525 1.336306 1.346052 1.360570 1.370748 1.380299 1.392641 1.401997 1.412991 1.425696 1.435308 1.444810 1.454237 1.465824 1.479924 1.493495 1.502903 1.512295 1.521563 1.531460 1.540839 1.550841 1.560063 1.569457 1.579095 1.589578 1.600084 1.609624 1.619075 1.630540 1.641345 1.654502 1.667344 1.678212 1.687584 1.696988 1.706357 1.715886 1.725140 1.742627 1.752590 1.762251 1.772917 1.782238 1.791488 1.800829 1.810054 1.819556 1.828975 1.851901 1.867850 1.883007 1.895759 1.905348 1.917723 1.927260 1.936563 1.946111 1.956729 1.968122 1.977978 1.990569 2.005116 2.019815 2.029529 2.038794 2.048011 2.057579 2.067323 2.080394 2.090179 2.102945 2.118019 2.132893 2.147766 2.162404 2.174839 2.188079 2.201918 2.215972 2.229524 2.243549 2.257241 2.270745 2.283635 2.293937 2.303414 2.313110 2.323261
Elapsed_time: 2.323261
Score: 3.583310
201
18564.936694 14093.718714 3320.041008 1699.678136 1206.132170 1083.194553 982.606492 899.144209 811.856646 752.571148 697.438836 651.910445 622.021036 600.953081 590.043030 537.740590 506.099584 465.837431 437.186504 412.656462 384.280760 363.275551 342.823969 321.780608 305.549104 292.567869 279.516539 268.103612 266.627678 254.660017 247.818173 240.343295 234.686049 229.802964 225.374394 220.393549 215.829380 211.937555 208.620784 205.244914 201.681538 198.641113 195.908414 192.467311 189.400391 186.115526 182.140344 178.305630 173.493975 168.332649 164.362167 161.300252 158.062471 155.308593 152.800969 150.234054 148.127423 145.959509 143.990953 142.045677 139.853901 137.618885 135.422394 133.368637 131.020097 128.663272 126.258317 123.420517 120.484762 116.841545 113.114507 109.878384 107.244955 104.196307 101.504839 98.979207 96.653909 94.464486 92.011948 88.889775 85.915277 82.515281 78.502944 74.770983 70.850647 66.865588 64.263925 60.820641 56.629737 53.425204 49.467371 44.682390 40.920733 37.558236 34.309600 31.008220 28.297569 25.396836 23.190263 21.161661 18.846459 16.984708 15.554573 14.195018 13.903118 13.502915 12.113808 11.040691 9.787018 8.850173 8.145418 7.570921 7.087423 6.697774 6.464296 6.239038 6.057598 5.820837 5.564133 5.362394 5.231901 5.060164 4.935545 4.803867 4.704513 4.620461 4.533623 4.438468 4.380880 4.324883 4.296235 4.261482 4.208247 4.162116 4.118258 4.105473 4.036138 3.998147 3.969371 3.925287 3.897985 3.849272 3.820654 3.793485 3.767819 3.737180 3.718295 3.708020 3.700656 3.691010 3.684155 3.676880 3.668188 3.659255 3.652266 3.645658 3.640508 3.634418 3.628700 3.623829 3.620294 3.616855 3.612785 3.609134 3.605756 3.602762 3.601031 3.598934 3.597666 3.595754 3.593438 3.591641 3.590240 3.589234 3.588192 3.586620 3.586004 3.584952 3.584241 3.583562 3.582813 3.582464 3.582187 3.582020 3.581715 3.581512 3.581239 3.581119 3.580942 3.580834 3.580693 3.580641 3.580563 3.580510 3.580463 3.580413 3.580374 3.580328 3.580269 3.580238 3.580212
0.000069 0.033802 0.049856 0.062619 0.075491 0.091406 0.109371 0.127126 0.141832 0.155008 0.166266 0.177277 0.188567 0.200194 0.213509 0.229488 0.240540 0.251780 0.262607 0.273896 0.288653 0.303394 0.317149 0.332284 0.343842 0.356212 0.368154 0.381929 0.394196 0.404674 0.415645 0.426089 0.436907 0.452303 0.466984 0.477086 0.487560 0.500972 0.511084 0.521442 0.531870 0.542755 0.555837 0.565816 0.575939 0.586059 0.597819 0.607691 0.617542 0.627692 0.639142 0.649654 0.660136 0.669991 0.680965 0.692357 0.704639 0.717567 0.727687 0.740931 0.754390 0.764513 0.774568 0.787970 0.803666 0.814786 0.824668 0.834576 0.845787 0.859051 0.871872 0.884427 0.896995 0.910362 0.923794 0.935049 0.947983 0.957744 0.968267 0.979637 0.989523 0.999856 1.010038 1.019934 1.030699 1.040660 1.050576 1.061381 1.071448 1.081099 1.090837 1.100414 1.110217 1.119975 1.133532 1.148117 1.158950 1.168752 1.180578 1.190263 1.199787 1.212079 1.221582 1.231176 1.257900 1.270536 1.284911 1.296746 1.306822 1.316519 1.329694 1.343130 1.356875 1.367641 1.377577 1.390838 1.400551 1.410632 1.419989 1.429379 1.440344 1.450094 1.459438 1.468756 1.479095 1.488466 1.498181 1.508117 1.518465 1.535023 1.557143 1.566406 1.575803 1.585665 1.594977 1.605777 1.615169 1.624598 1.634365 1.644168 1.653499 1.663059 1.672847 1.683659 1.693867 1.707194 1.720617 1.732236 1.742961 1.752556 1.761976 1.771271 1.780717 1.789995 1.799304 1.808623 1.817858 1.827499 1.836834 1.847604 1.857275 1.866917 1.878070 1.891517 1.902378 1.914839 1.924767 1.934520 1.945192 1.956610 1.966170 1.975937 1.985467 1.994870 2.005101 2.015934 2.030157 2.041748 2.052067 2.061401 2.071158 2.080700 2.090300 2.103825 2.117370 2.130784 2.143359 2.155212 2.169237 2.182791 2.195554 2.208946 2.222440 2.235250 2.244814 2.254230 2.263818 2.273540 3.664387 3.676612 3.686560
Elapsed_time: 3.686560
Score: 3.580212
201
20711.960297 15830.540153 3696.243494 1802.663360 1235.622596 1112.100537 1038.602087 945.604811 864.628243 803.127396 726.123767 661.301869 604.241908 557.540174 515.887886 480.675258 451.713796 424.926977 397.508126 370.665220 346.955500 326.803187 307.104874 288.137375 271.020513 255.757458 239.490639 224.509106 210.540054 199.147464 188.495704 179.816523 172.505266 166.561707 161.335369 154.836038 149.447178 143.808805 137.667360 131.501046 126.443731 120.119622 113.966965 107.761626 100.787044 96.222908 90.726405 85.285423 80.466392 75.496673 69.732069 65.454730 61.260158 56.835083 53.108925 49.010172 45.029358 41.059729 37.369491 33.578621 29.873468 26.445580 23.052756 20.064066 17.364618 15.203397 13.447708 11.757967 10.694529 9.661804 8.770697 8.109790 7.516414 6.946893 6.534287 6.279158 5.989518 5.703694 5.541527 5.342440 5.121566 5.066180 4.994206 4.792295 4.660132 4.506496 4.366567 4.267466 4.178961 4.112375 4.045363 3.998360 3.953902 3.932736 3.901469 3.869328 3.843037 3.831586 3.816579 3.791005 3.773675 3.755389 3.728289 3.715877 3.705147 3.696064 3.688177 3.677659 3.666982 3.661762 3.653882 3.649098 3.643828 3.637350 3.631775 3.626617 3.622554 3.618911 3.615992 3.613299 3.610650 3.608444 3.605733 3.603715 3.601821 3.599443 3.597130 3.594683 3.592680 3.591103 3.589774 3.588640 3.587524 3.586602 3.585631 3.585150 3.584105 3.583745 3.583186 3.582761 3.582422 3.582152 3.581943 3.581697 3.581450 3.581227 3.581085 3.580896 3.580755 3.580608 3.580440 3.580332 3.580214 3.580110 3.580036 3.579933 3.579837 3.579741 3.579685 3.579641 3.579598 3.579562 3.579536 3.579506 3.579488 3.579467 3.579447 3.579431 3.579415 3.579405 3.579390 3.579371 3.579360 3.579345 3.579335 3.579324 3.579314 3.579298 3.579290 3.579281 3.579272 3.579262 3.579255 3.579246 3.579240 3.579235 3.579228 3.579225 3.579221 3.579217 3.579215 3.579212 3.579211 3.579210 3.579209 3.579208 3.579207 3.579207 3.579206 3.579206 3.579205
0.000044 0.030021 0.048993 0.065689 0.083236 0.095564 0.107682 0.125036 0.141252 0.153747 0.165503 0.177361 0.189221 0.202313 0.214516 0.229249 0.245861 0.260938 0.275173 0.286378 0.298325 0.311924 0.324142 0.335028 0.345908 0.357096 0.367902 0.382516 0.398880 0.414508 0.430492 0.444299 0.456217 0.469086 0.479331 0.489509 0.499654 0.509921 0.520414 0.535609 0.552656 0.567813 0.583847 0.599084 0.613431 0.629278 0.641284 0.651441 0.661356 0.671246 0.681434 0.692453 0.705773 0.715788 0.730616 0.745547 0.760830 0.774653 0.789686 0.801171 0.810960 0.820724 0.830577 0.841377 0.856063 0.870290 0.884933 0.898681 0.912918 0.923183 0.933079 0.942888 0.952879 0.962803 0.974030 0.984132 0.995036 1.005706 1.016084 1.026300 1.036349 1.057001 1.067680 1.078254 1.094032 1.107040 1.121743 1.138063 1.153419 1.167242 1.177945 1.187823 1.197861 1.212402 1.222723 1.233517 1.243373 1.262850 1.272611 1.282441 1.292261 1.301949 1.311661 1.321499 1.332603 1.343564 1.353775 1.363671 1.375689 1.389487 1.400875 1.410648 1.420358 1.430287 1.442242 1.451985 1.463871 1.479509 1.493761 1.505812 1.517896 1.531753 1.542259 1.552016 1.561968 1.571951 1.584836 1.598544 1.609091 1.621579 1.636538 1.652990 1.664757 1.674883 1.686965 1.699739 1.709509 1.719167 1.729428 1.742176 1.752019 1.762448 1.777499 1.792070 1.806430 1.820941 1.831567 1.841350 1.851331 1.861244 1.871474 1.882701 1.893640 1.904901 1.914727 1.925049 1.936051 1.945826 1.956042 1.965771 1.975913 1.985600 2.005295 2.016612 2.026699 2.036438 2.046119 2.055750 2.066178 2.077519 2.089970 2.100242 2.110099 2.121377 2.131177 2.141103 2.151500 2.165107 2.180333 2.190926 2.200567 2.210317 2.220325 2.230019 2.239753 2.249420 2.259101 2.268930 2.278933 2.289486 2.301906 2.316273 2.326647 2.336648 2.347928 2.358266 2.368196 2.377838 2.387613 2.397432 2.408509
Elapsed_time: 2.408509
Score: 3.579205
CN-L-BFGS
201
449.600789 379.709094 360.139191 346.757230 334.858091 322.952819 307.332207 283.188668 266.678973 247.080477 233.099949 219.320330 208.397547 198.094270 189.779213 183.014472 176.642381 171.129542 167.583413 163.735484 159.276221 155.446339 151.856641 148.118481 143.482755 138.411512 133.569217 128.358675 123.326097 118.283687 113.600352 110.349236 107.431219 107.065408 104.089593 101.655069 99.019928 95.931482 92.272332 88.910446 85.396181 82.320166 78.928638 75.041267 72.613271 70.323311 67.725427 65.547843 63.184748 60.907829 58.529296 56.603514 54.533076 52.080856 50.366724 48.616717 46.513022 44.592533 42.557097 40.451810 38.253931 35.683676 33.254321 30.619894 27.711466 25.321494 23.064796 20.817991 18.743889 16.994423 15.462796 14.300341 13.207583 12.284547 11.386913 10.625202 9.983796 9.345142 8.788795 8.221333 7.726876 7.343828 6.970818 6.725039 6.415043 6.010387 5.841954 5.623584 5.394741 5.244474 5.072666 4.872434 4.831911 4.772590 4.633885 4.527648 4.435064 4.353871 4.320932 4.239747 4.175461 4.138564 4.103065 4.047873 4.033403 4.017106 3.966945 3.935390 3.907123 3.879432 3.853357 3.835558 3.813204 3.794200 3.787713 3.777317 3.758302 3.754407 3.740867 3.731057 3.721325 3.711303 3.697707 3.683245 3.668402 3.656825 3.648596 3.640025 3.632359 3.625595 3.619756 3.616132 3.613831 3.610310 3.607855 3.605819 3.603808 3.602331 3.600514 3.599077 3.597515 3.596174 3.594734 3.593588 3.592777 3.592253 3.591699 3.591209 3.591025 3.590299 3.590007 3.589532 3.589180 3.588721 3.587866 3.586993 3.585972 3.585383 3.584971 3.584711 3.584404 3.584232 3.583948 3.583791 3.583598 3.583279 3.583107 3.582906 3.582761 3.582560 3.582473 3.582319 3.582222 3.582123 3.581849 3.581544 3.581375 3.581200 3.580902 3.580779 3.580670 3.580609 3.580564 3.580544 3.580508 3.580491 3.580471 3.580451 3.580436 3.580420 3.580404 3.580393 3.580381 3.580367 3.580358 3.580350 3.580341 3.580335 3.580328 3.580321 3.580314
0.219550 0.245599 0.258841 0.269712 0.280593 0.291281 0.302257 0.313080 0.324321 0.337064 0.352769 0.367125 0.379708 0.394917 0.409953 0.423634 0.436718 0.448157 0.463178 0.474108 0.488817 0.503772 0.515052 0.529682 0.544510 0.559925 0.574763 0.589097 0.603917 0.614279 0.624728 0.635535 0.646271 0.658090 0.668430 0.679359 0.691533 0.703212 0.713911 0.724523 0.735723 0.752835 0.763965 0.773981 0.783839 0.793866 0.804911 0.817962 0.830451 0.840726 0.852290 0.862615 0.873800 0.886238 0.898948 0.909052 0.921855 0.940265 0.952267 0.962234 0.972115 0.982042 0.991988 1.004157 1.014085 1.023891 1.034792 1.045297 1.057999 1.071911 1.085716 1.101893 1.116566 1.130388 1.140637 1.153582 1.165529 1.177595 1.191473 1.206168 1.223117 1.237228 1.250822 1.265254 1.279211 1.288980 1.302447 1.317076 1.334013 1.344990 1.354718 1.364447 1.384069 1.393832 1.403595 1.413311 1.423050 1.433005 1.443361 1.453881 1.463699 1.473777 1.483570 1.494742 1.519446 1.530543 1.540662 1.551669 1.565006 1.579485 1.595449 1.605883 1.616213 1.628645 1.651462 1.661395 1.672228 1.687383 1.698396 1.713158 1.731171 1.747119 1.758190 1.767985 1.777651 1.787516 1.797626 1.808766 1.819837 1.834139 1.843951 1.854598 1.866739 1.878936 1.890452 1.905189 1.918757 1.933147 1.949670 1.962023 1.974602 1.984779 1.994989 2.006327 2.018170 2.027943 2.037807 2.051598 2.063895 2.073556 2.083335 2.094382 2.117344 2.127182 2.137434 2.147266 2.156880 2.167643 2.183923 2.197946 2.213740 2.224100 2.237108 2.251436 2.261300 2.270958 2.290697 2.303430 2.316551 2.331452 2.342458 2.353295 2.363122 2.373027 2.383242 2.402937 2.424867 2.434777 2.447387 2.461949 2.473552 2.483249 2.493145 2.503056 2.516146 2.540716 2.555416 2.570172 2.585094 2.597738 2.607437 2.617181 2.628028 2.638080 2.647921 2.658767 2.668501 2.678723 2.689227 2.702166 2.716152
Elapsed_time: 2.716152
Score: 3.580314
201
441.530153 372.665587 357.761778 347.220995 337.111217 324.727482 307.544710 288.693761 270.791767 253.732715 240.391019 229.541103 222.329832 214.128954 208.774586 203.899940 200.127578 196.112929 191.225613 186.082813 181.634382 175.948605 170.379989 164.930532 160.469677 155.738171 150.863266 145.875680 140.414148 136.353637 131.978851 128.343787 125.287339 122.172015 119.467866 116.894728 114.425407 112.069265 110.263458 108.553579 107.279659 105.903827 104.472394 103.161620 102.180234 101.211360 100.218996 99.349843 98.585619 97.804932 96.968632 96.123289 95.294775 94.605641 93.817205 92.946773 92.245613 91.490812 90.742565 89.980502 89.201770 88.413645 87.623048 86.843889 86.032951 85.184670 84.361248 83.734514 83.129440 82.359883 81.765398 81.178524 80.665674 80.254982 79.848643 79.491937 79.207711 78.856731 78.452690 78.187883 77.915582 77.596597 77.374626 77.158636 76.952705 76.792616 76.660694 76.526843 76.380672 76.260216 76.156391 76.038589 75.950546 75.859273 75.716686 75.614534 75.518417 75.434156 75.358024 75.279826 75.215023 75.156327 75.080382 75.019932 74.970413 74.912618 74.876583 74.834615 74.794102 74.760052 74.728066 74.688849 74.658382 74.634306 74.603464 74.585568 74.564182 74.536394 74.516676 74.481389 74.459319 74.438204 74.417050 74.395589 74.370322 74.338527 74.312947 74.287329 74.257525 74.230490 74.200626 74.170588 74.136831 74.109966 74.084610 74.064337 74.043131 74.024258 74.005835 73.994298 73.984983 73.975111 73.966730 73.961429 73.955283 73.952010 73.944286 73.941290 73.937874 73.933554 73.929853 73.927181 73.924658 73.922634 73.920306 73.918922 73.917912 73.916613 73.916015 73.914716 73.914147 73.913445 73.912485 73.911702 73.911001 73.910393 73.909825 73.909347 73.908680 73.908429 73.908046 73.907752 73.907283 73.907074 73.906838 73.906527 73.906222 73.906002 73.905776 73.905607 73.905387 73.905194 73.905041 73.904950 73.904803 73.904755 73.904674 73.904620 73.904556 73.904476 73.904459 73.904355 73.904329 73.904277 73.904262 73.904196 73.904171 73.904140 73.904092 73.904063 73.904005
0.205706 0.240452 0.251942 0.263291 0.279135 0.290547 0.302047 0.313664 0.324555 0.335485 0.346212 0.356885 0.367555 0.378136 0.388861 0.399610 0.411850 0.422716 0.436299 0.446815 0.457397 0.467839 0.478177 0.488874 0.499462 0.511221 0.522435 0.532650 0.543158 0.554570 0.567559 0.582446 0.596714 0.611825 0.626600 0.642371 0.661035 0.672147 0.682223 0.692256 0.702437 0.712470 0.722663 0.733528 0.743621 0.755095 0.770750 0.785394 0.795452 0.805600 0.815788 0.826179 0.836562 0.849454 0.860399 0.871216 0.882038 0.896897 0.908867 0.918707 0.928596 0.938606 0.949000 0.959221 0.968955 0.979124 0.992103 1.004393 1.014103 1.023891 1.034985 1.048893 1.058872 1.070891 1.084848 1.095612 1.108496 1.120461 1.136795 1.148814 1.159620 1.170648 1.181288 1.192311 1.203082 1.214375 1.225221 1.235754 1.245585 1.255304 1.265029 1.274780 1.285092 1.294921 1.304791 1.314784 1.324749 1.334955 1.344968 1.355263 1.368946 1.380810 1.395027 1.405632 1.415366 1.425434 1.435181 1.447625 1.462368 1.473078 1.485593 1.500388 1.514693 1.529833 1.544937 1.559119 1.574420 1.589203 1.603939 1.618348 1.631922 1.645872 1.659798 1.673994 1.687742 1.697980 1.709952 1.724195 1.734917 1.744931 1.759816 1.776615 1.791165 1.804477 1.817706 1.827547 1.840277 1.850562 1.860637 1.870787 1.880735 1.890787 1.900626 1.910632 1.923153 1.938939 1.953510 1.968092 1.982251 1.995317 2.005233 2.018534 2.032395 2.045964 2.060426 2.072851 2.087070 2.102245 2.116305 2.130856 2.144438 2.154632 2.166493 2.176277 2.186132 2.198307 2.209003 2.221893 2.235147 2.245382 2.255551 2.267539 2.278274 2.291853 2.305884 2.316904 2.329224 2.339587 2.350260 2.362670 2.380840 2.393488 2.404158 2.414355 2.424439 2.437625 2.448939 2.458693 2.468350 2.478060 2.487780 2.497851 2.507663 2.520317 2.533171 2.545017 2.559733 2.574460 2.584731 2.609887 2.619872
Elapsed_time: 2.619872
Score: 73.904005
196
418.014819 350.764125 334.368888 324.724150 311.726715 298.098311 282.187150 260.158833 239.107762 218.209423 197.545292 177.012541 163.316609 151.444033 140.993054 133.571821 126.367507 120.990692 117.349544 113.405340 109.573692 106.005349 102.556747 99.319649 95.638652 91.472041 88.411645 85.291118 81.191741 79.027469 76.601508 74.532560 72.904969 70.956711 69.326056 68.108041 66.409187 64.948434 63.268128 60.892966 59.393817 57.638755 55.713681 54.442641 53.402348 52.148194 51.172874 50.205248 49.156922 48.081081 46.914057 45.622724 43.917715 43.373910 41.548818 38.489873 36.245204 33.477525 30.343360 27.549667 24.865296 22.419457 20.382432 18.759068 17.386392 16.248822 15.164451 14.234208 13.374127 12.507461 11.698023 10.996789 10.434127 9.793775 9.135212 8.495647 7.971051 7.561789 7.231658 6.878924 6.530783 6.526035 6.464045 6.140519 5.978559 5.630096 5.432769 5.172471 4.939126 4.777197 4.643376 4.624964 4.606165 4.543594 4.470383 4.385189 4.357578 4.289226 4.199111 4.137805 4.073942 4.015901 3.957076 3.912715 3.873149 3.843578 3.818738 3.802669 3.778122 3.757086 3.735619 3.733970 3.724511 3.706402 3.693381 3.678814 3.667710 3.656205 3.647637 3.640022 3.632857 3.629577 3.627972 3.623983 3.618447 3.614932 3.611755 3.608593 3.605487 3.602781 3.600235 3.598338 3.596471 3.594941 3.593638 3.592346 3.590908 3.589051 3.587741 3.586452 3.585160 3.584471 3.583810 3.583316 3.582954 3.582566 3.582160 3.581820 3.581555 3.581183 3.580992 3.580784 3.580573 3.580394 3.580229 3.580098 3.580005 3.579915 3.579849 3.579792 3.579742 3.579671 3.579630 3.579581 3.579538 3.579505 3.579463 3.579424 3.579389 3.579354 3.579315 3.579284 3.579255 3.579234 3.579214 3.579200 3.579190 3.579176 3.579165 3.579159 3.579152 3.579146 3.579140 3.579137 3.579134 3.579130 3.579126 3.579125 3.579122 3.579122 3.579119 3.579118 3.579117 3.579116 3.579115 3.579114
0.190600 0.212244 0.222937 0.233904 0.247635 0.260357 0.275951 0.291145 0.305785 0.320898 0.333425 0.348327 0.362915 0.376219 0.386812 0.400947 0.411116 0.420748 0.430636 0.440434 0.450342 0.460258 0.471059 0.481343 0.493672 0.503875 0.513450 0.523436 0.533104 0.545990 0.559706 0.569915 0.581962 0.594455 0.604020 0.613802 0.625153 0.642606 0.656116 0.671327 0.684829 0.696875 0.706315 0.717091 0.729251 0.740645 0.750349 0.760346 0.773656 0.787030 0.799955 0.810108 0.823192 0.833605 0.843277 0.853316 0.863728 0.877876 0.892305 0.905376 0.919365 0.929570 0.938900 0.948633 0.959097 0.968453 0.977987 0.987392 0.998854 1.009283 1.021824 1.035315 1.049010 1.059888 1.069183 1.078403 1.087741 1.097276 1.106702 1.116611 1.130369 1.172675 1.182229 1.191846 1.204335 1.218440 1.233375 1.247200 1.259069 1.272602 1.284718 1.303329 1.322093 1.331696 1.342304 1.351633 1.361176 1.373143 1.384326 1.393987 1.404115 1.417637 1.429487 1.441191 1.453285 1.462960 1.472338 1.482018 1.494927 1.508469 1.522890 1.565335 1.575132 1.584670 1.594408 1.606141 1.616254 1.630601 1.644519 1.657510 1.668633 1.678100 1.687641 1.699021 1.712674 1.727376 1.742619 1.752958 1.764053 1.777222 1.791225 1.804213 1.817455 1.832381 1.842257 1.852354 1.861757 1.871237 1.880599 1.890065 1.901712 1.911111 1.920511 1.933082 1.944420 1.955626 1.969430 1.984175 1.998494 2.013265 2.036384 2.046971 2.056583 2.069062 2.083612 2.097511 2.111134 2.124808 2.135370 2.144899 2.154459 2.163738 2.173280 2.182777 2.192954 2.203767 2.214541 2.227891 2.242099 2.253166 2.262930 2.273982 2.289175 2.302463 2.312070 2.324102 2.338133 2.347518 2.356750 2.366038 2.375686 2.388089 2.399294 2.409108 2.424239 2.436845 2.446140 2.455823 2.466398 2.478708 2.493233 2.507475 2.522235 2.534825 2.555975 2.570084
Elapsed_time: 2.570084
Score: 3.579114
dwt_2680
FR
201
93730.417778 3784.878611 3665.678520 3541.679507 3414.518875 3288.496019 3167.107707 3052.118958 2944.961687 2844.816095 2751.970527 2665.640974 2585.315512 2510.193147 2439.964573 2373.681758 2311.218502 2251.701451 2195.361118 2142.011435 2090.807473 2042.061560 1995.795322 1951.514059 1909.068547 1868.773363 1829.769450 1792.360521 1756.236355 1721.472651 1688.024953 1655.702662 1624.592741 1594.621131 1565.869026 1538.137529 1511.323320 1485.340451 1460.377293 1436.186803 1413.025995 1390.227698 1368.407135 1346.892122 1326.372505 1306.205176 1286.865224 1268.005787 1249.753939 1231.679804 1214.322395 1197.273119 1180.533340 1164.140842 1148.067648 1132.331476 1116.961057 1101.960415 1087.083791 1072.478563 1058.065523 1043.990732 1030.239386 1016.817902 1003.480462 990.509626 977.851152 965.361164 952.984219 940.792992 928.901799 917.154216 905.478285 894.090293 882.779854 871.815208 860.687314 849.990982 839.218383 828.729442 818.278274 808.091326 797.983709 788.285219 778.526032 768.917318 759.479036 750.293013 741.059564 732.135122 723.120033 714.364334 705.635279 697.067127 688.554649 680.124583 671.685244 663.439665 655.123758 647.016406 638.977864 631.166567 623.476911 615.856909 608.244809 600.752500 593.388936 586.150344 579.021129 571.988136 564.998000 558.111329 551.292674 544.584449 537.863807 531.231283 524.609216 518.073011 511.629521 505.236619 498.922941 492.675474 486.543314 480.489476 474.531492 468.651576 462.802561 457.093099 451.399441 445.799809 440.211325 434.694839 429.203654 423.792808 418.411109 413.138598 407.952889 402.845497 397.819261 392.899868 388.045685 383.302300 378.628290 374.049708 369.532160 365.099148 360.744659 356.466592 352.272196 348.137290 344.101311 340.123899 336.245963 332.438140 328.705952 325.053005 321.479163 317.977645 314.566025 311.228856 307.972977 304.796448 301.702095 298.685471 295.751166 292.892700 290.120546 287.425310 284.807057 282.271731 279.819011 277.445898 275.150713 272.931300 270.793412 268.728030 266.737510 264.825133 262.992326 261.236491 259.555935 257.952376 256.425786 254.975510 253.601042 252.305173 251.087231 249.947025 248.884734 247.899025 246.989787 246.157042 245.400637 244.719748 244.115045 243.586276 243.133342 242.756220 242.454735 242.228739 242.078131
0.000213 0.264966 0.355417 0.452170 0.530445 0.623118 0.702492 0.795801 0.904497 0.989939 1.092756 1.173608 1.260258 1.381331 1.474054 1.555395 1.647399 1.735132 1.817570 1.921659 2.005621 2.096828 2.189523 2.284549 2.361347 2.438725 2.515366 2.598745 2.680508 2.764817 2.860002 2.946564 3.035215 3.113607 3.216623 3.322344 3.422924 3.513445 3.606364 3.704316 3.798721 3.883311 3.997221 4.089147 4.169510 4.262384 4.350764 4.433162 4.516079 4.614192 4.710583 4.812682 4.894772 4.978951 5.074461 5.157258 5.257837 5.336353 5.427545 5.535849 5.623906 5.713237 5.804595 5.886684 5.985173 6.075860 6.169704 6.256333 6.341380 6.429784 6.512720 6.593352 6.674496 6.756331 6.841281 6.923584 7.020255 7.103556 7.183567 7.266529 7.354775 7.434018 7.528344 7.614970 7.708600 7.789336 7.868275 7.954760 8.034497 8.114919 8.195334 8.305299 8.395705 8.477121 8.564443 8.645624 8.728921 8.811303 8.892965 8.972174 9.053627 9.135354 9.215762 9.306342 9.407834 9.498492 9.579304 9.660261 9.742174 9.827113 9.907597 9.996925 10.090566 10.175746 10.256213 10.339312 10.429198 10.515721 10.605695 10.695328 10.776019 10.861389 10.944060 11.034729 11.115725 11.201282 11.285365 11.367476 11.456438 11.533400 11.629800 11.712637 11.794604 13.331510 13.425274 13.529334 13.620933 13.707506 13.796767 13.887554 13.976643 14.059772 14.146824 14.244014 14.337896 14.425764 14.511705 14.598565 14.693866 14.801453 14.889177 14.974327 15.056975 15.143271 15.229388 15.312142 15.399222 15.479652 15.569827 15.649916 15.737542 15.817096 15.898985 15.980644 16.069875 16.164388 16.261886 16.363270 16.452932 16.557034 16.649816 16.730909 16.817680 16.900378 16.984175 17.070018 17.157780 17.239715 17.320574 17.422235 17.511032 17.594612 17.674983 17.771866 17.851604 17.932266 18.010793 18.090889 18.173877 18.261251 18.346798 18.432886 18.514151 18.594159 18.675768 18.758386 18.839924 18.918804 19.007869 19.092008 19.170256
Elapsed_time: 19.170256
Score: 242.078131
201
92297.959350 3785.787640 3661.425091 3533.279852 3403.787528 3276.228378 3153.755832 3037.744652 2929.696685 2828.105416 2734.084856 2645.869480 2564.214946 2487.709320 2416.393025 2349.417692 2286.591614 2226.513800 2169.890377 2115.643184 2064.170533 2015.337273 1968.464892 1923.575572 1880.286592 1838.662007 1798.584323 1759.781841 1722.829422 1686.852436 1652.665255 1619.498465 1587.447659 1556.388841 1526.535945 1497.862911 1469.895439 1442.860071 1416.481437 1391.133782 1366.327143 1342.392967 1318.837622 1296.085378 1273.637287 1251.977417 1230.744136 1209.964223 1189.847111 1170.114625 1150.981013 1132.202319 1113.790886 1095.711594 1078.092949 1060.675595 1043.751399 1027.054582 1010.936338 995.026443 979.513123 964.292581 949.318958 934.723050 920.638578 906.610864 893.072160 879.592739 866.510664 853.676613 841.222142 828.965194 817.129842 805.429221 794.103447 782.914885 772.116476 761.471057 751.077078 740.923198 731.079986 721.424413 711.998459 702.667893 693.653766 684.771295 676.173833 667.635184 659.377829 651.203534 643.192403 635.225991 627.630843 620.071036 612.695730 605.467567 598.350021 591.387506 584.537109 577.822884 571.230455 564.759279 558.485101 552.223024 546.161157 540.130577 534.093060 528.082153 522.069294 516.231409 510.340136 504.612751 498.905281 493.339939 487.871713 482.408752 476.977574 471.592769 466.338082 461.054441 455.882537 450.721835 445.624144 440.541658 435.545695 430.582856 425.684120 420.823736 415.969673 411.155472 406.362626 401.626039 396.958158 392.342114 387.837469 383.369724 378.943243 374.537953 370.237092 365.964919 361.779642 357.691405 353.641460 349.672594 345.745913 341.897416 338.110441 334.396524 330.738396 327.175484 323.676460 320.272804 316.884018 313.591540 310.353016 307.186937 304.077733 301.044580 298.072397 295.162821 292.326446 289.538458 286.823722 284.167816 281.591326 279.086147 276.653441 274.287188 271.979022 269.736138 267.558858 265.450911 263.405656 261.435259 259.531240 257.708802 255.952555 254.268716 252.655915 251.111852 249.637481 248.228777 246.888715 245.618768 244.420058 243.289922 242.227475 241.233193 240.305370 239.445973 238.653617 237.927769 237.268885 236.676853 236.151234 235.691713 235.298105 234.970300 234.708235 234.511835 234.380969
0.000091 0.248426 0.327201 0.426330 0.533052 0.633896 0.732849 0.820355 0.911064 0.998644 1.090003 1.179558 1.278906 1.363639 1.467897 1.543698 1.643239 1.731794 1.810509 1.886580 1.977614 2.064020 2.141716 2.226560 2.330056 2.406327 2.501167 2.596491 2.692409 2.790431 2.883884 2.992232 3.083362 3.171809 3.255289 3.339625 3.426003 3.504032 3.583327 3.660618 3.738810 3.821296 3.904365 3.987172 4.065475 4.173684 4.353484 4.478429 4.574207 4.746186 4.907618 5.084165 5.228950 5.345771 5.521809 5.704476 5.821969 6.001170 6.169531 6.331644 6.450982 6.632490 6.801365 6.966181 7.140135 7.304166 7.477145 7.588339 7.752182 7.874620 8.005961 8.181564 8.329405 8.474392 8.646961 8.800056 8.974441 9.163297 9.339642 9.515914 9.650925 9.824972 9.978578 10.152767 10.321757 10.465700 10.591604 10.685543 10.769471 10.850497 10.935425 11.022302 11.104321 11.189658 11.271057 11.362995 11.444795 11.537568 11.621288 11.706897 11.800021 11.881162 11.960790 12.043315 12.129865 12.215536 12.297408 12.383664 12.465386 12.550330 12.629934 12.720301 12.814271 12.899586 12.979705 13.070927 13.150490 13.238625 13.322203 13.405614 13.486236 13.566157 13.646275 13.730447 13.815701 13.906935 13.988090 14.075885 14.161746 14.251037 14.343073 14.433312 14.531689 14.636718 14.720082 14.809378 14.892535 14.977118 15.061833 15.145290 15.243573 15.333191 15.425750 15.507953 15.598487 15.682091 15.764159 15.850656 15.931853 16.030067 16.112176 16.197483 16.284007 16.374069 16.467732 16.554743 16.645627 16.729385 16.817019 16.897067 16.986354 17.066150 17.154063 17.242002 17.322483 17.404970 17.485316 17.566384 17.649813 17.728635 17.810831 17.891929 17.972649 18.056450 18.134980 18.231061 18.320509 18.399740 18.480358 18.569792 18.656921 18.741001 18.822212 18.918075 18.997421 19.082421 19.178998 19.260614 19.341331 19.422434 19.504156 19.583932 19.664533 19.744349 19.826922 19.907932 19.990967 20.068742 20.148725 20.236272 20.313635
Elapsed_time: 20.313635
Score: 234.380969
201
95180.613446 3790.937549 3668.750566 3541.702650 3411.317441 3282.194729 3158.181248 3042.215397 2934.458867 2834.493204 2741.314335 2654.774922 2573.565202 2497.844890 2427.605408 2360.888660 2298.125095 2238.532391 2182.417258 2128.937367 2077.742907 2029.393958 1982.889326 1938.419041 1895.639713 1854.622375 1815.218124 1777.141400 1740.871205 1705.786857 1672.272142 1640.156790 1609.017811 1579.124268 1550.088437 1522.150812 1495.122224 1469.049739 1443.791509 1419.274579 1395.709097 1372.640422 1350.403639 1328.584287 1307.736977 1287.277796 1267.767738 1248.441400 1230.176500 1211.942100 1194.643754 1177.497471 1161.270630 1145.090409 1129.579583 1114.070657 1099.340797 1084.478580 1070.264696 1056.154711 1042.605429 1029.370402 1016.432868 1003.724129 991.346561 979.129699 967.030265 955.210117 943.388680 931.889435 920.575339 909.503580 898.561058 887.793455 877.118173 866.514567 856.082828 845.688053 835.383826 825.136705 814.955112 805.016586 794.894526 785.050530 775.142823 765.363391 755.647919 746.032694 736.529401 727.114197 717.790690 708.561335 699.384578 690.425925 681.607932 672.998240 664.394598 655.938092 647.501942 639.226174 630.960087 622.847927 614.827798 606.993465 599.234510 591.658352 584.110286 576.655879 569.283673 562.040306 554.843767 547.739349 540.666802 533.712926 526.861621 520.140590 513.489094 506.956286 500.458565 493.993482 487.542864 481.171229 474.833426 468.587849 462.399013 456.303514 450.254723 444.324627 438.465269 432.674552 426.933074 421.288304 415.707889 410.224484 404.824787 399.486804 394.240562 389.088486 384.002714 379.000411 374.071321 369.215445 364.415933 359.699164 355.066641 350.514714 346.038828 341.653088 337.344183 333.125431 328.972716 324.904165 320.910277 316.986422 313.141589 309.369466 305.683359 302.082609 298.555424 295.113765 291.757667 288.488075 285.298404 282.180988 279.142376 276.191705 273.314418 270.516321 267.795208 265.156247 262.597754 260.116445 257.719149 255.404826 253.176348 251.032343 248.972754 246.996317 245.101042 243.285838 241.552440 239.898537 238.326173 236.835337 235.421320 234.089141 232.837779 231.666352 230.574997 229.562647 228.628639 227.773923 226.998148 226.299294 225.678628 225.136041 224.671497 224.284601 223.975177 223.743175 223.588546
0.000113 0.249458 0.327759 0.406887 0.500534 0.581688 0.665546 0.745262 0.826954 0.906269 0.986713 1.085071 1.186017 1.263295 1.340754 1.427489 1.514374 1.592856 1.673331 1.753881 1.837336 1.925727 2.013128 2.089784 2.167822 2.262878 2.355387 2.435727 2.521315 2.600161 2.680127 2.755294 2.849562 2.935095 3.019832 3.099680 3.188378 3.267818 3.356424 3.435972 3.513516 3.589557 3.670580 3.754037 3.835616 3.916036 3.998703 4.078056 4.165146 4.253292 4.342672 4.423044 4.517806 4.597244 4.678952 4.793966 4.873161 4.958622 5.045377 5.141091 5.223540 5.305602 5.391373 5.468325 5.555517 5.648373 5.727242 5.806659 5.883048 5.968216 6.065815 6.155850 6.236134 6.318070 6.397830 6.479494 6.569390 6.652873 6.739997 6.824233 6.904313 6.994403 7.075022 7.174134 7.263055 7.363066 7.447519 7.527068 7.605574 7.687823 7.769355 7.848242 7.928876 8.012816 8.094481 8.173984 8.260577 8.342945 8.454376 8.532485 8.619655 8.706146 8.786818 8.870066 8.957776 9.039699 9.119445 9.199141 9.290936 9.370442 9.455466 9.543110 9.621407 9.707427 9.788849 9.871957 9.961948 10.043501 10.132822 10.222780 10.306334 10.392102 10.478894 10.561110 10.645284 10.729588 10.820545 10.900091 10.980751 11.062945 11.140889 11.221298 11.299792 11.380820 11.460341 11.537839 11.632157 11.735357 11.817041 11.900315 11.980606 12.060965 12.141133 12.222019 12.303519 12.383527 12.467035 12.548312 12.629068 12.719283 12.800000 12.882314 12.967513 13.045219 13.127577 13.215298 13.296159 13.387225 13.476143 13.570710 13.651577 13.734022 13.813503 13.891694 13.972143 14.052981 14.131902 14.216462 14.303334 14.386080 14.478944 14.557715 14.642012 14.726784 14.826129 16.316721 16.401861 16.485070 16.572461 16.654594 16.754402 16.839899 16.933193 17.013996 17.100118 17.186419 17.271193 17.356957 17.439925 17.529604 17.626480 17.715793 17.800193 17.882984 17.969872 18.052128 18.133718 18.210928 18.290259 18.368914 18.445810
Elapsed_time: 18.445810
Score: 223.588546
CN-FR
193
814.678550 690.656106 651.140748 640.210394 622.650022 616.495094 604.170198 599.977462 588.417877 586.378104 574.817099 572.886893 562.773044 561.204624 552.096272 550.919648 542.315710 541.700433 533.228389 531.785820 524.137032 522.336164 515.532030 513.618777 506.854688 504.612736 497.653672 495.654609 488.725722 487.223004 480.543362 478.830375 473.052643 471.428600 465.683989 463.852492 457.637871 455.078787 448.793472 446.671212 440.557263 438.525540 432.231730 429.170355 423.161757 419.941436 414.717061 411.906668 407.063992 403.937373 399.207271 396.441500 391.733169 389.089257 384.347227 382.091711 377.432713 375.186859 370.149716 367.666601 362.807481 360.046703 355.204675 352.150048 347.401860 344.305876 339.878508 337.246413 332.702240 330.170750 325.433020 322.232938 317.320834 314.524581 309.760503 306.830947 301.998808 299.552166 294.787730 292.029009 287.449034 284.697362 280.258363 277.807910 273.798621 271.519931 267.917324 265.558277 261.763296 259.382758 255.550236 253.125482 249.562255 247.096627 243.294788 240.612281 236.329334 233.176833 228.721464 225.325678 220.707820 217.317738 213.071078 209.957403 205.781332 202.865758 198.828825 196.032769 192.168727 189.508875 185.836001 183.121337 179.466823 176.788183 173.182631 170.684297 167.172108 164.544849 160.954130 158.134618 154.812235 152.154386 148.948964 146.302980 142.803145 139.943350 136.369631 133.489393 130.048266 127.249399 123.860346 120.701016 117.274951 113.926870 110.345636 107.024840 103.386043 99.941351 96.278882 92.806391 89.192783 85.795449 82.379919 79.312741 76.083699 73.172049 69.894961 67.033773 63.921993 61.083294 57.863638 54.919723 51.789611 48.872903 45.687128 42.757945 39.563858 36.567716 33.324584 30.341111 27.145261 24.143153 20.962775 17.946703 14.795284 11.779585 8.613407 5.573122 2.453540 -0.512534 -3.542239 -6.461503 -9.415625 -12.290558 -15.167433 -17.966031 -20.738672 -23.451782 -26.113010 -28.701193 -31.229270 -33.670012 -36.029171 -38.294049 -40.467184 -42.535708 -44.504811 -46.362562 -48.106033 -49.726424 -51.221550 -52.587704 -53.825575
1.242237 1.670337 1.763836 1.842477 1.924535 2.009810 2.088581 2.169794 2.258856 2.346418 2.426540 2.506338 2.587136 2.678012 2.764995 2.845344 2.922164 3.024055 3.102600 3.198369 3.288482 3.358198 3.440714 3.534492 3.616211 3.729069 3.804506 3.909375 3.983789 4.068593 4.167311 4.251537 4.327903 4.408041 4.488640 4.574448 4.662379 4.744309 4.820096 4.895874 4.970763 5.072971 5.154904 5.230407 5.319809 5.395492 5.470393 5.552754 5.638612 5.713267 5.796562 5.871390 5.951304 6.026903 6.101546 6.180296 6.257698 6.336821 6.411228 6.496877 6.578380 6.665557 6.740028 6.814510 6.890434 6.977179 7.053986 7.129740 7.205112 7.291066 7.367909 7.455927 7.540560 7.623124 7.710975 7.789436 7.873259 7.951598 8.044564 8.123701 8.202178 8.280655 8.371058 8.469361 8.551350 8.628858 8.721712 8.802241 8.903042 8.982110 9.061529 9.145132 9.228448 9.305919 9.393422 9.471439 9.559895 9.637206 9.716212 9.797800 9.877295 9.983544 10.063386 10.145419 10.227438 10.307679 10.388752 10.468869 10.552642 10.642120 10.724169 10.807167 10.887800 10.973661 11.052456 11.134117 11.212780 11.291602 11.372904 11.452853 11.549852 11.630017 11.714061 11.794384 11.877944 11.955348 12.041848 12.123356 12.203686 12.290745 12.374183 12.453307 12.533683 12.611685 12.697946 12.780056 12.861436 12.943478 13.020834 13.101737 13.181636 13.258839 13.355699 13.435988 13.518419 13.599104 13.681956 13.762316 13.840878 13.920402 14.002503 14.086799 14.165324 14.244512 14.325454 14.407661 14.487509 14.566326 14.651025 14.731220 14.816601 14.898304 14.980795 15.061794 15.144678 15.231822 15.311980 15.395629 15.478878 15.561745 15.641408 15.721346 15.818118 15.898511 16.006772 16.086429 16.173026 16.256762 16.335704 16.421343 16.502618 16.589190 16.671482 16.752495 16.832140 16.922209 17.004767 17.085740 17.165279 17.244989 17.337717 17.418982 17.499638
Elapsed_time: 17.499638
Score: -53.825575
194
922.016549 798.541359 762.814682 750.342048 734.111203 725.173733 713.254299 705.888124 694.701870 689.456488 679.137641 674.537337 664.996943 660.715838 651.625200 647.683702 638.997849 634.944546 626.479816 622.455687 614.406479 611.009583 603.167728 600.095453 592.675911 589.778815 582.659986 579.456965 572.290714 569.340265 562.253437 559.423913 552.607862 549.922423 543.144271 540.577578 533.929210 532.056176 525.523749 523.256960 517.314933 514.906263 509.391211 507.131514 501.807592 499.589603 494.489448 492.358585 487.031159 484.976640 479.888183 478.128460 473.006725 471.579963 466.282721 464.378786 459.043516 457.386624 452.576091 451.478830 446.900869 445.986475 441.450989 440.559443 435.681706 434.241834 429.012915 426.918531 422.012748 420.360023 415.595434 414.096878 409.675890 408.134224 404.062422 402.211580 397.820153 395.775117 390.810373 388.265304 382.817264 380.149402 375.025711 372.832678 367.723789 365.361215 360.804729 358.725610 354.302241 352.491881 348.447898 346.878810 343.196104 341.796383 337.946371 336.265996 332.447898 330.606649 326.703434 324.885637 320.971829 319.209122 315.395127 313.365887 309.683242 307.921279 304.185315 302.378513 298.683254 296.605776 293.000111 290.857728 287.414498 285.144105 282.020306 279.410603 276.485046 273.535258 270.402510 267.658602 264.600543 261.672028 258.701932 255.846086 252.775099 249.898323 246.903449 243.834694 240.609613 237.607739 234.500838 231.399684 228.375032 225.254533 222.240258 219.096797 216.009679 212.963108 210.049560 207.226799 204.464629 201.548872 198.848283 195.980567 193.265527 190.214026 187.446944 184.190788 181.157366 177.825073 174.760397 171.437680 168.240748 164.854911 161.669152 158.258118 154.971630 151.648477 148.397674 145.137538 141.837862 138.567975 135.332818 132.110547 128.901685 125.680349 122.550705 119.431917 116.366295 113.333599 110.324493 107.378220 104.449229 101.564799 98.726322 95.956322 93.250041 90.611777 88.047144 85.554234 83.148684 80.823281 78.588166 76.442615 74.385138 72.432756 70.574900 68.824898 67.180507 65.652454 64.236011 62.938619 61.758794 60.698057
1.304406 1.754285 1.838252 1.926509 3.373496 3.457654 3.542913 3.631509 3.714422 3.810317 3.894207 3.981065 4.064394 4.145157 4.227396 4.310778 4.393841 4.482790 4.579573 4.682301 4.766889 4.846867 4.933936 5.017555 5.103848 5.189207 5.275979 5.365061 5.451566 5.553618 5.644055 5.727571 5.806826 5.887555 5.966133 6.062992 6.148208 6.251882 6.331603 6.415254 6.497315 6.579055 6.658769 6.740518 6.819152 6.904100 6.990715 7.068836 7.148810 7.227741 7.323236 7.402984 7.485907 7.574029 7.659497 7.746558 7.834644 7.917497 8.009610 8.089707 8.170368 8.247102 8.322725 8.404459 8.483414 8.560896 8.639423 8.720322 8.798951 8.881639 8.957568 9.036272 9.115554 9.199466 9.279704 9.356863 9.437109 9.518674 9.608753 9.687530 9.768130 9.845949 9.923049 10.006702 10.091396 10.184252 10.264394 10.340518 10.417227 10.495213 10.571591 10.648517 10.725880 10.821492 10.907698 10.988203 11.068043 11.145767 11.229009 11.308093 11.388194 11.467965 11.543755 11.624194 11.708014 11.789540 11.871582 11.952575 12.032423 12.112732 12.208170 12.287595 12.365256 12.443872 12.525555 12.604482 12.683720 12.759098 12.837564 12.919288 13.014144 13.096400 13.176005 13.252018 13.329192 13.413103 13.499064 13.578535 13.676277 13.759895 13.847187 13.929541 14.009565 14.090074 14.175129 14.259219 14.339500 14.416013 14.497268 14.575311 14.657411 14.735703 14.813669 14.895305 14.987106 15.067336 15.149419 15.226232 15.302960 15.378845 15.459951 15.542586 15.631543 15.710632 15.788452 15.865723 15.942466 16.025493 16.104243 16.182208 16.266768 16.346691 16.424671 16.507181 16.584492 16.664388 16.743352 16.824127 16.903041 16.986589 17.091379 17.177810 17.274619 17.354583 17.438271 17.515333 17.613492 17.691746 17.769695 17.850261 17.935927 18.014072 18.094702 18.175179 18.256544 18.349312 18.430493 18.513056 18.595127 18.680476 18.786927 18.871647 18.970383 19.052907
Elapsed_time: 19.052907
Score: 60.698057
194
968.179858 843.739526 808.823503 796.605693 781.333883 772.358771 759.011583 751.945556 740.302200 733.931442 724.369653 718.627526 709.605130 704.628930 696.950550 692.368817 685.255387 681.358772 674.501626 670.577842 664.523306 660.295249 653.945432 649.852486 643.316771 639.265776 633.056684 629.170166 623.250693 619.558110 613.549901 610.094878 604.152552 600.836224 594.667094 591.593294 586.013900 582.863040 577.722240 574.995091 570.120063 567.740609 563.217552 561.074620 556.556600 554.495766 550.142100 547.890860 543.660853 541.265932 536.692336 533.936684 529.115757 526.515071 521.810204 519.237719 514.649010 511.765212 507.208248 504.928770 500.307206 498.573905 494.129979 492.395158 488.335663 486.697024 482.879513 481.342728 477.622642 476.145661 472.691967 470.895771 467.643699 465.788543 462.584071 460.578794 457.584430 455.509410 452.697035 450.694710 447.732321 446.396322 443.351592 442.186555 439.248937 437.778467 434.725492 433.008892 429.639471 427.477141 424.105121 422.059081 418.932564 416.951689 413.964925 411.989813 409.325035 407.347685 404.444148 402.759884 399.629839 397.546408 394.574277 391.852735 388.326612 385.044058 380.964075 377.047830 372.650391 368.379818 363.745580 359.616323 355.007324 351.253852 346.772204 343.170542 339.021555 335.520166 331.581127 328.326809 324.483012 321.226283 317.428982 314.090207 310.305514 306.973011 303.521593 299.945124 296.518555 292.822481 289.749916 285.860281 282.609726 278.797997 275.543822 271.624330 268.248671 264.251687 260.635175 256.435679 252.797711 248.647676 244.818948 240.648535 236.776156 232.730799 228.893731 224.838866 220.925656 216.741073 212.762394 208.557444 204.430877 200.289763 196.195136 192.071901 188.015706 183.919521 179.842588 175.788805 171.755741 167.725224 163.759108 159.850116 155.981523 152.214666 148.469488 144.816731 141.228951 137.716529 134.219957 130.808917 127.439787 124.160400 120.938837 117.804751 114.734837 111.753764 108.855301 106.062726 103.367069 100.779467 98.294406 95.925819 93.668543 91.533568 89.515756 87.622685 85.854929 84.208517 82.690157 81.297028 80.034865 78.899508
1.301234 1.716741 1.801688 1.890573 1.976396 2.055482 2.137559 2.218453 2.308967 2.395256 2.481957 2.559754 2.639780 2.723181 2.812901 2.893275 2.996577 3.082256 3.172074 3.272629 3.354609 3.437896 3.530011 3.613129 3.696423 3.792577 3.885512 3.968776 4.056259 4.141664 4.225778 4.308660 4.392896 4.477886 4.560556 4.643360 4.756804 4.846377 4.952557 5.044276 5.130498 5.222012 5.314179 5.397047 5.489223 5.578432 5.667889 5.760987 5.862231 5.948242 6.034325 6.127151 6.212074 6.302684 6.387016 6.483543 6.569704 6.669350 6.754437 6.838376 6.923644 7.012035 7.096590 7.177240 7.258355 7.348520 7.442308 7.524692 7.611046 7.691250 7.772550 7.853908 7.936190 8.022643 8.102954 8.185167 8.267258 8.347046 8.424134 8.508177 8.585761 8.691382 8.781108 8.865089 8.943738 9.042383 9.124879 9.205655 9.285060 9.364399 9.444828 9.526908 9.614093 9.694049 9.797609 9.877358 9.954758 10.033521 10.116026 10.193571 10.277210 10.355415 10.432474 10.510854 10.585630 10.671546 10.747097 10.825844 10.907526 10.982876 11.075021 11.157017 11.233494 11.317779 11.399413 11.478074 11.557223 11.638419 11.719904 11.797891 11.878118 11.957838 12.036368 12.111716 12.193909 12.279356 12.366795 12.443798 12.520884 12.603180 12.697962 12.782374 12.867982 12.950500 13.032277 13.113585 13.192609 13.268738 13.347315 13.425332 13.508794 13.591698 13.669439 13.747449 13.828039 13.906180 13.983023 14.060218 14.136514 14.223067 14.317973 14.393932 14.470574 14.550942 14.630050 14.715799 14.798240 14.880199 14.960644 15.040803 15.124696 15.204658 15.289380 15.367544 15.455038 15.535984 15.616051 15.697259 15.781138 15.861939 15.941077 16.021532 16.104953 16.196676 16.273529 16.351196 16.433437 16.511042 16.594766 16.676798 16.756921 16.836133 16.920313 17.004091 17.089206 17.182161 17.262208 17.342616 17.428072 17.509240 17.605349 17.694786 17.777834 17.856988
Elapsed_time: 17.856988
Score: 78.899508
L-BFGS
201
93730.417778 80199.744403 14356.678957 6278.709146 3759.209464 3230.483776 2984.455579 2788.687596 2634.191079 2491.322156 2288.937749 2155.464141 2040.080958 1923.839702 1808.854995 1701.337062 1602.615398 1518.159366 1435.466090 1344.665023 1273.095783 1210.092634 1148.616507 1085.617069 1029.027220 981.019989 934.285263 890.089166 839.314756 791.064364 749.122096 709.528518 662.693480 628.587366 595.063228 562.661674 533.361506 497.293512 462.377354 428.089594 395.303886 366.432282 336.966038 302.951810 276.882207 250.375172 225.043421 204.297763 186.731525 171.271421 157.164518 146.184192 136.221216 123.137606 114.146743 105.034948 94.694465 86.700089 74.741645 67.190642 60.656144 53.134411 46.396737 39.470148 31.564345 23.459878 16.029509 8.142889 0.258441 -5.978526 -12.453817 -18.803334 -25.710747 -32.021439 -37.705392 -43.470369 -48.616360 -53.368008 -57.885445 -62.437405 -67.905679 -73.632036 -81.219733 -87.865913 -94.515221 -103.476826 -111.663383 -121.591476 -134.449717 -146.527738 -160.241517 -176.095986 -189.176015 -203.181670 -215.952033 -230.759906 -243.584951 -259.272958 -273.730605 -287.859630 -300.644638 -317.888799 -327.427609 -338.700636 -350.694572 -362.400689 -370.593281 -379.113453 -386.683082 -394.773593 -400.352668 -406.611236 -412.877733 -419.364152 -423.863448 -429.481430 -434.162865 -438.857520 -443.252388 -447.252110 -450.538888 -454.332507 -457.929182 -460.422851 -463.006486 -465.144682 -467.824266 -470.549490 -473.209378 -475.935809 -478.852886 -481.624929 -483.846772 -486.274571 -489.377525 -492.344226 -495.544593 -499.078202 -501.926566 -504.987941 -508.341961 -510.183805 -512.894464 -516.169687 -518.191614 -520.294627 -523.008175 -525.242571 -527.655098 -530.022161 -532.457997 -534.765451 -536.980035 -539.123253 -540.837638 -542.869775 -544.851221 -546.292079 -547.725787 -549.373701 -550.687757 -552.036003 -553.368712 -554.832308 -556.092243 -557.107325 -558.201531 -559.147131 -560.134431 -561.138394 -562.074261 -562.942489 -563.889999 -564.807371 -565.579056 -566.306508 -567.092941 -567.635760 -568.320947 -569.139873 -569.766363 -570.423963 -571.222530 -571.875222 -572.546602 -573.220256 -573.872702 -574.556647 -575.389135 -576.295612 -577.130801 -577.951664 -579.018767 -579.917650 -580.872204 -581.917771 -582.856113 -583.781542 -584.711294 -585.584421 -586.455876
0.000094 0.197968 0.290574 0.385814 0.478772 0.565669 0.670275 0.852614 0.952127 1.042596 1.131702 1.209971 1.291110 1.363709 1.438366 1.513482 1.595046 1.674443 1.761132 1.838296 1.922455 2.003538 2.076702 2.160958 2.232846 2.311352 2.380959 2.450354 2.521948 2.596777 2.667341 2.738933 2.811509 2.884046 2.956457 3.025770 3.101995 3.173593 3.264184 3.350081 3.418195 3.491877 3.574514 3.645085 3.713473 3.783743 3.851696 3.922427 3.989024 4.059111 4.130970 4.198563 4.265572 4.343683 4.413061 4.481347 4.547975 4.615862 4.692627 4.765847 4.839652 4.910918 4.978051 5.053971 5.121155 5.188984 5.257135 5.326787 5.402982 5.469358 5.533541 5.601170 5.676649 5.744097 5.809601 5.875019 5.950598 6.019429 6.089176 6.163982 6.230136 6.298660 6.364494 6.429662 6.498574 6.566070 6.650188 6.722393 6.788975 6.851355 6.914877 6.979078 7.042945 7.109213 7.181797 7.248421 7.313826 7.379319 7.444146 7.517138 7.587294 7.661344 7.724174 7.791843 7.857544 7.921039 7.983976 8.048014 8.113393 8.181053 8.250126 8.314957 8.381622 8.448552 8.513210 8.578586 8.653964 8.724266 8.794291 8.859910 8.933379 9.002060 9.068990 9.137504 9.204230 9.269491 9.332346 9.397340 9.466745 9.531139 9.600764 9.663591 9.737919 9.802519 9.868563 9.943114 10.009883 10.078924 10.144055 10.206985 10.268844 10.335789 10.398636 10.462441 10.528337 10.594937 10.657862 10.729795 10.800366 10.867399 10.932368 10.996960 11.073596 11.138827 11.206077 11.270274 11.335019 11.398499 11.464517 11.533061 11.602911 11.673126 11.744707 11.820287 11.902457 11.970291 12.042466 12.115527 12.186028 12.256100 12.324628 12.392639 12.465138 12.537292 12.604402 12.672873 12.743918 12.815437 12.881473 14.367757 14.434322 14.503617 14.574090 14.639774 14.707347 14.784594 14.853258 14.920494 14.989176 15.064902 15.144423 15.223868 15.294229 15.364806 15.430409 15.502377 15.574557 15.648338 15.716195 15.783364 15.852598
Elapsed_time: 15.852598
Score: -586.455876
201
92297.959350 78846.007380 14147.763189 6220.770820 3744.774608 3218.526550 2964.889682 2626.376426 2478.532193 2293.613573 2108.668129 1981.847921 1881.327099 1796.508532 1684.367483 1603.916736 1516.220783 1445.095897 1352.066482 1271.801626 1179.257600 1108.578980 1029.690338 972.194763 903.277611 848.558178 786.769575 736.484377 678.372793 640.691461 599.838442 563.992252 527.005684 498.127052 468.447357 441.290981 411.236021 388.535477 365.960026 346.486819 322.473176 305.529135 287.541787 266.592674 247.541943 232.143234 213.039343 198.926208 183.599311 167.500624 153.824603 137.067015 120.602839 106.473346 93.172385 79.366495 66.662878 53.740946 44.131846 33.156588 21.387432 11.231097 0.934683 -12.058943 -22.575499 -32.958083 -46.847242 -59.144821 -73.115077 -89.415215 -103.518651 -117.955920 -134.818620 -147.811544 -160.480645 -173.424936 -184.544117 -196.835025 -208.887860 -219.810098 -230.820116 -243.003090 -254.591558 -265.172801 -275.464397 -284.275960 -292.105931 -300.131888 -306.510103 -312.847950 -319.645200 -326.483288 -333.142160 -340.702906 -348.427332 -354.757076 -361.395964 -368.665402 -374.872280 -381.784215 -389.670967 -395.906942 -402.177770 -409.659520 -415.227450 -421.901616 -428.967810 -433.380166 -437.402242 -443.408060 -447.499965 -452.112132 -456.522981 -460.444334 -464.336662 -467.629730 -471.496503 -474.982657 -477.688608 -480.396311 -483.013375 -485.157413 -487.126356 -489.477494 -491.806512 -494.052030 -496.679635 -499.610398 -502.399849 -505.198436 -508.673670 -511.587130 -514.235313 -517.445449 -519.572367 -521.860452 -524.513258 -527.026465 -530.095774 -533.221881 -535.937577 -538.633890 -541.263569 -543.746156 -546.872558 -549.122582 -551.534728 -553.776920 -555.518839 -557.795665 -559.631170 -561.269609 -562.494845 -564.126479 -565.728226 -567.222144 -568.421048 -569.526332 -570.923110 -571.905060 -572.895955 -573.858149 -574.748575 -576.116624 -577.222261 -578.380679 -579.416015 -580.375312 -581.574458 -582.701627 -583.604563 -584.371171 -585.266616 -586.044075 -586.776446 -587.624444 -588.157592 -588.726478 -589.340183 -589.866593 -590.438952 -590.967919 -591.515876 -592.063308 -592.561622 -592.990525 -593.433680 -593.899043 -594.352035 -594.739381 -595.139984 -595.571751 -595.986811 -596.365746 -596.707994 -597.094252 -597.418736 -597.729465 -598.030010 -598.287487 -598.577873
0.000102 0.222799 0.320085 0.418260 0.512001 0.606107 0.690783 0.776930 0.862084 0.951475 1.031590 1.107481 1.184586 1.274103 1.359009 1.433916 1.512885 1.587353 1.662868 1.747836 1.835504 1.910877 1.989181 2.064593 2.146475 2.221850 2.295104 2.368655 2.446505 2.533529 2.610246 2.679877 2.749729 2.818534 2.885853 2.953624 3.021324 3.091493 3.157646 3.228902 3.295909 3.367078 3.437865 3.503018 3.572972 3.641880 3.708779 3.775846 3.842329 3.911908 3.982443 4.060465 4.129900 4.196375 4.264650 4.331905 4.400880 4.467406 4.534191 4.600473 4.669751 4.734201 4.803519 4.868268 4.935947 5.000066 5.066481 5.131046 5.196591 5.260037 5.325951 5.389930 5.455112 5.521702 5.584331 5.654760 5.721207 5.788058 5.850172 5.920834 5.986389 6.051091 6.118651 6.185993 6.249354 6.311984 6.376292 6.441384 6.506348 6.575107 6.643594 6.711632 6.778582 6.842045 6.914163 6.983294 7.045541 7.113511 7.176765 7.240823 7.312112 7.392563 7.467838 7.535666 7.610484 7.673261 7.745118 7.810210 7.874884 7.943849 8.008539 8.072622 8.135136 8.202206 8.265055 8.327934 8.391317 8.454659 8.517232 8.579325 8.640198 8.701125 8.762293 8.824010 8.886796 8.949211 9.018530 9.082042 9.145403 9.210412 9.272778 9.338159 9.401803 9.474416 9.542130 9.620817 9.706640 9.770090 9.850379 9.927585 9.990428 10.051875 10.115951 10.179009 10.240367 10.301254 10.362716 10.427748 10.490636 10.570529 10.637507 10.703141 10.771505 10.835000 10.899760 10.963913 11.024902 11.089257 11.152778 11.217319 11.280799 11.347328 11.408287 11.472730 11.539364 11.604530 11.664478 11.726269 11.791694 11.858976 11.922445 11.983090 12.047822 12.113521 12.174627 12.237001 12.298788 12.363307 12.433847 12.504838 12.566085 12.627910 12.694061 12.756817 12.819442 12.884652 12.949175 13.020129 13.086807 13.157046 13.221386 13.287613 13.352101 13.416052 13.480761 13.548835 13.620834 13.686070 13.751068 13.817221 13.882252
Elapsed_time: 13.882252
Score: -598.577873
201
95180.613446 81465.644656 14417.188241 6277.110522 3742.121734 3203.849725 2954.077320 2624.189689 2484.192491 2292.684234 2099.664792 1972.761587 1863.599743 1769.161507 1650.415396 1562.462485 1463.662858 1393.213916 1313.372000 1254.859905 1190.212759 1143.770966 1085.731841 1041.101183 982.132379 932.682847 874.726579 797.775183 731.887858 663.265706 605.402401 553.233280 500.991185 443.095074 396.855156 355.635468 314.915545 277.747018 245.010992 216.544631 174.641629 150.620893 118.804311 92.859303 65.315390 35.406136 5.840280 -13.956718 -33.909407 -51.824722 -69.043469 -87.000474 -99.192947 -111.467199 -125.645462 -135.735595 -145.223870 -157.152468 -166.993718 -177.630111 -188.177690 -197.550443 -206.194303 -215.185924 -223.666609 -231.399226 -238.448324 -245.171927 -251.518301 -257.591709 -263.701018 -268.940944 -273.942068 -278.771620 -283.548466 -289.132698 -294.874640 -301.038704 -307.508254 -314.207707 -321.259933 -327.541683 -334.301300 -343.208205 -350.194881 -357.667697 -365.273264 -370.999719 -376.831688 -382.108654 -387.115146 -392.866627 -398.111781 -402.555119 -408.796976 -413.498746 -419.480477 -424.622985 -430.322528 -438.249146 -444.908540 -450.959760 -457.065823 -463.140074 -470.288926 -475.773793 -481.330992 -487.257018 -494.345861 -501.124642 -507.365758 -513.512337 -518.659981 -523.830561 -529.218275 -534.000029 -538.764285 -539.882733 -541.791808 -545.475490 -549.265859 -553.414025 -556.467789 -558.885822 -561.409058 -563.473272 -565.632122 -567.799621 -569.646788 -571.201451 -572.918772 -574.372120 -575.641236 -577.227271 -578.460583 -579.500560 -580.386885 -581.456047 -582.380843 -583.326230 -584.232073 -585.083921 -586.001684 -586.808070 -587.574150 -588.306210 -589.118548 -589.636101 -590.100235 -590.609834 -591.067408 -591.712843 -592.194382 -592.665670 -593.008449 -593.484423 -593.631988 -594.065940 -594.592260 -595.000612 -595.399743 -595.868474 -596.360843 -596.698345 -597.128409 -597.749737 -598.140951 -598.544373 -598.993443 -599.399683 -599.783041 -600.149349 -600.475384 -600.755650 -601.031496 -601.318302 -601.595670 -601.839245 -602.102412 -602.337151 -602.535452 -602.763815 -603.013618 -603.216191 -603.409594 -603.606781 -603.732230 -603.912539 -604.139832 -604.215406 -604.374990 -604.570008 -604.681109 -604.791679 -604.907090 -605.020278 -605.127452 -605.212230 -605.288688 -605.377194 -605.458862
0.000095 0.215457 0.308833 0.400626 0.491330 0.580753 0.667299 0.750809 0.832859 0.913901 0.994715 1.069973 1.143013 1.230817 1.312411 1.401414 1.475991 1.550060 1.623914 1.702042 1.774243 1.845655 1.934469 2.011312 2.085119 2.156629 2.229737 2.300545 2.368431 2.450658 2.520172 2.586364 2.654008 2.721076 2.788917 2.856682 2.923604 2.989878 3.060016 3.128882 3.207750 3.284388 3.366412 3.441430 3.516222 3.596017 3.661502 3.732686 3.811392 3.877759 3.944284 4.009028 4.072275 4.140423 4.204382 4.270671 4.335563 4.416647 4.483957 4.547139 4.611828 4.676993 4.741527 4.805310 4.868925 4.935291 4.999981 5.071259 5.135170 5.201767 5.280267 5.347276 5.410785 5.476548 5.541855 5.611813 5.682576 5.752182 5.820182 5.883192 5.944606 6.009688 6.085636 6.152680 6.220306 6.293044 6.370878 6.443365 6.506707 6.573557 6.640137 6.705193 6.786899 6.858236 6.930894 7.007158 7.073572 7.138885 7.207282 7.277031 7.348263 7.420905 7.483503 7.560452 7.637972 7.705990 7.775176 7.857740 7.925056 7.986979 8.056606 8.140252 8.215240 8.283198 8.350207 8.418683 8.485120 8.616550 8.687659 8.768253 8.833775 8.899666 8.966134 9.033005 9.108480 9.178579 9.246431 9.312500 9.380804 9.447128 9.517945 9.581116 9.650277 9.718266 9.785264 9.860790 9.927272 9.993409 10.056734 10.124563 10.195166 10.269352 10.330941 10.394809 10.458828 10.521440 10.585891 10.649614 10.716325 10.782045 10.848552 10.914535 10.981107 11.044100 11.121705 11.188350 11.253563 11.318940 11.384371 11.446386 11.510213 11.572887 11.637721 11.699688 11.763531 11.829120 11.895601 11.958653 12.024720 12.096775 12.163450 12.227686 12.290869 12.366229 12.430267 12.500802 12.566617 12.631483 12.699901 12.765407 12.828697 12.894518 12.956963 13.021455 13.083453 13.146899 13.208908 13.282434 13.355077 13.418444 13.481736 13.543640 13.604643 13.670422 13.731863 13.794606 13.861673 13.927828 13.990626 14.054193 14.118210
Elapsed_time: 14.118210
Score: -605.458862
CN-L-BFGS
201
814.678550 649.186959 597.454209 576.131696 559.681660 546.138187 515.898726 482.606348 441.699688 388.647790 332.106810 283.486515 240.924405 185.283815 153.038521 117.735284 86.956226 54.444012 18.446469 -12.939092 -35.669986 -59.811804 -83.413647 -103.394008 -121.468250 -137.717831 -151.305701 -167.497323 -183.097857 -196.470911 -208.726458 -224.092442 -236.056792 -245.139657 -257.337047 -265.409201 -274.139377 -282.859891 -290.182674 -299.521461 -309.449944 -318.619521 -326.179833 -332.230377 -340.615091 -345.932609 -351.624050 -356.637287 -360.767939 -365.474639 -369.811757 -373.197725 -376.977828 -380.473666 -384.048312 -388.057735 -391.004698 -394.375052 -397.879782 -401.292464 -406.838227 -410.259337 -414.581833 -417.874325 -421.373392 -426.126791 -431.477452 -435.096913 -438.538962 -441.964995 -445.912811 -450.158873 -454.568475 -457.629979 -461.609770 -465.444791 -470.062298 -475.106375 -479.317286 -483.684069 -489.071759 -493.293845 -497.124520 -501.926637 -505.666471 -510.156713 -514.878999 -519.433774 -523.922362 -527.970172 -532.355528 -536.298504 -539.897839 -543.570931 -546.590804 -549.893742 -553.328239 -556.241625 -558.877310 -561.241688 -564.561272 -566.793305 -569.121428 -572.032292 -573.988186 -576.160124 -578.053086 -579.542039 -580.919463 -582.279161 -583.687931 -585.042452 -586.136310 -587.104054 -588.074131 -588.849354 -589.664838 -590.467871 -591.120357 -591.777236 -592.555945 -593.136525 -593.696822 -594.272486 -594.704673 -595.203455 -595.809790 -596.262919 -596.733766 -597.293787 -597.685549 -598.087164 -598.527960 -598.918485 -599.306452 -599.688343 -600.023769 -600.332531 -600.658278 -600.962325 -601.236459 -601.499693 -601.745454 -601.982334 -602.203412 -602.406727 -602.581532 -602.745655 -602.779706 -602.898289 -603.033873 -603.134714 -603.252769 -603.375640 -603.461480 -603.536979 -603.623356 -603.690485 -603.765612 -603.856204 -603.932531 -604.015668 -604.062175 -604.135484 -604.218206 -604.298132 -604.387324 -604.496221 -604.615556 -604.729101 -604.849443 -604.985715 -605.096765 -605.204039 -605.311920 -605.421716 -605.519108 -605.614154 -605.707041 -605.757340 -605.835286 -605.927921 -605.987141 -606.048455 -606.112073 -606.162232 -606.209596 -606.258490 -606.294315 -606.329474 -606.369306 -606.393099 -606.415652 -606.437069 -606.454018 -606.468852 -606.481526 -606.493409 -606.502104 -606.510526 -606.516600
1.303599 1.463718 1.539820 1.620067 1.696229 1.771806 1.852343 1.934766 2.013816 2.090604 2.169870 2.244789 2.330289 2.404410 2.474578 2.549205 4.003601 4.077971 4.149779 4.225137 4.297603 4.366626 4.439549 4.509574 4.581032 4.663343 4.734471 4.804547 4.873938 4.943482 5.012355 5.080612 5.148545 5.218647 5.296360 5.365558 5.435363 5.502264 5.570773 5.636159 5.701584 5.770625 5.837171 5.913565 5.987848 6.062416 6.126973 6.196560 6.268174 6.334403 6.397329 6.475066 6.539946 6.616083 6.686486 6.760484 6.833530 6.898435 6.963438 7.028432 7.093981 7.159539 7.223783 7.290681 7.357319 7.424763 7.493251 7.558521 7.625422 7.692139 7.762503 7.837510 7.902876 7.970338 8.035698 8.098131 8.161646 8.227395 8.296633 8.369966 8.436701 8.506513 8.571449 8.640090 8.703280 8.769411 8.840547 8.906749 8.974134 9.053916 9.118342 9.182551 9.252808 9.321769 9.388048 9.454296 9.517473 9.580458 9.652693 9.736809 9.807652 9.871644 9.939650 10.001601 10.062377 10.122819 10.185835 10.246311 10.311225 10.375612 10.439622 10.505735 10.570587 10.639160 10.703733 10.769289 10.841998 10.907898 10.970491 11.033164 11.104288 11.173295 11.240886 11.304142 11.364501 11.433565 11.499796 11.562793 11.626412 11.687858 11.749186 11.813608 11.874383 11.941564 12.001864 12.062271 12.124628 12.186598 12.247833 12.314436 12.379310 12.445659 12.510552 12.570836 12.635986 12.697604 12.760257 12.823656 12.885953 12.950391 13.013275 13.075472 13.139723 13.210808 13.272897 13.339666 13.405924 13.468664 13.535022 13.597681 13.663599 13.726177 13.788168 13.848988 13.912155 13.980155 14.052221 14.122117 14.186555 14.254363 14.320105 14.390572 14.455467 14.520960 14.586689 14.656606 14.721232 14.783251 14.848143 14.912285 14.976183 15.052705 15.129420 15.193994 15.256004 15.317158 15.381145 15.445439 15.510047 15.571692 15.647928 15.731672 15.795645 15.857864 15.920454 15.989905 16.049578 16.112763 16.173847 16.244060 16.314147
Elapsed_time: 16.314147
Score: -606.516600
201
922.016549 768.219999 724.158257 697.232980 675.165365 650.920398 603.116154 562.156406 519.537275 474.463238 426.390502 384.597060 341.351162 293.571618 257.515498 222.140873 186.869350 153.358593 128.712554 103.712109 78.014019 57.249481 31.064814 8.620135 -9.994797 -31.593785 -52.661772 -74.467950 -94.675584 -114.518888 -132.650687 -149.447375 -166.945887 -182.389322 -197.721052 -214.107010 -226.255869 -238.035416 -252.426718 -265.582724 -279.116042 -292.703029 -304.602050 -315.984624 -327.032911 -336.753437 -345.090151 -352.511125 -359.992715 -366.145773 -371.790861 -377.684277 -382.713215 -387.959999 -393.292727 -394.039476 -399.556120 -404.285184 -407.930143 -411.973673 -416.762597 -419.898930 -423.031649 -426.768230 -429.867452 -432.895754 -435.750467 -438.561662 -441.216382 -444.032632 -446.856696 -449.526574 -452.341975 -455.564040 -458.876319 -461.962304 -465.168581 -469.457607 -472.705511 -476.004473 -480.320850 -483.286770 -486.564079 -490.458878 -493.684204 -497.258173 -501.335684 -504.872617 -508.320200 -511.884888 -513.463174 -516.533454 -518.294647 -520.504547 -522.447260 -524.042087 -525.965730 -527.753506 -527.853794 -529.418525 -530.514186 -531.964193 -533.650117 -535.343567 -536.997154 -538.441234 -539.781565 -541.331913 -542.828240 -544.156955 -545.550590 -546.736904 -548.126441 -549.541436 -550.898850 -552.500844 -554.096923 -555.716945 -557.434526 -559.063487 -560.775517 -562.582174 -564.263548 -565.823990 -567.324528 -568.730610 -570.219335 -571.608904 -572.826922 -574.015424 -575.248093 -576.525635 -577.633286 -578.691100 -579.927460 -580.801290 -581.738438 -582.733362 -583.635117 -584.529514 -585.437210 -586.255151 -587.005268 -587.760256 -588.524717 -589.188462 -589.793896 -590.406366 -590.895763 -591.344084 -591.788312 -592.210121 -592.569743 -592.882237 -593.190974 -593.456410 -593.756994 -594.037050 -594.267615 -594.516371 -594.781269 -595.010379 -595.228739 -595.485353 -595.567542 -595.766764 -596.005297 -596.261595 -596.388983 -596.699407 -596.936889 -597.101521 -597.289381 -597.546719 -597.616330 -597.812321 -598.026330 -598.213256 -598.464214 -598.717967 -598.967170 -599.230840 -599.312297 -599.552011 -599.885242 -600.045678 -600.226809 -600.482846 -600.658211 -600.797850 -600.950748 -601.142391 -601.212040 -601.349424 -601.487212 -601.573841 -601.663916 -601.777946 -601.811009 -601.862129 -601.952489
1.323442 1.479392 1.561218 1.632666 1.700564 1.788083 1.860230 1.928644 1.999917 2.075274 2.142654 2.213825 2.283460 2.366420 2.434673 2.501390 2.567856 2.637810 2.703606 2.774692 2.843225 2.911474 2.983898 3.053354 3.143906 3.222330 3.293316 3.366321 3.435405 3.499889 3.562772 3.630284 3.693312 3.766327 3.831336 3.905989 3.986561 4.066295 4.132453 4.205151 4.270279 4.352723 4.427867 4.489382 4.556966 4.621810 4.683977 4.750431 4.823874 4.899502 4.965543 5.035277 5.105682 5.174617 5.251670 5.333126 5.403662 5.484673 5.549144 5.609772 5.671271 5.734408 5.798584 5.867417 5.942866 6.005444 6.075133 6.158335 6.229215 6.310281 6.374220 6.438631 6.511045 6.577674 6.661652 6.728913 6.800320 6.881756 6.960260 7.039654 7.114304 7.182220 7.249052 7.310446 7.392661 7.463398 7.526783 7.590821 7.652397 7.715590 7.777737 7.848774 7.914344 7.981552 8.056650 8.120598 8.198976 8.272116 8.341234 8.408486 8.485777 8.564558 8.632893 8.708653 8.793244 8.882902 8.950232 9.028778 9.097068 9.171134 9.238329 9.319495 9.384806 9.454943 9.518819 9.582528 9.652230 9.715041 9.793619 9.873568 9.937998 10.000878 10.066537 10.147180 10.215955 10.294612 10.366068 10.436594 10.510217 10.592964 10.661093 10.728753 10.791080 10.862897 10.941653 11.012519 11.087717 11.172063 11.254515 11.329958 11.391443 11.462929 11.526657 11.593581 11.674494 11.749221 11.810741 11.876293 11.943058 12.014458 12.100125 12.169151 12.243111 12.306053 12.368312 12.432088 12.500551 12.562277 12.628491 12.691984 12.758960 12.823601 12.899136 12.971781 13.040826 13.124944 13.192718 13.265587 13.338125 13.417826 13.489847 13.560874 13.627255 13.690608 13.764480 13.834186 13.896388 13.957131 14.026436 14.100592 14.176378 14.247853 14.323551 14.397169 14.469397 14.538338 14.625439 14.714658 14.776175 14.847654 14.913903 14.983805 15.055996 15.134051 15.215575 15.286408 15.348098 15.427935 15.566475 15.637769 15.704464
Elapsed_time: 15.704464
Score: -601.952489
201
968.179858 817.915947 775.057631 751.392712 732.713662 710.688674 667.695914 626.252777 584.204650 527.752184 483.756262 436.633965 388.858482 345.083636 300.586667 261.721499 226.276200 196.830361 167.027222 140.586487 119.214692 98.729135 75.434163 55.544186 39.168157 17.478894 2.275203 -13.909984 -33.613626 -52.374926 -74.776217 -96.272943 -113.647674 -135.063287 -150.905060 -168.006802 -180.775286 -193.749298 -207.914584 -223.569945 -233.911837 -246.786618 -257.885698 -270.303850 -282.625502 -293.949610 -306.620726 -318.149007 -327.779116 -336.940355 -347.385596 -359.873916 -372.751425 -383.919998 -393.085040 -406.957495 -415.859893 -425.206771 -433.348382 -439.943112 -449.513312 -457.543876 -464.461449 -470.795349 -477.064302 -481.801127 -486.270652 -492.664169 -496.968280 -501.320927 -507.244191 -511.272225 -515.307348 -519.662602 -523.642860 -527.324164 -530.836228 -534.044062 -536.939407 -539.751231 -542.226943 -544.468122 -546.447614 -548.295949 -549.838710 -551.336808 -552.933054 -554.185368 -555.186852 -556.107910 -557.096484 -558.075971 -559.120194 -560.169672 -561.026610 -561.955043 -563.077797 -563.376109 -564.388231 -565.470503 -566.320070 -567.099404 -567.860351 -568.586767 -569.311468 -570.167276 -570.965042 -571.675513 -572.427296 -573.110187 -573.759079 -574.389968 -574.995996 -575.578412 -576.164489 -576.702311 -577.188644 -577.736900 -578.320144 -578.922308 -579.561206 -580.306713 -581.027558 -581.756958 -582.580034 -583.285287 -583.990330 -584.593917 -585.340398 -586.345447 -587.076668 -587.960069 -588.894862 -589.568815 -590.209881 -590.996192 -591.533415 -592.068903 -592.637718 -593.093176 -593.580868 -594.062938 -594.454406 -594.855144 -595.365648 -595.830578 -596.280989 -596.710297 -596.990689 -597.272930 -597.575097 -597.751190 -598.031341 -598.324762 -598.546667 -598.770447 -598.965597 -599.133506 -599.305825 -599.474805 -599.637753 -599.799114 -599.917349 -600.061441 -600.218876 -600.377504 -600.488145 -600.617759 -600.751517 -600.900142 -601.040474 -601.164461 -601.303208 -601.441742 -601.551610 -601.642856 -601.741959 -601.834331 -601.912632 -601.974389 -601.991243 -602.001490 -602.043422 -602.078734 -602.134360 -602.182067 -602.233067 -602.281162 -602.322673 -602.361260 -602.398311 -602.434296 -602.469463 -602.504598 -602.537967 -602.567340 -602.598309 -602.631574 -602.665057 -602.692908 -602.720138
1.387897 1.536541 1.615430 1.700550 1.777447 1.859002 1.943022 2.027402 2.109848 2.210578 2.296985 2.368943 2.456096 2.540446 2.621321 2.702574 2.800301 2.893683 2.983730 3.071275 3.153222 3.227884 3.306916 3.393182 3.464500 3.535266 3.604674 3.674474 3.748835 3.825245 3.909441 3.998724 4.080119 5.533180 5.627493 5.715841 5.793617 5.877765 5.945818 6.013393 6.083323 6.168185 6.248324 6.320101 6.387166 6.463976 6.530573 6.619501 6.712235 6.779715 6.851911 6.935002 7.004639 7.086833 7.171406 7.251521 7.324452 7.393454 7.457480 7.521456 7.585300 7.647515 7.720146 7.786799 7.848975 7.915530 7.985915 8.053804 8.129157 8.198192 8.284019 8.364881 8.441825 8.515221 8.604717 8.684559 8.761816 8.827966 8.910373 8.980987 9.048642 9.123185 9.200636 9.273853 9.344974 9.424130 9.501527 9.584716 9.666237 9.745380 9.811205 9.885410 9.947997 10.033702 10.098896 10.163770 10.244956 10.308082 10.373987 10.449012 10.516226 10.579687 10.647989 10.712791 10.782814 10.859648 10.931493 11.002096 11.081567 11.161086 11.225850 11.295141 11.370992 11.447823 11.526639 11.589827 11.661611 11.738677 11.811918 11.895969 11.965930 12.031478 12.094574 12.178203 12.243170 12.307710 12.369939 12.433846 12.500000 12.564192 12.626020 12.689070 12.756981 12.819744 12.893119 12.957822 13.025376 13.094974 13.159195 13.228120 13.309394 13.371464 13.434340 13.512132 13.583019 13.647636 13.718397 13.792974 13.857306 13.923075 13.991786 14.051518 14.113950 14.179731 14.242462 14.313453 14.377992 14.457491 14.522076 14.606099 14.683409 14.756406 14.832452 14.897853 14.968634 15.040992 15.120941 15.208175 15.274815 15.352327 15.426767 15.499606 15.573602 15.637483 15.706801 15.791562 15.866503 15.940276 16.001622 16.074719 16.215774 16.276733 16.337514 16.406338 16.474075 16.548924 16.622532 16.684909 16.752523 16.820322 16.899871 16.969999 17.034767 17.099459 17.165795 17.243276 17.310619 17.372422 17.443291 17.531958 17.613031
Elapsed_time: 17.613031
Score: -602.720138
3elt
FR
201
152204.129648 6573.773668 6331.151381 6085.518534 5843.984109 5611.876339 5394.649854 5193.558050 5007.785538 4835.838562 4675.582962 4525.372981 4385.698970 4254.183825 4130.700908 4013.880628 3903.548588 3799.481512 3700.646407 3606.354245 3516.279499 3430.076152 3346.968657 3267.549208 3191.723099 3118.973980 3048.943692 2981.595047 2916.493177 2853.706466 2793.540816 2734.681995 2677.560517 2622.392322 2568.506778 2516.373953 2465.991860 2417.318564 2369.897153 2323.920786 2279.462396 2236.467370 2194.557664 2154.039713 2114.647266 2076.383604 2039.164886 2002.918364 1967.515638 1933.274520 1899.644442 1867.006168 1835.192903 1803.974274 1773.920233 1744.407385 1715.447523 1687.228916 1659.616418 1632.579963 1606.134049 1580.260760 1555.048130 1530.269931 1505.856024 1482.186468 1458.876133 1436.132389 1413.929580 1392.107516 1370.723245 1349.749594 1329.144569 1308.969169 1289.200659 1269.666776 1250.550655 1232.020258 1213.702175 1195.696765 1178.187152 1160.860993 1143.898177 1127.101552 1110.702297 1094.544961 1078.604199 1063.251361 1047.865008 1032.896167 1017.909371 1003.254831 988.804254 974.727737 960.801430 947.303239 933.917465 920.684862 907.603949 894.788306 881.984939 869.604047 857.270706 845.156776 833.300266 821.622030 810.230994 798.902545 787.853506 776.819849 766.109334 755.469008 745.036986 734.781061 724.739290 714.846089 705.128465 695.534535 686.089874 676.749424 667.612264 658.575343 649.675086 640.880742 632.198780 623.662111 615.200087 606.960335 598.772771 590.820422 582.913936 575.119024 567.420778 559.913138 552.413241 545.095000 537.845774 530.726357 523.690718 516.741867 509.895166 503.181190 496.599069 490.118925 483.763714 477.489575 471.359395 465.310825 459.416007 453.620917 447.964178 442.360028 436.896918 431.506361 426.230221 421.045356 415.975328 411.010673 406.170467 401.428446 396.816815 392.293403 387.904803 383.601676 379.426372 375.336649 371.364295 367.485471 363.716977 360.058925 356.509423 353.069935 349.754057 346.549153 343.454395 340.475759 337.605865 334.848378 332.199159 329.664686 327.236918 324.921010 322.718961 320.631280 318.652346 316.785880 315.026396 313.378403 311.843296 310.418753 309.106772 307.903781 306.811694 305.830498 304.958580 304.196268 303.543776 303.001006 302.567005 302.241375 302.024298
0.000256 0.809058 1.070150 1.345021 1.587526 1.844475 2.101446 2.350446 2.604558 2.884443 3.184462 3.483928 3.744558 4.017589 4.328966 4.622179 4.887930 5.196227 5.466872 5.756165 6.066889 6.361447 6.613018 6.885425 7.172222 7.445781 7.733819 7.986813 8.255011 8.562260 8.864611 9.154802 9.461336 9.733386 9.983692 10.292241 10.559459 10.810345 11.106730 11.376486 11.640233 11.920865 12.172813 12.477239 12.774393 13.051656 13.355580 13.636245 13.979713 14.250278 14.587493 14.880123 15.148908 15.437515 15.714261 16.001341 17.652263 18.001191 18.306934 18.568443 18.879366 19.168066 19.482712 19.776568 20.073176 20.322100 20.578972 20.890595 21.148459 21.401932 21.666290 21.924386 22.202984 22.476625 22.746280 23.036041 23.312884 23.583119 23.848175 24.118282 24.372859 24.644476 24.927801 25.188245 25.465193 25.732324 26.000455 26.263642 26.546198 26.846645 27.120034 27.384881 27.621984 27.867293 28.139123 28.388934 28.641818 28.896898 29.170967 29.415413 29.662215 29.922597 30.172521 30.421601 30.680302 30.938561 31.186751 31.460222 31.723955 31.983335 32.233981 32.483240 32.750052 33.004458 33.267783 33.521280 33.800865 34.058896 34.329808 34.587516 34.839101 35.120348 35.378004 35.652863 35.915820 36.193883 36.474595 36.749538 37.023056 37.300579 37.598106 39.198290 39.459293 39.718469 39.977491 40.230475 40.490758 40.739865 41.004975 41.299783 41.575001 41.834509 42.088645 42.350090 42.603834 42.852001 43.098639 43.350813 43.600638 43.867242 44.134160 44.385303 44.630101 44.869045 45.118403 45.368499 45.609555 45.868759 46.125222 46.372626 46.610230 46.856042 47.113179 47.372824 47.620208 47.872684 48.119417 48.385561 48.652154 48.900159 49.164327 49.408731 49.669495 49.924779 50.175419 50.423099 50.671175 50.939637 51.219870 51.464955 51.715131 51.967896 52.234464 52.496142 52.750002 53.019340 53.268195 53.535033 53.791502 54.052858 54.332396 54.582833 54.852077 55.116286 55.388333 55.654926 55.906114 56.184454 56.464379 56.761120 57.025748
Elapsed_time: 57.025748
Score: 302.024298
201
153235.520473 6611.432991 6376.204191 6135.053180 5894.943924 5664.158729 5447.140910 5243.877538 5054.827514 4879.188838 4714.803556 4562.445144 4419.348654 4285.052508 4159.516208 4040.715198 3929.235195 3824.305403 3724.670664 3630.428535 3540.911866 3455.590395 3373.772529 3295.292711 3220.174105 3147.722959 3078.335070 3011.243191 2947.447524 2885.366380 2825.520071 2767.462405 2711.722265 2657.981912 2606.501646 2556.268871 2507.903356 2461.164698 2416.024045 2372.216321 2329.950578 2288.693293 2248.835968 2210.656582 2173.621518 2137.648545 2102.516776 2068.380972 2035.385938 2003.333893 1972.232822 1941.908121 1912.558872 1883.702370 1855.865288 1828.289740 1801.489349 1775.408421 1750.052310 1725.364513 1701.252615 1677.966156 1655.038427 1632.821182 1610.998026 1589.557501 1568.685808 1548.134144 1528.070363 1508.506671 1489.215181 1470.312238 1451.626098 1433.471388 1415.571440 1398.348611 1381.194158 1364.595650 1348.086853 1331.777108 1315.853398 1300.105191 1284.786161 1269.299709 1254.460615 1239.621265 1225.132828 1210.602355 1196.500967 1182.372979 1168.660704 1154.942418 1141.532329 1128.192866 1115.298718 1102.317836 1089.687350 1077.095782 1064.780309 1052.453352 1040.546943 1028.605810 1016.949701 1005.356431 994.005141 982.694300 971.572713 960.402403 949.456749 938.607304 927.925169 917.281641 906.792891 896.434801 886.188698 876.130012 866.159498 856.218966 846.421946 836.681773 827.085617 817.666753 808.382216 799.180753 790.102383 781.069129 772.118879 763.263896 754.511441 745.858623 737.272953 728.694000 720.280458 711.966852 703.738238 695.557038 687.538846 679.545343 671.725528 663.892924 656.227350 648.585081 641.062821 633.572505 626.221760 618.971376 611.865841 604.799251 597.881509 591.087557 584.380775 577.783329 571.308852 564.929001 558.680877 552.524915 546.499233 540.589665 534.788409 529.126568 523.604623 518.204036 512.941920 507.790836 502.771402 497.896665 493.147327 488.537050 484.050320 479.700634 475.478758 471.406042 467.462952 463.651492 459.977620 456.438432 453.027085 449.748598 446.607329 443.590990 440.710057 437.961940 435.345015 432.859350 430.508562 428.290991 426.206053 424.252419 422.430050 420.738250 419.178691 417.750487 416.453878 415.286048 414.248954 413.341681 412.564584 411.917207 411.399285 411.010856 410.751996
0.000184 0.880741 1.196441 1.472248 1.788145 2.101047 3.649492 3.932999 4.244653 4.555588 4.808497 5.115334 5.426502 5.664745 5.963009 6.210311 6.494531 6.750091 7.018502 7.278173 7.513989 7.792370 8.029611 8.307292 8.584754 8.856984 9.108376 9.352023 9.589153 9.860279 10.131961 10.412199 10.744000 11.009704 11.286524 11.551312 11.852843 12.140009 12.434836 12.708395 13.002049 13.301927 13.570357 13.835548 14.084728 14.342210 14.635757 14.906608 15.187843 15.510960 15.772639 16.041447 16.317461 16.599470 16.925735 17.200814 17.496251 17.802911 18.077278 18.363873 18.659939 18.944953 19.255180 19.517678 19.769881 20.067564 20.386096 20.633824 20.928215 21.183670 21.488794 21.800935 22.057256 22.352328 22.662879 22.929515 23.204479 23.467295 23.775931 24.075556 25.600986 25.865655 26.119535 26.376271 26.637225 26.913372 27.174059 27.463049 27.771452 28.045185 28.298744 28.544481 28.842528 29.099753 29.373800 29.628730 29.890922 30.124369 30.373560 30.642813 30.901665 31.152239 31.447279 31.724082 32.019325 32.281861 32.566825 32.839867 33.112549 33.402751 33.665125 33.950893 34.234298 34.496941 34.755153 35.054035 35.354800 35.629720 35.911806 36.174234 36.450435 36.712822 36.962640 37.219413 37.486945 37.779949 38.128320 38.446221 38.714709 39.025210 39.322185 39.617458 39.917503 40.202685 40.497896 40.791580 41.088999 41.394563 41.685674 41.958799 42.230121 42.510131 42.800142 43.082266 43.394333 43.714872 44.035509 44.305469 44.570813 44.848303 45.126353 45.424130 46.817301 47.087825 47.335087 47.577842 47.842948 48.104610 48.359324 48.615937 48.884598 49.128294 49.361540 49.604711 49.844600 50.088857 50.344388 50.613941 50.847552 51.105254 51.343414 51.591983 51.839891 52.076085 52.314766 52.564491 52.798859 53.041434 53.288764 53.527074 53.774907 54.028725 54.286638 54.542974 54.810261 55.063244 55.317630 55.568433 55.824678 56.086351 56.343903 56.605051 56.880101 57.139663 57.392796 57.656441 57.916685 58.163226 58.426337 58.694559 58.955026
Elapsed_time: 58.955026
Score: 410.751996
201
151047.349716 6577.841747 6337.017316 6093.289980 5853.363837 5623.182346 5407.270511 5206.164802 5019.396153 4846.395211 4684.580549 4533.806142 4392.423797 4260.026895 4135.704912 4017.759155 3906.557595 3801.313668 3701.603491 3607.434814 3517.644928 3432.298189 3350.772482 3273.107515 3199.056602 3127.983958 3060.052190 2995.136119 2932.502034 2872.518771 2814.721569 2759.174115 2706.106396 2655.132296 2606.168310 2558.507832 2512.661123 2468.330668 2425.678544 2384.047950 2344.121374 2304.692771 2266.863876 2229.578268 2193.441122 2157.881736 2123.454044 2089.718516 2056.995225 2024.538764 1993.263128 1962.488883 1932.482481 1902.926164 1873.812358 1845.425986 1817.255669 1789.994852 1763.345826 1736.881856 1710.874094 1685.144647 1659.912053 1634.943878 1610.558539 1586.607640 1563.115881 1539.838527 1517.111621 1494.565176 1472.386598 1450.322209 1428.988161 1407.580829 1386.649153 1365.986796 1345.661970 1325.527528 1305.811200 1286.122914 1266.835416 1247.835567 1229.188857 1210.668129 1192.284573 1174.451601 1156.944887 1139.575252 1122.551095 1105.644107 1088.979061 1072.587065 1056.641843 1040.699584 1025.140921 1009.649253 994.527822 979.538592 964.804103 950.196052 935.949390 921.837425 907.971926 894.379682 880.882737 867.605870 854.507089 841.625587 828.901166 816.414597 803.986370 791.870779 779.886469 768.187755 756.508604 745.022572 733.699396 722.521036 711.503923 700.644442 690.006533 679.523544 669.163265 658.990085 649.040810 639.210373 629.568396 620.112961 610.744039 601.608690 592.568572 583.696513 574.918104 566.338408 557.866105 549.522881 541.316199 533.226296 525.281312 517.469344 509.772490 502.227066 494.805201 487.487372 480.308909 473.224927 466.284632 459.500766 452.837067 446.273053 439.814390 433.465474 427.226000 421.104722 415.097731 409.199663 403.442381 397.785131 392.256551 386.836847 381.551404 376.375391 371.329234 366.404849 361.599125 356.927885 352.363514 347.931498 343.627153 339.441854 335.393333 331.474476 327.683768 324.027719 320.493283 317.092806 313.816967 310.670371 307.649514 304.762535 302.001721 299.369111 296.867769 294.493988 292.247848 290.128915 288.136420 286.268666 284.528475 282.913682 281.423969 280.061708 278.825255 277.713310 276.726116 275.863040 275.124043 274.508609 274.016419 273.647437 273.401541
0.000185 0.830631 1.110611 1.399276 1.679165 1.947912 2.214943 2.484810 2.775779 3.039542 3.285642 3.534501 3.806444 4.059471 4.327018 4.576705 4.829932 5.102502 5.388129 5.663426 5.962900 6.236191 6.508609 6.788845 7.065888 7.335993 7.619791 7.899977 8.166053 8.450599 8.717284 8.980930 9.265569 9.522782 9.780406 10.030966 10.303633 10.577388 10.811991 11.053855 11.294342 11.538789 11.783159 12.031829 12.276803 12.522352 12.769493 13.000230 13.235910 13.475377 13.728977 13.963052 14.203341 14.441046 14.668571 14.925220 15.187797 15.431605 15.679044 15.944194 16.197296 16.460872 16.719125 16.979275 17.253884 17.512519 17.781595 18.042675 18.478510 18.722907 18.985787 19.237711 19.508462 19.767989 20.025876 20.282539 20.547080 20.819099 21.097248 21.370757 21.644247 21.923828 22.222444 22.494918 22.768809 23.066536 23.357954 23.640673 23.912451 24.182232 24.448655 24.719789 24.965140 25.224655 25.478063 25.731743 26.011870 26.305395 26.582567 26.868303 27.146751 27.417896 27.716032 27.991918 28.274553 28.557992 28.829360 29.107977 29.362473 29.616889 29.876876 30.126893 30.406579 30.665644 30.906899 31.144687 31.416539 31.642956 31.881915 32.115231 32.384636 32.619865 32.851093 33.092167 33.360232 33.599906 33.843186 34.079661 34.318441 34.556992 34.796404 35.030979 35.272739 35.514408 35.758692 36.016133 36.287656 36.565774 36.819188 37.071245 37.336197 37.631267 37.908219 38.173241 38.437288 38.699212 38.963259 39.228098 39.505111 39.768944 40.021693 40.277395 40.559382 40.809169 41.087160 41.359966 41.636986 41.928057 42.204398 42.527560 42.805932 43.086867 43.372593 43.647831 43.920833 44.178271 44.433395 44.707144 44.968356 45.216060 45.470618 45.733043 46.015214 46.302299 46.564897 46.876357 47.143866 47.418468 47.710313 47.992789 48.265878 48.539467 48.807442 49.095120 50.340733 50.593175 50.850487 51.111386 51.356722 51.621621 51.887637 52.124168 52.355629 52.597421 52.888429 53.145726 53.373975 53.618083 53.863327 54.107330 54.330242
Elapsed_time: 54.330242
Score: 273.401541
CN-FR
168
216.170770 -20.810911 -90.306517 -117.443779 -137.406211 -150.249199 -161.443176 -171.832314 -180.713302 -189.315103 -196.055557 -203.986486 -210.316526 -217.379547 -223.128067 -229.615421 -235.046501 -240.818975 -246.495813 -251.479758 -257.198971 -261.857219 -267.194562 -271.766486 -276.804625 -280.746428 -285.907226 -289.455451 -294.479522 -297.975957 -302.874055 -306.231261 -310.929562 -314.415677 -318.846139 -322.343422 -326.436777 -330.024424 -333.964349 -337.672481 -341.474877 -345.033604 -348.860689 -352.545392 -356.498592 -359.955250 -363.851896 -367.240416 -371.039268 -374.252874 -377.932318 -381.090981 -384.589517 -387.504751 -390.861044 -393.552619 -396.830145 -399.716521 -402.904340 -405.587873 -408.739087 -411.458320 -414.525627 -417.090706 -420.158713 -422.809859 -425.811630 -428.316471 -431.503462 -433.946785 -437.072789 -439.513091 -442.679877 -445.175547 -448.423780 -451.075852 -454.129306 -456.818903 -460.017819 -462.606866 -465.629175 -468.589273 -471.588506 -474.594026 -477.614700 -480.479427 -483.544980 -486.299127 -489.486675 -492.432059 -495.343295 -498.506236 -501.247008 -504.432654 -507.370168 -510.507143 -513.596532 -516.881856 -519.883082 -523.247655 -526.397160 -529.789021 -532.877114 -536.247004 -539.480211 -542.958254 -546.408899 -549.801369 -553.332456 -556.727981 -559.989848 -563.331623 -566.737860 -569.905553 -573.287721 -576.507746 -580.001344 -583.217316 -586.718727 -590.011646 -593.479221 -596.563186 -600.034532 -603.188067 -606.675491 -609.904746 -613.373181 -616.615590 -620.177585 -623.508440 -627.045809 -630.495604 -633.976229 -637.560399 -641.184693 -644.798256 -648.352061 -651.965078 -655.456125 -659.033525 -662.454919 -665.845084 -669.207908 -672.565755 -675.857957 -679.139892 -682.349561 -685.537655 -688.717050 -691.905779 -695.066308 -698.219530 -701.325891 -704.402255 -707.416707 -710.401524 -713.307941 -716.234440 -719.075102 -721.907366 -724.655174 -727.345555 -729.944009 -732.510812 -735.006920 -737.442180 -739.799575 -742.111431
4.646743 6.338079 6.595408 6.849256 7.111391 7.396758 7.684011 7.936720 8.183462 8.443237 8.715978 8.995701 9.285754 9.533150 9.791426 10.072444 10.355508 10.653963 10.928595 11.206204 11.509181 11.817844 12.112171 12.390553 12.678871 12.951564 13.207413 13.489693 13.741027 14.004195 14.278970 14.530690 14.802508 15.056788 15.327216 15.598089 15.863811 16.157376 16.443117 16.733269 17.024179 17.293841 17.588057 17.879611 18.194601 19.598147 19.855743 20.113297 20.382938 20.664598 20.954447 21.230262 21.488518 21.736787 21.998078 22.268553 22.510093 22.782595 23.066647 23.304624 23.543287 23.802013 24.071303 24.323435 24.562439 24.840541 25.102337 25.375561 25.632392 25.871167 26.167134 26.441467 26.734101 26.991807 27.276634 27.550424 27.829158 28.117711 28.396130 28.674405 28.942504 29.238893 29.500694 29.761373 30.014176 30.288753 30.539547 30.800902 31.055039 31.303061 31.556768 31.824737 32.090346 32.354552 32.606362 32.871308 33.126657 33.393049 33.671262 33.915229 34.167252 34.422067 34.676197 34.934813 35.186829 35.452876 35.707713 35.975519 36.227177 36.478991 36.753685 37.031959 37.285077 37.539284 37.809095 38.061226 38.318727 38.587769 38.850948 39.108692 39.363967 39.627075 39.878799 41.953924 42.204652 42.471751 42.717190 42.968048 43.221128 43.461477 43.705500 43.980504 44.227214 44.468503 44.722603 45.019049 45.286450 45.528845 45.776204 46.042570 46.298149 46.548446 46.821518 47.097085 47.363557 47.639205 47.893145 48.149481 48.417020 48.675328 48.931508 49.191952 49.443859 49.705706 49.972936 50.222435 50.480714 50.757098 51.012313 51.301421 51.559490 51.816287 52.098579 52.353966 52.605636 52.865173 53.125204 53.389974
Elapsed_time: 53.389974
Score: -742.111431
168
288.331336 57.035095 -9.353082 -36.812138 -55.719089 -68.937888 -80.836377 -90.997548 -100.822693 -109.883704 -118.775828 -126.844970 -135.080106 -142.700125 -150.663536 -157.432178 -165.096154 -171.792612 -178.933839 -185.248851 -191.751787 -198.043473 -204.229556 -210.384032 -216.131987 -222.009020 -227.510973 -233.030968 -238.420048 -243.580367 -248.866069 -253.796271 -258.790971 -263.525919 -268.637698 -272.918219 -278.057086 -282.263828 -287.434939 -291.577973 -296.571182 -300.652055 -305.617740 -309.561951 -314.593686 -318.327170 -323.211247 -327.001556 -331.686162 -335.157934 -339.829460 -343.382502 -347.903879 -351.312760 -355.682443 -359.335310 -363.548117 -366.854146 -370.974965 -374.384683 -378.238925 -381.569587 -385.548796 -388.836142 -392.595162 -395.984051 -399.794922 -403.115467 -406.999983 -410.113382 -414.371733 -417.472597 -421.757368 -424.840168 -429.401728 -432.616370 -437.119708 -440.508385 -444.726860 -448.182424 -452.441428 -455.791307 -460.087952 -463.313587 -467.451405 -470.775575 -474.924400 -478.253818 -482.306628 -485.636126 -489.624003 -492.928674 -496.958369 -500.252997 -504.398068 -507.710150 -512.019241 -515.334475 -519.604978 -523.022737 -527.260895 -530.745307 -535.073736 -538.508433 -542.507688 -545.880612 -549.948634 -553.197515 -557.161799 -560.341803 -564.181963 -567.238862 -571.024771 -574.097991 -577.815729 -580.949359 -584.615714 -587.782901 -591.568724 -594.829850 -598.524724 -601.702603 -605.441619 -608.762797 -612.555179 -616.025362 -619.865600 -623.345924 -627.192580 -630.751527 -634.537632 -638.213387 -642.013732 -645.598241 -649.372414 -652.994704 -656.570995 -660.096301 -663.643410 -667.082120 -670.537612 -673.964069 -677.409195 -680.834520 -684.189415 -687.580033 -690.960518 -694.379511 -697.758592 -701.166001 -704.530775 -707.869007 -711.157564 -714.400482 -717.616507 -720.755500 -723.881326 -726.900972 -729.883766 -732.841207 -735.727824 -738.550528 -741.323185 -744.010072 -746.690534 -749.247732 -751.777355 -754.215179
5.042678 6.857289 7.155961 7.444542 7.705060 7.975711 8.268539 8.564099 8.844206 9.116706 9.378967 9.643408 9.940496 10.233750 10.498822 10.810922 11.074600 12.568889 12.890687 13.151792 13.436091 13.716135 14.000316 14.309623 14.589017 14.867840 15.136665 15.450016 15.724375 15.986423 16.298458 16.555891 16.852187 17.122930 17.394013 17.638138 17.893092 18.189126 18.503448 18.767281 19.039420 19.321295 19.586217 19.892518 20.167460 20.488160 20.755321 21.025084 21.285085 21.550485 21.795322 22.060427 22.310001 22.558134 22.814319 23.078989 23.359751 23.612669 23.867423 24.130711 24.401619 24.674211 24.944582 25.194567 25.446618 25.695667 25.945722 26.216469 26.479599 26.734407 26.992211 27.249906 27.513049 27.777495 28.032969 28.283774 28.560801 28.817523 29.080208 29.332543 29.586382 29.835638 30.097282 30.374445 30.652102 30.906137 31.154658 31.430080 31.690009 31.953638 32.206108 32.458446 32.707077 32.981224 33.238925 33.495976 33.759061 34.004778 34.268106 34.530081 34.790986 35.064681 35.321213 35.596848 35.865324 36.163607 36.411847 36.668898 36.938958 37.212369 37.470963 37.749086 38.016988 38.273638 38.538221 38.811017 39.074739 39.321073 39.587981 39.835741 40.081604 40.354357 40.622037 40.876669 41.137448 41.386108 41.634069 41.895956 42.159340 42.436674 42.705445 42.952017 43.222015 43.473996 43.737588 43.984898 44.237411 44.503556 44.768554 45.056786 45.302177 45.554189 45.832395 46.093589 46.339675 46.603188 46.862192 47.113915 47.367340 47.632956 47.893716 48.148699 48.411455 48.660437 48.913997 49.167982 49.415208 49.700800 49.957598 50.211668 50.469078 50.719821 50.971800 51.237987 51.507600 51.769571 52.032075 52.280087
Elapsed_time: 52.280087
Score: -754.215179
168
142.185494 -103.378542 -174.421620 -200.185934 -217.991677 -227.934725 -240.882124 -248.913025 -259.143921 -266.090061 -275.412420 -281.125675 -289.588844 -295.549122 -303.137499 -308.725266 -315.558964 -320.784603 -327.176164 -332.209775 -338.536845 -343.071193 -348.920818 -353.289012 -359.127807 -363.125987 -368.780583 -372.624084 -378.063378 -381.767084 -386.837612 -390.644075 -395.345854 -399.120953 -403.532089 -407.351237 -411.472376 -415.121821 -419.134289 -422.568384 -426.262625 -429.704484 -433.437719 -436.779533 -440.497758 -443.689269 -447.491140 -450.521992 -454.234589 -457.094455 -460.817235 -463.727434 -467.273317 -470.160923 -473.508225 -476.358916 -479.715226 -482.313665 -485.698521 -488.181252 -491.641339 -493.968635 -497.368446 -499.868623 -503.218584 -505.648046 -509.123924 -511.783198 -515.207855 -517.810269 -521.100221 -523.830396 -527.106321 -529.663553 -532.940261 -535.640270 -538.734590 -541.434445 -544.645037 -547.233737 -550.422613 -552.962443 -556.241009 -558.687787 -561.911341 -564.513373 -567.483637 -570.276509 -573.314388 -575.913413 -578.905596 -581.397821 -584.409020 -586.814676 -589.850876 -592.378721 -595.367462 -597.956134 -600.819729 -603.422552 -606.425870 -609.003657 -611.873121 -614.507064 -617.572132 -620.274205 -623.620005 -626.279562 -629.638351 -632.514406 -635.832369 -638.511969 -641.891899 -644.717514 -647.989654 -650.840777 -654.067128 -657.023946 -660.246209 -663.176144 -666.324874 -669.409834 -672.512874 -675.524740 -678.736790 -681.711634 -684.899405 -687.944610 -691.102556 -694.107807 -697.142482 -700.252547 -703.381201 -706.270834 -709.416977 -712.323798 -715.475437 -718.379472 -721.417100 -724.306607 -727.321077 -730.249609 -733.262475 -736.150852 -739.113884 -742.026349 -744.954304 -747.791539 -750.644874 -753.447047 -756.258741 -759.043352 -761.741841 -764.480540 -767.148329 -769.799162 -772.397647 -774.998108 -777.537750 -780.045770 -782.484727 -784.871646 -787.261286 -789.538037 -791.832741 -793.988786 -796.169917 -798.222950
5.955211 7.678260 7.931346 8.210336 8.469864 8.741946 9.020349 9.283365 9.540309 9.810525 10.070358 10.341445 10.594597 10.849165 11.099922 11.355125 11.622291 11.874200 12.161541 12.494884 12.758954 13.009036 13.307705 13.572489 13.861330 14.133086 14.402842 14.647509 14.903326 15.186159 15.445204 15.713950 15.989618 16.283068 16.539657 16.838734 17.149358 17.421482 17.696251 17.947674 18.201690 18.485256 18.767149 19.038851 19.306962 19.603976 19.863008 20.158223 20.435112 20.704835 20.965367 21.258574 21.545538 21.808749 22.088414 22.383103 22.655589 22.953662 23.222470 23.498449 23.782341 24.087421 24.365168 24.628758 24.914287 26.444061 26.696552 27.000401 27.279712 27.570693 27.839762 28.138283 28.389695 28.654487 28.919580 29.211068 29.477481 29.756911 30.044939 30.301444 30.591400 30.890748 31.152143 31.422158 31.703345 31.966560 32.235141 32.504921 32.763354 33.046868 33.323307 33.637767 33.918576 34.178693 34.448790 34.702306 34.966569 35.243840 35.534164 35.784170 36.048925 36.304701 36.627908 36.900934 37.162367 37.457771 37.732942 38.034226 38.296861 38.581458 38.864952 39.147264 39.407730 39.679503 39.941119 40.246107 40.529083 40.792307 41.068047 41.361046 41.637532 41.937707 42.245141 42.522998 42.825654 43.099349 43.364443 43.637743 43.968298 44.241120 44.534985 44.793866 45.090709 45.350625 45.622809 45.882820 46.165829 46.436770 46.724383 48.258652 48.519134 48.819936 49.098522 49.388454 49.665864 49.953096 50.227381 50.489731 50.749345 50.995833 51.251913 51.505734 51.761758 52.013914 52.266373 52.530045 52.807266 53.074532 53.368279 53.642777 53.900864 54.167993 54.432699 54.688625 54.947611 55.204131 55.462761 55.717555
Elapsed_time: 55.717555
Score: -798.222950
L-BFGS
201
152204.129648 119735.418220 22728.492562 10184.685386 6251.833872 5348.451024 4896.806646 4361.332404 4110.234738 3786.134825 3405.297370 3197.772874 3034.303129 2909.333129 2713.203547 2563.488038 2426.313594 2329.772102 2183.174300 2009.357941 1885.873205 1758.033953 1638.124595 1530.471171 1430.503720 1333.990425 1224.057215 1138.917690 1053.497633 952.632896 872.449418 800.084736 731.223088 673.539373 625.210294 583.051021 541.340732 504.173311 468.128628 429.689078 399.027290 367.527774 331.596991 306.314944 279.864564 247.308270 223.316517 195.241379 171.097680 149.465609 127.553687 104.336189 82.128948 63.721775 42.996094 23.245360 4.081883 -15.305491 -33.147001 -53.363522 -74.056314 -88.555184 -107.261997 -119.055819 -139.615817 -150.390096 -163.576634 -176.970910 -193.024185 -203.314390 -215.895374 -228.868228 -243.374446 -254.850808 -267.400705 -277.203686 -288.284203 -299.633515 -308.821217 -319.836250 -333.035752 -341.760432 -352.752743 -363.758804 -379.716724 -389.189419 -400.643589 -413.303654 -426.432542 -436.527195 -448.021537 -456.980026 -466.744696 -480.187502 -488.001459 -495.392638 -513.227999 -518.851816 -528.765495 -537.165625 -546.042681 -558.850077 -567.080777 -576.516559 -584.721761 -593.006991 -601.454063 -610.698761 -618.960889 -626.940429 -632.791410 -645.628638 -651.884942 -660.581242 -673.344833 -685.212437 -695.694146 -708.100710 -717.058555 -729.593427 -745.470942 -756.748714 -767.211327 -784.014292 -797.690716 -815.944944 -835.213178 -855.120196 -872.998803 -891.073705 -913.254285 -933.141334 -950.550065 -973.247797 -987.745563 -1003.276970 -1018.985222 -1032.291113 -1043.928040 -1064.020335 -1078.989658 -1090.424271 -1101.382880 -1118.053199 -1130.147561 -1144.852789 -1156.960772 -1169.567786 -1181.619118 -1193.300404 -1204.237762 -1215.019166 -1225.395161 -1237.124208 -1247.685219 -1257.843027 -1267.177020 -1276.352268 -1288.370349 -1296.997893 -1305.012357 -1315.332708 -1323.404430 -1333.370857 -1343.170205 -1350.423062 -1359.517070 -1361.784023 -1375.120962 -1379.938645 -1387.218557 -1396.880708 -1399.665317 -1411.753083 -1415.966765 -1422.907284 -1428.256773 -1436.709503 -1441.996344 -1447.350331 -1455.987075 -1460.459301 -1466.188224 -1471.105086 -1476.352162 -1480.601021 -1485.268753 -1489.631730 -1493.358761 -1496.055595 -1503.201468 -1505.754286 -1509.668874 -1514.125536 -1518.755721 -1522.559778 -1527.274085 -1530.956643 -1534.410069 -1539.852669 -1542.642609
0.000240 0.928266 1.245668 1.532752 1.823273 2.112012 2.400571 2.688558 2.973254 3.290337 3.579213 3.861729 4.147103 4.432974 4.734628 5.033385 5.335207 5.644995 5.948586 6.253957 6.561422 6.874669 7.180179 7.495724 7.791272 8.090632 8.388109 8.697080 8.987358 9.302147 9.593744 9.871645 10.160651 10.442583 10.726678 11.012833 11.295144 11.590351 11.890057 12.176308 12.449893 12.735161 13.009219 13.286401 13.565270 13.841409 14.124082 14.414682 14.692834 14.970387 15.248871 15.564505 15.868824 16.152203 16.430973 16.703907 16.972953 17.261527 17.558361 17.846294 18.116894 18.379194 18.651456 18.916819 19.196943 19.478410 19.743079 20.018689 21.511898 21.777062 22.047029 22.315460 22.586223 22.869012 23.142015 23.409758 23.695669 23.975962 24.254993 24.527546 24.792102 25.062757 25.325682 25.588550 25.851496 26.121029 26.395742 26.674298 26.949190 27.206708 27.467977 27.722952 27.973284 28.222541 28.496093 28.761664 29.043632 29.299206 29.544906 29.798412 30.065437 30.331662 30.850877 31.123899 31.375396 31.638881 31.915537 32.164822 32.431197 32.728288 32.985627 33.260207 33.513130 33.771074 34.036629 34.299970 34.555479 34.808968 35.054204 35.299288 35.559243 35.813213 36.055785 36.317240 36.556856 36.800514 37.042647 37.300082 37.542929 37.783208 38.047488 38.300426 38.537293 38.777786 39.036430 39.272179 39.511537 39.751446 39.999906 40.253642 40.485256 40.733588 40.973594 41.216774 41.471498 41.723723 41.985437 42.246294 42.498470 42.740061 43.002890 43.255911 43.504416 43.738325 43.976362 44.211662 44.458291 44.697393 44.933795 45.169651 45.417444 45.653131 45.893228 46.125095 46.364501 46.604437 46.846133 47.086637 47.317364 47.550405 47.786387 48.025467 48.265836 48.513476 48.738465 48.966228 49.200595 49.456681 49.703007 49.946057 50.189917 50.660330 50.889205 51.123386 51.354347 51.590294 51.824283 52.058907 52.290691 52.524585 52.753082 53.002200 53.236916 53.468694 54.909922 55.158120 55.384003 55.614628 55.868495 56.108300 56.382700
Elapsed_time: 56.382700
Score: -1542.642609
201
153235.520473 120437.737639 22789.007063 10219.922134 6334.263593 5463.447955 5010.789005 4447.301090 4179.991911 3853.729888 3463.035345 3211.043221 2993.540511 2794.787996 2618.330488 2468.669450 2332.953309 2179.302268 2039.395952 1913.631530 1807.644443 1716.890310 1630.091325 1537.359097 1450.392015 1374.821495 1312.258778 1226.946040 1184.152516 1115.993139 1073.291988 1018.696977 948.911934 896.582281 845.365058 802.605860 762.227658 712.323013 656.853187 620.316129 585.159828 541.429834 500.863802 460.839733 420.967092 387.782941 348.527420 315.567258 281.333264 252.485375 222.965986 188.126898 157.629602 120.291646 90.237267 55.288461 16.602270 -10.149044 -34.992191 -79.247902 -102.143318 -127.736932 -158.477429 -182.777436 -219.337984 -252.420456 -279.280484 -310.341627 -339.829763 -376.348959 -415.763791 -454.601308 -487.350013 -524.814474 -557.780113 -590.631184 -614.695337 -645.802371 -665.893822 -699.810695 -717.629585 -739.207078 -757.596118 -782.746440 -798.890746 -814.932010 -839.905824 -850.036649 -879.062297 -891.675255 -909.244725 -923.331118 -945.693789 -961.012309 -975.897259 -1000.911494 -1017.018437 -1038.729061 -1055.081901 -1070.907654 -1086.331822 -1101.861069 -1118.504710 -1131.348080 -1147.477143 -1163.099942 -1176.199836 -1189.676080 -1202.924501 -1214.976435 -1226.032235 -1236.084283 -1246.376358 -1255.856797 -1264.629719 -1273.172013 -1282.154784 -1289.719066 -1296.803254 -1303.770591 -1311.211551 -1316.631717 -1323.375568 -1328.606357 -1333.426898 -1336.704014 -1344.150400 -1347.090567 -1351.609879 -1357.636216 -1362.100458 -1367.358327 -1371.303510 -1375.570447 -1379.128773 -1385.065320 -1388.131964 -1392.073534 -1395.090972 -1400.394609 -1403.396280 -1406.518740 -1411.762960 -1415.394995 -1420.315896 -1424.080752 -1428.606572 -1432.975401 -1437.560708 -1442.643573 -1446.578511 -1452.672270 -1457.812472 -1462.629032 -1468.063240 -1472.695811 -1477.885867 -1483.168685 -1487.289972 -1491.731766 -1497.233472 -1501.262577 -1505.265283 -1510.786000 -1514.818545 -1519.869235 -1525.624911 -1530.755391 -1535.668452 -1542.996243 -1547.607057 -1552.248586 -1559.138162 -1563.961141 -1571.086363 -1577.195990 -1582.652336 -1589.351466 -1594.883663 -1600.504262 -1608.141931 -1613.535142 -1621.650965 -1628.072459 -1635.094907 -1640.801956 -1647.209914 -1654.153137 -1660.312264 -1667.325698 -1672.269130 -1677.885922 -1684.222703 -1688.481816 -1692.771764 -1698.508591 -1701.982506 -1705.064766 -1709.896290 -1712.815221 -1716.528119
0.000171 0.924155 1.212041 1.509694 1.800316 2.088796 2.378941 2.689472 2.986532 3.286129 3.579809 3.860152 4.160467 4.463935 4.779223 5.096354 5.389048 5.704964 5.999806 6.316075 6.621602 6.921370 7.233220 7.541145 7.842100 8.144333 8.440481 8.732303 9.030618 9.326364 9.626703 9.919742 10.208914 10.512985 10.818932 11.120410 11.398771 11.692309 11.970367 12.251856 12.525455 12.810560 13.104000 13.392714 13.697455 13.986579 14.268137 14.544455 14.820050 15.090147 15.364355 15.650225 15.960040 16.250106 16.525891 16.800071 17.081661 17.369129 17.657053 17.927008 18.190887 18.487941 18.771647 19.059933 19.338758 19.605437 19.899258 20.181621 20.442106 20.709782 20.982878 21.259413 21.524295 21.783826 22.053372 22.310950 22.562379 22.838262 23.090915 23.359344 23.621542 23.891013 24.158403 24.412725 24.662414 24.907728 25.172042 25.450784 25.704240 25.955723 26.240474 26.502093 26.747091 26.994412 27.251241 27.508998 28.003531 28.247892 28.496605 28.764135 29.010924 29.278870 29.533185 29.785613 30.039865 31.501195 31.754514 31.996995 32.256801 32.513568 32.760614 33.029789 33.277545 33.527394 33.775356 34.027267 34.276234 34.509935 34.762139 35.020016 35.261012 35.505226 35.742943 35.999165 36.249758 36.487510 36.737879 36.989502 37.238923 37.484595 37.731377 37.981538 38.234551 38.489894 38.747166 39.000441 39.250064 39.513872 39.759696 40.000478 40.251939 40.500026 40.749594 41.230824 41.476869 41.721338 41.957267 42.194994 42.443530 42.688918 42.935519 43.171753 43.425648 43.666075 43.900854 44.142922 44.388336 44.640715 44.905423 45.141978 45.391849 45.635369 45.882254 46.154377 46.405108 46.648628 46.885823 47.124583 47.382973 47.647911 47.888861 48.141497 48.381216 48.619684 48.858016 49.097542 49.333455 49.567317 49.813963 50.067615 50.311145 50.539158 50.784669 51.015580 51.252822 51.517700 51.784458 52.013687 52.247726 52.477445 52.722087 52.973040 53.208139 53.445815 53.687154 53.918959 54.151222 54.390817 54.620223 54.857393 55.090932
Elapsed_time: 55.090932
Score: -1716.528119
201
151047.349716 118726.566717 22609.347362 10163.101713 6265.079288 5373.478661 4927.148591 4391.057507 4135.574408 3806.363618 3422.952587 3204.595682 3022.996539 2860.218616 2691.419593 2552.924256 2421.811720 2288.815926 2150.093873 2029.834717 1909.095328 1807.200338 1697.872399 1583.567141 1472.106912 1371.773599 1285.576445 1197.319804 1091.054711 1009.726606 933.726927 857.854334 792.003746 725.856477 664.614499 593.312888 542.710887 493.222061 447.070631 402.484547 358.570764 315.343349 273.838042 234.546451 190.334456 149.941504 113.015311 80.734154 47.858867 13.567959 -10.811269 -35.477289 -57.211878 -82.419916 -103.723958 -134.650969 -154.050813 -178.841467 -213.311154 -241.470012 -267.725075 -292.413870 -314.295913 -337.137168 -358.481880 -374.036612 -391.966173 -409.148689 -427.640368 -440.170203 -454.203658 -468.033641 -485.781141 -494.334291 -507.558616 -518.643353 -531.018351 -541.862186 -551.510146 -560.144659 -569.298402 -581.508024 -589.876602 -601.854191 -612.159733 -621.234582 -630.156949 -638.519454 -646.681946 -654.940586 -662.740593 -671.462971 -679.540139 -686.161370 -692.590092 -699.495249 -707.287423 -716.208203 -724.912781 -731.334280 -739.608069 -745.199464 -751.658553 -759.683448 -764.608409 -771.218460 -778.579629 -782.663040 -789.322956 -793.221591 -799.674932 -804.471772 -808.447977 -816.040694 -819.771407 -825.290272 -830.468126 -834.888685 -840.190169 -845.291660 -850.467190 -855.404265 -861.633387 -867.819175 -873.767295 -880.389970 -887.239155 -894.404188 -901.978396 -909.776790 -918.245079 -927.315853 -936.087074 -945.069606 -956.919633 -967.435564 -979.061595 -993.138857 -1005.032858 -1018.176198 -1030.506106 -1042.496910 -1053.305155 -1065.895640 -1077.754739 -1088.777270 -1097.879940 -1108.283121 -1116.536058 -1124.124539 -1133.954494 -1141.138336 -1150.558072 -1159.101087 -1164.528475 -1173.061745 -1178.416506 -1186.648637 -1192.914736 -1198.650461 -1208.820321 -1213.383411 -1222.427748 -1227.294372 -1233.057556 -1242.965246 -1245.551096 -1256.400124 -1260.512828 -1266.684591 -1271.304530 -1278.862807 -1283.684512 -1288.116535 -1295.435557 -1298.246474 -1307.214090 -1311.104878 -1316.730351 -1326.174251 -1328.624237 -1340.100005 -1344.964279 -1352.298543 -1359.652891 -1369.535430 -1377.473529 -1384.219263 -1391.983746 -1401.985734 -1408.537514 -1417.068661 -1421.645433 -1430.517637 -1436.791755 -1442.892849 -1454.173815 -1460.567928 -1468.302155 -1474.543488 -1482.418977
0.000253 0.945664 1.236386 1.537285 1.857815 2.147804 2.452502 2.736157 3.028135 3.334454 3.649710 3.936832 4.228887 4.508360 4.804812 5.098918 5.403262 5.723223 6.039312 6.349009 6.657283 6.956943 7.247310 7.555732 7.877268 8.180134 9.682211 9.987891 10.289117 10.578349 10.873611 11.172695 11.480372 11.771892 12.057284 12.341155 12.629499 12.943455 13.229716 13.504047 13.797109 14.103227 14.394282 14.682325 14.976848 15.254586 15.568854 15.848997 16.139019 16.403129 16.686209 16.969626 17.256341 17.565328 17.828736 18.096492 18.362877 18.632765 18.907207 19.180539 19.455261 19.721948 19.988804 20.249936 20.527562 20.815298 21.086835 21.338373 21.605796 21.877263 22.138442 22.400969 22.673689 22.951754 23.243013 23.524558 23.792695 24.057602 24.346289 24.607128 24.858859 25.126777 25.383978 25.638875 25.907518 26.165491 26.420777 26.681031 26.947608 27.211154 27.468391 27.736746 28.008401 28.264816 28.515764 28.775945 29.044754 29.308582 29.571424 29.820816 30.067042 30.326557 30.586566 30.835779 31.120407 31.381019 31.650337 31.905267 32.161932 32.422922 32.674651 32.939929 33.197757 33.437588 33.939805 34.188421 34.428830 34.691027 34.960934 35.214461 35.476282 35.730417 35.976506 36.231013 36.503015 36.750262 36.994812 37.245352 37.505291 37.755594 38.014099 38.262212 38.507288 38.750915 39.006634 39.252744 39.507125 39.754030 40.005988 40.256540 40.510008 40.788833 41.043634 41.292581 41.534581 42.987597 43.241208 43.487194 43.733894 43.984434 44.220396 44.465514 44.731456 44.978057 45.246700 45.497787 45.740961 45.981545 46.236290 46.489125 46.751418 47.037720 47.291359 47.543909 47.783766 48.036343 48.279560 48.526208 48.777348 49.028102 49.272911 49.528181 49.793744 50.049770 50.294280 50.538680 50.793400 51.041293 51.291462 51.544999 51.788012 52.035659 52.295264 52.543882 52.788527 53.030600 53.296992 53.537222 53.783477 54.021913 54.263482 54.504420 54.750211 55.003480 55.261990 55.509664 55.764742 56.259014 56.502124 56.743468 56.982552
Elapsed_time: 56.982552
Score: -1482.418977
CN-L-BFGS
201
216.170770 -37.331458 -157.381105 -200.150944 -218.221203 -235.428774 -248.851411 -270.980227 -284.425603 -307.516315 -326.249943 -346.270425 -381.261261 -404.744723 -445.406468 -472.193101 -500.660137 -538.605143 -578.928236 -618.639699 -653.221401 -686.289171 -724.617868 -747.740497 -773.417230 -800.328046 -826.464955 -844.542770 -865.871060 -881.888052 -899.846809 -914.811434 -928.292261 -937.078987 -959.611641 -967.654072 -980.800685 -992.265043 -1006.849693 -1017.717150 -1027.604527 -1040.311219 -1053.006080 -1061.968719 -1074.178370 -1083.112135 -1092.162632 -1106.976706 -1114.463381 -1123.677729 -1138.339620 -1145.585797 -1152.698501 -1163.047511 -1169.955818 -1174.310365 -1186.347410 -1191.139041 -1198.739219 -1209.596300 -1217.957683 -1227.400467 -1234.817267 -1242.062100 -1244.376362 -1260.060868 -1264.962389 -1272.213392 -1281.990456 -1288.847422 -1299.781266 -1305.632270 -1313.588436 -1317.301359 -1330.406503 -1335.463924 -1342.094331 -1351.814328 -1358.623333 -1367.800984 -1374.223178 -1381.852788 -1389.317617 -1396.440843 -1404.411142 -1409.961629 -1416.514268 -1422.977331 -1429.704520 -1433.779692 -1441.499223 -1444.039406 -1452.263515 -1456.460262 -1461.215667 -1467.384416 -1471.718323 -1477.431425 -1481.127748 -1485.721809 -1488.143561 -1496.514957 -1499.695577 -1504.511423 -1510.375403 -1515.368062 -1520.456043 -1524.365269 -1528.634780 -1530.390384 -1537.461960 -1539.682328 -1543.825552 -1547.966023 -1552.930839 -1556.356105 -1560.173163 -1563.048349 -1566.864951 -1570.037416 -1572.338009 -1576.191774 -1579.696051 -1581.824527 -1585.019248 -1587.170146 -1589.776592 -1593.047342 -1594.862808 -1596.496581 -1600.881561 -1602.080060 -1604.702812 -1605.452734 -1608.627808 -1609.725981 -1611.088719 -1612.914698 -1614.144952 -1615.978790 -1617.136651 -1618.571661 -1619.852161 -1621.005799 -1622.416516 -1623.427501 -1624.470572 -1626.201461 -1627.142309 -1628.032235 -1629.557762 -1630.469135 -1631.876318 -1633.055754 -1633.818453 -1634.938866 -1635.732849 -1636.804183 -1637.774086 -1638.566283 -1640.162189 -1640.519083 -1642.226876 -1642.901844 -1643.874496 -1645.125501 -1646.518424 -1647.622529 -1648.976181 -1649.983666 -1651.051886 -1652.676135 -1653.552236 -1655.058977 -1656.715006 -1658.534658 -1659.523460 -1661.175167 -1661.968619 -1663.671706 -1664.775563 -1665.884649 -1667.732828 -1668.884242 -1670.427359 -1671.445870 -1672.714470 -1674.015205 -1675.818367 -1676.816335 -1678.150302 -1679.923086 -1680.937070 -1682.565373 -1683.367615 -1684.500300 -1684.836203 -1686.747654 -1687.409247 -1688.361117 -1689.786509
4.755042 5.301492 5.570226 5.839155 6.132936 6.399252 6.677405 6.964883 7.229397 7.495900 7.754925 8.034433 8.299665 8.557543 8.806576 9.064410 9.309623 9.565823 9.816730 10.062283 10.321849 10.582984 10.850610 11.098044 11.341307 11.594033 11.850482 12.093288 12.340181 12.593448 12.873664 13.131186 13.398920 13.638017 13.878010 14.140877 14.408429 14.655443 14.893859 15.143482 15.394727 15.645035 15.896693 16.164912 16.416225 16.660576 16.908028 17.147891 17.386380 17.636004 17.889343 19.347678 19.606014 19.861465 20.106620 20.354658 20.605971 20.865849 21.111244 21.371916 21.618545 21.874186 22.119284 22.355444 22.592341 22.840648 23.078864 23.316974 23.559968 23.800252 24.035176 24.284651 24.530040 24.783814 25.020792 25.265908 25.503516 25.736358 26.203872 26.446633 26.708929 26.943860 27.199133 27.441679 27.672588 27.909202 28.163027 28.405618 28.645049 28.897779 29.131808 29.362513 29.597312 29.832896 30.062086 30.305683 30.546684 30.780601 31.017842 31.275763 31.524227 31.755256 31.984879 32.216829 32.483021 32.729091 32.962126 33.196541 33.430574 33.674822 33.915995 34.168631 34.424755 34.658450 34.891816 35.124333 35.365068 35.596413 35.839864 36.072688 36.330744 36.565155 36.810691 37.042235 37.282879 37.527354 37.773933 38.004922 38.233192 38.470909 38.702996 38.933718 39.178740 39.430852 39.666517 39.914120 40.152264 40.402032 40.863948 41.100648 41.332940 41.565454 41.802355 42.025479 42.264149 42.490569 42.716732 42.955312 43.186464 43.434643 43.688248 43.934589 44.171979 44.404914 44.646452 44.889379 45.122352 45.353501 45.577904 45.807431 46.040833 46.289740 46.527427 46.754470 46.987911 47.223612 47.481509 47.732008 47.978480 48.226119 48.471451 48.706423 48.930940 49.162872 49.391553 49.619258 49.853504 50.102599 50.346564 50.577487 50.815828 51.049042 51.280148 51.519806 52.985129 53.237520 53.473030 53.702061 53.930242 54.169573 54.399073 54.633992 54.859828 55.102371 55.335051 55.573921 55.818188 56.069034 56.291050 56.523670 56.780004
Elapsed_time: 56.780004
Score: -1689.786509
201
288.331336 46.591913 -69.612313 -92.119737 -118.481667 -128.530421 -146.595293 -168.616889 -193.413064 -228.315533 -250.309782 -278.752394 -308.840517 -344.573643 -384.442080 -422.636610 -459.310442 -499.610636 -547.814664 -582.073900 -615.502110 -651.065583 -680.232048 -715.505761 -752.091363 -773.294573 -806.292543 -819.929364 -853.505316 -868.462297 -888.101812 -910.594585 -932.298733 -947.465273 -965.560526 -976.477378 -989.803344 -1003.009015 -1012.511466 -1022.179730 -1036.605067 -1043.438559 -1054.399553 -1057.352623 -1073.343202 -1079.530739 -1086.586078 -1096.251456 -1102.778179 -1118.484290 -1123.713035 -1131.862599 -1141.457356 -1149.920087 -1156.819717 -1163.935731 -1170.568359 -1180.827042 -1187.092163 -1195.255878 -1201.731415 -1209.276818 -1215.177104 -1225.717546 -1231.157831 -1238.261272 -1247.974880 -1254.738822 -1264.194941 -1270.001538 -1277.617229 -1281.508979 -1294.217926 -1299.148432 -1305.656352 -1315.685100 -1322.703915 -1333.346231 -1340.378933 -1348.727649 -1355.718099 -1362.660396 -1371.501614 -1377.110003 -1385.223192 -1392.497293 -1400.483349 -1405.763493 -1412.648108 -1419.045392 -1425.631006 -1432.345479 -1437.837735 -1441.532789 -1451.357001 -1454.960555 -1460.541611 -1466.188499 -1473.172992 -1478.809895 -1484.238351 -1490.058920 -1496.644833 -1501.468039 -1507.248837 -1510.783101 -1515.683565 -1519.834210 -1523.134228 -1528.592715 -1531.572046 -1535.350466 -1537.587349 -1540.352224 -1542.917581 -1546.932658 -1548.819488 -1551.267416 -1554.348086 -1557.561041 -1560.089894 -1563.102146 -1565.083512 -1567.176034 -1570.674107 -1573.063095 -1577.076173 -1580.220176 -1583.684372 -1586.709092 -1589.653170 -1592.816710 -1596.499427 -1599.510071 -1602.790967 -1605.987619 -1609.416932 -1612.351120 -1614.960896 -1617.793500 -1620.681364 -1623.175133 -1625.351064 -1628.542619 -1631.012093 -1633.024433 -1635.947173 -1638.256879 -1641.424853 -1644.153953 -1646.930369 -1649.648329 -1652.454168 -1655.181112 -1657.995534 -1660.497630 -1663.054265 -1665.960669 -1668.483640 -1670.633710 -1674.102881 -1676.207528 -1679.203804 -1682.327214 -1685.934628 -1687.891117 -1691.511661 -1692.592779 -1696.399156 -1698.425890 -1700.854041 -1703.989069 -1707.048817 -1709.334642 -1711.896125 -1713.945014 -1716.695657 -1720.068939 -1722.405337 -1724.193058 -1727.717147 -1729.592813 -1731.485352 -1733.517782 -1735.490254 -1737.686153 -1740.189897 -1741.629910 -1743.607571 -1744.840438 -1746.380744 -1748.043184 -1749.121859 -1751.830970 -1753.359389 -1754.876045 -1756.725374 -1758.364645 -1760.551486 -1762.391558 -1764.189595
4.796264 5.345372 5.630333 5.913895 6.188858 6.455321 6.732990 6.999727 7.292052 7.564047 7.838877 8.132397 8.414306 8.688200 8.965523 9.232266 9.499738 9.762172 10.040256 10.296747 10.561323 10.839442 11.112327 11.391501 11.642866 11.896549 12.157275 12.411112 12.667488 12.931534 13.181227 13.439377 13.706404 13.955061 14.218281 14.472257 14.742458 15.010030 15.265855 15.525150 15.775953 16.025615 16.276196 16.542853 16.812930 17.054885 17.313604 17.570013 17.837659 18.091467 18.344183 18.602334 18.867355 19.120740 19.375397 19.617301 19.868474 20.129455 20.396003 20.663933 20.921713 21.176241 21.423597 21.676023 21.927246 22.182183 22.438039 22.694646 22.933203 23.179764 23.425448 23.685350 23.932659 24.185401 24.430464 24.696258 25.225637 25.470756 25.716424 25.959428 26.226523 26.481189 26.738940 27.005210 27.257392 27.520393 27.762211 29.308165 29.553741 29.791928 30.046309 30.311791 30.570202 30.817867 31.067915 31.319467 31.569069 31.818826 32.060749 32.299907 32.543803 32.793445 33.034321 33.277557 33.523397 33.779051 34.041399 34.305754 34.566630 34.835708 35.087027 35.329776 35.574292 35.815196 36.064572 36.303835 36.548945 36.808203 37.059952 37.305027 37.564145 37.802903 38.048400 38.287151 38.529860 38.791630 39.054487 39.320376 39.586561 39.834516 40.100828 40.348226 40.604922 40.851822 41.102193 41.346704 41.592783 41.841453 42.088803 42.326660 42.570882 42.856050 43.105814 43.352266 43.613856 43.867950 44.124932 44.363701 44.620793 44.879303 45.135958 45.388624 45.649386 45.912589 46.158103 46.411304 46.674809 46.925334 47.168976 47.418736 47.656676 47.902182 48.146046 48.392976 48.641279 48.875082 49.122405 49.360257 49.610216 49.867473 50.108123 50.345161 50.585337 50.834752 51.076620 51.324418 51.587170 51.859568 52.103457 52.355641 52.598070 52.837215 53.088715 53.332894 53.575922 53.823025 54.067113 54.314144 54.571456 54.804969 55.057529 55.304852 55.560862 55.815846 56.297529 56.545687 56.786369 57.027654 57.265942 57.505231 57.751232
Elapsed_time: 57.751232
Score: -1764.189595
201
142.185494 -118.188557 -245.316973 -289.654749 -309.925544 -326.999074 -346.250158 -371.770260 -395.006749 -424.923825 -451.917624 -481.370729 -512.024616 -545.951966 -580.367887 -612.033529 -642.355484 -676.920862 -702.838789 -732.192500 -755.024794 -788.531925 -805.831612 -829.200540 -847.097496 -873.870075 -888.948168 -905.352683 -923.964601 -942.560529 -955.301645 -969.716619 -981.603194 -994.782761 -1006.903234 -1015.908561 -1026.583840 -1037.489204 -1045.154967 -1055.115192 -1058.458597 -1070.894959 -1075.536688 -1082.057087 -1090.063527 -1095.924150 -1104.539271 -1110.296579 -1116.106272 -1123.990764 -1132.943347 -1137.699109 -1145.076435 -1150.962445 -1158.001838 -1165.480767 -1171.479961 -1178.699900 -1185.896530 -1193.345301 -1199.397569 -1206.599619 -1214.758966 -1221.696438 -1228.462936 -1236.866216 -1243.958024 -1251.457718 -1258.147373 -1265.799143 -1272.335851 -1279.351611 -1287.203040 -1293.110214 -1299.577242 -1307.068959 -1312.196061 -1317.389322 -1325.573696 -1331.076023 -1337.895143 -1345.236185 -1351.499295 -1356.795980 -1364.173156 -1369.394565 -1374.499808 -1382.210985 -1387.990057 -1396.685736 -1404.639058 -1410.515076 -1419.203487 -1425.805704 -1432.544748 -1439.636946 -1444.682656 -1451.903957 -1458.740733 -1466.136844 -1471.722628 -1479.092787 -1488.032061 -1493.078648 -1497.797430 -1505.587448 -1510.328645 -1517.392023 -1523.292215 -1530.520740 -1536.256221 -1543.770056 -1549.375173 -1558.139401 -1563.470222 -1569.967331 -1575.626219 -1583.378245 -1588.877148 -1593.816561 -1603.478091 -1609.053038 -1615.364674 -1621.652300 -1627.132706 -1634.137449 -1640.559584 -1646.672051 -1651.960618 -1658.493184 -1665.024834 -1669.350967 -1675.563384 -1679.377447 -1684.900040 -1689.524451 -1693.164264 -1699.096733 -1703.146930 -1706.287506 -1709.110167 -1712.424970 -1715.825788 -1719.686504 -1722.280903 -1725.082284 -1727.799453 -1730.548389 -1733.011458 -1735.105488 -1737.461546 -1740.568206 -1742.156850 -1744.475112 -1745.489214 -1748.677144 -1750.051721 -1751.649069 -1754.074057 -1755.009796 -1757.928001 -1758.987740 -1760.734600 -1761.950071 -1764.040149 -1765.268480 -1766.587368 -1768.719635 -1770.070849 -1771.558573 -1772.957148 -1774.339608 -1775.974352 -1777.490637 -1779.042422 -1780.082214 -1781.267231 -1782.968915 -1783.887394 -1784.911594 -1786.335683 -1787.186507 -1787.921241 -1789.291069 -1789.969879 -1790.737639 -1791.692043 -1792.288805 -1792.952278 -1793.950197 -1794.546783 -1794.963586 -1795.671878 -1796.198870 -1796.553241 -1797.244544 -1797.585743 -1798.037248 -1798.397373 -1798.995937 -1799.307601
5.948382 6.495246 6.774666 7.042199 7.330080 7.595772 7.869496 8.131224 8.390582 8.669262 8.939254 9.192550 9.449141 9.707327 9.974102 10.238166 10.497445 10.756114 11.019957 11.282069 11.543328 11.802236 12.060807 12.315683 12.570678 12.815907 13.064161 13.305570 13.556885 13.798459 14.070624 14.330803 14.575314 14.825091 15.073995 15.325793 15.592269 15.829202 16.073971 16.338641 16.577383 16.833159 17.094557 17.451304 17.689352 17.948812 18.195369 18.439818 18.699232 18.964815 19.229620 19.476777 19.727506 19.974923 20.215546 20.460487 20.710707 20.974953 21.222395 21.471471 21.724731 21.973756 22.238855 22.518959 22.769070 23.013290 23.254151 23.500217 23.764996 24.022837 24.276747 24.527221 24.775881 25.018448 25.268445 25.531541 25.787806 26.061708 26.327873 26.581688 26.838005 27.079577 27.335090 27.589053 27.853498 28.114095 28.381729 28.629284 28.879783 29.128543 29.377427 29.629639 29.882141 30.136668 30.413953 30.673114 30.925768 31.172331 31.436414 31.713672 31.981447 32.245563 32.511032 32.764934 33.030191 33.288159 33.536815 33.788871 34.039136 34.301053 34.566763 34.822706 35.088802 35.339845 35.604403 35.862325 36.118366 36.373744 36.620561 36.869554 38.479261 39.008823 39.266777 39.532829 39.774522 40.030751 40.301762 40.561406 40.813172 41.055937 41.302308 41.558426 41.810871 42.057371 42.295905 42.531488 42.801331 43.047890 43.301432 43.555163 43.795249 44.035480 44.287072 44.555617 44.805892 45.052011 45.299776 45.538021 45.777872 46.023428 46.273193 46.525417 46.763214 47.008979 47.258454 47.506448 47.743466 47.980984 48.217360 48.456168 48.714640 48.954696 49.204907 49.455017 49.709465 49.944232 50.176751 50.424747 50.896573 51.131837 51.376313 51.613760 51.848594 52.096095 52.337949 52.579733 52.811791 53.048565 53.288026 53.529430 53.765230 53.999555 54.231799 54.479366 54.740341 54.973714 55.226486 55.470747 55.698880 55.936249 56.179563 56.422053 56.662993 56.910340 57.139702 57.370931 57.601931 57.836951 58.081210 58.327133 58.560983
Elapsed_time: 58.560983
Score: -1799.307601
