7 2
cycle300
L-BFGS
201
136830.245025 128109.750468 123224.018963 120287.485228 117278.274403 91587.274415 73236.009898 43489.647331 37185.900883 30429.309701 23656.303449 18806.268076 18496.164611 18417.426491 18140.856215 17627.588396 17154.773330 16611.530272 16240.024977 16054.917496 15564.961163 15485.883712 15387.124562 15307.639456 15269.680200 15266.709606 15181.080414 14970.885368 14602.296020 13161.769234 13113.907830 13049.688157 12979.192395 12957.390304 12880.766059 12852.254311 12769.778094 12698.849287 12507.806996 11944.785011 11287.263136 11254.467585 11160.442273 11139.025010 11112.148992 11070.002723 11026.340032 10992.752952 10930.119222 10607.163429 10296.067035 10279.215501 10275.005031 10210.181996 10166.339306 10051.796169 10001.115192 9865.959214 9822.204571 9771.550206 9734.190027 9513.091923 9422.560401 9169.930085 8938.609638 8758.972841 8729.844764 8695.217982 8615.271852 8597.459748 8522.721569 8457.152479 8321.176187 8317.901700 8058.786537 7921.169131 7890.046012 7805.265618 7784.695151 7721.431742 7676.943997 7614.016270 7605.129147 7551.306634 7504.447800 7283.406268 7161.652223 7122.630065 7037.441427 6929.937221 6929.839856 6871.980047 6807.502257 6705.914972 6658.854568 6652.716163 6597.442939 6558.419185 6515.451550 6429.508952 6352.207557 6252.417001 6166.921059 6158.062978 6129.918983 6085.590772 6059.400925 6024.135389 6004.395582 5960.166157 5889.810451 5801.432442 5711.206165 5676.333517 5662.878814 5642.266158 5605.456531 5537.540999 5454.297875 5409.507796 5408.245576 5403.018671 5357.662875 5342.893371 5313.213496 5237.703612 5142.856934 5078.918901 5077.593081 5073.900079 5059.123219 5054.822937 5011.085805 4978.711781 4897.581431 4820.821528 4790.972614 4760.933763 4726.967885 4673.146801 4634.242167 4577.279893 4556.291443 4484.641498 4431.174281 4363.167665 4354.302862 4271.131310 4206.464990 4166.811324 4105.780174 4075.574012 4069.947155 4049.095301 3996.936343 3944.413716 3871.977117 3847.033875 3844.439078 3824.526506 3795.574170 3742.607491 3700.248981 3687.550925 3648.802176 3598.453234 3519.603766 3498.110924 3486.064583 3453.170752 3451.415474 3407.244779 3362.932557 3295.572575 3262.298769 3223.203622 3171.341664 3155.779808 3154.232278 3127.930545 3111.319651 3110.752845 3076.882947 3035.670644 2981.460571 2965.642874 2943.221531 2925.368891 2875.394796 2846.524715 2845.489233 2830.425632 2823.215393 2804.117499 2803.984085 2777.251520 2760.098873 2738.369027 2716.255059 2704.119771 2685.058655
0.000017 0.002027 0.002951 0.003794 0.004645 0.005530 0.006410 0.007274 0.009697 0.010775 0.011683 0.013809 0.014733 0.015768 0.017457 0.019479 0.021442 0.022403 0.023354 0.026876 0.028636 0.030534 0.031477 0.032408 0.035171 0.038302 0.039261 0.040127 0.041014 0.043606 0.045311 0.046221 0.048198 0.052239 0.053107 0.053965 0.054878 0.055713 0.056536 0.057392 0.058226 0.060649 0.061598 0.063488 0.064337 0.065139 0.068620 0.070730 0.071681 0.072613 0.073455 0.075119 0.078333 0.079416 0.081028 0.081804 0.082627 0.084012 0.085066 0.085918 0.086727 0.087560 0.088410 0.089198 0.089996 0.090793 0.092315 0.093997 0.094911 0.096753 0.097619 0.098434 0.104128 0.105121 0.106167 0.107930 0.110335 0.111077 0.112541 0.113362 0.114109 0.114879 0.117052 0.117836 0.118654 0.119411 0.120178 0.121632 0.122342 0.124582 0.125415 0.126266 0.127150 0.128008 0.128824 0.131102 0.133483 0.136594 0.139939 0.140729 0.141476 0.142212 0.142976 0.144422 0.145145 0.145839 0.146543 0.147247 0.148617 0.149317 0.150006 0.150724 0.151418 0.153062 0.153785 0.154608 0.155413 0.156097 0.156831 0.158310 0.160440 0.161783 0.163128 0.165118 0.165800 0.166479 0.167157 0.167830 0.169151 0.171972 0.172728 0.174877 0.175547 0.176883 0.177562 0.178943 0.180246 0.180914 0.181561 0.182209 0.182875 0.183545 0.184199 0.184860 0.185504 0.186137 0.186804 0.187459 0.188091 0.189371 0.190016 0.190675 0.193209 0.194478 0.195107 0.195749 0.196398 0.198434 0.199090 0.199716 0.200423 0.201686 0.202339 0.203614 0.204217 0.204838 0.205440 0.206658 0.207264 0.207880 0.208513 0.209128 0.209736 0.210939 0.212150 0.212756 0.213367 0.215184 0.217571 0.218166 0.218764 0.219950 0.220570 0.221168 0.221780 0.222361 0.222956 0.223549 0.224152 0.224740 0.226470 0.227044 0.227623 0.228186 0.228769 0.229365 0.229998 0.230583 0.231163 0.231732 0.232292
Elapsed_time: 0.232292
Score: 2685.058655
201
134164.694152 127733.459921 123229.386930 120808.985478 119511.563890 107806.037876 81329.980103 52212.024676 37721.279419 33485.109669 29905.543251 20980.062460 17752.584677 17479.358153 17302.557655 17142.257233 16965.191507 15864.950215 15443.969933 15203.451299 15106.828519 14898.669636 14761.718156 14729.342238 14564.921410 14505.715315 14386.474200 14338.699194 14277.459748 13746.964245 13700.286877 13637.505002 13606.577368 13603.551865 13402.107978 13356.012863 13351.393663 13268.348985 13207.854881 13100.597764 13033.881935 12836.849755 12741.972793 12687.952026 12615.563184 12524.115749 12512.350531 12507.607965 12462.187037 12251.622442 11843.286350 11825.181566 11759.298474 11642.545387 11550.134979 11387.474778 11230.383341 11056.870035 10762.025355 10753.958989 10744.410228 10725.852161 10691.024802 10596.196761 10459.575958 10326.418551 10167.665989 10084.487437 10016.154587 9948.349936 9933.781167 9915.432065 9829.350681 9745.926710 9489.851776 9341.344891 9312.764314 9263.510519 9237.464035 9182.784990 9175.103594 9154.741940 9094.783215 9014.934294 8845.016982 8813.832316 8745.937886 8656.403170 8535.480942 8512.275806 8496.834838 8461.820137 8427.507365 8303.633883 8238.981068 8197.196253 8172.497583 8171.273493 8146.047207 8135.086955 8102.551728 8072.683059 8028.241230 7864.215331 7722.697234 7557.408219 7528.867451 7470.281065 7468.918854 7466.548703 7406.421243 7361.349128 7353.735581 7331.363098 7297.685716 7281.973855 7198.577881 7126.377424 7106.118990 7033.218045 6973.134507 6907.950412 6889.538402 6876.470081 6870.194075 6859.336183 6793.613524 6745.874240 6737.519643 6691.678527 6669.619422 6623.116779 6505.028954 6479.929770 6455.530659 6434.329588 6423.677571 6419.046407 6376.817325 6364.766969 6337.703525 6280.884116 6232.955947 6184.091455 6091.376905 5983.502551 5973.240043 5949.140001 5908.917923 5822.492317 5730.668573 5721.452379 5705.622560 5663.107627 5642.572823 5636.524220 5598.303549 5529.979047 5445.202122 5438.627621 5413.669034 5387.139064 5324.120737 5314.182033 5310.613670 5308.139712 5297.594762 5281.615506 5258.863599 5257.150109 5225.721731 5216.215801 5178.846997 5148.085616 5130.267751 5029.283187 5001.923261 4961.948545 4949.208870 4948.427290 4933.559789 4909.957488 4863.828429 4790.445549 4787.947442 4759.462582 4740.760133 4707.557180 4675.356316 4666.000651 4591.371717 4532.143659 4487.735865 4469.791490 4453.161511 4434.230047 4399.996136 4394.869208 4389.074310 4350.889401 4283.796390
0.000014 0.001886 0.002773 0.003664 0.004504 0.005373 0.006260 0.007171 0.008029 0.008878 0.009724 0.010583 0.011426 0.012284 0.013128 0.013990 0.014847 0.015733 0.018324 0.019182 0.020035 0.020884 0.022131 0.024198 0.026716 0.027631 0.029339 0.030178 0.031027 0.031893 0.033578 0.036542 0.038868 0.044250 0.045983 0.046805 0.049277 0.050087 0.050903 0.051710 0.052550 0.054957 0.056630 0.057522 0.058351 0.060263 0.061906 0.066029 0.066885 0.067767 0.073141 0.078806 0.079866 0.080839 0.081782 0.082643 0.083501 0.084304 0.086064 0.090960 0.094125 0.094889 0.095684 0.096471 0.097359 0.098299 0.099139 0.100053 0.102503 0.103310 0.105643 0.107197 0.107970 0.108772 0.110327 0.111898 0.112678 0.113556 0.116810 0.117596 0.119142 0.120625 0.121386 0.122161 0.122941 0.123707 0.124479 0.125237 0.125994 0.131548 0.132414 0.133176 0.133947 0.134750 0.135560 0.136322 0.137077 0.139425 0.140182 0.142710 0.143696 0.144591 0.145422 0.146211 0.147748 0.148537 0.149988 0.150716 0.151455 0.152889 0.153645 0.155820 0.159109 0.159920 0.160668 0.161411 0.162894 0.163673 0.167189 0.168148 0.169144 0.170101 0.171828 0.172619 0.173438 0.174341 0.175058 0.175778 0.177188 0.177912 0.178626 0.179347 0.180049 0.182189 0.182917 0.183624 0.184309 0.185238 0.185970 0.188762 0.189456 0.190161 0.190875 0.191584 0.192300 0.193031 0.195548 0.196458 0.197292 0.198870 0.199622 0.202481 0.203161 0.203865 0.204558 0.205932 0.206622 0.207310 0.207978 0.210677 0.211377 0.212054 0.212721 0.216211 0.216888 0.219586 0.220259 0.220962 0.222960 0.225044 0.227130 0.228443 0.229112 0.229793 0.230474 0.231221 0.232596 0.233302 0.234623 0.236599 0.237269 0.238064 0.238809 0.239463 0.242581 0.243532 0.244374 0.245178 0.246650 0.248039 0.248703 0.249367 0.250009 0.251315 0.251964 0.252606 0.253870 0.255801 0.256446 0.257087 0.257714
Elapsed_time: 0.257714
Score: 4283.796390
201
129458.126232 122922.447142 120275.735310 117920.417476 113828.790369 98769.251577 40315.035436 36519.107680 31473.491859 21131.980551 18304.535021 18093.044335 17996.512527 17656.256049 16513.008042 15030.716481 14839.659179 14837.497214 14710.326672 14600.046396 14466.938734 14362.591957 14359.293045 14324.140548 14251.707640 14248.440572 14223.879305 14198.375784 14144.696534 14108.732597 14104.342043 14026.620478 13865.996764 13525.707849 13148.745918 12842.730681 12370.822104 12316.203009 11988.013324 11954.825838 11953.339039 11943.039520 11888.582835 11746.489210 11681.545125 11522.194511 11441.671171 11353.958386 11116.482363 11068.627148 11043.595285 11033.440731 11000.115634 10947.520058 10785.269203 10769.379048 10307.950075 10196.114492 10018.018716 9972.855564 9954.244835 9909.267472 9853.428645 9734.357349 9642.034905 9606.972588 9527.788380 9508.666378 9412.594758 9314.656290 9273.737572 9060.460553 8965.763785 8888.964719 8814.714238 8602.307579 8393.912425 8375.885764 8366.382706 8220.268279 8209.778108 8205.258573 8178.239437 8132.265129 7987.227205 7789.774511 7749.316493 7745.114253 7728.845507 7705.398507 7667.977450 7615.530026 7476.778680 7362.266840 7327.573334 7238.112870 7231.165837 7208.526624 7171.263071 7170.835892 7166.805131 7129.130978 7119.751070 7012.699400 6897.325821 6823.589947 6671.061403 6668.514262 6601.800626 6581.621537 6575.383875 6547.115357 6481.668777 6382.969286 6260.025443 6176.612844 6141.344133 6090.677100 6031.097372 5932.933017 5921.852080 5906.873021 5857.292028 5832.948057 5800.721452 5787.418388 5744.716438 5671.565998 5596.570394 5563.063005 5561.470416 5527.495542 5507.601498 5460.490837 5433.326765 5381.847387 5375.886704 5301.079276 5278.687785 5192.336468 5122.950057 5119.130194 5080.538213 5038.011472 4978.759710 4937.856240 4917.032526 4895.639219 4864.902687 4763.031484 4753.709995 4724.694044 4708.671538 4653.754097 4617.144361 4572.655225 4553.572909 4524.292509 4482.022621 4422.430590 4406.824578 4398.256486 4396.929237 4387.110752 4366.859517 4354.840580 4310.044966 4300.545533 4269.706472 4252.219354 4222.155408 4206.844254 4201.111942 4161.178430 4155.316786 4128.641977 4107.902912 4076.488655 4054.804107 4024.974758 3996.966126 3986.383857 3977.720212 3947.495164 3908.581552 3883.028537 3879.963207 3871.157789 3852.983210 3824.509868 3814.378725 3803.483024 3800.474658 3797.452560 3788.791334 3779.575485 3750.579693 3722.770353 3712.350806 3687.759989 3662.847411
0.000012 0.001835 0.002669 0.003539 0.004462 0.005444 0.006325 0.007196 0.008024 0.008885 0.009713 0.010569 0.011413 0.012289 0.014506 0.015959 0.017936 0.022935 0.023847 0.024849 0.026923 0.027876 0.029668 0.034153 0.034997 0.042762 0.043626 0.044472 0.045328 0.047026 0.050979 0.052369 0.053626 0.054712 0.057682 0.058616 0.059534 0.062130 0.062958 0.063797 0.067310 0.072110 0.072951 0.073795 0.074606 0.075427 0.076233 0.077165 0.078169 0.081882 0.088532 0.089772 0.090983 0.092193 0.093334 0.094449 0.095424 0.098071 0.098873 0.100625 0.102503 0.104124 0.104924 0.105789 0.107313 0.108249 0.109143 0.109985 0.110885 0.111935 0.113033 0.114047 0.115009 0.115906 0.116798 0.117673 0.118467 0.119236 0.120752 0.121508 0.124504 0.129464 0.130234 0.130971 0.131732 0.132486 0.133254 0.137769 0.138896 0.140040 0.141830 0.142933 0.143836 0.144724 0.145542 0.146330 0.147939 0.148668 0.149416 0.150893 0.152364 0.153880 0.155360 0.156791 0.158290 0.159036 0.159753 0.161272 0.162004 0.163440 0.165596 0.166326 0.167040 0.167763 0.168511 0.170050 0.171420 0.172118 0.172893 0.173892 0.174749 0.176354 0.177192 0.177923 0.178605 0.179318 0.180018 0.180722 0.182105 0.182797 0.184154 0.184847 0.185540 0.186224 0.187220 0.188686 0.190076 0.190753 0.191430 0.192110 0.192792 0.195964 0.196637 0.197422 0.198290 0.199104 0.199843 0.200588 0.201431 0.202186 0.202876 0.203575 0.204257 0.205013 0.206973 0.207643 0.208285 0.208955 0.209617 0.210277 0.211598 0.212272 0.214223 0.214866 0.215488 0.216131 0.217712 0.219001 0.219652 0.220944 0.221608 0.222259 0.222884 0.223532 0.224201 0.224866 0.226164 0.226807 0.227442 0.228083 0.228714 0.229357 0.230002 0.230630 0.231275 0.231915 0.234496 0.235132 0.235826 0.236451 0.237101 0.239320 0.239970 0.241870 0.242498 0.243113 0.243734 0.244364 0.245605 0.246224 0.246824
Elapsed_time: 0.246824
Score: 3662.847411
CN-L-BFGS
201
6002.411044 5715.556141 4985.901753 4977.094457 4886.646069 4860.872232 4851.882188 4807.856406 4764.649746 4658.910120 4616.469394 4591.688306 4494.117604 4363.312649 4279.946103 4216.913472 4192.016972 4182.395713 4159.873920 4117.891895 4064.392745 3890.093678 3816.266722 3703.963459 3604.145470 3525.728325 3508.866489 3486.933825 3413.428441 3353.084357 3282.000456 3219.216688 3218.192814 3217.182491 3191.436166 3173.397029 3118.437719 3080.148705 3023.015226 3015.809687 2992.743820 2961.877678 2883.371945 2848.605697 2807.700778 2778.180305 2746.215674 2696.529721 2688.088578 2656.780525 2620.727745 2603.576829 2600.641721 2592.806219 2585.186152 2560.314443 2528.295642 2504.308308 2487.981223 2461.543062 2438.956144 2421.906197 2410.644568 2401.364115 2386.042122 2371.997787 2356.580992 2342.164794 2335.136060 2326.297632 2312.583741 2303.250410 2288.686718 2271.890336 2255.695900 2240.631131 2220.349552 2199.749255 2174.009540 2154.428259 2150.574117 2141.577712 2134.063485 2122.111738 2114.900897 2107.662040 2101.511407 2091.666562 2078.681236 2065.485457 2051.451144 2039.730964 2029.532021 2019.398676 2010.024837 1998.816693 1986.718087 1975.361065 1958.556300 1952.666978 1943.506162 1931.465360 1909.458494 1898.724050 1882.772567 1866.948241 1854.179466 1843.105487 1833.511938 1825.946832 1815.432577 1813.380606 1805.584049 1804.055045 1797.048291 1789.204205 1784.881439 1781.468346 1777.519952 1770.940095 1768.473442 1759.721034 1752.317549 1746.744518 1742.915857 1737.471302 1732.445379 1726.364314 1724.265241 1718.522896 1714.221209 1708.745382 1706.923570 1699.939630 1692.510059 1688.670790 1683.696731 1676.268622 1669.502027 1663.333249 1657.718062 1647.983472 1641.805016 1635.111093 1626.805019 1620.781885 1613.608322 1609.099198 1600.705461 1597.832980 1595.404521 1592.811353 1589.042264 1585.328001 1581.844194 1578.065319 1575.501299 1572.550742 1568.437573 1564.631588 1561.109942 1557.939583 1553.241576 1549.907975 1546.146346 1541.174212 1537.768928 1533.020268 1528.957252 1526.041196 1522.141020 1516.963408 1513.603152 1510.398824 1504.294464 1502.842535 1500.281712 1497.721100 1494.873210 1490.915415 1489.479104 1487.259192 1482.771511 1478.039265 1473.104945 1471.203546 1470.724562 1467.873778 1462.770014 1457.250287 1450.568306 1443.315375 1440.135178 1435.158770 1430.306153 1426.330337 1424.422691 1420.846036 1418.451341 1415.194577 1412.591602
0.038728 0.041452 0.042085 0.043390 0.044017 0.044750 0.046037 0.046670 0.047275 0.047903 0.049799 0.050406 0.051021 0.051654 0.052275 0.052893 0.053531 0.054155 0.054793 0.055417 0.056037 0.057292 0.057907 0.058508 0.059142 0.059738 0.060347 0.060962 0.062174 0.062785 0.063400 0.063996 0.065201 0.066971 0.067576 0.068172 0.068772 0.069951 0.070544 0.071679 0.072292 0.072942 0.073524 0.074100 0.074678 0.075249 0.075838 0.076405 0.077559 0.078231 0.078830 0.079387 0.080523 0.081097 0.081688 0.082263 0.082831 0.083403 0.083969 0.084530 0.085120 0.085676 0.086229 0.086796 0.087358 0.087915 0.088492 0.089066 0.089621 0.090178 0.090753 0.091871 0.092472 0.093146 0.093807 0.094529 0.095425 0.097883 0.098655 0.099349 0.100037 0.100690 0.101997 0.102602 0.103159 0.103698 0.104324 0.104988 0.105594 0.106184 0.106779 0.107372 0.107984 0.108648 0.109384 0.110106 0.110892 0.111695 0.112710 0.113546 0.114398 0.115227 0.115995 0.117613 0.118422 0.119198 0.119993 0.120807 0.121630 0.122409 0.123185 0.124002 0.125192 0.127714 0.128533 0.130362 0.131375 0.132167 0.132971 0.133886 0.134684 0.135455 0.136172 0.136877 0.137576 0.138222 0.138838 0.139457 0.140010 0.140544 0.141597 0.142128 0.142679 0.143275 0.143796 0.144329 0.144856 0.145418 0.145944 0.146922 0.147542 0.148134 0.148734 0.149303 0.149848 0.150388 0.150926 0.151486 0.152041 0.152582 0.153133 0.153685 0.154206 0.154744 0.155294 0.155814 0.156334 0.156857 0.157394 0.157919 0.158458 0.159031 0.159624 0.160824 0.161499 0.162121 0.162838 0.163727 0.164290 0.164878 0.165481 0.166032 0.166740 0.167271 0.167797 0.168837 0.169384 0.169893 0.170409 0.170928 0.171447 0.171964 0.172470 0.173001 0.173535 0.174042 0.175064 0.175578 0.176089 0.176616 0.177161 0.177695 0.178211 0.178717 0.179226 0.179742 0.181184 0.181993 0.182504 0.183024 0.183535
Elapsed_time: 0.183535
Score: 1412.591602
201
6199.593815 5903.496615 5059.895859 4951.584621 4940.227557 4902.816256 4888.105101 4818.744716 4755.383012 4747.216385 4694.421207 4683.091454 4628.190779 4565.539769 4513.413034 4412.786161 4361.565240 4266.799807 4095.977650 4009.668007 3914.004924 3786.739166 3692.307332 3626.300446 3521.875282 3349.676614 3273.986770 3174.785706 3058.531590 3029.275629 2981.406717 2923.377423 2864.347235 2853.640202 2838.675409 2758.374944 2698.989394 2676.225826 2625.806895 2552.478044 2505.714998 2456.034222 2450.095443 2430.722909 2420.284028 2393.467599 2373.004492 2341.235747 2295.302811 2271.503232 2252.519394 2243.814737 2240.864155 2232.561534 2226.894505 2221.228353 2210.497863 2196.773644 2177.044919 2162.486132 2147.259111 2126.805142 2120.858907 2112.940626 2103.987899 2092.211475 2082.650960 2078.187414 2062.361080 2052.630632 2041.159075 2024.528971 2023.827300 2010.398731 2001.976481 1996.816512 1979.578646 1964.506218 1949.365292 1945.611196 1941.277377 1930.698998 1920.842639 1908.102405 1895.493908 1893.300479 1885.840105 1864.873288 1851.784240 1833.849836 1820.988056 1802.347637 1788.621368 1775.904845 1763.293641 1753.244277 1741.927040 1729.771175 1723.607543 1722.806502 1716.308145 1707.957204 1701.282577 1696.274010 1690.895673 1685.802449 1680.837733 1674.806797 1669.409432 1663.473678 1658.134279 1650.646417 1646.882021 1641.321805 1637.334919 1633.163394 1627.998199 1625.298835 1623.815171 1618.835467 1617.022146 1615.229744 1611.344783 1606.348171 1604.331417 1600.905246 1596.615277 1592.589698 1589.107808 1584.582998 1580.068861 1576.862051 1573.834220 1570.167985 1566.801608 1562.863658 1559.105204 1555.800554 1553.758990 1550.629586 1549.297904 1546.967667 1544.155526 1543.196731 1540.930036 1537.772158 1536.343844 1534.988733 1532.521381 1530.081840 1527.170038 1525.178202 1523.574583 1520.711064 1518.468341 1515.789212 1512.339944 1510.633423 1506.398647 1503.478515 1500.519791 1498.347004 1496.195229 1493.487496 1491.192464 1488.204936 1486.550592 1485.128873 1483.969815 1481.820304 1480.173959 1478.732116 1477.528561 1475.763892 1474.459024 1472.669959 1472.178347 1470.743067 1469.612117 1467.842608 1465.331633 1464.020777 1462.853970 1461.167523 1459.246219 1457.645738 1456.198484 1455.354597 1453.867784 1452.625530 1450.478963 1448.913383 1446.924887 1444.827974 1442.040073 1439.811677 1438.315403 1434.828848 1432.481336 1430.583446 1428.936951
0.039127 0.042120 0.042774 0.044055 0.045988 0.046627 0.047283 0.047941 0.048576 0.049391 0.050185 0.050905 0.051593 0.052269 0.053071 0.053734 0.054362 0.054985 0.055602 0.056964 0.057714 0.058496 0.059289 0.060126 0.061080 0.062103 0.065066 0.065980 0.066957 0.067922 0.068750 0.069898 0.070858 0.071791 0.072791 0.073843 0.074870 0.075861 0.076878 0.077860 0.078842 0.079798 0.081660 0.083465 0.084368 0.085337 0.087121 0.088038 0.088882 0.089793 0.091345 0.092050 0.093415 0.094021 0.095174 0.095730 0.096827 0.097929 0.098493 0.099045 0.100139 0.100688 0.101786 0.102339 0.102873 0.103427 0.103967 0.104515 0.105076 0.105618 0.106168 0.106705 0.107251 0.107795 0.108350 0.108888 0.109452 0.110537 0.111085 0.112170 0.113265 0.113797 0.114466 0.115050 0.115607 0.116705 0.117266 0.118304 0.118871 0.119512 0.120253 0.120903 0.121540 0.122162 0.122766 0.123340 0.123946 0.124519 0.125261 0.129547 0.130463 0.131370 0.132321 0.133284 0.134242 0.135189 0.136141 0.137102 0.138066 0.139000 0.140863 0.141799 0.143651 0.144499 0.146202 0.146997 0.147826 0.148697 0.149562 0.150405 0.151244 0.152094 0.152956 0.153773 0.155377 0.156196 0.156997 0.157837 0.158609 0.159362 0.160071 0.160729 0.161391 0.162023 0.162627 0.163194 0.163744 0.164262 0.164793 0.165317 0.165846 0.166360 0.166886 0.167401 0.167938 0.168462 0.168979 0.169500 0.170013 0.170546 0.171067 0.171589 0.172199 0.172718 0.173307 0.173819 0.174353 0.174871 0.175404 0.175936 0.176479 0.177029 0.177547 0.178077 0.178596 0.179126 0.179644 0.180673 0.181212 0.181752 0.182262 0.182801 0.183322 0.184003 0.184578 0.185122 0.186171 0.187213 0.187728 0.188758 0.189304 0.189816 0.190339 0.190860 0.191379 0.191899 0.192427 0.192954 0.193472 0.193990 0.195009 0.195513 0.196033 0.196543 0.197078 0.197600 0.198120 0.198637 0.199148 0.199667 0.200179
Elapsed_time: 0.200179
Score: 1428.936951
201
6132.067932 5839.853465 5033.518361 4891.866999 4882.920450 4854.746767 4829.939971 4785.963965 4729.134783 4569.743372 4495.813915 4364.421624 4305.629453 4204.812182 4183.962776 4148.224772 4064.564001 3916.319999 3724.079095 3690.569452 3670.560922 3650.089290 3619.062468 3505.105686 3355.907435 3256.270950 3180.276142 3152.676510 3063.474829 2945.562277 2915.699763 2895.237025 2860.298225 2815.715716 2729.040925 2644.563312 2619.118827 2618.455826 2573.683423 2556.876544 2533.974333 2486.197006 2485.637039 2453.285379 2423.598062 2373.059991 2369.111827 2350.171565 2333.470391 2295.275731 2279.645261 2264.802521 2226.237350 2196.165136 2166.796402 2134.475353 2100.836104 2064.995424 2053.256295 2047.892429 2018.876500 1988.744020 1971.479841 1950.780827 1945.573906 1927.251424 1909.644007 1894.850757 1881.821117 1872.608796 1859.602531 1847.354560 1834.341230 1814.690818 1799.961329 1787.365231 1780.258117 1773.766484 1763.673983 1753.163841 1735.982395 1716.249225 1695.033485 1676.805781 1663.765967 1651.875610 1639.949004 1629.809513 1614.902042 1604.604386 1592.111334 1591.076277 1580.649256 1574.509494 1567.169970 1558.554384 1550.768657 1540.798928 1530.662670 1521.174419 1512.427831 1502.372825 1491.417284 1480.270801 1470.334854 1460.948048 1452.792096 1448.078255 1441.753141 1433.144724 1425.527759 1419.650743 1413.633294 1409.642097 1405.605356 1401.845781 1397.009480 1393.834265 1390.257498 1385.528288 1381.981499 1378.341097 1373.880138 1369.755559 1366.180480 1360.888905 1356.122209 1351.451949 1349.178049 1342.387034 1339.125660 1336.301396 1334.989478 1333.460794 1331.425831 1328.016504 1326.497365 1324.341332 1321.638787 1319.908590 1318.180143 1315.710087 1314.337188 1311.733429 1309.464610 1306.930969 1304.575279 1301.365863 1300.102134 1296.517183 1294.267647 1293.426072 1290.578413 1287.326908 1284.452865 1281.666382 1278.850953 1277.434618 1275.666975 1274.576381 1273.670756 1272.307441 1270.310033 1268.521385 1265.393960 1263.145835 1260.996723 1258.191332 1256.426295 1254.446475 1253.277993 1251.991710 1250.584332 1249.356162 1247.654795 1246.202718 1244.677190 1243.330501 1241.884092 1240.856507 1239.440136 1238.204044 1237.239983 1236.257899 1235.247485 1234.375061 1233.369928 1232.555766 1231.593679 1230.919095 1230.268363 1229.704061 1229.147251 1228.520777 1227.940572 1227.190690 1226.342947 1225.725579 1224.995316 1224.423840 1223.549689
0.037006 0.039804 0.040450 0.041073 0.042307 0.043524 0.044180 0.044803 0.045413 0.046018 0.047251 0.047855 0.048496 0.049103 0.049711 0.050323 0.050939 0.051551 0.052207 0.054080 0.055263 0.055866 0.056546 0.057256 0.057876 0.058480 0.059129 0.060347 0.060999 0.061638 0.063623 0.064272 0.065526 0.066156 0.066789 0.067395 0.068074 0.070284 0.071062 0.072517 0.073240 0.073999 0.076169 0.076856 0.077481 0.078108 0.079292 0.079846 0.080416 0.080964 0.082056 0.082607 0.083156 0.083720 0.084280 0.084832 0.085362 0.085913 0.086451 0.086990 0.087554 0.088156 0.089246 0.089786 0.090412 0.091023 0.091561 0.092326 0.092863 0.093408 0.093942 0.094497 0.095591 0.096163 0.096711 0.097256 0.098346 0.098949 0.099591 0.100427 0.101127 0.101769 0.102396 0.103045 0.103615 0.104260 0.104821 0.106426 0.107070 0.107691 0.108336 0.109037 0.109708 0.110373 0.111022 0.111689 0.112341 0.112959 0.113548 0.114114 0.114648 0.115194 0.115711 0.116245 0.116755 0.117388 0.117921 0.118438 0.119020 0.119536 0.120071 0.120578 0.121104 0.121622 0.122144 0.122653 0.123190 0.123719 0.124240 0.124764 0.125273 0.125793 0.126318 0.126824 0.127358 0.127870 0.128416 0.128926 0.129458 0.129975 0.130483 0.130995 0.131515 0.132041 0.132551 0.133068 0.134616 0.135133 0.135651 0.136192 0.136700 0.137215 0.137728 0.138292 0.138815 0.139327 0.139856 0.140369 0.140885 0.141391 0.141900 0.142916 0.143419 0.143943 0.144451 0.144974 0.145478 0.146527 0.147038 0.148071 0.148596 0.149111 0.149614 0.150126 0.150627 0.151660 0.152173 0.152693 0.153196 0.153712 0.154218 0.154732 0.155245 0.155761 0.156284 0.156804 0.157366 0.157873 0.158388 0.158897 0.159413 0.159922 0.160447 0.160966 0.161480 0.161980 0.162490 0.162999 0.163520 0.164036 0.164559 0.165071 0.165597 0.166115 0.166627 0.167129 0.167661 0.168172 0.168701 0.169727 0.170242
Elapsed_time: 0.170242
Score: 1223.549689
jagmesh1
L-BFGS
201
1302261.406186 1251079.998233 1215901.600575 1180534.014016 1086907.624686 709307.431022 511288.650761 427559.824463 335587.418356 243439.437013 213702.149924 186241.419342 170953.475413 170267.276322 168981.852961 168190.308897 164765.635290 161665.337286 157866.374716 152568.073588 152433.880036 150848.183100 150701.661429 150548.785116 150544.088523 150325.710533 149982.153375 149730.571532 149110.431955 148599.905014 148206.744829 147658.168700 147174.482064 146976.175671 146677.792333 146318.439028 145935.543994 145419.548361 144912.235731 144279.276962 143808.205697 143288.281880 143026.885287 142903.889078 142726.592057 142554.573040 142371.775591 141926.673780 141552.389411 141547.555869 141311.246170 141147.740183 140824.316471 140525.733362 140519.122109 140393.340264 140183.472806 140146.396996 139881.214738 139708.103364 139532.349065 139261.716079 138915.982967 138909.482680 137218.972057 137008.050158 136444.050917 135232.454801 135210.659787 135052.925701 134989.976036 134938.298368 134918.429616 134799.243758 134615.728402 134212.511572 133857.272993 133748.037025 133579.458371 133191.875509 133075.758102 132493.441097 132476.669681 132132.064536 132019.313728 132012.594256 131805.257000 131634.964229 131417.574566 131192.933388 130595.615626 130431.480695 130422.605401 130028.159572 129652.244349 129492.473458 129169.334556 128860.691666 128487.763888 128054.017698 127812.937420 127385.884352 126761.132925 125149.170879 123282.620708 123081.260425 122889.488064 122788.710220 122698.739754 122479.771376 122476.841351 122371.634950 122292.112942 122123.940341 122010.353586 121726.037756 121682.386872 121226.921097 120160.174137 119912.239292 119695.509751 119655.296922 118491.279003 117633.421589 117624.713008 117460.702630 117025.366928 116812.338855 116783.579714 116587.909718 116451.605799 116323.937543 116106.807865 115571.036794 115374.329783 112683.036645 111870.520379 111753.580555 111712.131995 111352.374254 110987.899131 110534.725382 110491.899175 110272.145601 110224.607203 110193.672435 110188.244568 110149.341508 109984.351192 109833.141649 109676.995018 109278.815049 109238.009200 109189.120627 109075.863950 108885.691168 108815.504064 108714.384836 108435.334916 107882.913062 107065.197700 106302.163274 105990.972507 105651.769390 105451.680711 105125.775410 104466.059588 104455.792740 104214.685136 104028.386350 103921.093262 103853.416837 103812.507246 103781.957651 103583.582947 103323.794520 103180.402233 103027.981520 103003.985453 102669.386834 102386.717084 102193.746067 102011.274755 101347.723383 101092.794226 100964.856397 100572.062067 100517.585612 100445.818308 100406.353198 100391.276116 100151.930309 99999.539133 99888.473776 99583.173858 98940.741776 98555.703269 98211.027245 98099.379726 97996.551235 97843.583594
0.000057 0.020478 0.029647 0.043359 0.059317 0.068215 0.077422 0.086308 0.095329 0.104191 0.112686 0.122147 0.130878 0.139614 0.149039 0.159155 0.167546 0.176055 0.187334 0.213695 0.236780 0.245986 0.264454 0.273233 0.335770 0.344808 0.353929 0.364728 0.376643 0.389491 0.402387 0.415174 0.428565 0.464263 0.474239 0.483187 0.492577 0.501377 0.509967 0.519479 0.528117 0.536651 0.545260 0.556144 0.579764 0.597626 0.608468 0.617082 0.625761 0.661709 0.670345 0.678962 0.687543 0.696902 0.743075 0.752277 0.762118 0.782170 0.790839 0.799593 0.808247 0.817261 0.826448 0.835521 0.856233 0.888142 0.901551 0.918994 0.972154 0.984159 1.015200 1.034578 1.053511 1.062040 1.070862 1.096753 1.106637 1.115378 1.124211 1.167956 1.203450 1.212085 1.229113 1.246489 1.290027 1.325653 1.337567 1.350893 1.360624 1.369139 1.377884 1.386325 1.412350 1.423663 1.432134 1.440595 1.449312 1.466784 1.475292 1.484190 1.493466 1.502055 1.510839 1.519405 1.527918 1.546393 1.572187 1.608999 1.626948 1.635720 1.644243 1.653583 1.680970 1.724141 1.734079 1.742888 1.770214 1.778663 1.788317 1.832743 1.844228 1.861257 1.869652 1.903009 1.946972 1.958065 1.969614 1.980863 2.009223 2.018041 2.027768 2.037182 2.047337 2.055626 2.063997 2.082716 2.091086 2.108048 2.126753 2.135105 2.143549 2.185445 2.228995 2.237509 2.286598 2.305531 2.348800 2.365565 2.373767 2.382255 2.390501 2.399287 2.408591 2.439763 2.448076 2.457232 2.474570 2.483097 2.493265 2.501590 2.509997 2.518427 2.527645 2.539295 2.550943 2.559337 2.576255 2.600747 2.608832 2.617054 2.625172 2.633264 2.641599 2.668438 2.677058 2.689425 2.698810 2.707422 2.724209 2.734886 2.744458 2.796325 2.812750 2.821140 2.864210 2.908041 2.924339 2.948799 2.957101 2.966772 2.991247 2.999563 3.032076 3.040878 3.049959 3.058085 3.066238 3.082469 3.090599 3.106915 3.120966
Elapsed_time: 3.120966
Score: 97843.583594
201
1305745.409831 1258260.857197 1228606.350226 1202359.977202 1174495.289030 1090751.643361 697957.559720 426162.146607 354831.983737 275024.352608 230602.806541 196429.810316 183794.702481 181548.847437 180846.361482 180226.748463 179358.757864 175207.404311 171186.140353 166573.725656 164685.467728 162254.747523 158136.758476 156651.363108 156633.327463 156058.920240 155205.277200 155047.542175 154801.312784 154234.339558 153193.308962 152389.840296 151371.913324 150237.120905 149940.572367 149301.661162 148737.491612 147931.729251 147427.072026 146757.463536 146368.369863 146120.263220 145913.610913 145434.815559 145307.841835 145046.680070 144971.517675 144197.296145 144088.641848 144027.583696 143865.019059 143661.146487 143575.181480 143520.489841 143455.505741 143272.567865 143200.176751 143111.554613 142960.418622 142861.397328 142760.043595 142493.556398 142277.649794 141786.872665 141312.089314 141055.155089 140735.650793 140385.190854 140310.782031 140169.451148 139933.819183 139887.054352 139377.002487 139219.700507 139195.754430 138917.722641 138727.767891 138490.186727 138439.253177 138251.176452 138093.953229 137935.001122 137666.997639 137627.774981 137604.426608 137437.608496 137420.052828 137298.143340 136985.845220 136390.564278 135682.000765 135280.014262 134435.225250 131653.829868 131601.860006 131537.297025 131403.926284 131024.918458 130953.560007 130653.634579 130328.422453 129192.582443 129085.064325 128971.662894 128952.696453 128881.418979 128864.579084 128636.765388 128618.749057 128492.183073 128491.928743 128340.640882 128151.322325 127781.686977 126993.349538 126846.481321 126487.393397 125928.001934 125499.437676 125446.840838 125436.888256 125275.209947 125253.968295 125200.732855 125047.984991 124855.381735 124364.159085 124304.113625 124283.099402 124252.284917 124202.346386 123759.214019 123554.388690 123500.678288 123345.047527 123306.552596 123281.255112 123132.838644 122875.473854 122775.046933 122623.522516 122479.184964 122421.488923 122341.782497 122132.571294 121758.936109 121667.151885 121615.062851 121482.513637 121376.779635 121195.735969 121043.963644 120570.002823 120143.260304 118725.385070 118510.846733 118288.838220 118205.089280 118199.882827 118106.300388 117822.929008 117536.632454 117282.530184 117074.650439 116955.113363 116744.581015 116536.916622 116003.076198 115991.063449 115883.783917 115728.291226 115310.859727 114914.779651 114308.508739 113888.345056 113009.867049 112890.548962 112849.903924 112696.601569 112391.804505 112253.950158 111931.871808 111622.890211 111440.498121 110931.973173 109991.737539 109906.294743 109795.535119 109782.836413 109782.138500 109710.420253 109470.647423 109386.010210 109074.056779 108475.278584 106667.533853 105866.235328 105841.521465 105816.850966 105787.838570 105614.798388
0.000035 0.017612 0.026476 0.035226 0.043993 0.052731 0.061597 0.070033 0.078768 0.087342 0.096596 0.105280 0.113889 0.124447 0.135619 0.147795 0.156648 0.168255 0.179672 0.188322 0.196866 0.205475 0.214011 0.263738 0.311361 0.320168 0.337579 0.364866 0.375445 0.384255 0.393196 0.412495 0.421864 0.439967 0.448507 0.457470 0.466438 0.476961 0.506803 0.518539 0.530161 0.548283 0.557852 0.570409 0.582613 0.594354 0.613840 0.624993 0.633639 0.659230 0.667817 0.693623 0.702255 0.737109 0.746628 0.755217 0.783493 0.818436 0.828575 0.847217 0.855822 0.873092 0.900934 0.909959 0.918545 0.927802 0.945490 0.954246 0.988867 0.998586 1.054245 1.108798 1.120879 1.142950 1.177336 1.186037 1.194531 1.211600 1.231642 1.243028 1.251698 1.260241 1.269045 1.307987 1.316963 1.336754 1.375379 1.384134 1.392823 1.402462 1.411061 1.420227 1.485293 1.493673 1.555016 1.571974 1.581462 1.610666 1.633574 1.642118 1.658989 1.722008 1.747464 1.774983 1.814776 1.823196 1.832017 1.840413 1.851254 1.860154 1.886674 1.903815 1.912874 1.922005 1.931070 1.941266 1.951065 1.960433 1.969596 1.995774 2.005862 2.043317 2.089052 2.116124 2.125646 2.134431 2.143468 2.164494 2.216960 2.234362 2.243420 2.252612 2.261285 2.279515 2.288374 2.297009 2.323256 2.331989 2.368164 2.377109 2.405289 2.414330 2.443042 2.462174 2.471014 2.490686 2.500152 2.519939 2.528683 2.537628 2.547513 2.558019 2.566906 2.576727 2.595755 2.621588 2.640105 4.067819 4.104848 4.113893 4.122517 4.131078 4.148620 4.157320 4.166448 4.175567 4.184479 4.210638 4.264824 4.273891 4.283021 4.292128 4.303744 4.332130 4.344449 4.355628 4.368224 4.380261 4.389576 4.398221 4.407217 4.488869 4.506148 4.515040 4.523952 4.532532 4.558419 4.576515 4.612345 4.620823 4.638384 4.647044 4.655978 4.664636 4.673265 4.690346 4.698785 4.733501 4.788617 4.798654 4.807366
Elapsed_time: 4.807366
Score: 105614.798388
201
1283454.330556 1235397.729843 1204984.556529 1177462.718866 1091596.436170 800320.858491 529834.883722 410901.900554 339087.621844 284760.334256 244682.339621 196298.842523 174680.802407 171210.225168 170346.001190 169364.618825 165589.784421 160990.588762 153218.852940 152752.719494 150921.704880 150786.536562 150555.917650 150349.984429 150210.706958 149805.784072 149047.088148 147998.362421 147767.565049 147485.743813 147459.567248 147239.770824 147107.226108 146819.257198 146630.993607 145983.618355 145928.408043 144579.321251 144429.489615 144420.643875 144240.865507 143872.083851 143853.280525 143624.150527 143443.979304 143338.078739 142861.848003 142564.018110 142407.680404 142215.723715 141629.679753 141374.120012 141276.423983 140897.328613 140506.986454 140079.139925 139055.005247 138942.873631 138479.191567 138234.774814 137866.610913 137690.399780 135181.773616 134982.436268 134956.300670 134615.977452 134176.198587 133759.035976 133650.647703 133321.748615 133261.623400 133122.405862 132867.535882 132602.551127 132284.679825 132052.856449 131781.554071 131492.422844 130735.945700 130544.378589 130235.569030 129904.223834 129550.604810 129239.051665 129022.460856 128884.492494 127115.590831 126552.247607 125988.822875 125612.341455 125490.418797 125480.985369 125352.352785 125227.999389 125050.390971 125048.344343 125024.241135 124802.939890 124741.849420 124648.172531 124188.047198 124044.036054 123895.212389 123660.442254 123329.256420 122618.349818 122426.573192 122167.608483 122049.480802 121701.874410 121204.549614 120609.887553 120443.331398 120248.286462 120132.872841 119977.524665 119586.900340 118894.638676 117543.284737 117423.563314 117373.046416 117272.378741 117163.525825 117018.352265 116987.758022 116859.324867 116707.245055 116512.426330 115831.939337 115208.057503 114584.115847 114554.763579 114182.762007 111654.587572 111160.248023 111090.468269 111033.868344 110939.300580 110909.646428 110861.010146 110754.034404 110554.404711 110462.137184 110381.332908 110057.161469 109573.934604 109423.452631 109265.778745 109160.559672 109034.194442 108989.537562 108775.121294 108620.886848 108314.467095 107789.169479 106903.051321 106736.922254 106722.847900 106449.091486 105881.464682 105772.589906 105587.259392 105502.151775 105471.159605 105381.423212 105327.307868 105190.550998 105132.263489 104938.533483 104917.379749 104758.947419 104651.628680 104631.096731 104580.647093 104404.566190 104129.093605 103789.775633 103463.423766 103314.415921 102981.002455 102573.280317 102324.056493 102110.086824 101893.556767 101883.976018 101811.796093 101513.544349 101091.337830 100872.949299 100257.616118 100082.619880 99974.113687 99857.409933 98970.761377 98821.833739 98799.546815 98649.550070 98543.497087 98177.795182 97891.769129 97786.126889
0.000035 0.019832 0.029083 0.038173 0.047265 0.056925 0.072795 0.083008 0.093913 0.102961 0.112113 0.121141 0.130595 0.139373 0.148325 0.157176 0.166034 0.174883 0.184095 0.202401 0.211846 0.248943 0.258059 0.267561 0.276567 0.285526 0.294497 0.303507 0.312470 0.321416 0.330842 0.339979 0.351507 0.364949 0.378355 0.401615 0.412661 0.465572 0.478604 0.525755 0.535087 0.574974 0.629959 0.639170 0.648195 0.657415 0.678263 0.688687 0.697756 0.707722 0.716745 0.735278 0.754658 0.764151 0.774394 0.783615 0.801916 0.811252 0.820640 0.829703 0.838734 0.847764 0.866262 0.923000 0.982840 0.991739 1.000587 1.018192 1.044710 1.053469 1.071166 1.079954 1.088967 1.097958 1.107670 1.117646 1.127694 1.137873 1.146842 1.164533 1.173356 1.183013 1.191863 1.200888 1.210748 1.228412 1.254866 1.263953 1.281881 1.290647 1.308226 1.365319 1.374350 1.383699 1.411240 1.420576 1.447246 1.456026 1.465489 1.483544 1.492861 1.510902 1.530663 1.539619 1.548990 1.557821 1.566922 1.575657 1.584903 1.594266 1.625696 1.637626 1.648953 1.685359 1.694827 1.705158 1.715482 1.725043 1.743725 1.787754 1.797200 1.815546 1.825697 1.834808 1.869312 1.878690 1.896842 1.905751 1.913876 1.922958 1.973754 2.015545 2.025214 2.036885 2.059315 2.091942 2.117515 2.125805 2.169250 2.177473 2.185574 2.193899 2.202053 2.226926 2.235000 2.243157 2.251658 2.261451 2.272161 2.300843 2.356064 2.364711 2.372959 2.381606 2.389789 2.406671 2.422953 2.439078 2.447160 2.455268 2.463228 2.474025 2.509198 2.533174 2.549211 2.565112 2.573263 2.582130 2.590846 2.607353 2.615594 2.627185 2.679678 2.687889 2.695945 2.704091 2.712245 2.731016 2.739089 2.747187 2.755213 2.771285 2.779479 2.803810 2.847729 2.856729 2.864727 2.873211 2.881683 2.889748 2.914408 2.922823 2.931094 2.940245 2.948378 2.974240 2.982169 2.991653 2.999653 3.007755 3.015692
Elapsed_time: 3.015692
Score: 97786.126889
CN-L-BFGS
201
57235.627569 55819.348562 47836.831249 45775.386667 45746.506946 45522.494976 45415.417407 45362.625712 45086.149296 44719.032625 44128.254495 43791.885248 43613.145004 43300.849138 43194.584748 43065.942190 42949.531783 42866.877866 42784.501222 42742.200434 42630.349592 42496.566592 42100.655252 41493.318866 41420.052441 41227.112335 41153.727251 41010.288273 40916.336657 40811.898073 40711.853145 40553.734123 40342.368475 39778.344456 39626.568211 39468.621686 39345.474391 39289.488005 39247.153889 39095.527798 38858.206690 38252.435226 37496.968745 37473.909150 37259.182577 37232.906350 37220.881420 37134.494294 36902.877621 36856.968529 36854.878881 36846.106718 36764.803057 36606.558419 36437.877284 36116.513922 35493.777715 35486.680616 35462.206774 35372.705203 35293.829219 35209.993651 35074.996141 35070.270402 35041.541116 34709.357746 34609.356810 34518.758363 34340.773479 34328.765517 34312.175703 34183.374956 34038.030165 33878.013351 33714.621302 33638.673071 33436.105023 33286.077006 33268.429002 33248.482297 33222.559377 33208.196091 33126.832359 33040.570503 33036.403287 33016.906323 32766.080184 32539.720472 32378.310230 32192.813057 32004.357781 31812.407676 31732.192400 31520.186153 31213.301541 30936.285992 30653.968534 30394.202464 30295.966503 30208.374807 30141.557624 30030.095089 29919.738712 29710.908572 29653.443789 29598.704974 29546.289997 29519.424974 29483.822086 29345.282389 29259.653534 29156.407001 29152.109429 29023.995531 28915.829629 28913.469966 28912.672401 28762.874973 28652.581851 28619.362188 28577.213424 28448.812346 28369.171322 28160.133924 28151.488711 28125.860171 28097.974551 28000.864332 27918.166567 27851.894768 27779.710987 27694.754675 27631.126009 27557.864021 27456.663299 27290.422591 27259.893490 27249.539055 27181.083330 27148.171479 27062.792024 26981.148857 26921.163064 26811.608847 26725.758279 26675.588925 26627.138767 26606.022195 26510.785190 26424.258579 26412.883967 26339.754008 26261.634747 26145.388799 26109.068976 26094.712632 26074.385591 26004.142000 25967.087218 25955.575040 25945.742555 25937.290058 25926.098063 25903.017453 25859.627738 25828.810880 25802.543897 25770.703839 25732.128305 25706.735563 25689.115409 25652.991624 25610.927839 25556.240641 25525.897344 25486.356732 25471.392069 25445.976519 25399.067897 25374.897287 25368.729962 25339.666861 25269.140258 25193.709830 25187.012061 25119.282633 25064.323716 24996.774303 24956.256065 24943.445548 24925.595175 24907.633473 24847.996890 24836.857655 24777.989548 24694.556379 24668.708238 24631.095372 24582.970920 24554.269337 24507.624247
0.216403 0.245848 0.252631 0.266154 0.286365 0.293439 0.300162 0.312629 0.319026 0.325686 0.332185 0.338529 0.344767 0.351226 0.357442 0.364658 0.378372 0.384794 0.397104 0.416402 0.422625 0.428840 0.435230 0.441528 0.454651 0.461394 0.480489 0.486731 0.492953 0.499336 0.505664 0.512812 0.519820 0.527398 0.550992 0.558228 0.565722 0.589855 0.597425 0.603777 0.610370 0.616633 0.629200 0.647881 0.654057 0.666360 0.678734 0.685797 0.692021 0.710455 0.716654 0.735046 0.741165 0.747226 0.753431 0.759590 0.765732 0.784885 0.803485 0.823562 0.830307 0.837226 0.843327 0.849908 0.869034 0.875161 0.888054 0.894422 0.901438 0.907540 0.922088 0.928991 0.935303 0.941410 0.947538 0.954296 0.961667 0.989110 1.007760 1.020561 1.026720 1.038874 1.045069 1.051363 1.057351 1.080209 1.086387 1.092492 1.098598 1.104914 1.110980 1.117804 1.125456 1.131873 1.138015 1.144067 1.150017 1.156080 1.162296 1.168286 1.174571 1.180537 1.186939 1.192993 1.205278 1.212183 1.218481 1.225010 1.232405 1.245733 1.251760 1.257737 1.263898 1.269998 1.281950 1.288472 1.314131 1.321136 1.328516 1.334906 1.348933 1.355257 1.361205 1.367183 1.384954 1.391138 1.397057 1.402996 1.421095 1.427553 1.433595 1.439765 1.448102 1.453960 1.459784 1.465827 1.473080 1.501703 1.507534 1.513532 1.519471 1.531202 1.537291 1.543102 1.549079 1.555132 1.560903 1.567134 1.573032 1.578749 1.584659 1.590680 1.596527 1.602847 1.608858 1.624160 1.629891 1.635571 1.641398 1.661857 1.669958 1.684079 1.698193 1.705341 1.711427 1.723028 1.734727 1.740493 1.746407 1.757914 1.764137 1.769936 1.775621 1.781322 1.795657 1.804856 1.813373 1.821294 1.827657 1.833626 1.845144 1.850917 1.856907 1.862564 1.868322 1.874744 1.880552 1.886701 1.893129 1.905790 1.911550 1.917234 1.922990 1.934272 1.940147 1.945867 1.951530 1.958449 1.965535 1.977281 1.982936
Elapsed_time: 1.982936
Score: 24507.624247
201
56898.629235 55472.146301 45134.138111 45074.284026 44932.186226 44911.220935 44759.089513 44535.623000 44117.911063 43815.357668 43440.066258 43165.467585 42867.572389 42285.323289 42204.113882 42195.231156 42069.484758 41845.810877 41507.923025 41432.191531 41414.876894 41347.097266 41267.688926 41119.046849 41045.872941 40995.902983 40762.256494 40590.571347 40586.239068 40535.352175 40235.821440 40107.061293 39934.761786 39796.848244 39612.950537 39375.884346 38829.120407 37993.161955 37915.196959 37796.712734 37468.806676 37300.013936 37073.960618 36934.327931 36845.304632 36746.200212 36493.982318 36184.486735 36166.764805 36086.839634 35959.875236 35816.838447 35561.033100 35341.185958 35231.003173 35199.838344 35195.133469 35000.169191 34933.287319 34877.780133 34749.282969 34711.685811 34387.112255 34180.393766 33962.281140 33730.811598 33528.448215 33475.217959 33314.064695 33138.249630 33090.860620 32945.646775 32671.830709 32427.263647 32408.852652 31387.706468 31360.453760 31298.365407 31232.764857 31202.710703 31118.056854 30800.850048 30455.123025 30334.171136 30085.100018 30040.681401 30017.869428 29951.322198 29674.852936 29483.378521 28849.669625 28812.947518 28741.474778 28643.244761 28512.068871 28398.397463 28305.859562 28093.010607 28029.620500 27843.575719 27745.475423 27564.879406 27421.807233 27254.981636 26984.349118 26885.320747 26861.967751 26749.733824 26724.659397 26697.699559 26505.227063 26378.125370 26313.666290 26214.637926 26143.394584 26070.953648 25884.129143 25772.810913 25686.145067 25566.330185 25421.049802 25312.329412 25189.944314 25060.247548 25035.578376 25001.522032 24952.943633 24890.733128 24882.294924 24842.163949 24763.323242 24677.768615 24626.353761 24582.006680 24541.005274 24485.626676 24390.742583 24301.833186 24298.835226 24295.034952 24259.636328 24245.203356 24237.394478 24216.141151 24181.012652 24128.494803 24079.500511 24041.179497 24039.089895 24005.441525 23982.164422 23953.421821 23935.198688 23890.212436 23889.434030 23855.352411 23829.354049 23805.802280 23774.631077 23729.607884 23697.810523 23685.768067 23671.125379 23640.149271 23610.434304 23598.305311 23568.013959 23532.901673 23508.655453 23498.283169 23477.500204 23455.153454 23453.339640 23440.126496 23421.566850 23403.568502 23371.077975 23351.723638 23329.718348 23306.555461 23278.348184 23266.290483 23248.513638 23231.270483 23200.312330 23178.467854 23164.771902 23139.737325 23106.426734 23089.779674 23074.192330 23058.041627 23038.581622 23029.779902 23015.192823 22998.463889 22991.295347 22978.755666 22966.468700 22959.016408 22945.509606
0.192999 0.222739 0.235756 0.261754 0.268229 0.281476 0.287732 0.295124 0.301500 0.308997 0.315936 0.322211 0.328676 0.335001 0.347529 0.385764 0.394756 0.404049 0.411817 0.421292 0.451929 0.460904 0.467957 0.474189 0.480726 0.497729 0.506506 0.521813 0.539558 0.546951 0.559613 0.572423 0.578898 0.585201 0.591503 0.597763 0.605227 0.611475 0.624020 0.630644 0.637717 0.645215 0.652017 0.658430 0.665072 0.679124 0.685410 0.692182 0.717539 0.723852 0.729917 0.736488 0.743255 0.749800 0.755973 0.762670 0.775990 0.782741 0.794952 0.801066 0.807212 0.813351 0.819451 0.825505 0.831675 0.837789 0.843963 0.863756 0.869907 0.884198 0.897084 0.903565 0.909703 0.917692 0.931273 0.938436 0.950842 0.956841 0.962898 0.968918 0.975031 0.981007 0.992972 0.999782 1.006881 1.027253 1.033284 1.039292 1.045274 1.057671 1.069615 1.089133 1.095045 1.101049 1.106962 1.113773 1.119833 1.126205 1.130810 1.136176 1.140812 1.145099 1.149353 1.153555 1.157708 1.161891 1.165916 1.169997 1.182077 1.186466 1.190671 1.199668 1.207983 1.213678 1.217781 1.221866 1.227602 1.231758 1.235891 1.239887 1.244023 1.248109 1.252244 1.256139 1.268428 1.272504 1.276607 1.280653 1.288807 1.292915 1.296846 1.304776 1.308813 1.312581 1.316354 1.320119 1.324027 1.327798 1.335919 1.349295 1.353807 1.357856 1.361826 1.365815 1.369865 1.373612 1.380891 1.384501 1.402765 1.407014 1.411691 1.415568 1.423644 1.427542 1.435230 1.438714 1.442290 1.445882 1.449412 1.452921 1.456433 1.463728 1.467170 1.470643 1.474171 1.477635 1.481233 1.484725 1.488365 1.492751 1.496872 1.500802 1.523349 1.529331 1.537152 1.540931 1.544713 1.548512 1.552595 1.556638 1.560387 1.564777 1.579890 1.583852 1.588386 1.593169 1.598426 1.603258 1.607450 1.611448 1.615519 1.619468 1.623355 1.631480 1.635416 1.639312 1.643494 1.647731 1.652364 1.656326 1.660364
Elapsed_time: 1.660364
Score: 22945.509606
201
55278.755444 53852.297092 45607.138095 44691.432982 44600.907188 44149.366061 44103.574012 43895.904782 43885.423372 43822.261028 43748.633730 43633.447167 43551.217209 43515.127753 43469.923953 43279.470867 43258.457324 43184.349213 43050.242244 42886.417378 42523.327391 42498.341623 42462.614732 42378.810106 42350.105918 42297.563769 42206.678553 42198.907297 42165.633742 42146.655584 41962.731606 41791.829405 41607.243024 41141.898497 40861.824026 40834.155695 40791.408993 40778.026162 40693.708587 40613.194067 40457.807645 40328.487694 40175.565229 40061.413523 39904.161276 39660.685444 39525.252217 39490.583078 39423.406411 39353.611743 39239.124488 39127.036152 38883.379429 38619.435013 38589.658721 38519.925928 38414.085710 38283.571770 37851.481740 37812.888626 37781.256596 37419.427877 37338.946026 37185.317169 36982.697147 36779.127934 36560.592680 36162.611362 36145.388161 36068.806628 36026.258622 35984.282276 35911.090767 35871.285521 35713.393652 35255.005716 35248.996532 35113.757139 34995.813325 34901.175108 34780.281379 34735.579983 34651.398364 34439.450827 34300.185577 34103.257952 34040.644407 33932.347529 33922.836275 33877.245597 33651.886376 33609.057664 33592.376843 33537.056583 33330.934183 33180.503476 33066.312024 32961.388394 32694.143256 32571.602727 32494.460629 32235.830382 32199.477254 32122.108273 31926.068603 31371.248360 31172.959561 30837.083941 30621.425556 30476.038999 30382.012189 30100.400337 29574.465649 29135.882506 29121.374047 28880.111849 28670.229164 28626.305079 28572.419395 28416.042937 28272.985731 27761.925482 27627.053841 27621.630938 27401.236409 27382.650648 27336.547230 27312.165287 27214.749489 26986.748074 26773.085381 26353.622174 26027.978539 25686.787778 25592.074486 25586.284779 25486.808378 25403.085624 25402.630913 25342.185644 25222.481116 25155.169119 25099.896271 24935.078076 24857.421111 24804.996286 24561.154153 24536.545984 24326.209337 24146.751838 24072.159254 24061.987737 24022.328428 23975.373022 23837.452529 23816.109406 23721.628831 23500.546341 23426.344729 23278.130009 23107.644165 23043.892461 22917.355420 22813.158945 22640.337765 22519.054628 22481.218213 22254.432726 22067.535569 22001.434318 21845.365857 21802.389751 21772.159964 21740.920902 21683.987894 21459.686667 21382.832025 21190.690202 21101.392799 21072.967612 21017.415536 21004.952229 20857.117664 20777.520518 20752.745384 20670.152090 20561.139191 20424.915536 20420.764882 20372.362682 20288.447016 20200.878721 20195.533249 20090.076443 20022.850874 19949.705808 19860.792016 19812.995462 19793.101820 19746.225031 19696.091940
0.134549 0.154148 0.162620 0.167332 0.181328 0.190068 0.195512 0.215928 0.234367 0.238633 0.243009 0.248408 0.252975 0.268100 0.273556 0.298463 0.303539 0.308486 0.312779 0.317652 0.322325 0.344147 0.352992 0.357093 0.365324 0.369138 0.377373 0.390004 0.394179 0.398474 0.402992 0.407328 0.415944 0.420134 0.424311 0.438832 0.447487 0.455885 0.460179 0.464637 0.468855 0.473052 0.477337 0.481491 0.504837 0.508989 0.513080 0.538878 0.543072 0.551872 0.556630 0.560825 0.565004 0.569227 0.581856 0.586335 0.590658 0.594929 0.599669 0.604123 0.621200 0.625352 0.629564 0.633824 0.638104 0.642218 0.646497 0.650783 0.665083 0.669604 0.673767 0.677920 0.682102 0.686187 0.690343 0.698601 0.711267 0.715333 0.723378 0.727594 0.731716 0.748713 0.753606 0.757738 0.762060 0.766118 0.777898 0.782137 0.790526 0.795321 0.799662 0.807924 0.820974 0.825523 0.829862 0.834067 0.838205 0.846556 0.850646 0.867246 0.871314 0.875603 0.884076 0.888195 0.892930 0.897060 0.901126 0.915286 0.919530 0.923700 0.927875 0.931876 0.943252 0.950867 0.971307 0.975286 0.983133 0.991012 0.994832 0.998586 1.006128 1.013400 1.017395 1.025093 1.030217 1.045894 1.049814 1.057428 1.061374 1.065214 1.068764 1.072334 1.075988 1.079798 1.083451 1.094519 1.098342 1.106182 1.117766 1.126174 1.130175 1.137859 1.142434 1.147149 1.151189 1.159169 1.166785 1.174726 1.178550 1.182460 1.186160 1.197733 1.201389 1.205186 1.212577 1.223741 1.227587 1.231533 1.235422 1.239391 1.247264 1.252573 1.256155 1.259785 1.263400 1.271022 1.274602 1.278456 1.286395 1.290319 1.294213 1.305973 1.309824 1.313671 1.321166 1.328633 1.332980 1.337065 1.340988 1.348511 1.352624 1.361802 1.365811 1.369714 1.373542 1.377700 1.381738 1.385623 1.390896 1.395693 1.399648 1.404208 1.408385 1.412561 1.416381 1.420183 1.424994 1.428558 1.431972 1.435664 1.439655
Elapsed_time: 1.439655
Score: 19696.091940
btree9
L-BFGS
201
1552382.318336 1495630.551577 1453632.206139 1420432.654764 1369856.688095 1115440.607034 782106.076270 582045.827515 446626.464647 289259.020867 244012.015709 205475.679726 175334.397048 156082.479132 153621.201458 153302.229214 153073.092754 152302.683315 151119.506820 148496.587882 138646.763862 123048.675212 118204.032137 118197.601550 117692.904531 117589.291772 117563.302627 117233.653737 116838.254361 115955.232210 114818.906048 114809.778175 113365.134207 110508.936957 108979.327565 108646.427107 108503.861252 108249.695608 108233.605842 108113.710752 107967.896908 107793.950504 107686.494505 107491.618195 107206.373638 107018.366176 106888.316151 106597.646717 105384.681049 104450.055777 102890.934323 102887.739895 102805.946059 102589.237250 102368.503039 102072.810477 101648.803587 100481.308604 99860.922037 99468.280176 98684.979497 98527.921989 98513.358815 97603.731364 97381.848401 97172.764904 96646.778340 96185.183908 95740.092356 95707.294459 95634.243519 95504.854339 95271.161587 95191.712703 95061.411199 94987.491064 94835.006909 94659.204432 94091.660730 93444.799950 92545.015434 91655.633593 90870.782648 89444.326108 88213.675789 88131.637632 87923.186322 87845.464666 87776.143232 87528.730442 87343.088732 87064.134740 86706.138381 86505.087950 86454.253060 86232.194825 86091.920477 85982.104355 85822.785696 85278.128906 85222.248480 85190.813195 85073.774490 85013.707674 84792.262985 84513.745280 84337.934805 83924.218662 83913.064101 83594.354076 83086.086804 82583.398794 82496.773497 81289.904051 81180.155967 81140.525441 81041.135481 80846.708155 80586.341649 80520.228686 80301.684470 80112.623322 79928.335531 79584.809496 79306.332930 79177.910413 79071.764400 78890.983253 78699.856342 78602.434800 78342.422102 78136.871115 77973.849632 77826.372272 77591.463848 77590.724197 77413.693804 77375.571592 77120.010221 76983.659238 76957.069912 76785.380764 76723.085337 76593.820285 76547.722739 76295.155768 75877.705015 75003.179659 73293.472094 72576.372112 72365.696946 72360.782714 72240.919185 72221.917974 72060.052729 72002.907285 71918.006886 71836.177944 71398.413267 70650.727138 69893.220370 69793.372788 69779.591766 69220.175915 69150.895180 69145.376691 69088.171072 69011.032147 68916.778506 68876.152527 68663.513373 68460.676822 68242.039041 68142.968442 68140.380083 67991.105898 67932.277261 67775.529655 67733.479737 67523.629907 67356.933134 67333.012131 67125.691166 67081.775467 67059.402415 66986.268314 66787.412575 66441.533925 65951.858174 65155.751441 64779.701521 64552.698050 63880.980471 63344.906509 63025.615388 63021.287179 62946.887994 62916.618937 62854.460437 62848.728732 62815.779412
0.000046 0.021535 0.032749 0.042857 0.054964 0.065585 0.075908 0.085960 0.095853 0.105613 0.117256 0.129269 0.139943 0.150267 0.160153 0.169846 0.179471 0.189276 0.200026 0.209700 0.229286 0.239458 0.260275 0.281028 0.303093 0.313655 0.354490 0.365849 0.377909 0.388994 0.400351 0.440830 0.452728 0.486400 0.496233 0.527752 0.539827 0.549804 0.559698 0.570750 0.581987 0.591970 0.602858 0.613359 0.623334 0.633392 0.644386 0.654315 0.665206 0.675422 0.736855 0.807821 0.818933 0.829192 0.839058 0.849572 0.861123 0.871318 0.881999 0.903783 0.923835 0.964076 1.026598 1.036613 1.048706 1.059946 1.101730 1.111763 1.131506 1.151349 1.195715 1.209355 1.224111 1.274330 1.285955 1.296011 1.306039 1.346864 1.356897 1.366840 1.376749 1.386638 1.401776 1.419075 1.430952 1.483751 1.493647 1.513682 1.523529 1.534233 1.544568 1.554644 1.564633 1.580461 1.601174 1.611271 1.622122 1.632031 1.641879 1.670456 1.711080 1.721031 1.752457 1.779039 1.792117 1.805301 1.818368 1.831617 1.907267 1.919463 1.941026 1.951947 1.962707 1.992114 2.021604 2.053693 2.064466 2.074435 2.104112 2.124253 2.134820 2.144618 2.155515 2.165594 2.195462 2.205360 2.215186 2.225037 2.234993 2.244827 2.277292 2.287543 2.320148 2.351647 2.393116 2.424895 2.435489 2.467247 2.477969 2.488829 2.520152 2.530899 2.563364 2.573756 2.585496 2.596735 2.608270 2.619856 2.630339 2.652348 2.662667 2.693836 2.714555 2.726091 2.737341 2.747493 2.758571 2.770398 2.780578 2.792259 2.803469 2.814577 2.850368 2.872991 2.904518 2.955321 2.965535 2.976861 2.987823 2.998270 3.009278 3.019465 3.031820 3.042989 3.053100 3.063643 3.093867 3.104047 3.114235 3.155582 3.165887 3.176370 3.187126 3.197274 3.228491 3.239178 3.259478 3.270550 3.281315 3.291579 3.301903 3.311886 3.322171 3.332373 3.342247 3.401908 3.453900 3.474323 3.485459 3.528240 3.538319
Elapsed_time: 3.538319
Score: 62815.779412
201
1563956.947789 1509191.792399 1473197.997186 1433516.123252 1378036.127656 1146731.218545 713139.688770 536905.697389 431033.419095 347139.827228 255505.973899 183867.957575 169057.082121 152917.521459 147856.236037 147666.571286 146160.621988 145001.861754 141720.171300 137087.089522 122009.115945 118672.541566 118589.337655 118466.584424 118399.244887 118023.910692 117375.961769 116747.373701 116212.372422 116004.467673 115173.201825 112853.174621 112731.102937 112246.852770 112111.239979 112096.936540 111925.669868 111488.307270 110215.652290 108837.930038 106860.925974 104917.053274 103171.774106 103113.027734 103056.175109 102913.704463 102902.915571 102864.505046 102800.058553 102787.854494 102691.602831 102510.337454 102187.929083 101832.712212 101232.296924 100979.376594 100769.074416 100295.988920 100173.087130 100082.660711 100048.794713 99983.154161 99694.370388 99418.400052 99155.766148 98913.773478 98655.464788 98481.812289 98025.251528 98013.556428 97793.815376 97663.674355 97591.867788 97187.765014 97119.584294 97106.734376 97066.468864 96963.688853 96838.115157 96582.161315 96311.332011 95669.906643 95353.282031 95117.810182 94596.194976 92579.115469 91898.724700 91889.083993 91812.278391 91654.165001 91541.559103 91364.263087 91291.358644 91106.671031 91051.146550 90968.640990 90798.028363 90698.269682 90475.735589 90244.744886 89663.384807 89539.838258 89397.287322 89374.582797 89267.028321 89081.610604 88986.593405 88694.537447 87927.969233 87656.979142 87623.669488 87377.887488 86787.831412 86747.937497 86600.102342 86599.186583 86581.190098 86557.858595 86466.845269 86363.211084 86065.967115 85843.747350 85561.228656 85367.409890 85248.392538 85141.179211 84807.349947 84488.388234 84219.909756 84028.562893 83360.345388 82828.272598 82727.156263 82689.082545 82517.789709 82464.732412 82238.554263 81941.209254 81644.877892 81572.601241 81390.726884 80704.359750 80313.524631 80266.488431 80142.899351 79723.551640 79642.464881 79201.276193 78678.662402 78579.301977 78549.534748 78441.605701 78363.733034 78227.853993 78154.065219 78010.145278 77585.354139 77180.291383 77066.716054 76945.141995 76862.199125 76822.263745 76142.404280 75703.299217 75020.542412 73729.814638 73136.037113 72670.432579 72561.393799 72469.631131 72369.607574 72232.496107 72178.177998 72176.148214 72108.345049 72068.367761 71638.283152 71318.383764 71277.152584 71266.486706 70959.825451 70933.223913 70821.407848 70787.700747 70639.212742 70415.787326 70370.809429 70332.782141 70313.542159 70285.067390 70166.595129 70054.431705 69776.531552 69485.864299 69000.924666 68738.256144 68716.253605 68603.794979 68485.184169 68299.624985 68001.632393
0.000038 0.026308 0.037128 0.048241 0.060376 0.074808 0.086815 0.097113 0.107315 0.118387 0.129494 0.142066 0.153256 0.163242 0.173172 0.193583 0.204405 0.217020 0.227505 0.237759 0.258104 0.268448 0.324200 0.334768 0.345844 0.357058 0.367599 0.402113 0.412381 0.453538 0.468325 0.480363 0.492364 0.507991 0.544226 0.577590 0.589262 0.603850 0.615454 0.625902 0.636135 0.646549 0.667866 0.689866 0.745781 0.759538 0.810892 0.822026 0.857658 0.904324 0.914819 0.928659 0.943936 0.960712 0.976810 1.000556 1.021399 1.056160 1.066408 1.132348 1.145633 1.158274 1.169333 1.180068 1.192367 1.205104 1.217369 1.230481 1.240934 1.258066 1.270727 1.296196 1.317341 1.347836 1.358062 1.431182 1.441448 1.451852 1.462826 1.473285 1.483611 1.504308 1.514612 1.524939 1.535374 1.545644 1.618917 1.684018 1.705041 1.715420 1.725667 1.758155 1.768734 1.789825 1.800294 1.810571 1.820816 1.831105 1.841369 1.872606 1.893695 1.904010 1.914719 1.935239 1.945883 1.956159 1.967398 1.977761 1.988654 1.999340 2.009623 2.019813 2.030118 2.060792 2.071272 2.124337 2.166601 2.187845 2.198096 2.208503 2.219167 2.264590 2.275067 2.285487 2.295923 2.306289 2.316491 2.326871 2.337095 2.347336 2.378024 2.408967 2.419611 2.451764 2.461912 2.482846 2.493118 2.503268 2.513846 2.524062 2.534373 2.544869 2.555042 2.565448 2.575635 2.587573 2.609041 2.640942 2.672760 2.694872 2.726392 2.768589 2.778920 2.789040 2.799260 2.809416 2.819645 2.840438 2.881423 2.891566 2.912600 2.922930 2.933327 2.974487 2.985136 2.995774 3.006320 3.016648 3.027072 3.037308 3.069810 3.092595 3.103572 3.144990 3.155164 3.165448 3.175936 3.187645 3.209815 3.241715 3.252197 3.262809 3.284082 3.294681 3.304972 3.315880 3.336339 3.366726 3.377088 3.387264 3.407679 3.418046 3.428494 3.440227 3.450574 3.482658 3.534094 3.544464 3.554877 3.564912 3.576072
Elapsed_time: 3.576072
Score: 68001.632393
201
1532191.343003 1477184.645982 1439864.434371 1402532.999868 1353575.198448 1198241.764904 873543.798676 590961.764748 455571.097528 362296.236730 303092.740319 206537.300231 186264.797607 166279.889791 160391.352675 160249.791770 160044.213014 159661.017976 158836.258820 158231.104013 155269.113529 155226.139807 141926.557904 134825.212083 130654.824393 121058.473271 119798.010939 119691.624271 119573.369754 119402.718310 119088.819403 118955.349937 118504.960339 117954.650805 117849.779559 117481.542643 116810.288017 116539.337512 116229.561224 115642.340116 115008.482444 114943.059913 114868.678587 114647.302278 114421.452542 114140.784105 113894.775551 113710.059012 113417.227512 111704.792323 111165.305547 110933.754937 110372.686661 110351.509903 110261.670126 109737.795299 109705.624984 109625.871529 109584.756624 109423.701524 109222.925640 109079.504343 108617.036782 108418.039582 108137.162622 106959.989597 106003.887797 105621.021476 105602.755472 105517.392967 105414.424469 105131.699108 104925.472809 103811.316074 102779.658530 102057.247862 100909.323400 98276.426632 97083.892744 96902.636815 96897.143175 96683.096021 96425.415752 96294.919562 95852.394116 95651.018817 95596.977593 95472.567186 95279.488647 95003.277816 94899.479111 94837.307593 94604.750533 94304.244879 94278.848140 93837.391129 93820.643481 93442.227570 93269.607269 92708.953102 91817.398900 91001.240058 90698.591015 90369.470186 90357.182583 90272.125663 90250.878873 90234.919975 90215.648287 90206.828128 89920.662850 89766.305699 89686.148006 89451.843764 89259.878738 88991.958793 88616.709350 88076.640676 87814.202015 87671.451949 87586.134401 87363.824389 87212.953537 87183.485501 86952.119765 86929.783676 86905.333152 86662.960053 85758.068342 85746.193835 85663.271119 85258.619760 83561.636713 83521.848570 83399.473818 83236.255066 83140.221609 83041.695193 82888.983330 82736.790106 82447.114337 81620.628917 81029.280453 80501.966211 79494.154078 79442.306731 79402.695001 79338.802434 79326.377037 79211.535104 78931.556989 78836.204487 78788.810741 78733.824691 78660.308487 78569.865712 78449.371538 78222.350058 77917.254987 77869.767492 77431.155993 77122.768542 76933.987639 76859.848223 76756.304233 76741.604229 76445.006670 76375.627880 76291.042077 76183.141249 76124.212792 76112.015590 76074.442002 75944.510700 75803.132233 75622.988027 75589.873350 75544.205036 75407.610571 75305.144152 75128.495092 74847.335272 74682.152395 74374.637015 74345.540174 74253.461846 74007.059264 73980.613102 73963.581872 73876.063072 73760.085645 73630.935057 72965.180091 72913.718095 72665.395530 72484.430819 72091.448816 71566.266873 71093.472521 70975.862151 70922.485733
0.000048 0.028003 0.039090 0.049458 0.059901 0.070327 0.080504 0.090626 0.100603 0.110506 0.120373 0.130557 0.140418 0.150350 0.160433 0.170897 0.180730 0.190547 0.200536 0.210559 0.220617 0.296588 0.310699 0.327733 0.339481 0.413160 0.456760 0.489338 0.510886 0.523804 0.536229 0.546848 0.557135 0.577926 0.598814 0.609240 0.619458 0.629715 0.640266 0.650429 0.663305 0.683860 0.704832 0.715324 0.725664 0.736790 0.748166 0.759041 0.773850 0.786274 0.797037 0.808001 0.823904 0.861996 0.872180 0.883777 0.920569 0.931263 0.941604 0.952417 0.964598 0.974952 0.986574 1.017649 1.033509 1.060801 1.073139 1.105838 1.159256 1.169472 1.179644 1.189802 1.210110 1.220400 1.230605 1.240937 1.263369 1.273653 1.296366 1.332583 1.369204 1.386495 1.400351 1.410911 1.441907 1.468647 1.493556 1.504321 1.514541 1.525239 1.535433 1.590703 1.601811 1.612237 1.643954 1.656610 1.667466 1.677887 1.688109 1.698656 1.719378 1.729816 1.742837 1.764208 1.818686 1.831382 1.848897 1.861936 1.873625 1.898115 1.908693 1.919268 1.933531 1.948919 1.959528 1.971027 1.981352 1.992185 2.005725 2.038341 2.048690 2.059576 2.071242 2.103202 2.157746 2.214583 2.225342 2.247019 2.279132 2.333774 2.345400 2.358035 2.389978 2.422309 2.435623 2.451783 2.497889 2.511137 2.529144 2.542893 2.553175 2.564594 2.575320 2.588125 2.618854 2.649428 2.681945 2.692859 2.725158 2.741065 2.757426 2.768387 2.812528 2.824070 2.860752 2.871663 2.885675 2.896020 2.946951 2.999813 3.016303 3.046209 3.056458 3.109582 3.152105 3.197476 3.207829 3.218217 3.250065 3.263316 3.283720 3.333323 3.343681 3.354645 3.364949 3.375297 3.399600 3.422593 3.454805 3.467597 3.480168 3.491737 3.502647 3.513040 3.533639 3.544714 3.555440 3.589284 3.612262 3.623084 3.634144 3.645639 3.689767 3.744543 3.766108 3.779235 3.791249 3.803425 3.823614 3.833839 3.874635
Elapsed_time: 3.874635
Score: 70922.485733
CN-L-BFGS
201
36521.988644 35078.753652 30479.617625 30101.284887 30049.544157 29931.039922 29877.649329 29847.266772 29749.159081 29635.145241 29397.392481 29393.718943 29275.608590 29219.068016 29160.977726 28907.338064 28661.021994 28615.809132 28610.863076 28540.313077 28416.185558 28312.853862 28237.618182 28114.317052 28058.283413 28046.891748 27974.831816 27797.653137 27702.606381 27314.071842 27255.297239 27006.472888 26990.635733 26838.110000 26714.172363 26705.606734 26697.780665 26641.272584 26487.310496 26444.680932 26123.273693 25771.917687 25670.602631 25640.903248 25453.060277 25325.475209 25094.973267 24807.004822 24612.148031 24595.948140 24456.296662 24258.630863 24242.603772 24187.305735 24061.417594 23913.096146 23726.341162 23481.065236 23184.319351 23103.764343 23011.490080 22897.097267 22874.790827 22790.965944 22518.226231 22465.033359 22354.995518 22230.770547 22100.120647 21782.281522 21764.887029 21717.566973 21675.291530 21530.394700 21319.228073 21244.410576 21152.988381 21044.756186 20887.607647 20827.791504 20745.471388 20735.689755 20534.648862 20435.051083 20157.884362 20100.375160 19954.906481 19825.838796 19525.399985 19251.210454 19236.093914 19199.419388 19171.285217 19163.629955 19132.915288 19067.895746 18918.815480 18911.267803 18884.535803 18857.797179 18711.661103 18615.279885 18512.380458 18425.308994 18311.143660 18303.631006 18173.608797 18145.699847 18079.734406 17995.726077 17906.699375 17832.969721 17748.363652 17668.844404 17596.344187 17569.862911 17562.273464 17532.693857 17470.781684 17463.813478 17446.871037 17425.966497 17415.657721 17395.029570 17349.210717 17311.078032 17262.171449 17220.545912 17207.941488 17176.231013 17132.853481 17093.985546 17086.903321 17059.535580 17010.142692 16955.724346 16903.466131 16873.314326 16844.516178 16813.214191 16781.767469 16736.975062 16701.099094 16653.122922 16600.755369 16570.960895 16542.684515 16498.450957 16472.446207 16461.169540 16447.617215 16423.582374 16397.351272 16372.553639 16343.801327 16322.075776 16297.997261 16278.813577 16259.533520 16244.451335 16224.447409 16204.804569 16183.410606 16159.964830 16141.466916 16124.248256 16109.445342 16095.728052 16080.048625 16064.590967 16048.336818 16032.836597 16017.724246 16003.295063 15987.221040 15970.111648 15954.839060 15942.071180 15928.549670 15917.172899 15905.601052 15893.712284 15882.744190 15871.533470 15858.521521 15845.461130 15834.327350 15824.791662 15815.002949 15807.608265 15800.132892 15790.568812 15784.385893 15778.281582 15769.656457 15764.055287 15757.908272 15748.042526 15738.895309 15732.036664 15721.921544
0.488155 0.541232 0.549316 0.565171 0.573151 0.581122 0.589180 0.598257 0.607044 0.618696 0.663396 0.699828 0.707734 0.715840 0.723756 0.735147 0.743583 0.752374 0.793438 0.802027 0.809887 0.829527 0.838453 0.846740 0.858105 0.891671 0.903732 0.911834 0.927621 0.938111 0.954935 0.963965 0.982676 0.990622 1.000389 1.033182 1.057638 1.071043 1.082702 1.092060 1.099661 1.107870 1.115438 1.123201 1.131158 1.139379 1.147813 1.155508 1.164534 1.177665 1.189526 1.197209 1.227547 1.235062 1.242549 1.250089 1.257881 1.265317 1.273867 1.290457 1.298469 1.308394 1.317331 1.324796 1.332169 1.347615 1.356326 1.365394 1.380897 1.388480 1.404428 1.412798 1.421448 1.428867 1.438074 1.445466 1.453579 1.462558 1.470512 1.477804 1.485026 1.492248 1.501114 1.515489 1.522681 1.536991 1.544188 1.551338 1.558402 1.565560 1.586656 1.593838 1.601036 1.616238 1.623848 1.630967 1.638040 1.659020 1.673031 1.680059 1.687074 1.695308 1.703156 1.710712 1.717937 1.725018 1.732363 1.747462 1.754766 1.761601 1.786552 1.794684 1.801566 1.808459 1.815481 1.822865 1.839761 1.848956 1.856460 1.880049 1.890375 1.906786 1.927052 1.934335 1.944273 1.959670 1.984966 1.992349 1.999154 2.005905 2.012831 2.019622 2.033333 2.041359 2.049488 2.056563 2.064828 2.071596 2.079546 2.086664 2.093411 2.100069 2.106782 2.117915 2.124616 2.131292 2.138264 2.144976 2.152163 2.158949 2.165539 2.172949 2.179815 2.187334 2.196336 2.203926 2.212881 2.219772 2.228637 2.238782 2.248467 2.258012 2.268056 2.277587 2.287385 2.296887 2.306973 2.317842 2.329220 2.338399 2.345090 2.352196 2.361988 2.371967 2.381446 2.389112 2.396114 2.403639 2.410542 2.417432 2.424367 2.431276 2.438990 2.445617 2.452547 2.460159 2.466783 2.474067 2.480930 2.487708 2.496640 2.503262 2.510132 2.519202 2.528259 2.537495 2.547604 2.557128 2.564064 2.570671 2.577381
Elapsed_time: 2.577381
Score: 15721.921544
201
36701.494186 35217.458216 30382.119174 30035.369602 29909.298454 29808.886402 29772.358843 29765.740877 29748.968546 29690.499547 29583.386389 29501.871583 29384.522928 29290.441298 29281.430761 29268.104087 29255.309937 29192.700326 29100.584301 28978.136081 28748.872332 28448.287231 28238.091858 28011.281128 27845.075053 27567.566273 27349.771859 27039.670486 26679.225356 26630.812093 26600.299886 26444.666284 26402.813275 26357.148880 26272.501619 26114.120322 25758.766701 25639.329324 25626.159475 25409.887023 25344.673952 25138.025582 25111.863721 25108.499790 25104.611516 25069.865630 24830.462563 24730.257080 24701.255336 24532.353127 24277.893838 24156.019105 23920.193125 23563.858196 23292.519349 23240.304033 22790.167615 22641.767433 22473.335953 21962.526811 21819.798231 21768.457648 21734.814398 21531.307667 21510.274476 21499.284688 21466.109627 21436.905750 21431.925726 21402.177311 21320.208658 21172.190658 21073.975103 21016.415337 20914.782149 20904.968343 20831.472785 20797.271549 20777.034444 20674.437332 20498.147449 20299.875398 20181.722411 20090.128274 20022.461288 20018.926198 19836.503066 19630.131132 19625.274800 19594.742902 19581.284067 19561.765530 19524.953909 19372.357332 19250.642321 19175.915009 19138.978136 19101.118041 18965.119392 18875.924640 18779.372240 18627.619246 18620.076302 18612.343427 18593.415820 18571.722627 18532.810080 18409.407684 18375.106541 18366.979234 18307.021255 18305.978398 18289.075620 18279.873272 18230.432650 18125.784279 18049.404227 17990.316686 17914.501330 17862.004728 17799.203850 17730.213791 17654.492187 17591.145715 17536.487377 17478.406789 17409.087618 17352.335034 17323.281132 17296.946854 17241.368177 17204.728642 17154.384704 17106.953120 17086.970213 17054.379524 17012.728983 16974.835981 16930.108203 16882.101422 16836.191488 16797.245876 16768.674458 16743.866642 16715.826187 16686.408296 16656.927547 16630.555443 16627.745928 16609.283497 16587.592829 16565.329263 16538.846540 16535.902841 16521.698076 16497.793172 16471.569238 16449.340634 16436.213647 16432.120339 16424.358118 16403.970182 16384.558030 16358.352124 16336.825158 16332.175214 16306.369410 16288.188225 16271.973719 16246.746241 16219.471760 16197.605849 16175.951239 16152.269200 16137.285502 16120.510652 16103.344889 16078.163441 16048.734553 16044.732987 16035.699050 16008.937977 15983.021862 15964.246940 15940.549263 15918.327705 15901.445511 15886.259351 15875.175361 15863.098456 15843.663304 15825.730381 15808.835497 15808.588694 15789.162490 15776.956219 15763.009080 15748.896910 15736.869655 15726.675866 15715.636032
0.457526 0.498693 0.506649 0.522347 0.530622 0.540038 0.557061 0.586730 0.600412 0.612881 0.622584 0.630676 0.641229 0.652286 0.687807 0.711714 0.719780 0.728372 0.737139 0.745402 0.753206 0.761617 0.770049 0.786171 0.793900 0.801753 0.810253 0.826707 0.835154 0.851734 0.867178 0.875094 0.891695 0.899242 0.907673 0.915536 0.923357 0.939321 0.963214 0.971029 1.001939 1.009875 1.017508 1.033858 1.074094 1.082258 1.089827 1.097755 1.113051 1.121213 1.129723 1.137357 1.147534 1.155081 1.163550 1.170996 1.179524 1.187230 1.195308 1.202743 1.211746 1.219091 1.233772 1.241089 1.255689 1.277636 1.285105 1.292456 1.312195 1.322431 1.329968 1.345032 1.363509 1.374343 1.390097 1.427888 1.435232 1.449997 1.465498 1.480428 1.487657 1.494869 1.502038 1.509151 1.516241 1.530549 1.537696 1.544914 1.552311 1.559589 1.573791 1.580965 1.589630 1.597492 1.611604 1.627549 1.667776 1.675443 1.682676 1.690869 1.698278 1.706820 1.738142 1.760351 1.768294 1.775888 1.783810 1.790975 1.798131 1.805212 1.813376 1.828936 1.836968 1.844875 1.852053 1.859233 1.867056 1.874076 1.882475 1.889934 1.898506 1.905606 1.913999 1.921304 1.928845 1.936772 1.944245 1.951522 1.958764 1.967407 1.974601 1.984001 1.991412 1.998559 2.005743 2.012777 2.019930 2.027005 2.034187 2.041656 2.051620 2.062243 2.072708 2.083005 2.093191 2.102123 2.109329 2.117519 2.127780 2.137551 2.148007 2.159708 2.170522 2.189454 2.200207 2.210296 2.222247 2.229161 2.236339 2.250507 2.257541 2.264991 2.271965 2.279614 2.306751 2.313307 2.319948 2.326717 2.333429 2.340083 2.347196 2.355460 2.362237 2.369282 2.375946 2.384179 2.391077 2.397722 2.404310 2.427413 2.434344 2.440998 2.447641 2.461047 2.467852 2.476592 2.483295 2.490113 2.496726 2.503510 2.510860 2.517752 2.525073 2.533114 2.539792 2.546339 2.553037 2.559806 2.569066 2.576506 2.583231
Elapsed_time: 2.583231
Score: 15715.636032
201
37642.431787 36101.897758 31020.178942 30396.977380 30379.786339 30184.376343 30177.532093 30067.430275 29913.590652 29468.473608 29213.613408 29119.174652 28885.827166 28631.746730 28384.938448 28111.771512 27947.028478 27906.712352 27699.492048 27575.210531 27521.096127 27428.962139 27381.699469 27285.353555 27278.292420 27218.224603 26990.513749 26560.498558 26540.383895 26414.024946 26205.406951 26064.974159 26027.322934 25930.387116 25919.445825 25828.482789 25784.611295 25714.231192 25626.461513 25207.682551 25172.324318 25074.903262 24979.938452 24964.398287 24875.520555 24717.149268 24623.110230 24439.484613 24304.327704 24162.001953 24012.847969 23512.855733 23475.413828 23464.640405 23345.816403 23217.051840 22970.537254 22746.664635 22612.238589 22380.171776 22078.496352 21756.480860 21636.516512 21630.522590 21522.329540 21468.119555 21419.531174 21402.746662 21301.304733 21160.820434 21084.839685 20985.543675 20913.877043 20785.973748 20663.808867 20472.375909 20257.549191 20079.874388 20023.492522 19903.590826 19738.854492 19596.490492 19479.135621 19369.443991 19277.848673 19216.134491 18993.661804 18947.628830 18885.656979 18793.981561 18689.526697 18636.018720 18547.105570 18430.242675 18357.389984 18345.224266 18323.135311 18276.272485 18209.452262 18203.758811 18176.048511 18166.128162 18158.068340 18105.400525 18075.658534 18049.060702 18033.297170 17970.682839 17927.381775 17884.543069 17866.948230 17858.176514 17819.473215 17765.737877 17719.456837 17650.805601 17598.935101 17545.094994 17497.193125 17454.655784 17417.119902 17405.850598 17382.611281 17362.762438 17305.974794 17253.141912 17212.256872 17203.745413 17176.028532 17140.383372 17087.573997 17079.277744 17075.818236 17056.531164 17033.270091 16986.723998 16969.815383 16959.561824 16907.775994 16867.606414 16824.396610 16780.055733 16756.905591 16740.737578 16710.830369 16668.926812 16652.869905 16611.512071 16574.324465 16536.158483 16489.760811 16439.546883 16429.764191 16409.352244 16387.236907 16342.799900 16306.467045 16288.108668 16255.042389 16246.317254 16242.601428 16238.188208 16228.983724 16203.010257 16188.186128 16169.855079 16145.448426 16132.659626 16113.863186 16106.126798 16088.630344 16076.486095 16069.533742 16057.791048 16045.662690 16030.963023 16016.722604 16003.634678 15991.609756 15981.359996 15968.184240 15957.768268 15949.270545 15940.496681 15928.869202 15917.830983 15915.130393 15907.866976 15900.855090 15891.854161 15886.723000 15880.521875 15876.980582 15872.749299 15867.281015 15862.569829 15858.701523 15854.038130 15850.040699 15845.865199 15842.528388
0.466415 0.515188 0.577857 0.598428 0.622296 0.634776 0.660395 0.673516 0.685721 0.700066 0.717633 0.738151 0.754392 0.762237 0.769969 0.777687 0.792938 0.808346 0.816304 0.824253 0.832714 0.840978 0.849003 0.861297 0.903818 0.911487 0.919061 0.926625 0.968859 0.977400 0.985905 0.994204 1.012095 1.020637 1.039078 1.047414 1.072542 1.080257 1.088607 1.097127 1.114991 1.122906 1.143630 1.168589 1.176263 1.183810 1.199655 1.208118 1.216256 1.227925 1.245186 1.253140 1.266349 1.289150 1.297441 1.304984 1.312771 1.320468 1.328872 1.337766 1.345751 1.357781 1.370526 1.426087 1.435031 1.453339 1.461780 1.483189 1.491102 1.498271 1.506632 1.516728 1.524811 1.533006 1.540483 1.547898 1.555678 1.567921 1.577298 1.585949 1.593431 1.600726 1.607758 1.614888 1.621807 1.628745 1.635930 1.649822 1.656776 1.663790 1.670667 1.685231 1.692837 1.700631 1.711632 1.734942 1.741952 1.749055 1.756222 1.777898 1.784613 1.798040 1.811955 1.826395 1.833654 1.853860 1.863459 1.873043 1.883371 1.890228 1.896894 1.904040 1.919976 1.927482 1.934639 1.943132 1.954954 1.967527 1.978600 1.986869 1.993583 2.000278 2.006880 2.013491 2.020283 2.026912 2.033598 2.040219 2.046919 2.053538 2.060854 2.074429 2.105384 2.113894 2.121399 2.128123 2.135109 2.142245 2.148918 2.155924 2.163061 2.172434 2.181251 2.188678 2.196880 2.207752 2.215430 2.222030 2.228702 2.235472 2.242346 2.249077 2.258817 2.271336 2.282308 2.291806 2.300165 2.307176 2.316219 2.339824 2.351592 2.366399 2.373057 2.379956 2.394312 2.404589 2.411680 2.419309 2.425992 2.439022 2.445552 2.452232 2.458742 2.465361 2.473130 2.480824 2.502715 2.510253 2.516967 2.525963 2.532637 2.539936 2.546769 2.553284 2.561352 2.567997 2.576983 2.583611 2.590120 2.596741 2.603814 2.610780 2.618051 2.625224 2.631780 2.638341 2.645304 2.651920 2.659109 2.666134 2.673083
Elapsed_time: 2.673083
Score: 15842.528388
1138_bus
L-BFGS
201
1920688.642882 1853993.857094 1808065.914316 1765220.486131 1703571.936596 1545446.432698 1163075.875432 802390.733899 595255.821095 461450.565715 370352.418645 298929.487445 233521.808486 203797.760380 201378.298719 200740.029885 200573.997122 199800.798059 197857.050954 192851.575636 180332.824921 165688.101780 163325.526265 162198.713249 158746.604271 157930.552982 157667.449660 157377.227588 157358.578912 157260.979821 156898.574418 156642.514485 156361.148647 156249.628089 156161.868072 155486.865595 155448.394897 154908.356601 153942.105658 153404.836941 153295.973815 152992.533977 151456.713960 150824.169505 150798.963200 150325.075167 149075.366675 148025.824828 147218.925502 145056.251214 144789.829331 144755.996131 144680.234961 144237.911459 144172.592256 143477.600974 143350.688359 142722.179720 142398.970639 142167.467956 141843.760853 141839.275248 141553.393218 141212.534640 141165.057850 141149.115378 141136.028291 140758.299560 139009.948994 138506.275989 138472.322079 137295.199717 137232.569544 137214.708065 137128.449911 136946.618671 136799.105803 136764.151893 136692.597087 136629.390015 136597.474694 136585.542753 136448.074270 136276.815289 136002.365568 135513.264062 135024.308355 134687.456963 134515.031630 134066.614048 133662.328508 133551.557748 133545.686028 133439.464223 133154.151148 132853.484884 132489.655183 132269.498223 131595.536141 131510.132301 130546.246259 130538.519622 130410.078899 130206.467377 129913.231963 129622.556339 129214.343555 128861.891201 128438.929861 128310.070347 128268.262257 128066.979616 127882.280284 127753.730355 127448.232647 126849.820258 126735.785199 125395.805882 125314.646569 125116.205887 125052.417232 124991.622844 124927.822220 124832.073302 124802.325941 124574.976735 124472.690302 124342.471942 123870.731337 123728.481747 123366.222679 123230.996486 122474.915058 122278.998642 122211.191193 122188.837088 121972.221840 121969.920864 121825.056616 121696.248263 121517.518688 121454.116270 121029.224973 120639.415425 120362.369876 120291.091776 119396.392696 118945.954436 118888.422510 118805.920218 118637.835657 118627.029316 118437.862908 118435.257226 118340.085264 117999.724274 117965.630111 117920.698866 117744.482879 117683.751898 117620.375146 117614.923146 117534.062295 117474.346434 117168.728981 117055.114814 116501.765518 116153.475173 115826.169190 115729.435919 115586.107553 115562.161222 115558.133734 115507.576485 115375.514284 115212.946351 115010.951416 114944.335912 114900.023766 114836.993066 114798.681953 114714.591742 114568.494625 114308.539119 114109.409403 113497.372437 113024.621869 112729.027922 112425.734320 112355.013871 112326.555027 112009.765360 111686.109100 111445.292395 110817.073419 109354.659457 109339.043499 109108.092597 109005.816690 108799.485632 108593.730339
0.000055 0.026764 0.040337 0.053792 0.067190 0.080475 0.096446 0.111016 0.124002 0.136879 0.150892 0.163583 0.177199 0.200497 0.216315 0.232145 0.251479 0.264293 0.276883 0.289686 0.346770 0.359945 0.387870 0.402484 0.416875 0.432318 0.461288 0.475761 0.504639 0.518192 0.533371 0.547547 0.561413 0.601000 0.614304 0.654118 0.693756 0.709759 0.728310 0.742701 0.813592 0.826490 0.839491 0.878616 0.925540 0.940228 0.953564 0.972148 0.986443 1.000908 1.014170 1.069282 1.082843 1.096280 1.109896 1.127155 1.163091 1.178869 1.194161 1.207692 1.236445 1.278127 1.292159 1.310604 1.325327 1.397436 1.426460 1.455147 1.470393 1.514352 1.533169 1.559523 1.617430 1.695394 1.752268 1.801629 1.816353 1.880840 1.894627 1.936362 1.970865 2.029684 2.042715 2.055244 2.068180 2.080810 2.094667 2.109334 2.121917 2.147707 2.211675 2.224213 2.306169 2.334727 2.350156 2.368688 2.385517 2.398457 2.412850 2.430167 2.460492 2.549549 2.562120 2.574986 2.590489 2.603150 2.616669 2.632229 2.645215 2.658462 2.696852 2.709548 2.722030 2.734705 2.747267 2.760881 2.773571 2.786000 2.798819 2.860279 2.874566 2.945638 2.966084 2.985384 3.003360 3.026408 3.040509 3.056263 3.069796 3.090083 3.108991 3.130689 3.158511 3.173709 3.225705 3.251336 3.263877 3.289145 3.302101 3.316933 3.332618 3.345310 3.370512 3.396011 3.464777 3.478384 3.543124 3.555932 3.619646 3.632670 3.645907 3.659125 3.672659 3.686272 3.737644 3.751155 3.763721 3.776249 3.788820 3.814075 3.854186 3.881483 3.894409 3.907054 3.920884 3.935227 3.949393 3.963754 3.978001 3.995137 4.008574 4.046414 4.100487 4.121769 4.144732 4.160149 4.174583 4.217932 4.256938 4.282411 4.308671 4.326778 4.339513 4.352187 4.380433 4.421989 4.435271 4.447940 4.460482 4.473056 4.485700 4.498208 4.510798 4.525377 4.538456 4.614278 4.653237 4.674710 4.713684 4.726229 4.752959
Elapsed_time: 4.752959
Score: 108593.730339
201
1940418.519115 1873353.212368 1827777.035485 1773600.062189 1676273.703938 1364047.005005 835143.110747 622560.206785 516546.485330 393136.500968 326847.325436 285808.454362 232578.320478 199186.383543 194973.591060 193548.743862 192760.820212 191155.112682 187183.012505 180468.654145 159656.481249 156217.852211 153079.400261 152264.697161 152256.974566 152096.691905 151940.875841 151687.551498 151341.450142 150730.339180 150157.427009 150152.784149 150030.824878 149799.543577 149777.388737 149222.104524 149006.607557 148683.207515 148576.870360 148328.062588 148197.361040 148035.528476 147801.511797 146573.721112 146568.244468 144673.896209 142141.860525 141984.757630 141588.049072 140718.715700 140536.847055 140449.906472 140321.248135 140312.241929 140129.277290 139953.112898 139795.119869 139678.901657 139531.931647 139278.029382 138955.827713 138604.847528 138586.624272 138274.904965 138090.163963 137875.059712 137523.184184 137077.054069 136904.557328 136645.479767 136153.304914 136139.973790 136019.120929 135992.979135 135668.658084 135265.865052 135205.698748 135141.288588 134946.239479 134764.819964 134645.235577 134479.122537 134287.363438 134037.043978 133143.114407 131639.798381 131567.313088 131561.583930 131516.405431 131375.790157 131331.834109 131210.623811 131194.839351 131095.074325 130939.657043 130718.193141 130548.943851 129658.713194 129438.031006 129271.208839 128719.674173 128682.723545 128473.151441 128330.648075 128034.647635 127809.336664 127461.688644 127398.889723 127183.785939 126926.931131 126809.073777 126625.143598 126263.898579 124748.984068 124465.822596 124424.179062 123171.101955 122600.059079 122509.712322 122452.052942 122397.521129 122337.287402 122093.875149 121975.525605 121822.865717 121454.325865 121168.099080 120079.457965 119074.957663 118440.110733 118396.325621 118394.092206 117653.009311 116197.138803 116168.192119 116123.611363 116114.640371 115934.609186 115804.751018 115687.080684 115633.753165 115480.610145 114715.269656 113547.535705 111241.864163 110233.089449 110186.222360 109666.167755 109275.648653 109254.383399 109221.227652 109187.347453 108924.440201 108755.296794 108320.530695 108171.269230 107813.589140 106662.022361 106159.094025 106152.305202 104667.065624 104361.612563 104312.556692 104091.755055 103851.539156 103828.404675 103718.510188 103588.850728 103528.571436 103285.979682 103159.433290 102683.550575 102129.286316 102081.160985 101987.671658 101976.218465 101900.280062 101780.597990 101395.286895 101277.092650 101149.485383 101041.178060 100873.295857 100642.501495 100428.395203 100250.181696 100230.207509 99950.892454 99710.641955 99680.157255 99539.517132 99429.800396 99253.086237 98942.981527 97966.012564 97813.911333 97651.046820 97634.908505 97492.198163 97317.114576 97147.372081
0.000043 0.027651 0.042447 0.056901 0.071298 0.085699 0.099164 0.112160 0.124687 0.139390 0.153379 0.166067 0.180801 0.200225 0.223610 0.236512 0.248848 0.261250 0.273876 0.345425 0.364752 0.378803 0.392945 0.444725 0.491727 0.509750 0.523068 0.535848 0.548847 0.566105 0.586556 0.667112 0.680809 0.695835 0.712504 0.726193 0.739113 0.753693 0.769908 0.782743 0.795595 0.813902 0.834231 0.848222 0.890505 0.941831 0.955465 0.970417 0.989282 1.005706 1.067428 1.127599 1.199718 1.253208 1.265845 1.279324 1.293633 1.306677 1.320217 1.349911 1.363163 1.377327 1.448318 1.462846 1.490836 1.512886 1.530531 1.543413 1.613086 1.626999 1.648146 1.750769 1.764261 1.777173 1.794288 1.807706 1.822982 1.850315 1.863599 1.878715 1.892743 1.905839 1.923177 1.944790 1.977059 1.990721 2.019449 2.046113 2.109817 2.137869 2.151553 2.207944 2.221609 2.235103 2.249374 2.262158 2.276906 2.291991 2.304814 2.330488 2.371672 2.450594 2.465602 2.479612 2.493788 2.508724 2.524103 2.565551 2.579823 2.594037 2.623760 2.637725 2.692574 2.705816 2.776338 2.798245 2.817014 2.833382 2.909265 2.949771 2.962423 2.988086 3.001083 3.044960 3.072687 3.085676 3.099044 3.117677 3.136575 3.171712 3.209400 3.277731 3.294542 3.331502 3.344710 3.357261 3.411029 3.459462 3.472809 3.509221 3.525387 3.552999 3.566817 3.583634 3.618851 3.631485 3.713329 3.753569 3.819577 3.861135 3.889440 3.904158 3.917872 3.931932 3.945457 3.985033 3.998035 4.012473 4.025086 4.103816 4.117525 4.144744 4.182862 4.195657 4.221765 4.262836 4.277258 4.295028 4.369646 4.383907 4.396683 4.409363 4.421937 4.447007 4.466077 4.525384 4.552233 4.569671 4.588714 4.601316 4.613837 4.626359 4.638884 4.651412 4.676889 4.717068 4.730192 4.743326 4.756138 4.770099 4.786947 4.803013 4.818480 4.831401 4.856955 4.883646 4.973779 5.047315 5.073821 5.087077 5.100263
Elapsed_time: 5.100263
Score: 97147.372081
201
1894338.967778 1829761.225294 1787921.147946 1743024.441663 1670665.559451 1567742.305907 1207520.789217 776672.997674 623333.446958 466160.251263 351505.590896 308398.681754 256022.131635 224559.975901 208425.619647 208323.546112 207915.397966 207138.609730 206162.813719 204624.806379 199940.957730 193707.460333 165859.389452 165610.581521 165402.859936 157218.353353 157040.277273 156702.435126 156490.159617 156468.746922 156316.964489 155668.030418 154474.011473 153761.892153 152916.931719 152314.411220 151835.452764 151820.636465 151267.925379 150679.065483 150155.991708 149851.269396 148652.583951 148235.813798 147986.989333 147648.510064 147371.306456 145433.491236 145277.663875 144963.890586 144871.968962 144666.461542 144616.847531 144489.883365 144483.298616 144403.530464 144100.719321 143753.425056 143568.085036 143152.790674 142834.942115 142098.100980 141660.262658 141492.503296 141371.563792 141207.133747 141094.553269 140994.165467 140814.806969 140763.597423 140550.985868 140122.131333 139790.051107 139572.393219 139499.811358 139140.565677 137178.417471 136307.684540 136197.260928 136057.872942 135970.875870 135830.819761 135751.184907 135696.716854 135607.634427 135410.767509 135137.120336 134917.464297 134332.731824 133808.573757 133016.671349 133015.844372 132148.915338 131896.117359 131778.925878 131614.699778 131554.491970 131543.732328 131417.197060 131363.846088 130539.436335 130415.654032 130413.872940 130345.276625 130131.822897 129978.617139 129552.021260 129297.685483 128971.723483 128888.073745 128225.163001 127952.150814 127462.285992 127152.708600 126943.999089 126667.897940 126610.613811 126397.632780 126169.902539 125923.740780 125731.090260 125624.720753 125506.485748 125236.011345 125125.853929 124428.334199 124249.222830 124191.127781 123504.348554 123387.972463 123269.291465 123164.565880 122998.371357 122960.066762 122936.408597 122875.390164 122656.126787 122455.183319 122253.782528 122121.831729 121907.496741 121790.387635 121533.131609 121295.731051 120974.950238 120727.806170 120304.475076 120247.086988 119850.984508 119770.582617 119605.542979 118392.818871 117896.226680 117840.125841 117406.656729 117386.541569 117229.974737 116970.406466 116935.242788 116896.264126 116777.869878 116264.924643 116217.048940 115802.486493 115621.920171 115606.055038 115550.371656 115508.185946 115381.321050 115259.920803 115109.253066 114947.170336 114939.875135 114836.239618 114576.707683 114492.647501 114428.284068 114163.501599 113998.203563 113789.880027 113687.208477 113360.533147 113155.345987 113002.124588 112876.853533 112697.430053 112621.148508 112430.345557 112428.305406 112362.756787 112302.484510 112287.212948 112254.029432 112081.591516 112031.495767 111773.078672 111515.355649 111434.755556 111426.114762 111285.701111 111071.271432
0.000041 0.033038 0.047742 0.061580 0.076670 0.090192 0.103098 0.115848 0.128742 0.141262 0.154075 0.167674 0.181017 0.199320 0.212542 0.276454 0.290668 0.303860 0.317333 0.330474 0.343817 0.358461 0.372422 0.386284 0.425362 0.439050 0.483581 0.520991 0.559713 0.588442 0.601545 0.614436 0.627953 0.640898 0.654091 0.667945 0.694760 0.753796 0.767198 0.793421 0.820719 0.838281 0.856177 0.870988 0.888918 0.907820 0.922609 0.969702 0.999366 1.079069 1.092693 1.121055 1.147721 1.174342 1.224952 1.238142 1.252390 1.266031 1.279437 1.304962 1.346826 1.361042 1.376670 1.393921 1.502319 1.516838 1.546413 1.560647 1.574905 1.618131 1.632392 1.646675 1.679606 1.713820 1.731399 1.749634 1.809317 1.853569 1.900645 1.930312 1.972710 1.989556 2.005407 2.022117 2.039979 2.059860 2.075362 2.093726 2.123858 2.138406 2.199333 2.274222 2.303067 2.333436 2.383874 2.448519 2.463283 2.503141 2.570741 2.585167 2.630834 2.735029 2.793667 2.809143 2.824431 2.839625 2.853742 2.883401 2.913310 2.928836 2.945022 2.979720 2.993929 3.088840 3.103098 3.154313 3.229827 3.243916 3.275520 3.320191 3.338426 3.354168 3.389384 3.405404 3.441911 3.473244 3.515501 3.532839 3.546901 3.612924 3.645844 3.665985 3.682493 3.712604 3.740915 3.755310 3.773283 3.809461 3.827683 3.855940 3.870046 3.884798 3.898898 3.929368 3.944266 3.958455 4.060489 4.119826 4.150390 4.171128 4.188924 4.228406 4.305457 4.383823 4.398220 4.427321 4.441707 4.456026 4.515784 4.531980 4.546145 4.560125 4.588620 4.603206 4.623337 4.702230 4.721545 4.739955 4.798453 4.815199 4.830434 4.846282 4.891688 4.906941 4.920945 4.935384 4.956665 4.980215 4.998755 5.013209 5.033810 5.050680 5.065101 5.079728 5.094848 5.108830 5.159239 5.235549 5.284384 5.299466 5.327675 5.342146 5.360835 5.377542 5.391580 5.419624 5.433605 5.461554 5.519453 5.533410 5.561681
Elapsed_time: 5.561681
Score: 111071.271432
CN-L-BFGS
201
49292.853747 48302.553354 41996.226345 41882.631158 41472.373518 41273.496821 40952.099137 40806.573429 40609.663863 40491.703188 40355.420691 40168.812406 40081.465192 40064.141885 39948.246050 39932.861028 39921.196920 39812.323304 39775.945447 39701.907767 39491.923810 39289.009933 38939.188638 38681.198647 38588.080921 38564.983528 38546.845954 38527.126736 38514.032642 38479.190092 38298.552892 38069.436608 38065.817678 38059.736492 38020.506603 37946.691492 37788.781436 37659.814507 37557.118391 37473.909648 37282.183556 36850.307728 36798.086018 36640.211480 36497.829383 36449.910070 36448.933348 36363.433620 36206.354319 36165.101333 36126.293364 36042.406180 35792.194391 35631.650218 35470.154141 35443.703995 35419.164470 35292.524887 35277.871124 35124.159998 35004.404671 34707.089642 34421.936345 34203.448807 34176.394185 34131.953456 34115.741527 34073.786278 33907.208445 33814.081200 33576.361226 33451.198675 33376.056319 32976.892884 32950.957072 32904.216092 32840.429751 32780.562261 32470.476644 32354.379841 32232.034538 32216.656555 31937.543997 31796.097374 31789.379018 31678.736146 31623.495195 31539.744812 31518.844132 31505.811253 31407.168304 31319.065078 31229.446796 31078.726728 30690.301104 30455.906589 30282.725494 30208.221483 29984.915839 29923.453618 29751.110179 29516.731096 29214.480655 29112.868796 28974.653771 28807.129637 28663.841407 28384.660632 28327.795669 28309.853981 28137.155407 28116.097539 28103.667153 28082.365053 28033.396933 27973.364725 27932.467256 27825.685961 27752.615234 27751.973901 27695.915373 27381.941353 27328.594951 27244.069132 27154.707922 26918.784697 26789.312174 26639.158042 26550.953861 26542.716153 26483.924543 26454.038330 26414.766578 26366.875460 26278.567453 26242.116311 26167.648468 26087.381247 25980.392801 25931.647536 25873.846206 25804.158666 25714.179405 25682.593988 25679.735181 25606.317287 25538.582353 25462.586315 25392.706043 25338.300558 25293.506885 25250.277044 25212.608966 25149.753186 25107.253361 25053.302031 25008.731748 24972.015011 24936.418990 24901.742184 24870.427433 24840.130568 24818.205586 24804.701407 24789.952170 24759.512608 24744.191013 24722.500902 24696.387873 24680.293999 24654.165790 24632.494471 24608.492077 24584.838717 24569.149189 24546.075162 24529.766997 24517.675190 24504.878163 24491.393084 24479.563238 24466.128698 24455.345368 24440.184169 24424.398286 24408.138669 24393.934412 24380.276893 24366.018733 24352.946036 24339.780675 24327.514071 24318.611714 24308.589518 24295.118851 24286.684941 24276.784676 24270.403853 24264.947069 24258.939558 24253.303876
0.552445 0.619439 0.630908 0.653817 0.665035 0.676221 0.687728 0.753370 0.764737 0.776791 0.788523 0.799887 0.811593 0.843072 0.857512 0.868760 0.891272 0.903269 0.914960 0.942407 0.967867 0.990908 1.028767 1.039947 1.054406 1.089463 1.111967 1.125709 1.149343 1.160512 1.172171 1.195746 1.220271 1.245683 1.259908 1.274693 1.309287 1.320663 1.336286 1.348741 1.361373 1.407180 1.447246 1.458508 1.471319 1.482599 1.541856 1.555795 1.582877 1.612247 1.627525 1.639123 1.650374 1.661880 1.673901 1.712065 1.747210 1.758241 1.771119 1.782823 1.793801 1.804633 1.826565 1.852658 1.897724 1.909149 1.943397 1.954898 1.965999 1.977489 1.988380 1.999684 2.011151 2.022105 2.046166 2.058846 2.070386 2.081648 2.093406 2.108849 2.131424 2.178493 2.189392 2.213577 2.224360 2.235235 2.246029 2.260594 2.303594 2.320168 2.334327 2.346986 2.362966 2.374196 2.385888 2.431750 2.444298 2.455083 2.465983 2.488875 2.500113 2.511548 2.528036 2.539591 2.550297 2.570378 2.581993 2.592757 2.603777 2.624948 2.646331 2.678308 2.710275 2.723293 2.734628 2.745828 2.756648 2.768236 2.778887 2.789525 2.802878 2.825199 2.840698 2.856276 2.870607 2.888168 2.905242 2.920068 2.930783 2.984892 2.995839 3.007106 3.018140 3.029164 3.039728 3.063419 3.088301 3.102024 3.112397 3.122855 3.133178 3.143489 3.153836 3.164585 3.178631 3.192419 3.211644 3.224414 3.234924 3.245407 3.255920 3.266365 3.276670 3.287928 3.298306 3.308685 3.318979 3.329298 3.339618 3.350251 3.360490 3.371322 3.381610 3.392596 3.408709 3.425470 3.436032 3.446339 3.456489 3.467001 3.479670 3.490939 3.501399 3.512274 3.522754 3.533343 3.544083 3.555986 3.566450 3.577221 3.587985 3.598132 3.609046 3.619566 3.629675 3.642960 3.653632 3.664001 3.676826 3.687723 3.698314 3.708533 3.719061 3.730374 3.741110 3.751197 3.761578 3.773763 3.784704 3.795031 3.809940
Elapsed_time: 3.809940
Score: 24253.303876
201
50902.764338 48940.475097 44557.001090 44536.049523 43881.407117 43856.911742 43795.750824 43655.512271 43626.341379 43606.145519 43564.606017 43532.691956 43532.195246 43487.594788 43359.200986 43012.783244 42409.608782 41709.355853 41706.868151 41457.268289 41435.019899 41382.351824 41315.912455 40726.526206 40172.653732 40087.779326 39900.501396 39699.597736 39505.531532 39498.353162 39445.545301 39390.429266 39380.470136 39099.803731 39088.094311 39032.646172 38988.536070 38962.551105 38762.983939 38587.661578 38278.308652 38256.694356 38138.074759 38075.111180 38036.390536 37992.473138 37879.243025 37663.971926 37538.742157 37475.188297 37420.976258 37355.161392 37272.412895 37096.148045 36949.978399 36468.457118 36436.808372 36366.860583 36285.788005 36270.884099 36205.717263 36153.089200 36051.560724 35843.922544 35719.346880 35098.832327 35097.778751 34983.489045 34884.020976 34845.704352 34829.850646 34787.328624 34659.925073 34368.718242 34075.359251 33946.915126 33738.775578 33715.027332 33578.721776 33400.336709 33275.272394 33121.409680 33025.754463 32929.190548 32906.937107 32812.680188 32653.673073 32428.913778 32420.138822 32218.258780 32164.464927 31925.721739 31619.125528 31613.554992 31337.724723 31229.764534 31015.419494 30939.642552 30746.496786 30679.673151 30562.538141 30421.303424 30379.560593 30284.570317 30265.073576 30110.431292 29864.099895 29781.849885 29779.568889 29595.198236 29578.230072 29483.892776 29259.420440 29205.576529 29202.683097 29201.499749 29119.922958 29094.333855 29030.893452 28891.714370 28819.725400 28787.520944 28644.649765 28483.204114 28388.663654 28333.237334 28255.813851 28178.909925 28114.355734 28072.458705 28041.800287 28003.079393 27886.237422 27815.525822 27752.960083 27692.075549 27624.855329 27546.322176 27497.659661 27425.863554 27411.343460 27393.532727 27375.431004 27322.084127 27248.810658 27230.821983 27199.828623 27161.065020 27106.573023 27051.076476 26978.308860 26899.348616 26884.629662 26858.584191 26824.694230 26776.569989 26694.641582 26685.916931 26673.524782 26659.348252 26630.122065 26583.588948 26569.390896 26567.619250 26541.270553 26533.748632 26523.339061 26507.935624 26488.321961 26447.324662 26403.863982 26339.772405 26289.344158 26248.513033 26203.360307 26162.267749 26161.870200 26131.523998 26101.607255 26061.383318 26022.635087 25997.639315 25956.716069 25926.615800 25877.013167 25845.587360 25831.554058 25803.080752 25801.373839 25780.705917 25745.600942 25710.880534 25663.769891 25663.359510 25648.696321 25632.038142 25591.960857 25572.537628 25572.408239 25551.599902 25528.178337
0.548804 0.613665 0.626224 0.685601 0.698632 0.745679 0.757380 0.769128 0.782079 0.819062 0.832092 0.844981 0.870093 0.882343 0.894450 0.907088 0.919606 0.933914 0.972332 0.984418 1.007964 1.019593 1.031570 1.058898 1.081523 1.117468 1.129395 1.140867 1.165718 1.177832 1.205464 1.216945 1.228571 1.240304 1.263050 1.274483 1.285956 1.298316 1.310314 1.335347 1.348140 1.382819 1.408037 1.433546 1.446288 1.457999 1.469388 1.504660 1.528739 1.551850 1.564274 1.575630 1.599633 1.611254 1.635011 1.646497 1.694682 1.705897 1.721159 1.755687 1.767352 1.779357 1.790660 1.802233 1.826231 1.839783 1.908980 1.926824 1.942200 1.956942 1.984075 1.997344 2.012964 2.029293 2.047340 2.070889 2.093747 2.128148 2.139739 2.150931 2.163399 2.176907 2.188111 2.200064 2.211240 2.222538 2.234854 2.246286 2.284200 2.295297 2.318290 2.333340 2.344305 2.366721 2.380598 2.396309 2.409291 2.421792 2.435743 2.447362 2.459694 2.473012 2.484322 2.495619 2.506642 2.517594 2.529600 2.541067 2.563336 2.574541 2.597430 2.609248 2.620413 2.632448 2.655359 2.693878 2.705577 2.729079 2.740935 2.755574 2.766611 2.777723 2.788416 2.832203 2.880807 2.903389 2.915017 2.925830 2.936979 2.947885 2.960817 2.976282 2.987770 3.000168 3.017257 3.029170 3.040264 3.051945 3.062835 3.074229 3.095705 3.107196 3.118961 3.130490 3.142137 3.168744 3.180629 3.194220 3.205294 3.216872 3.227970 3.239448 3.253184 3.268748 3.285606 3.301840 3.313315 3.334982 3.345528 3.356672 3.368043 3.389134 3.399718 3.433257 3.446478 3.469697 3.482162 3.492909 3.515719 3.537540 3.548805 3.559472 3.570330 3.580938 3.592075 3.603349 3.617872 3.633095 3.647175 3.661926 3.676903 3.689988 3.705518 3.716030 3.726384 3.737520 3.748483 3.760003 3.772996 3.784055 3.794449 3.805625 3.816035 3.849615 3.860079 3.870933 3.882541 3.895162 3.928781 3.939671 3.950327
Elapsed_time: 3.950327
Score: 25528.178337
201
52541.444203 50560.168652 44599.878363 44006.027912 43934.039963 43730.371955 43618.508318 43382.621070 42835.961088 42806.672531 42778.467396 42369.180917 42340.468210 42230.077029 42173.988051 42001.972484 41912.522347 41469.340021 41441.358420 41154.473155 41138.589158 41008.013229 40990.109766 40757.812824 40609.878111 40569.972050 40474.032944 40405.320676 40194.916172 39910.589567 39891.648104 39663.447411 39589.993901 39524.352518 39432.589634 39382.085715 39365.195765 39342.113824 39310.000533 39301.001367 39264.197041 39174.370655 39052.061176 38994.082538 38574.355520 38455.107309 38431.271215 38311.140473 38236.886661 38215.313232 38082.549517 38021.493217 37993.521265 37944.025775 37844.879164 37790.857385 37680.661470 37381.347211 37307.945541 36854.252401 36747.900934 36604.023927 36514.412267 36450.482835 36373.365064 36282.817548 36025.058337 35761.720995 35738.699558 35692.688893 35478.591629 35443.788590 35368.859979 35204.689602 34777.971479 34632.522962 34428.270538 34208.833049 34070.469441 34064.775401 33620.984534 33561.964107 33493.258129 33460.366819 33190.067332 33102.535044 32941.340256 32644.592981 32399.798213 32155.418856 32098.312848 32022.305049 31963.881460 31705.792593 31568.831986 31268.209449 31210.108963 31025.080838 30876.590582 30692.090355 30626.537757 30550.132910 30456.840535 30361.370193 30316.138479 30125.982394 29990.714034 29862.652687 29759.869610 29513.822394 29382.551694 29134.167087 29100.336859 29090.042466 29032.299575 29000.094603 28942.452506 28916.997394 28753.548787 28725.622366 28687.810539 28635.823568 28603.444349 28569.257621 28565.749046 28553.266111 28492.796926 28356.606511 28260.522207 28196.192884 28189.940656 28157.237829 28143.358743 28105.473510 28089.631511 28032.352588 27902.775136 27896.389430 27807.387678 27734.536306 27689.552877 27612.264189 27577.500949 27530.810654 27463.436363 27439.245111 27393.137616 27290.375079 27182.765086 27179.404727 27170.834258 27109.546755 27050.034785 26978.218834 26948.493672 26924.267695 26851.362012 26791.478704 26734.085239 26694.589044 26643.014906 26587.542819 26552.784007 26512.797291 26467.236365 26423.768560 26387.962709 26356.010498 26312.742372 26285.781057 26255.865735 26225.570137 26202.090464 26196.241694 26185.247233 26168.703886 26142.294689 26125.249328 26103.611962 26083.526661 26069.229910 26051.921760 26029.800187 26011.682819 25990.586349 25970.967276 25957.427941 25942.157170 25923.625531 25909.146965 25896.045003 25883.972359 25872.614868 25861.852489 25851.005800 25840.631463 25831.594770 25821.998969 25812.141568 25803.281904 25792.469117
0.531120 0.603297 0.614270 0.636135 0.657635 0.679187 0.692972 0.706013 0.718621 0.742099 0.767344 0.789465 0.864299 0.875337 0.909855 0.920725 0.932623 0.944342 0.955512 0.987601 1.032035 1.043047 1.054065 1.068482 1.085797 1.102336 1.113554 1.124064 1.135122 1.156889 1.179077 1.189628 1.200287 1.222337 1.233087 1.244315 1.256221 1.266785 1.299264 1.321515 1.332665 1.344650 1.356532 1.391201 1.401946 1.416846 1.431620 1.446190 1.460564 1.474204 1.484962 1.495668 1.516628 1.527046 1.537670 1.548185 1.561249 1.579227 1.590154 1.611482 1.622364 1.632846 1.643195 1.653710 1.665203 1.696099 1.706340 1.716806 1.741524 1.766212 1.787494 1.820034 1.830644 1.841133 1.852086 1.863219 1.876033 1.887902 1.899086 1.920682 1.931581 1.955381 1.966015 1.976796 1.987170 2.018423 2.029764 2.040642 2.052122 2.066859 2.081783 2.097705 2.113953 2.125160 2.151071 2.166201 2.187471 2.197933 2.208130 2.218665 2.249740 2.261541 2.273424 2.283473 2.293964 2.305244 2.316012 2.326128 2.336187 2.347392 2.367913 2.378370 2.388652 2.430241 2.440763 2.461935 2.482608 2.492751 2.504183 2.524438 2.534414 2.555576 2.566462 2.576710 2.622219 2.632633 2.645563 2.657157 2.667249 2.688209 2.728907 2.738801 2.749488 2.770457 2.780991 2.812034 2.822267 2.832717 2.843516 2.853636 2.863736 2.884794 2.895453 2.917341 2.927696 2.937401 2.949139 2.960046 2.975418 2.987094 2.997183 3.007206 3.016976 3.026888 3.036682 3.046822 3.057580 3.068958 3.082157 3.092048 3.102914 3.112522 3.124928 3.134883 3.144664 3.154246 3.164291 3.173772 3.188111 3.200894 3.210501 3.220166 3.229865 3.251413 3.261155 3.273391 3.283202 3.292973 3.302896 3.313197 3.322860 3.333283 3.343861 3.354636 3.366737 3.376872 3.386426 3.396147 3.405785 3.416626 3.426137 3.435991 3.447168 3.456719 3.466164 3.475628 3.485465 3.495292 3.506577 3.516664 3.527793
Elapsed_time: 3.527793
Score: 25792.469117
dwt_1005
L-BFGS
201
1499180.886692 1443337.246546 1403934.532695 1366512.839259 1304626.066192 1199087.630735 908524.116726 624350.467058 428866.306989 365698.939489 323593.700421 263994.153702 244117.635614 237441.381442 237376.157190 237069.689010 236631.429003 236067.163041 234900.083245 230554.322216 223066.242369 212146.446158 192369.256196 189961.749766 189275.386049 188614.363327 186894.118274 186876.418489 186762.457205 186394.949210 185868.274652 184987.915813 184637.143297 183728.491091 183647.453694 182848.032729 182601.357210 182516.081664 182462.725032 182253.590281 181918.624267 181287.465909 181081.841927 180836.494571 180456.951771 180144.733536 179769.629708 179250.998001 178440.300905 178331.484530 178299.469954 178232.580584 178069.713011 177643.334707 177507.328322 177186.278185 176913.965271 176700.820674 176525.588272 176060.197723 175733.349040 175564.400661 174575.696165 174316.706476 174032.935111 173725.172303 173019.846473 172600.623234 172308.490342 171861.330135 171504.759865 170417.057669 170247.174640 169201.635795 168022.012495 167882.373507 167844.873152 167582.972268 167375.053881 167260.192110 166814.909930 166358.602058 165869.792961 165089.651375 164365.329563 163896.542227 163453.596877 162961.565403 162428.168404 161877.350482 161543.250740 160292.874395 160066.614204 159973.761919 159022.731727 158118.578997 158048.943527 158042.479468 157928.173185 157867.730581 157693.176901 157525.622290 157507.529143 157311.092357 157275.854343 157254.708458 157038.595966 156839.627986 156543.907719 156170.446074 155963.111450 155420.792269 154665.742546 154341.734286 154204.231373 153932.117460 153725.423718 153259.739048 152900.732228 152796.550582 152663.498290 152519.876056 152425.147193 152112.039300 151861.112462 151729.503789 151390.867978 151285.728545 150966.794918 150776.177151 150616.829090 150452.454845 150187.805116 150026.857382 149897.028267 149395.382545 147528.538663 146499.168817 146475.840826 146269.057923 146198.989816 145968.832700 145795.425629 145474.918288 145370.196204 145295.568965 145076.092659 144955.817689 144802.374703 144424.232804 144355.014509 144229.314976 144032.091194 143882.728444 143482.087266 143182.402174 142959.979627 142378.236938 142037.418940 141772.414907 141729.636020 141608.248380 141568.916214 141445.193848 141362.586659 141208.971849 140772.166957 140579.727658 140219.059785 139413.316050 139119.276129 139058.939383 138983.445721 138904.981284 138807.806897 138573.734684 138374.450919 138333.898141 138191.037118 137855.921704 137536.095658 137098.883174 135346.954795 134680.258048 134489.888610 134483.455299 133956.624910 133852.807889 133734.086498 133668.303278 133464.577874 133331.601422 132943.583924 132333.080634 131537.690027 131404.878897 130750.760097 130537.714320 130246.365894 130174.048417 130135.083241
0.000087 0.027281 0.038830 0.050276 0.065196 0.080723 0.095432 0.105666 0.115970 0.126286 0.138778 0.149283 0.163191 0.178352 0.199879 0.212534 0.226147 0.238138 0.253045 0.267905 0.282582 0.293432 0.304170 0.319256 0.330902 0.345038 0.372615 0.486607 0.499618 0.514880 0.525522 0.536341 0.551335 0.578785 0.646010 0.675567 0.707834 0.733875 0.751718 0.766186 0.776523 0.787709 0.809184 0.820017 0.831052 0.843190 0.889886 0.929788 0.946105 0.960044 0.993687 1.003933 1.024660 1.036810 1.050111 1.060358 1.071110 1.117009 1.127971 1.139362 1.149630 1.160164 1.171871 1.183101 1.193480 1.204236 1.215107 1.236457 1.246937 1.259400 1.282622 1.292771 1.303754 1.313967 1.334125 1.399088 1.430053 1.442853 1.464206 1.478603 1.493507 1.506780 1.517735 1.529784 1.543201 1.556725 1.570204 1.580278 1.590453 1.600551 1.610782 1.621521 1.644713 1.676626 1.687180 1.707820 1.754784 1.806574 1.823093 1.838849 1.848937 1.858953 1.869300 1.881133 1.901445 1.932399 1.943536 1.954529 1.964906 1.980181 2.000915 2.011303 2.023017 2.047005 2.074710 2.084790 2.095071 2.106545 2.121293 2.159662 2.214435 2.224761 2.238775 2.250092 2.270564 2.283941 2.294469 2.315102 2.325749 2.336080 2.348949 2.360775 2.371980 2.405789 2.417333 2.433670 2.457543 2.471674 2.521445 2.563877 2.573817 2.597157 2.611262 2.623753 2.653508 2.664022 2.673997 2.684439 2.695581 2.741626 2.762899 2.772826 2.782748 2.793150 2.803979 2.815529 2.826238 2.836685 2.847074 2.868328 2.899264 2.909849 2.949099 2.959941 2.980440 2.990375 3.002406 3.022075 3.065198 3.075192 3.085876 3.138986 3.150054 3.170987 3.183626 3.194445 3.204909 3.248660 3.258662 3.270379 3.283320 3.293453 3.304145 3.346065 3.419876 3.472640 3.483544 3.493845 3.536196 3.546119 3.555994 3.566423 3.576212 3.586422 3.600002 3.637161 3.646921 3.670315 3.721447 3.732288 3.742243
Elapsed_time: 3.742243
Score: 130135.083241
201
1510062.463190 1456853.073140 1422565.969667 1388686.413431 1351335.906725 1251241.442347 930388.119105 610565.256289 434892.649613 356554.329594 306713.991675 254081.287478 230947.821283 228685.235990 228065.501046 227799.060499 226580.417661 224556.826917 222238.266274 214752.673312 195420.627850 190054.052812 187159.155895 183922.756264 183185.889375 183101.442412 182878.078565 182853.616567 182604.390255 182490.918810 182240.841009 181917.772502 181584.825093 180438.190504 179570.616408 178832.693283 178594.480119 178317.724156 178244.984884 178207.915105 178148.231025 178122.123788 178009.162596 177904.505232 177733.825463 177474.808162 176812.483744 176249.773840 175749.219091 175335.859853 175260.393707 174909.924677 174560.102200 173757.128953 173531.406341 173251.756981 173181.501140 173163.220118 173072.868494 172833.758662 172690.890599 172489.279120 171855.031175 170137.889685 170071.711368 169373.371087 169181.216067 169174.024388 169063.431177 168905.642135 168813.396650 168568.920941 167910.069040 167025.059824 166314.285350 165194.825675 164666.327231 164117.690643 163868.484435 163770.937223 163567.220890 163473.235403 163389.240559 163049.044480 162727.626293 162695.941320 162389.270895 162215.680737 162098.610179 161861.950149 161811.649653 161586.134863 161027.007560 159364.785444 159348.594071 159171.048913 158931.459968 158669.100690 158364.956226 158073.340600 157371.199844 157029.890943 156529.967305 154934.961033 154143.379742 154047.743564 153804.124877 153424.719501 153206.171249 152884.710546 151993.090071 151238.157797 150650.780449 150320.384453 149789.595330 149415.707070 148771.947597 148566.723404 148368.235097 148130.264208 147950.815894 147704.751783 147363.393573 146947.045174 146938.682101 146886.675310 146704.251715 146610.753424 146416.441686 146227.859347 146118.074991 146089.373565 145848.534972 145724.587422 145524.325589 145459.198014 145165.159048 145059.502045 144967.585062 144720.179078 144583.447541 144497.091728 144200.345013 143937.225810 143478.993094 143411.353598 143223.868208 143062.620524 143002.511868 142959.236566 142807.552396 142601.107285 142386.608949 142148.733148 142103.683953 141876.013403 141706.326532 140978.828275 140721.440179 140381.436419 140312.107763 140084.292374 139980.495003 139533.610759 138289.940220 137920.690910 137920.097984 137849.406225 137837.547745 137819.891860 137756.196962 137715.468298 137483.095288 137423.046992 137234.895478 137171.976781 136998.204693 136825.193992 136648.757843 136209.483725 136031.505211 135607.773306 135334.027941 134747.622095 134173.971283 133686.196935 133318.561392 132965.701690 132217.839991 131864.273642 131312.426733 131206.307301 131052.785510 130977.401350 130685.667027 130521.251311 130416.008706 130381.955920 130365.709796 130284.880561 130273.603451
0.000042 0.022986 0.033393 0.044604 0.056268 0.066629 0.077422 0.090205 0.100919 0.111102 0.121647 0.131985 0.142874 0.153169 0.163322 0.173920 0.185494 0.195785 0.205911 0.216444 0.231575 0.268017 0.279076 0.353561 0.363902 0.396992 0.409591 0.496321 0.507535 0.518026 0.529475 0.545767 0.558763 0.569192 0.581300 0.591972 0.603698 0.615558 0.628281 0.638915 0.682968 0.726861 0.737183 0.758811 0.772192 0.782586 0.793590 0.816306 0.828210 0.860469 0.872891 0.885029 0.896297 0.906444 0.917008 0.927616 0.963358 1.000713 1.037970 1.061723 1.072342 1.119177 1.153883 1.228824 1.239320 1.249624 1.297771 1.331210 1.341462 1.351630 1.393694 1.415519 1.437862 1.448954 1.463429 1.473665 1.483830 1.494176 1.504438 1.517368 1.529277 1.556154 1.566422 1.577418 1.588994 1.609873 1.621061 1.642309 1.657909 1.672520 1.716941 1.741311 1.807919 1.887204 1.951341 1.962425 1.977994 1.994192 2.004773 2.014864 2.024939 2.035067 2.045194 2.108241 2.122484 2.177338 2.190625 2.205187 2.220429 2.251443 2.261474 2.271596 2.281958 2.293277 2.308218 2.322554 2.350993 2.372107 2.382466 2.392814 2.403390 2.413547 2.423861 2.434178 2.474348 2.495044 2.506720 2.518060 2.528062 2.538119 2.548140 2.558124 2.568679 2.589572 2.621514 2.631464 2.641533 2.665396 2.675637 2.697531 2.707621 2.727979 2.738361 2.748436 2.758757 2.769857 2.781321 2.813355 2.844756 2.854879 2.865199 2.875929 2.885910 2.906360 2.916609 2.931916 2.942125 2.962679 2.974914 2.985361 3.007128 3.017186 3.028083 3.040660 3.055144 3.110483 3.142162 3.193750 3.218723 3.240067 3.273913 3.284062 3.294094 3.304283 3.315020 3.326502 3.348318 3.359211 3.370628 3.380577 3.391058 3.401916 3.412187 3.423000 3.434505 3.457015 3.467513 3.479557 3.529885 3.602783 3.627570 3.668362 3.699638 3.735812 3.745682 3.755631 3.776041 3.809750 3.819672 3.830514 3.850687
Elapsed_time: 3.850687
Score: 130273.603451
201
1478351.771274 1424658.619546 1389139.717690 1351488.095605 1298421.936638 1220481.634485 1028419.779314 673696.885048 521080.164961 393535.137480 299718.399780 255433.230752 236994.575983 235823.781514 235470.823930 234819.397462 233147.053876 228923.143133 220527.341312 192206.017567 192184.803165 189331.512068 185643.103727 185591.940203 185488.512546 184681.481833 184618.914629 184538.696768 183545.503702 182768.636781 181101.044597 179805.431744 178504.764036 177194.479074 176521.767678 176506.075700 176302.906473 176218.388219 175787.399530 175663.603279 175394.679547 175299.750844 175010.271451 174466.496076 173920.453199 173196.730494 173019.971832 172629.235847 172292.978285 171621.217080 170984.756033 170384.452373 170112.571300 169507.204796 169387.006904 169337.507613 169223.790103 169029.815646 168827.356626 168411.388774 167866.976538 167720.870280 166128.929287 164961.261819 164721.211935 164602.699852 164595.960927 164590.210509 164380.503805 164231.133764 164046.155118 163799.917180 163638.280571 163435.727395 163091.302280 162725.123324 162146.376377 161692.796137 161199.346229 160640.012297 159596.073611 158304.498236 157182.399768 157177.430529 157123.098607 156808.893208 156530.407081 156368.755687 156251.312349 156034.348857 156030.685291 155821.247942 155677.919526 155134.777843 154777.311917 154375.380184 153587.646558 153282.674755 152921.384704 152176.109553 149456.355730 148628.970298 148597.402789 148551.628829 148220.289497 147946.836859 147775.139272 147751.658363 147553.117454 147384.029500 147237.306951 146710.689044 145949.688051 145456.674614 145132.415507 144987.298167 144795.526873 144560.017031 143837.568653 142816.556456 141126.690331 140128.658115 140080.740626 139862.345270 139651.578645 139622.878307 139236.774302 139074.949148 138880.640536 138539.279806 138204.912597 137786.520228 137154.124420 137075.458668 137000.456227 136931.538958 136890.761771 136811.739900 136588.959941 136393.915832 136249.842411 136054.364099 135974.962655 135835.989003 135778.438460 135727.500616 135639.128634 135571.737008 135531.451171 135512.469559 135292.506665 135080.495928 134802.387547 134141.204574 133628.741157 132452.910201 131364.797175 131110.114127 131063.974429 131052.940313 131042.857221 130951.405991 130840.044390 130693.163770 130478.018915 130376.496854 130145.001968 130026.323863 129906.744887 129629.248613 129472.605976 129226.095466 128805.592970 128288.430906 127718.356123 127311.495956 126995.819020 126995.229511 126779.279249 126483.025764 126403.344174 126348.285614 126327.197875 126294.613081 126187.837450 125922.621556 125507.836626 125097.903825 124270.481784 123518.541407 123367.534344 122885.088192 122571.864874 121842.913632 121724.112390 121704.979202 121643.395991 121465.143428 121189.195491 120684.743449 119991.415379
0.000037 0.026014 0.037501 0.048242 0.058615 0.071016 0.081653 0.091945 0.103056 0.114056 0.125447 0.140503 0.154880 0.165687 0.176558 0.188632 0.198935 0.209101 0.219423 0.230171 0.262262 0.276789 0.320487 0.348784 0.442344 0.453333 0.474931 0.497673 0.509758 0.524765 0.546381 0.568130 0.578926 0.590127 0.601200 0.614655 0.659666 0.673700 0.684613 0.695158 0.705866 0.731919 0.744311 0.754680 0.765532 0.775842 0.797042 0.807770 0.838535 0.853008 0.868018 0.890088 0.900607 0.911765 0.973463 1.028859 1.050351 1.062106 1.074474 1.086930 1.097293 1.183388 1.248768 1.269369 1.329777 1.372607 1.382950 1.446684 1.461314 1.475842 1.486804 1.507154 1.528324 1.540521 1.552804 1.564809 1.575162 1.586405 1.599649 1.612481 1.622612 1.633556 1.644268 1.654641 1.678008 1.689174 1.732052 1.744662 1.765932 1.776881 1.808980 1.819024 1.829056 1.839176 1.859280 1.869413 1.880347 1.890826 1.904032 1.921640 1.957459 1.967813 2.002867 2.062507 2.074044 2.084696 2.109486 2.120424 2.130686 2.142785 2.153708 2.163884 2.176923 2.187349 2.198021 2.219063 2.232084 2.243385 2.253511 2.286811 2.296854 2.350552 2.371245 2.381456 2.402197 2.423726 2.434189 2.444446 2.465625 2.476268 2.486234 2.496228 2.506486 2.531453 2.543292 2.554100 2.577651 2.588907 2.602034 2.623540 2.633390 2.643317 2.653428 2.663528 2.694904 2.715970 2.727020 2.737087 2.747614 2.802577 2.823190 2.833215 2.843068 2.852940 2.862925 2.872797 2.882799 2.914305 2.965902 3.018674 3.029186 3.049948 3.061026 3.071891 3.082165 3.092017 3.102134 3.112055 3.123125 3.146322 3.158764 3.171147 3.181388 3.191335 3.211574 3.221993 3.276035 3.318747 3.333165 3.380055 3.392956 3.405563 3.444704 3.505325 3.515957 3.525760 3.535522 3.545564 3.556219 3.566110 3.579725 3.593680 3.606283 3.617626 3.627819 3.657646 3.668442 3.678726 3.688908 3.702168 3.713975
Elapsed_time: 3.713975
Score: 119991.415379
CN-L-BFGS
201
74345.864157 72301.265940 63428.112658 62520.859976 62368.055055 62354.235984 61938.834950 61863.758491 61642.564556 61301.812734 61279.487818 61054.699970 61036.888157 60936.518801 60733.773726 60448.221749 59773.042872 59320.200827 59066.240021 58913.319737 58801.043147 58462.404202 58017.925092 57760.681610 57573.872123 57129.064378 57096.311971 56860.152206 56817.960958 56534.327243 56087.658317 55853.749316 55688.246310 55464.911628 55198.411678 55012.292665 54580.453068 53484.391619 53410.018290 53257.714341 53018.182970 52830.591862 52774.885832 52704.272028 52579.946955 52539.338193 52433.196912 52429.500961 52393.913763 52318.914682 52255.323621 52235.013095 52141.660143 52043.897578 52037.848322 51833.088399 51535.474221 50866.339068 50766.253973 50755.449016 50503.585793 50356.663954 50219.294767 49999.644668 49897.646784 49855.475969 49848.441550 49548.938233 49470.446782 49297.298031 49091.386274 49041.647098 48829.210481 48676.930297 48530.436794 48276.379122 48036.322626 47931.401323 47715.012210 47452.425755 47075.462950 46586.399522 46171.645159 46115.678415 46113.206440 46016.763146 45853.193884 45805.549183 45399.627250 45016.470261 44610.032171 44557.754681 44092.473130 43925.313957 43702.890015 43441.980089 42608.405290 42367.592127 42354.352999 42335.619626 42206.161625 42009.872724 42003.358539 41949.437375 41880.577087 41767.307240 41661.107092 41549.032237 41369.744967 41328.781719 41103.388828 41006.386372 40866.974794 40690.649511 40434.823602 40140.684042 40072.292001 40058.272452 39989.067356 39940.880117 39847.800578 39836.972033 39812.383665 39802.856370 39702.321988 39521.535200 39439.460154 39439.113409 39332.012972 39262.654548 39240.032251 39213.178978 39144.734621 39019.228610 38847.998674 38710.735653 38697.180677 38596.118092 38487.023302 38408.073804 38356.547521 38336.213337 38262.402673 38189.864254 38047.535248 37928.527426 37872.566184 37827.521407 37756.672448 37648.999821 37510.766410 37471.829844 37388.746521 37326.940184 37220.904310 37103.793961 37087.619576 37084.378321 37021.344150 36997.743108 36937.234599 36799.708762 36750.249494 36677.803323 36593.868966 36536.094197 36478.319017 36425.456296 36374.937321 36330.194798 36271.315185 36171.200883 36145.678592 36117.319389 36081.223212 36012.899266 35924.017668 35864.993496 35798.797813 35737.208279 35665.177574 35648.849478 35606.720079 35559.415041 35489.217353 35454.711070 35406.991374 35341.281201 35297.068599 35241.785498 35190.754259 35152.410650 35115.053086 35063.477634 35009.772979 34951.331908 34883.311581 34865.847951 34793.567792 34741.760299 34662.649196
0.232924 0.266534 0.274339 0.281886 0.289574 0.304894 0.312528 0.320440 0.328084 0.347966 0.372078 0.387815 0.412721 0.423856 0.434897 0.445772 0.462819 0.474305 0.493064 0.501647 0.510127 0.521309 0.532303 0.540143 0.547826 0.555357 0.577846 0.585340 0.600626 0.610184 0.617973 0.626697 0.638462 0.648520 0.656327 0.664956 0.672889 0.680502 0.707155 0.725898 0.733389 0.741047 0.763929 0.771733 0.779144 0.794050 0.808917 0.847182 0.855641 0.866207 0.876834 0.887135 0.899657 0.907388 0.939831 0.963185 0.971669 0.979443 0.987241 0.994800 1.002637 1.034651 1.044915 1.060798 1.068226 1.075655 1.090541 1.098019 1.113237 1.121051 1.145414 1.163651 1.173710 1.201523 1.209058 1.217645 1.225543 1.244127 1.252557 1.260267 1.267816 1.299210 1.307503 1.314917 1.352944 1.360918 1.368244 1.375625 1.382886 1.390391 1.398310 1.405747 1.412998 1.420964 1.428354 1.435825 1.445239 1.460245 1.485242 1.492836 1.500967 1.509250 1.532898 1.541740 1.564331 1.572366 1.579805 1.589810 1.606180 1.614492 1.622080 1.629596 1.636930 1.645191 1.652605 1.660485 1.674674 1.704956 1.712159 1.719462 1.727361 1.758902 1.766621 1.774996 1.782092 1.790211 1.797239 1.812884 1.820145 1.835274 1.851261 1.858807 1.865942 1.873744 1.889766 1.897348 1.918948 1.926206 1.934022 1.949326 1.957384 1.971736 1.979615 1.987525 1.994913 2.002295 2.017884 2.025054 2.032035 2.039621 2.046667 2.061501 2.068704 2.077422 2.085407 2.092970 2.114731 2.128835 2.135986 2.143618 2.150885 2.157851 2.164791 2.172206 2.179991 2.188033 2.194994 2.202336 2.209680 2.216738 2.224510 2.231495 2.247155 2.254632 2.261752 2.268692 2.282768 2.289791 2.297597 2.304500 2.312286 2.320023 2.326927 2.334247 2.341164 2.354869 2.361713 2.368545 2.376027 2.382961 2.390923 2.404796 2.411676 2.418569 2.425930 2.432858 2.440025 2.446939 2.453953 2.460864 2.467870
Elapsed_time: 2.467870
Score: 34662.649196
201
74324.958588 72203.116081 63070.164007 62686.672944 62328.616238 61968.341586 61906.190261 61566.299270 60784.371178 59788.019388 59050.554143 58850.841490 58652.124533 58581.220185 58548.322720 58382.851205 58321.209543 58297.020324 58180.046524 58113.013984 58101.150523 58046.318256 57957.785233 57894.673676 57886.131281 57378.789362 56957.419651 56910.564653 56641.169067 56561.519597 56501.703999 56438.573660 56427.501592 56318.567431 56283.758552 56234.372238 56183.645902 56062.235265 55788.810986 55578.497292 55017.670078 54599.769808 54069.667090 53496.064136 53118.701161 52650.499727 52325.933500 52095.999701 51883.801300 51322.193559 50493.558112 50013.546355 49953.996250 49844.943210 49703.207942 49695.592891 49647.198986 49516.987843 49355.784808 49052.462946 48618.054165 48596.870685 48523.611805 48286.566570 48019.290112 47767.846563 47720.721961 47574.390100 47468.632505 47456.518194 47451.356360 47388.419137 47284.681452 46876.620522 46794.432809 46739.882841 46602.609917 46576.437695 46423.806421 46178.723283 46009.905096 45836.023043 45502.885421 45398.337378 45382.036197 45312.446456 45060.027977 44909.304443 44506.299811 44425.453822 44401.847390 44327.903454 44280.503704 44195.982196 44095.187592 43851.095459 43269.342082 42995.335569 42973.268901 42953.829753 42747.649368 42687.213927 42640.365934 42633.160321 42537.956463 42263.691186 41783.616081 41597.421262 41579.257969 41492.651501 41337.326932 41194.077255 40943.645290 40927.042384 40913.266136 40825.978867 40816.600747 40757.208523 40503.873479 40296.006030 39926.800440 39785.695053 39757.253388 39636.302362 39571.098458 39325.445059 39154.222411 39017.014657 38948.072200 38654.455298 38561.932346 38321.176986 38065.499578 37782.882078 37685.504592 37668.897617 37633.303625 37624.786252 37602.775734 37589.896575 37573.244794 37548.458122 37530.835016 37489.901523 37444.923348 37344.252571 37248.328234 37144.101260 37109.917498 37052.407778 36985.938235 36891.307948 36789.073034 36775.026826 36697.430239 36626.524371 36506.083455 36472.904337 36404.654359 36349.256884 36221.474487 36174.993339 36087.136846 36057.972806 36023.537283 35982.148360 35873.995162 35845.502491 35813.678703 35755.168537 35660.414282 35616.336736 35551.529466 35478.645146 35428.984728 35416.037329 35400.001608 35361.244788 35300.166189 35293.044399 35280.457582 35254.780048 35230.103391 35200.634981 35144.256487 35133.259850 35094.096435 35055.177167 35002.334391 34971.070285 34943.438156 34916.654536 34877.860197 34839.155663 34818.392364 34799.437434 34790.184693 34780.473210 34756.855224 34714.867385 34687.990699
0.230180 0.263901 0.271672 0.279831 0.287927 0.308327 0.324435 0.332064 0.340095 0.348484 0.356533 0.364056 0.371770 0.395231 0.403229 0.412653 0.420216 0.447523 0.455041 0.464655 0.487089 0.495176 0.502707 0.518176 0.525627 0.533573 0.541442 0.565124 0.572794 0.597548 0.605098 0.613049 0.648090 0.655630 0.663420 0.670934 0.695745 0.710808 0.718435 0.727779 0.735300 0.743705 0.751414 0.758950 0.766381 0.774355 0.781797 0.793174 0.800681 0.808357 0.815738 0.823389 0.853378 0.861194 0.871427 0.903844 0.911351 0.931422 0.938987 0.947272 0.964811 1.004783 1.014294 1.022567 1.038062 1.047935 1.073698 1.081210 1.088964 1.104764 1.131144 1.139300 1.147885 1.155234 1.170966 1.195264 1.203160 1.218077 1.225706 1.233315 1.251666 1.263152 1.272637 1.281382 1.312172 1.322228 1.340338 1.361610 1.369471 1.376866 1.399838 1.407441 1.414796 1.422129 1.430627 1.437947 1.448120 1.480070 1.487593 1.518687 1.526189 1.543122 1.553123 1.582545 1.591983 1.600357 1.608488 1.615703 1.637219 1.645804 1.653629 1.661058 1.669773 1.684267 1.707698 1.715007 1.739899 1.751252 1.762591 1.772546 1.781389 1.796259 1.817672 1.824798 1.838971 1.846261 1.862412 1.869481 1.876744 1.884258 1.895561 1.907159 1.914580 1.921574 1.928563 1.952239 1.959498 1.974429 2.003785 2.019356 2.027696 2.035782 2.043538 2.050532 2.057531 2.071469 2.078542 2.093908 2.109819 2.116847 2.139565 2.147290 2.154335 2.169140 2.179354 2.186793 2.193913 2.202000 2.212106 2.222300 2.251344 2.258513 2.265445 2.272479 2.279719 2.287546 2.297824 2.305270 2.312958 2.320004 2.328502 2.347919 2.356409 2.363931 2.373898 2.389681 2.396640 2.403735 2.411119 2.421288 2.429563 2.437134 2.445205 2.452464 2.460034 2.475110 2.483808 2.496794 2.506654 2.513653 2.520629 2.527583 2.534540 2.541685 2.555588 2.562604 2.569716 2.577327 2.592253 2.599249 2.606137
Elapsed_time: 2.606137
Score: 34687.990699
201
73635.456409 71549.867860 62713.388329 62424.221503 62417.964457 61729.022720 61586.984122 61369.673881 61027.472779 60774.974463 60712.429388 60690.360517 60615.531498 60592.978504 60524.323290 60440.618032 60239.676033 60134.188260 59837.055405 59659.712669 59207.326338 59192.568514 58984.808472 58799.165441 58614.602687 58568.153715 58492.765249 58302.483813 58251.041089 58006.740857 57485.286940 57339.044162 57256.475566 57256.210073 57161.857042 57091.941085 57078.818130 56980.718066 56839.056593 56439.459046 56295.285095 55735.120092 55274.408123 55103.248488 54844.560150 54626.836754 54568.577927 54451.877938 54383.904312 54227.924494 53915.031350 53812.090233 53056.008820 52963.533012 52676.760394 52327.412390 52269.921039 52201.958599 52192.955320 52135.091144 51900.032072 51732.064872 51574.368068 51395.228367 51148.858093 50759.603297 50709.260067 50550.823365 50339.459100 50149.352379 50103.838870 50042.425307 49853.512824 49240.516480 48873.306502 48868.775691 48528.080117 48379.354562 48227.320168 48013.176489 47474.906799 47458.044962 47205.595501 47144.759643 47033.506718 46861.275323 46786.141793 46390.226077 46058.542593 46041.933378 45901.608405 45848.952927 45805.461793 45699.402430 45576.057652 45294.188214 45017.749682 44927.130523 44755.429375 44714.314045 44600.036674 44267.144834 44221.159691 44022.124298 44000.582037 43805.357147 43803.886526 43652.382983 43536.495272 43471.554460 43286.680690 42438.203705 42364.074004 42239.868032 42091.776410 41997.795847 41913.150493 41760.500339 41351.183089 41335.012795 41325.337152 41065.328435 40962.092949 40789.251609 40580.336057 40430.978527 40311.175994 40113.416437 39904.967463 39741.942585 39576.789177 39505.240050 39348.161920 39335.638525 39281.164988 39228.278147 39157.757584 39086.570085 38949.509560 38752.133213 38747.140730 38624.032539 38597.623935 38542.634718 38505.982372 38470.687958 38452.309533 38254.111641 38127.233153 38123.894247 38093.117726 37921.865462 37773.824966 37656.390688 37589.535183 37494.424357 37408.799547 37343.955573 37316.665709 37286.057583 37235.732726 37148.706167 37138.430612 37103.565040 37014.864812 36954.598188 36941.702122 36941.181951 36901.436762 36868.889519 36813.324570 36797.122012 36766.916153 36730.281698 36674.224003 36666.131351 36598.627910 36583.365074 36534.063780 36462.227211 36392.558294 36324.314177 36283.884752 36227.379526 36141.416765 36126.907257 36093.246686 36059.407481 35960.370733 35929.330066 35875.203450 35828.081906 35768.418144 35721.917720 35670.973525 35613.661708 35560.044727 35495.805166 35486.218055 35467.139066 35432.178884
0.222687 0.257512 0.265402 0.285753 0.321563 0.334301 0.349468 0.359787 0.370636 0.422057 0.431104 0.463301 0.470968 0.488690 0.497323 0.520725 0.529480 0.538320 0.546356 0.554077 0.569435 0.601104 0.609260 0.617064 0.626407 0.651002 0.659084 0.666838 0.698713 0.722653 0.738409 0.746165 0.753741 0.780698 0.788263 0.796122 0.803719 0.811556 0.819506 0.827474 0.862502 0.931073 0.941821 0.959497 0.977979 1.009171 1.033125 1.044618 1.055249 1.063795 1.074490 1.084318 1.092164 1.129666 1.137088 1.146399 1.153952 1.161404 1.186084 1.196792 1.214700 1.225500 1.237096 1.246436 1.257071 1.267978 1.302646 1.312104 1.320268 1.327855 1.352313 1.363838 1.373638 1.381880 1.389965 1.422505 1.439545 1.448199 1.455734 1.464268 1.471616 1.495715 1.503141 1.519967 1.527768 1.535488 1.543239 1.565917 1.573396 1.603002 1.610430 1.617808 1.642077 1.649884 1.657266 1.665051 1.680045 1.687476 1.695723 1.718850 1.729863 1.741120 1.761291 1.768775 1.776345 1.784857 1.815202 1.822772 1.830192 1.839139 1.847664 1.855045 1.874796 1.885191 1.896478 1.908037 1.917933 1.927776 1.937689 1.944972 1.981177 1.989520 1.997169 2.004367 2.013993 2.031747 2.039333 2.048046 2.055371 2.063535 2.070906 2.079670 2.087066 2.102482 2.111414 2.137455 2.145079 2.152870 2.160354 2.167670 2.199273 2.206540 2.221077 2.228325 2.235541 2.242659 2.256905 2.264672 2.274168 2.304478 2.311887 2.319099 2.326731 2.333993 2.341719 2.348771 2.356124 2.363256 2.370412 2.378136 2.385482 2.400258 2.423313 2.438140 2.445701 2.453412 2.460865 2.495144 2.504162 2.512161 2.526776 2.542597 2.549862 2.557040 2.564609 2.574585 2.585560 2.604467 2.614528 2.624634 2.636658 2.645630 2.652809 2.661720 2.670865 2.688454 2.696488 2.703590 2.711134 2.718278 2.726641 2.734698 2.742050 2.750041 2.757296 2.764500 2.771924 2.779820 2.801259 2.808798 2.815795
Elapsed_time: 2.815795
Score: 35432.178884
dwt_2680
L-BFGS
201
10523599.447934 10244226.994622 10027771.709312 9727592.104370 8970401.367434 6801066.668001 4292695.083899 3210013.892933 2528618.815405 2039554.481812 1716038.133537 1376266.862605 1235726.605130 1160642.997804 1149909.272469 1143979.429885 1140748.525934 1139533.030623 1137597.005835 1129832.329121 1123479.623763 1087977.306879 1057746.319521 1044313.503504 1042291.186603 1039657.750562 1038861.625654 1036332.477215 1036292.655779 1036220.782471 1036144.348440 1035391.335092 1035008.507110 1034974.250136 1034145.907067 1033731.037905 1029065.757936 1012158.989926 1011656.653531 1011648.219336 1010998.070694 1010965.971278 1010392.298752 1009048.207559 1007293.695016 1006782.807749 1005313.054656 1004817.997792 1003008.902730 1000410.337775 997288.670884 997032.704286 996035.069084 995548.984626 994516.988929 993797.398293 992316.275972 990852.218501 990588.304106 989534.743189 987995.813169 987935.032843 985001.042835 984726.150369 984678.796767 984591.714508 984550.941428 984298.517180 983939.290943 983540.846070 983359.365911 981635.317110 981299.378916 981020.586039 980033.719382 979566.547042 978830.201603 978075.120521 976565.920602 974771.985681 974022.438759 972680.045254 972066.275409 971377.821589 970963.643915 969994.178880 968502.931606 967104.185394 966181.192654 965815.269595 965539.495365 964952.582322 964759.810312 964694.238453 964526.981466 964206.597872 963940.211342 963692.443472 963219.494941 962568.498392 961835.351088 951964.731773 948350.108713 943097.411334 942026.723280 938397.994419 933610.470594 933045.474372 932007.813664 931981.856832 931977.699522 931560.814559 930724.294816 929535.033827 927231.345553 924030.054242 923664.959528 923589.987297 923525.464404 923423.888915 923288.383661 922501.805421 921842.184429 920502.879114 918286.972593 917500.716604 915613.944613 914992.744045 914324.732336 913794.310331 912700.495102 909198.217371 908277.016655 908158.655189 907157.915583 906715.617917 906154.684670 905795.833880 905284.905385 904981.557334 904420.947521 904193.651848 903782.668748 903481.302965 902546.630741 902211.738101 902171.853486 901895.271259 901765.898124 901476.152105 900977.935194 899961.850873 899704.489009 899070.440649 898803.419473 898483.097995 897941.718514 896306.201241 892731.349857 889826.822211 889746.537592 889667.566516 889425.700992 889235.801649 888761.647391 888563.903059 888518.410840 887304.797039 886288.536573 881379.127356 880923.635277 880919.709225 880667.916219 880355.682553 878795.195087 878156.799967 877402.170321 877173.845838 876636.087899 875900.015415 875204.074770 873386.427597 872996.990113 872697.290412 871847.001286 870977.286044 870714.551821 869397.701074 869379.431451 868755.708234 868432.830875 868016.961999 867863.706614 867288.702389 866100.756177 863408.862131 859123.554374 858909.353771 858642.317207 858554.060758 858192.795527
0.000179 0.184131 0.263723 0.347662 0.428660 0.513163 0.596970 0.694507 0.788502 0.861316 0.960850 1.042907 1.130484 1.205980 1.286205 1.374209 1.452446 1.533035 1.605786 1.680746 1.841551 1.918321 2.076567 2.152168 2.425638 2.586157 2.664530 2.744268 2.980747 3.058366 3.212045 3.375886 3.454618 3.618639 3.713282 3.878642 4.208352 4.445925 4.522951 4.849125 5.047197 5.374453 5.451482 5.536533 5.613849 5.698462 5.778900 5.858574 5.936311 6.089384 6.173620 6.498877 6.576144 6.663757 6.757894 6.946384 7.029142 7.112194 7.189605 7.267635 7.345509 7.427796 7.510672 7.760021 8.156543 8.234099 8.572438 8.658130 8.737316 8.813021 8.889245 8.965851 9.044836 9.129286 9.206129 9.366102 9.450943 9.527674 9.685931 9.760129 9.839212 9.915093 9.992809 10.070645 10.152654 10.239759 10.317494 10.490432 10.566979 10.724158 10.800953 10.875682 10.961337 11.114455 11.191686 11.277939 11.521079 11.604401 11.683172 11.762639 12.029306 12.687574 13.082831 13.163659 13.322061 13.666375 13.838546 14.322359 14.577858 14.911256 15.138835 15.225925 15.311777 15.400948 15.484466 15.656971 15.734032 16.055793 16.294487 16.455711 16.619862 16.709006 16.787026 16.867110 16.945716 17.027506 17.110267 17.194497 17.280641 17.352782 17.431020 17.527764 17.605288 17.684800 17.764798 18.002395 18.076140 18.153437 18.230013 18.381373 18.458981 18.534491 18.611878 18.696142 18.772290 18.846706 19.168961 19.251221 19.416056 19.492380 19.571282 19.652050 19.728716 19.803291 19.880724 19.957981 20.036458 20.345296 20.822150 21.308648 21.879028 21.969014 22.047379 22.197865 22.277640 22.352823 22.428060 22.661090 22.741770 23.226139 23.456927 23.830847 23.909181 24.077302 24.152599 24.316928 24.391625 24.467297 24.542428 24.618865 24.694417 24.772747 25.021662 25.165562 25.239531 25.314826 25.394565 25.645102 26.072211 26.223867 26.383979 26.463942 26.562075 26.812983 27.283148 27.364077 27.849029 28.181171 28.419520 28.717276 28.812844
Elapsed_time: 28.812844
Score: 858192.795527
201
10591125.524712 10306282.893659 10082689.097907 9773683.733310 9087286.195340 6847541.367088 4321640.622709 3191925.705592 2458558.084931 1949523.537867 1613371.486211 1347351.314342 1234398.302446 1175375.308705 1144803.136905 1144336.868937 1143583.598569 1142628.429513 1140843.983000 1137606.794102 1130363.332906 1128597.478448 1114573.469200 1111986.546253 1109444.379255 1103039.831560 1087429.415551 1062243.970114 1024012.519132 1017840.896630 1017757.293650 1017584.030472 1017065.445925 1016837.813881 1016835.318970 1016298.303546 1015427.593366 1013381.742577 1012083.939578 1006492.456207 1004894.239585 1004790.927639 1003886.675801 1003278.722227 1003090.259879 1002668.754598 1002575.660169 1001006.017595 1000856.940059 999870.191643 999643.287777 999329.667692 998873.011288 997954.912225 997142.603719 995860.818937 994375.218921 991333.001379 989686.249208 989633.460027 989313.127860 987371.407026 987211.203821 987027.412066 986960.652857 986791.644297 986617.630070 986343.071768 985863.293901 985331.250223 983695.076546 983280.530391 982665.562100 982204.791694 980973.314919 980020.479273 979153.819932 978039.961693 977812.188477 977177.402805 977087.650264 977061.406702 976286.444027 975902.941535 975077.337657 975052.603189 973197.373744 973094.774615 968510.228221 967142.681636 966681.520017 965871.029357 965537.099929 965179.394662 964928.306406 964392.331723 963877.228301 962910.897769 961757.916111 961139.992107 959759.278834 957986.035359 955649.623548 952902.029318 948334.065354 941202.093847 941121.482841 939052.771036 938850.905873 938344.054529 937262.305909 936428.783638 935806.804035 935326.964393 934561.431505 933921.645185 933350.287929 931818.564159 931727.647087 930751.372071 926622.810913 925659.998712 925475.610894 925233.156346 924785.144222 924478.118738 924237.107543 923466.903997 922709.028150 921967.574835 921893.931943 920315.316291 919716.553186 919246.541018 918354.475332 916468.109575 915602.760580 915395.459142 914998.285586 914620.252216 914343.608183 914141.135539 914117.773064 913520.082352 913286.130467 912972.334328 912784.020746 912650.244121 912049.503572 910957.154948 910748.286736 910698.288877 909668.125820 909248.396550 908785.381298 908611.724311 908260.136152 907565.637956 906932.240978 906515.549885 906408.845428 906315.664594 905908.896282 905406.008225 904428.632399 904088.427807 903954.230163 903570.323100 903434.259239 901726.559441 898770.337012 885466.406230 883228.131517 865541.384510 865510.313582 865120.646450 865112.641040 864798.199374 864039.254119 863754.322770 862954.405372 861625.364071 859490.674903 858333.183969 857819.824547 857746.355176 857477.599773 857101.704014 855447.287228 855197.614479 853353.771236 853348.708746 852879.730140 852185.724573 851612.967980 851275.693972 851126.802305 850988.778910 850746.229345 850509.864298 849578.076682
0.000096 0.201517 0.288605 0.383175 0.462537 0.544206 0.625088 0.701682 0.795553 0.872686 0.949296 1.023856 1.113087 1.191467 1.262831 1.604428 1.680175 1.767895 1.859165 1.942390 2.017427 2.089639 2.166210 2.328778 2.420646 2.507551 2.588789 2.748288 2.850271 3.129706 3.730012 3.815047 3.910638 3.987076 4.232962 4.308277 4.383979 4.467156 4.627705 4.705859 4.869611 5.272117 5.351846 5.522043 5.603073 5.688081 5.770389 5.845679 5.993775 6.075587 6.224074 6.308079 6.387335 6.544863 6.625171 6.713148 6.812559 6.895926 6.980747 7.158730 7.239674 7.325804 7.671906 8.086097 8.160620 8.243207 8.323856 8.401718 8.482261 8.557464 8.637548 8.842367 8.922461 9.078897 9.154809 9.317406 9.396677 9.473903 9.641653 9.715876 9.952084 10.107195 10.190548 10.275976 10.353993 10.435325 10.520106 10.773244 11.204106 11.280659 11.515033 11.684087 11.842990 11.918293 12.084702 12.163598 12.244364 12.338020 12.429365 12.592497 12.669882 12.748015 12.896762 12.972817 13.123950 13.199704 13.742075 13.825885 14.217584 14.292637 14.374443 14.447899 14.534934 14.610998 14.693466 14.770316 14.846310 14.943050 15.024025 15.103149 15.202473 15.299746 15.625034 15.804331 15.883638 16.117869 16.203893 16.281377 16.364820 16.443448 16.860656 17.009437 17.180005 17.269226 17.427150 17.504931 17.579179 17.995113 18.089065 18.189138 18.269860 18.365600 18.610164 18.684083 18.759609 18.840332 18.921909 19.006356 19.081392 19.329421 19.744415 19.979906 20.057350 20.135274 20.223773 20.399713 20.479457 20.567795 20.644856 20.726103 20.994137 21.149740 21.225385 21.305075 21.379024 21.466057 21.640559 21.722987 21.883734 22.047710 22.121519 22.689369 22.777673 23.074081 23.570070 23.730169 23.808140 23.882916 23.957508 24.034081 24.122244 24.201141 24.505752 24.580399 24.660373 24.995377 25.231124 25.307789 25.382826 25.465330 25.541464 25.788678 25.866642 25.941154 26.107566 26.337267 26.414948 26.576725 26.650459 26.801039 26.875529
Elapsed_time: 26.875529
Score: 849578.076682
201
10511690.473235 10237849.736685 10009290.379361 9726419.509036 9167692.935247 7280307.210689 4614948.014690 3338292.870060 2518915.183395 1974920.493925 1679606.166457 1449021.771838 1277165.202135 1193224.946648 1171349.391679 1171092.722939 1167599.732098 1164978.821759 1162920.961055 1160863.351041 1152923.408296 1138129.038045 1090976.022177 1052735.973557 1052501.897753 1041189.082199 1035577.179989 1035216.410509 1033052.057615 1032993.655494 1032763.412769 1031482.261000 1030627.680218 1030505.809455 1030289.236453 1030190.705990 1029470.484869 1029317.273286 1026984.259462 1026400.828226 1023836.173841 1016750.385522 1014025.399017 1010895.671310 1009957.619811 1009270.845170 1009014.822191 1008735.877435 1007862.986070 1007626.096823 1007452.110753 1007084.927211 1006718.564542 1006052.956129 1003790.290677 1002143.734933 999333.260656 998904.542558 995093.046004 993138.354465 993048.852820 992610.607057 992501.133644 992354.211270 992077.351882 991354.566018 990871.443028 990758.604169 990320.924803 990311.052437 987481.475970 987031.939529 986959.455766 986491.955067 985451.009500 984673.174647 984179.710824 982705.422533 981920.558924 981264.570406 980408.854512 979306.862438 979047.331736 978319.909557 977775.434967 977400.504627 976882.800898 976266.611488 975570.931134 975344.659798 975114.311246 974798.469412 974377.598052 973763.750982 972806.269858 972348.453116 972325.262851 972041.983072 971192.553989 969143.543282 968708.611456 967553.260082 966704.800124 966029.195409 965451.400083 964901.676943 964482.998338 964015.540072 963846.941001 963169.396807 962835.317711 961360.531935 960660.558917 960118.166310 959856.711501 959486.529604 959004.514698 958277.677963 957803.533664 945507.068011 914457.637899 914291.209966 914280.592284 913996.419991 913552.033258 912960.842495 912574.760908 912280.709509 910771.878167 909977.378917 909344.381848 909239.828638 908862.737519 908340.674653 907828.331568 907282.383053 906780.235373 906076.034747 905808.103274 904588.942922 904451.793538 903950.110280 903538.678010 903109.110895 902835.651086 902560.738844 902459.453456 900755.595206 899858.341471 899579.611706 899243.289185 895573.322465 894254.492758 894071.219839 893863.575985 893517.929542 893449.264170 892937.657405 892756.768502 891640.958021 890999.392159 888157.011855 885666.184086 885170.500755 884380.059436 883325.952220 882920.408514 882852.044317 882137.078500 881722.189331 881170.937411 880745.268146 880543.448052 880069.231984 879518.094657 879137.325852 874487.720214 863410.965713 862361.173958 862119.233729 862099.673273 861825.885248 861566.511719 861377.749765 860755.639046 859746.654381 859476.958975 859110.020919 857528.373163 855966.282142 855820.434681 855098.605809 853228.794285 852649.602608 852601.750707 852250.230574 851776.430157 851705.508032 851695.783593 851535.466456 851260.824077
0.000100 0.155009 0.234314 0.312942 0.388628 0.467229 0.545995 0.619079 0.713751 0.796264 0.892262 0.984424 1.067628 1.148636 1.225760 1.465498 1.544166 1.704912 1.781296 1.858694 1.934778 2.011109 2.093796 2.249806 2.814327 2.889656 2.969835 3.277586 3.358303 3.452094 3.623486 3.711474 3.891455 4.282985 4.360614 4.520806 4.603504 4.680998 4.835402 5.067270 5.151300 5.226572 5.312980 5.391556 5.469829 5.549630 5.709670 5.904332 5.984191 6.061709 6.390672 6.468138 6.543968 6.622366 6.700257 6.775391 7.020811 7.323803 7.402200 7.491710 7.794993 7.874931 8.270168 8.442547 8.529221 8.678046 8.830952 9.185264 9.268702 9.367882 9.442877 9.609870 9.767662 9.849445 9.931821 10.009296 10.094359 10.182251 10.264125 10.341270 10.432566 10.595790 10.845970 10.919766 10.994430 11.074351 11.148188 11.221276 11.299065 11.383860 11.538826 11.615327 11.691944 11.792587 11.876672 11.952662 12.127408 12.206788 12.289193 12.373678 12.528385 12.604806 12.682015 12.759177 12.849617 12.922431 13.004000 13.389780 13.619371 13.711357 13.792081 13.869034 13.958457 14.040059 14.201284 14.294101 14.377394 14.457448 14.541962 15.164542 15.550344 16.201860 16.687088 16.761420 16.835960 16.913343 16.998975 17.153819 17.232345 17.308101 17.461021 17.694825 17.782059 18.023265 18.099418 18.343445 18.429569 18.510152 18.588049 18.662961 18.829779 18.917810 19.020205 19.098338 19.186870 19.359178 19.434167 19.760242 20.086262 20.247662 20.486556 20.645024 20.816627 21.391020 21.588381 21.663790 21.902832 21.987522 22.314014 22.389920 22.467345 22.549573 22.807867 22.997279 23.083488 23.158899 23.394007 23.560471 23.633556 23.810133 23.896663 23.991367 24.098042 24.175567 24.251520 24.480794 24.665415 25.439404 25.530187 26.112645 26.563190 27.070539 27.149376 27.321649 27.419485 27.514012 27.765889 27.859065 27.938469 28.025950 28.457153 28.536563 28.719321 28.800340 28.960827 29.049843 29.226257 29.566709 29.822254 29.896630 29.990219
Elapsed_time: 29.990219
Score: 851260.824077
CN-L-BFGS
201
318172.860635 310111.693837 265394.432643 259123.719585 259102.652391 258070.183169 257851.832680 257751.550147 257522.067990 257515.530024 257431.247192 257231.945450 257055.652084 256843.269257 256747.974569 256720.839452 256650.340956 256610.230093 256316.083448 256128.915972 256089.364325 255268.704125 254705.364300 254403.533862 254217.466205 254175.279782 254164.315567 254093.855296 253411.380554 253189.922886 252997.821451 252661.408296 252432.148533 252231.068901 252185.827399 252043.203257 251998.622414 251984.427130 251888.702187 251758.303390 251516.091430 251331.991554 250885.130531 250551.924545 250389.118867 250355.609414 248970.049377 248537.238918 248166.799544 247584.342082 247249.938649 247185.420005 247000.696086 246649.011943 246248.004265 245285.175301 245150.774860 245065.350283 244752.839469 244751.406790 244690.591982 244570.159671 244322.614459 244135.620434 243770.436045 243251.948356 242741.648746 242579.351429 241809.144113 241666.073189 241331.742212 241024.321725 240778.983185 240702.620065 240580.907288 240277.532876 240160.609570 240118.551241 239843.544941 239775.263888 239425.004044 238989.477256 238777.947620 238282.262852 237956.142086 237261.381390 236667.174426 235928.549922 235223.011363 235096.675034 234962.475604 234873.780197 234830.486731 234617.700523 234588.265877 234527.403765 234286.725496 234099.016006 233336.255033 232976.555872 232177.608133 231000.303243 230784.416705 230518.883841 230042.262819 229420.483996 229001.842211 228645.636392 228227.965735 227842.668996 227792.311581 227737.990196 227593.653948 227427.172509 227371.418558 226533.745076 226053.655873 225499.933217 225341.487620 224775.736488 224731.050590 224596.115768 224302.073958 223651.505572 222078.914299 221653.439840 220867.253173 220221.497446 219762.953775 219516.467251 219450.160673 219212.031830 218880.516682 218743.697497 218480.427757 217856.142514 217267.630242 217256.240251 217133.954022 216861.412694 216626.199397 216539.021962 216338.781523 215872.601248 215842.572135 215669.098274 215500.324355 215493.752752 215389.320818 215209.491625 215133.843278 215018.519218 214727.304278 214442.487377 214094.488390 213972.088482 213745.090766 213421.717944 213017.698486 212175.383824 211475.014369 211316.985104 211296.491650 211160.619522 210961.628536 210649.514315 210545.258115 210337.279666 209965.163983 209101.002254 208219.324585 207693.416867 207380.901181 207085.812068 206739.140824 206400.613243 205912.605021 204172.403118 203809.098996 203684.259298 203069.450541 202957.198293 202721.896388 202690.386641 202563.437775 202169.493590 202074.381215 202053.911553 202007.649702 201895.194457 201881.499236 201842.996677 201824.172325 201799.822264 201433.081353 200802.787170 200698.472574 200156.609964 199281.454904 199262.765806 198696.041129
1.666403 1.976057 2.035602 2.152246 2.204281 2.259247 2.493222 2.552106 2.614563 2.888901 2.939847 2.998582 3.049403 3.167664 3.223726 3.341534 3.408966 3.550695 3.599908 3.664587 3.727071 3.792077 3.843494 3.955801 4.057719 4.228038 4.453222 4.516197 4.691296 4.744219 4.798872 4.856470 5.021236 5.141272 5.196001 5.308247 5.545379 5.722749 5.782341 5.836268 5.891789 5.958042 6.007533 6.158068 6.279811 6.503334 6.560415 6.672914 6.837590 6.906351 6.962453 7.137567 7.293877 7.345187 7.409907 7.466700 7.528963 7.698158 7.824441 8.167314 8.223551 8.326340 8.376653 8.429898 8.495526 8.555318 8.610418 8.716137 8.788138 9.010876 9.073569 9.123461 9.188126 9.244306 9.302483 9.351313 9.404107 9.569700 9.639354 9.688311 9.736776 9.796625 9.858463 9.911217 9.975973 10.034093 10.085584 10.150089 10.202753 10.251060 10.313637 10.376349 10.533383 10.598703 10.704281 10.778617 10.837473 10.899394 10.948960 10.996966 11.044702 11.092996 11.159515 11.214167 11.279205 11.348292 11.396671 11.460419 11.510914 11.612953 11.741497 11.916978 11.977602 12.029530 12.078354 12.144597 12.253854 12.309796 12.370694 12.421392 12.525083 12.582072 12.633761 12.683690 12.732782 12.912614 12.975611 13.045242 13.173527 13.282094 13.342571 13.477177 13.550043 13.759215 13.821522 13.869919 13.934305 14.043537 14.098938 14.161336 14.217277 14.273869 14.468017 14.594490 14.788100 14.845340 14.895157 15.099633 15.152955 15.215207 15.274224 15.323219 15.378487 15.449899 15.507967 15.618998 15.677129 15.744720 15.810401 15.860378 15.908474 16.032797 16.333103 16.395473 16.580381 16.648745 16.828899 16.891027 16.943305 17.072993 17.123733 17.173934 17.224001 17.275531 17.326564 17.385137 17.441757 17.489973 17.545519 17.697829 17.761513 17.875976 17.995415 18.091860 18.154426 18.204373 18.253608 18.492837 18.549091 18.600489 18.726082 18.791167 19.028955 19.080584 19.138810 19.197387 19.360861 19.410697 19.755884 19.975590 20.074986
Elapsed_time: 20.074986
Score: 198696.041129
201
313808.688312 305615.510381 260401.223496 252029.234971 251987.186211 251953.592439 251937.398515 251898.611820 251780.122642 251592.151638 251193.892803 251058.943477 250775.662519 250469.660027 249516.565767 249048.721190 248734.621943 247870.241937 247262.826824 246855.144962 246452.641366 246229.794175 245872.593484 245513.877275 245458.040724 245310.261974 245125.321130 244245.901117 243479.488660 242733.256986 242574.716609 241802.142384 241652.977928 241580.484989 241194.306443 241162.207052 241029.480005 240698.922199 240199.269565 239191.465323 238949.557565 238559.287251 238326.269006 238259.376777 237994.904098 237805.582629 237489.155092 236664.079566 235666.838745 235361.390907 235350.797202 234793.250079 233918.003571 233907.887299 233621.143065 233417.256327 233230.868914 232822.746740 232576.019502 231463.988937 231391.166711 231190.223528 231128.965016 231061.386208 230912.152377 230746.341976 230418.174716 230408.727431 229767.477704 229458.358593 229262.401523 228979.276564 228551.871491 228380.136383 228341.043849 228263.160967 228081.769323 227902.332928 227656.726264 227561.878221 227322.547660 227008.283945 226457.758322 226381.254265 224849.346533 224809.275887 223394.110927 223105.455629 222561.928625 222422.374458 222271.888337 222133.618452 222067.381791 222019.780435 221974.100020 221888.816793 221682.540127 221589.293879 221584.447075 221389.329614 221153.993143 220926.537278 220849.697345 220516.612700 220479.201390 220268.291082 220085.109928 220040.524727 219122.302238 218066.460502 217898.095688 217867.776166 217841.069806 217620.486381 217139.048946 216947.211745 216928.209676 216785.474708 216731.429169 216491.567122 216181.535621 215119.329572 214605.386041 213958.063367 213863.412883 213055.556051 213006.008715 212914.839809 212857.017478 212604.333645 212373.295447 212161.009817 212128.977842 212102.320708 211856.217424 211759.455668 211745.011925 211725.282949 211548.078909 211476.914397 211317.134870 211137.421911 211075.843132 210671.713975 210202.975795 210052.818203 209597.274973 209027.424524 208932.126252 208846.067888 208463.975749 208461.387470 208147.875467 207979.814171 207601.907315 207129.933397 207030.337303 206513.079910 206430.320350 206148.988601 205953.977957 205902.734296 205655.455401 205512.793634 205443.429708 205151.542791 204902.586949 204710.953748 204707.417473 204069.760800 203655.261684 202458.283265 202350.786917 202215.035344 202072.154083 201880.742490 201022.421435 199362.796685 199294.680866 199212.428980 199139.818186 198900.312100 198516.504862 197851.316021 197257.423995 196941.219177 196907.343980 196514.964848 196413.036861 196338.905643 196312.629499 196308.328158 196244.891228 196188.904864 195716.637203 194409.368899 193465.708298 191489.588145 191284.653971 191154.929291 190718.698676
1.578751 1.899716 1.948620 2.061429 2.450641 2.512562 2.751562 2.960114 3.020901 3.079966 3.128153 3.234936 3.288393 3.348880 3.398315 3.451394 3.510572 3.559790 3.615286 3.716558 3.776018 3.842238 3.891578 3.944617 4.113903 4.161473 4.213653 4.266694 4.371196 4.783948 4.990618 5.041793 5.148483 5.198831 5.260562 5.557279 5.611597 5.713150 5.767632 5.816595 5.876836 5.928096 5.994520 6.054617 6.102750 6.159584 6.212005 6.261695 6.368267 6.422324 6.742130 6.795222 6.845625 6.941279 7.065984 7.125782 7.177268 7.229156 7.336565 7.442150 7.717531 7.766815 7.824708 7.922715 7.971889 8.033704 8.087419 8.188532 8.250852 8.363345 8.413055 8.467757 8.518624 8.567797 8.727369 8.775244 8.829997 8.879553 8.926962 8.975063 9.024748 9.075712 9.191907 9.252634 9.319785 9.445024 9.517260 9.695360 9.751649 9.924918 10.048564 10.098359 10.380524 10.442437 10.491406 10.595634 10.707369 10.760266 10.866174 10.927201 10.987417 11.108265 11.273929 11.506843 11.672528 11.724911 11.773058 11.933582 12.046949 12.099303 12.262445 12.316420 12.416476 12.478176 12.577781 12.628280 12.828039 12.876533 12.924410 12.983234 13.035356 13.085962 13.185186 13.389366 13.537878 13.588209 13.745800 13.900248 13.953279 14.001491 14.051192 14.156274 14.207884 14.472643 14.524158 14.626136 14.784249 14.833865 14.932172 15.042560 15.090278 15.145934 15.201946 15.254371 15.321161 15.370835 15.428243 15.475732 15.621816 15.686377 15.749202 15.855981 15.904136 15.954358 16.005274 16.056329 16.106592 16.154053 16.208772 16.278328 16.331409 16.492974 16.544582 16.661232 16.713939 16.763271 16.812757 16.870851 17.073468 17.122372 17.173432 17.222383 17.369281 17.419421 17.469856 17.521918 17.571568 17.626600 17.775660 17.828022 17.880034 17.931965 17.988454 18.041031 18.091703 18.141260 18.357214 18.407641 18.507042 18.558554 18.710845 18.819372 18.871193 18.921429 18.970318 19.019431 19.117566 19.175269 19.288072 19.382430 19.430417
Elapsed_time: 19.430417
Score: 190718.698676
201
311836.049272 303807.361085 259353.596033 257855.127496 257814.338721 257071.170606 256064.310401 253518.020322 252896.198849 252879.379489 252336.445808 252239.936733 252102.313852 251984.451802 251689.720482 251493.978192 250950.864451 250486.430689 250467.955872 248169.646269 247631.190005 247195.103346 247172.655554 247132.339069 246951.558841 246571.920717 246537.800232 246311.294588 246194.913472 246096.055883 246079.178984 245918.331723 245639.238665 245189.744601 245088.948881 244751.650400 244675.803275 244655.338556 244566.915079 244435.893715 244178.029447 243574.567101 242710.554907 242463.083805 241531.042307 240621.238295 240614.042000 240551.037617 240486.084324 240353.023246 240115.810968 240014.289500 239983.074470 239968.368448 239855.907542 239699.449276 239287.061670 239262.485156 239113.477907 238765.304872 238635.412103 237524.704084 236913.330138 235255.720295 234815.073580 234806.626141 234785.565136 234408.848275 234374.761232 234231.713560 234209.880456 234029.149653 233864.608871 233583.795384 233253.054740 233103.080602 232916.254962 232893.436602 232127.113831 231267.014896 230728.785419 230534.217008 230276.079897 230049.252196 229792.080986 229347.883372 229221.388923 228995.932720 228800.958725 228492.172812 227888.835911 226813.708209 226534.181747 226286.918501 226047.528391 225875.451373 225626.078704 225123.000964 224912.086263 224897.010833 224511.988011 224232.031791 224143.006407 223998.705472 223923.342139 223889.717339 223766.765851 223756.662272 223683.678704 223566.970759 223422.948159 223409.520909 223302.788897 223216.961850 223064.333018 222171.922345 221485.137757 221042.364112 220432.280880 218960.422513 218276.795429 218220.214348 217884.357078 217614.951960 217478.354880 217359.830929 217198.399873 217042.189906 216773.539076 215979.463238 215014.614421 214094.461721 212542.946284 211942.643011 211509.016068 211306.117764 211302.845706 211132.801437 211036.722626 210799.628766 210664.763283 210269.148104 209903.235061 209890.452537 209621.526336 209293.931067 208766.164034 208228.617131 208008.310227 207507.008717 207463.360613 207282.579257 207127.499922 207081.419074 207017.333664 206895.665109 206706.865016 206515.712208 205420.269268 204787.426321 204703.831822 202961.282996 202656.547763 202132.850035 201487.587969 201237.663193 201029.610558 200789.222065 200614.947215 200281.131412 199934.851198 199781.939941 199667.183477 199650.517276 199464.673217 199201.148715 199048.281595 198868.043587 198758.889064 198704.630701 198512.843401 198389.133005 198372.382038 198279.301953 198156.220193 197993.794178 197713.765196 195716.659283 193849.796800 193723.929397 193699.545672 193198.401841 193157.629090 193048.909501 192980.830547 192798.874785 192584.468294 192509.624092 192437.281040 192263.339090 192093.367493
1.540579 1.840001 1.893893 2.051859 2.256026 2.304806 2.353571 2.403832 2.454122 2.659478 2.707420 2.860706 2.908849 2.956940 3.005760 3.109724 3.167282 3.216509 3.268084 3.368540 3.470034 3.519063 3.744320 3.793155 3.842685 3.892558 4.041037 4.094666 4.144807 4.193403 4.344838 4.395111 4.494292 4.557600 4.710510 4.767331 4.871451 5.048058 5.098499 5.152472 5.204089 5.255906 5.357311 5.415204 5.465701 5.516155 5.619659 5.669906 5.718139 5.869742 5.918126 5.970164 6.143036 6.191426 6.250868 6.305410 6.359805 6.514713 6.563850 6.614425 6.722233 6.772942 6.921954 6.970507 7.182220 7.280401 7.428189 7.476531 7.527097 7.576471 7.732032 7.781669 7.882488 7.932669 7.982271 8.275561 8.325130 8.586580 8.634072 8.685874 8.741307 8.791563 8.843366 8.896800 8.943868 8.995939 9.160783 9.209827 9.360122 9.410929 9.461430 9.515732 9.568461 9.637742 9.756318 9.807549 9.864695 9.921818 9.973186 10.072385 10.129136 10.230546 10.330406 10.382855 10.482305 10.531543 10.693179 10.741151 10.900777 10.952060 11.006791 11.164615 11.214657 11.264140 11.312225 11.362254 11.415589 11.522755 11.572850 11.622758 11.673528 11.773742 11.822330 11.877396 11.929371 11.977629 12.028451 12.083578 12.132511 12.185433 12.288709 12.344057 12.397320 12.508338 12.559789 12.613676 12.665355 12.715336 12.826020 12.874333 12.992492 13.041199 13.242477 13.493386 13.597775 13.652301 13.709774 13.773016 13.827762 13.885228 14.056460 14.109745 14.158762 14.317243 14.367468 14.418689 14.467133 14.577793 14.629135 14.694243 14.793487 14.843435 14.946632 14.994978 15.042274 15.101120 15.149524 15.200459 15.248747 15.299306 15.349894 15.508460 15.624744 15.826665 15.929663 15.978030 16.034036 16.136938 16.233297 16.353163 16.553635 16.711350 16.758708 16.808883 16.858309 16.906523 17.072265 17.128488 17.223849 17.321242 17.476130 17.536481 17.796276 17.849534 17.947281 17.996356 18.048205 18.152218 18.203293 18.250465 18.352082
Elapsed_time: 18.352082
Score: 192093.367493
3elt
L-BFGS
201
32607711.945912 31863007.800132 31170777.187292 29983739.242890 26358622.573748 16711731.185064 11745794.876616 8402802.232481 6589780.049380 5253942.888067 4171681.329949 3609746.337678 2989544.470089 2613310.560352 2557363.864269 2546727.809866 2543588.228452 2538244.526295 2529801.818509 2520020.533215 2515893.687256 2507124.855227 2428379.939388 2423798.288913 2403941.462525 2362520.421771 2360876.526631 2360835.843657 2358363.808155 2358177.589587 2357326.526006 2356471.323078 2353424.744433 2352967.445577 2352962.227550 2350834.832672 2347742.124027 2343944.937344 2340602.662089 2339675.050664 2337525.432871 2337288.254381 2337035.893161 2335653.230936 2334550.835520 2332224.602008 2328006.654460 2322423.546753 2299990.647204 2299807.437913 2298313.270723 2298099.955292 2298097.577371 2297636.187930 2297267.671434 2296377.744876 2295807.173946 2294822.975928 2293562.917709 2293516.092310 2292931.527575 2291496.194734 2289783.280634 2288589.681466 2286572.639183 2282914.194555 2282528.033059 2270273.911101 2267471.049122 2267413.493925 2266898.546686 2260968.856840 2259442.210095 2249476.503594 2245997.680209 2244613.026111 2244565.706280 2237691.851008 2237333.610998 2237158.773826 2236926.685721 2236415.629608 2235792.140223 2235365.497695 2234979.502288 2234329.454281 2234187.972709 2233795.224831 2232092.315604 2230232.679000 2229201.972051 2228891.998373 2228720.615224 2228102.965940 2227826.960856 2226482.601154 2225843.550812 2224305.028444 2222783.697278 2220326.785704 2216779.816828 2214864.740968 2214619.174656 2214301.021883 2213272.332558 2212308.446607 2212210.878062 2211967.848903 2211746.168726 2210907.722326 2210447.433548 2209463.172083 2208789.569553 2207995.299008 2206234.640400 2205346.353860 2204218.026287 2203771.208419 2203088.657877 2200540.505771 2165296.553059 2163679.895007 2161632.359711 2154902.821848 2143157.921579 2142845.884561 2142831.816340 2142816.896626 2142736.155310 2141997.986505 2141898.851556 2141308.425965 2140879.375527 2140350.383984 2140276.096386 2139672.567729 2138266.144070 2136451.672582 2135720.319561 2135393.689084 2134146.197515 2132638.961982 2132460.652112 2131344.976968 2130332.575564 2129968.241144 2128660.945270 2127827.046949 2115125.034209 2105982.161022 2105051.002558 2104206.430325 2104170.183837 2103666.623753 2103385.589401 2102148.952647 2101324.800478 2100820.088165 2098714.689273 2097186.083437 2095936.693283 2090101.647131 2087761.319244 2087321.978321 2086200.619256 2085322.874373 2085156.790185 2084459.930013 2083274.840053 2081340.111243 2080699.580807 2080618.027293 2077047.388558 2076716.470112 2075301.380770 2073969.250637 2072027.914740 2071097.057425 2064028.680659 2063338.127234 2063096.914583 2062415.604300 2055401.586337 2044182.262709 2041850.309262 2040978.217693 2040573.262798 2040407.318802 2036178.481375 2034362.261650 2033723.303131 2033416.989249 2032991.230046 2032970.810276 2032642.388664 2031753.241879 2030620.256547 2030185.302281 2028004.507486 2026174.326360 2023208.230402
0.000277 0.535059 0.791731 1.043103 1.301981 1.553437 1.804374 2.059759 2.307827 2.543764 2.823469 3.070141 3.321559 3.572861 3.809195 4.071404 4.325740 4.602395 4.852942 5.120507 5.384914 5.666713 6.713243 6.985974 7.277448 10.075365 10.552556 12.895490 13.163035 13.442989 13.734404 13.975169 14.205035 14.937823 15.929221 16.162771 16.430786 16.667212 17.137165 17.406269 17.679281 17.930878 18.426875 18.688905 18.930460 19.189180 19.448001 19.716678 21.603522 22.374694 23.427253 24.991056 26.250249 26.511677 26.781454 27.059012 27.313256 27.566311 27.845114 28.629016 28.882985 29.139612 29.379387 29.941398 30.200481 31.199930 31.462302 31.741019 31.976071 33.541928 33.802008 34.303005 34.826014 35.066327 35.316801 35.838697 37.833467 38.086179 38.567596 39.803341 40.057585 40.310438 40.571992 41.081483 41.568036 41.800000 42.650441 42.888374 43.170106 43.439115 43.665417 43.898311 44.901587 45.130977 45.366232 45.827521 46.069969 46.308160 46.564399 46.804190 47.098384 47.334448 47.588995 47.827079 48.078351 48.319349 48.821494 49.329358 49.829068 50.095697 50.356071 50.607960 50.854827 51.124109 51.389179 51.622232 51.867901 52.620436 53.399356 54.420865 55.416191 56.179526 56.423795 56.674036 57.155057 58.404509 59.134948 60.082514 60.316722 60.552352 60.828750 61.062027 61.312715 61.545479 62.228653 62.456343 62.703807 63.584350 63.818562 64.539219 65.287836 65.521735 65.750546 66.006067 66.238821 66.482254 66.742042 66.986981 67.221443 69.572239 70.048273 71.265972 71.962211 72.200018 72.436908 72.660605 72.888407 73.126801 73.366728 73.593412 74.069982 74.305598 74.543712 74.793308 75.021844 75.262338 75.726850 75.984053 76.219521 76.443545 76.675866 77.401711 77.870337 78.364654 78.601708 78.827329 79.060226 79.297993 79.786452 80.014460 80.767923 81.019603 81.258554 81.748464 82.432008 82.657238 83.846004 84.529662 84.987923 85.213363 85.702327 85.966467 86.442896 87.132071 87.401274 87.674685 87.906515 88.134790 88.366966 88.628572 89.017749
Elapsed_time: 89.017749
Score: 2023208.230402
201
32888839.058026 32132230.182719 31417638.144509 30102272.363179 26208189.448472 16985121.357781 11653416.359893 8738953.627676 6616807.579929 5020127.445385 4247759.829195 3440945.147297 3035893.842977 2647857.753387 2570739.728558 2570511.752528 2565800.306360 2560026.655012 2553508.534820 2548519.375841 2543589.645931 2537137.397150 2535301.497818 2519762.424507 2471235.089004 2439790.672480 2439537.056901 2435030.896216 2431723.536949 2429210.347043 2410775.479228 2409742.386559 2409628.220858 2407677.041934 2407517.363163 2407037.891428 2405744.642618 2404345.557072 2402645.010452 2400389.051885 2396021.211030 2395250.951826 2387589.314190 2383332.310117 2381544.734295 2380196.364806 2377777.086759 2375107.363951 2373745.382279 2316725.222673 2297252.909791 2296788.545456 2293912.069407 2292807.195042 2291338.509568 2287404.808361 2286610.780261 2285186.912147 2285105.885938 2283827.451433 2283668.869328 2282739.778583 2280169.228917 2275800.074085 2274736.110999 2273829.802077 2272243.969831 2271421.997454 2271107.743559 2269420.900530 2267436.054073 2266189.338695 2263577.840029 2254874.402013 2245781.309951 2245600.427207 2245431.814302 2244584.757986 2243911.781605 2242491.425243 2241726.384279 2236261.861715 2233892.605730 2232556.806055 2232380.905192 2232327.114391 2229527.512851 2229312.900813 2229202.330416 2228662.818115 2228316.515708 2228135.973407 2227805.270192 2227287.005056 2226776.337772 2226531.278722 2225641.242912 2224736.649594 2221445.486094 2218473.357307 2216774.109808 2215884.604592 2214857.802304 2214468.428965 2214443.340862 2212242.156180 2209989.243795 2191085.659374 2191067.978264 2178597.131606 2171483.651915 2165927.770265 2162773.261435 2160600.053120 2157222.709217 2157063.024950 2156816.961453 2156799.762239 2156154.734509 2155521.929018 2153192.701478 2153120.144423 2152996.950968 2151944.412967 2151664.905192 2151068.584310 2150490.767348 2149664.992281 2149069.098387 2146616.220154 2145115.370401 2142849.411635 2141414.226329 2140391.705153 2139444.746917 2135945.794463 2132473.601256 2127969.086972 2125076.642260 2116699.539181 2115668.699446 2102977.810254 2100612.317513 2100448.138913 2098545.253453 2094628.537890 2089780.710311 2083905.899714 2083854.091365 2083744.354129 2083271.145230 2082717.900641 2082128.137265 2081865.245411 2080930.098313 2080469.043746 2080218.603577 2078145.826770 2076943.178120 2076060.803764 2073930.456391 2070050.966676 2069028.949197 2068905.719608 2067906.323487 2067340.252853 2066623.951732 2066084.525643 2065792.533684 2065504.472584 2065054.387383 2064541.165963 2064461.554790 2064177.552604 2063658.369701 2063125.552582 2062697.506519 2060675.829863 2059217.418696 2054728.573949 2054492.563721 2053845.030656 2045189.002931 2044858.584325 2043492.948644 2041789.448898 2039068.757175 2037655.626698 2037543.308454 2037137.908636 2036803.366595 2036285.586428 2036090.225329 2035662.000077 2035155.214265 2034177.001133 2033172.603451 2030801.616836 2030255.568339 2026925.184908 2022468.674006
0.000178 0.537993 0.782841 1.014544 1.259141 1.493424 1.734458 1.978803 2.209962 2.439350 2.673026 2.943008 3.175991 3.399729 3.639213 4.697482 4.958883 5.186596 5.454171 5.692773 5.953700 6.193339 6.666877 6.900117 7.139675 7.379572 8.603141 8.874663 9.374324 10.088150 11.051884 11.775578 13.406482 13.667469 14.155043 14.624211 14.856546 15.098104 15.581465 15.842045 16.097512 16.574885 16.841325 17.089623 17.321001 17.568083 17.830668 18.081753 18.314984 19.057470 20.502953 21.469298 23.384267 23.610045 23.853037 24.099055 24.562069 24.792524 25.254822 25.487082 26.427153 26.655046 26.900830 27.141623 27.609696 27.843091 28.074089 28.316446 28.787182 29.018116 29.254592 29.741738 29.998153 30.246521 30.495737 31.211497 31.679096 31.929351 32.178330 32.411014 32.890175 33.127280 33.360139 33.820993 34.304176 35.263208 35.496822 35.981183 36.687646 36.916885 37.173118 37.636146 37.882616 38.126925 38.352466 38.583923 38.844245 39.112262 39.376129 39.627061 40.104097 40.335390 40.561448 40.792990 41.510625 41.740361 41.974011 42.205256 43.142677 43.384959 43.619259 43.853106 44.556482 44.788762 46.765089 47.746383 48.002151 49.242777 49.474293 49.737704 51.017588 51.482510 51.728681 51.972028 52.452500 52.701543 52.949428 53.189827 53.659598 53.900816 54.137400 54.376947 54.612066 54.860345 55.094532 55.331255 55.559904 55.812709 56.064575 56.303740 56.565620 56.843669 57.082695 58.281899 58.516146 58.765659 59.000336 59.476102 61.000898 61.516738 61.766292 62.238429 62.477463 62.738737 62.977247 63.439306 63.680400 63.922050 64.178922 64.444795 64.683318 64.924321 65.174263 65.419495 65.664607 65.910094 66.158551 66.426034 66.665951 66.914778 67.160223 67.400107 68.118999 68.590885 69.080924 69.321847 70.058347 70.552283 70.794917 71.292945 72.280927 73.497778 73.752866 74.225039 74.984610 75.218377 76.895646 78.338557 79.554087 79.788549 80.538016 80.783007 81.515035 81.767362 82.019599 82.259762 82.506425 82.744156 83.475199 83.718643 83.950030
Elapsed_time: 83.950030
Score: 2022468.674006
201
32735851.577648 31997764.403679 31273436.311516 30165116.491790 26372178.267260 16781416.683393 11671126.952671 8707944.462518 6756484.718313 5394560.663529 4289116.872692 3450301.319926 2987971.897681 2787045.188453 2596275.114902 2565765.994426 2565406.771411 2562638.252438 2559700.761731 2551311.660974 2548751.178784 2542855.928504 2533505.045198 2530134.881578 2521859.376329 2487412.096663 2439862.939594 2370134.651141 2370097.388103 2367480.616856 2366712.275613 2365978.093499 2365238.809565 2360440.938018 2354738.894184 2353445.012481 2350631.136769 2347056.455162 2344775.428892 2342462.783213 2340891.348379 2339003.294289 2336197.684616 2332673.535721 2329289.098186 2322607.998445 2303066.780688 2298332.088707 2298238.040740 2296423.752075 2294174.441372 2293865.364063 2291761.618630 2291602.264410 2291023.329183 2289564.772593 2287310.240088 2284516.157375 2282214.882240 2280118.237871 2279475.654087 2279302.704346 2278407.450214 2278062.292469 2277450.076020 2275735.780919 2274986.285052 2274212.324522 2274049.658681 2273921.975755 2273134.341715 2272655.439165 2271731.131888 2270819.958351 2269774.469323 2266324.149252 2265141.686005 2253469.952463 2250262.246203 2250065.124826 2247923.202356 2245028.405262 2243648.035914 2240416.332323 2240302.583820 2239647.959266 2239386.863705 2237485.927119 2236464.376942 2234347.332637 2232963.859694 2230985.090587 2228232.428028 2225813.291371 2223927.692714 2222871.088645 2221514.555110 2221349.912849 2219068.915314 2199557.674226 2198312.265871 2196213.210638 2195897.231681 2195823.263562 2195323.348660 2193324.126790 2193031.249754 2192491.331277 2192464.860819 2188918.462307 2187136.017973 2187022.172660 2186080.406760 2185682.351772 2185301.988600 2184586.188733 2183275.380693 2182399.614009 2180670.875712 2179373.325887 2177298.312203 2176005.435389 2174394.533290 2163358.291011 2163219.813275 2163022.449140 2162630.352029 2162202.865373 2161544.695644 2161026.298457 2159088.162799 2158220.065689 2154915.665756 2151539.741351 2147710.967306 2145735.358072 2144465.426454 2144248.270005 2143267.722185 2142769.618714 2142484.941375 2142052.879698 2141605.106331 2141250.220944 2140813.027435 2140628.343912 2140509.024279 2124799.823363 2120667.290499 2120503.705793 2103438.404539 2101827.337150 2101789.855280 2100822.372244 2100641.970766 2100432.395182 2100201.288966 2098179.649701 2098148.829770 2097873.432408 2097830.368321 2097583.645869 2097083.481898 2096036.140894 2094398.031852 2093442.371901 2093387.955228 2092682.722288 2089291.568854 2088027.405967 2085788.556560 2083858.353411 2082819.736852 2073964.335103 2072222.047869 2066252.669234 2066059.917630 2065796.658918 2065212.784743 2064443.474924 2062395.390514 2061405.755089 2060632.177895 2059858.924157 2056745.014494 2056194.664287 2055520.565599 2055048.087410 2054505.773572 2053871.899436 2053668.463798 2053633.301562 2053400.112876 2052704.420942 2052501.655381 2051880.771990 2049113.829114 2048535.866294 2045187.316602 2044186.043251 2042815.729466
0.000169 0.479742 0.721510 0.984931 1.232783 1.472012 1.711099 1.938674 2.166918 2.395310 2.634402 2.863907 3.101978 3.338510 3.562323 4.057082 4.530736 4.772289 5.003971 5.241746 5.474093 5.709331 5.950217 6.183390 6.412590 6.643018 6.886043 7.377325 9.057905 9.291590 9.531844 9.775551 10.028501 10.266640 10.513958 11.243627 11.489321 11.953357 12.195565 12.429423 12.672857 12.899660 13.130572 13.382674 13.624038 13.877480 14.840744 15.074159 15.794023 16.039432 16.742433 16.986634 17.462089 18.187618 18.424239 18.670587 18.935996 19.180459 19.409704 19.648411 19.900836 20.376822 20.613691 20.851184 21.096756 21.342395 21.585974 21.823450 22.077140 22.315735 22.569257 22.803886 23.042631 23.278436 23.519000 24.017079 24.255520 25.026029 25.274698 26.038752 26.280117 26.742019 27.000457 27.241259 28.258399 28.496554 28.969135 29.206691 29.699249 29.938043 30.182305 30.442770 30.695319 30.929803 31.187988 31.435349 31.682892 31.932791 32.424007 34.394628 35.115668 36.589571 37.079606 37.806841 38.044838 38.553384 38.788419 39.026329 39.264754 39.495743 40.960909 41.198600 41.437255 42.631765 42.879414 43.145688 43.378874 43.634876 43.889758 44.134384 44.382618 44.633309 44.881777 45.357659 46.805627 47.758550 47.999679 48.496249 48.731720 48.998313 49.240886 49.484094 49.717921 49.956994 50.202457 50.452209 50.689753 51.205643 51.447182 51.703927 51.953256 52.200382 52.443110 52.680599 52.929224 53.168535 53.418563 53.666984 53.906941 54.139998 54.659875 55.608772 56.600383 56.864369 57.116474 57.359208 57.600008 57.850235 58.574808 59.070608 60.301336 60.546432 60.772400 60.997901 61.236264 61.713430 63.162199 63.399520 63.632363 63.878624 64.125644 64.359024 64.608376 64.840692 65.076917 65.318523 67.021576 67.254464 67.482996 67.718222 67.962187 68.200065 68.467702 68.717945 68.970582 69.701435 69.931754 70.177413 70.425983 70.657020 70.903343 71.867866 72.098244 72.334269 73.081554 73.330610 73.576199 73.811437 74.059381 74.300370 74.536543
Elapsed_time: 74.536543
Score: 2042815.729466
CN-L-BFGS
201
581492.691115 562101.249846 465386.129840 454853.335123 454798.574946 454142.607380 453349.415265 452856.644177 452491.029086 452175.184254 450812.561255 450711.097723 450251.405452 450113.385161 449791.093233 449128.344494 448462.875246 448356.727416 446217.526406 445493.176206 444702.213087 444322.060372 443840.751688 443380.912802 443140.351290 442868.462835 442478.633617 441858.300316 440481.896842 438189.582539 437996.705849 437519.097148 437219.758882 435830.006648 433537.564489 433500.417491 432771.994326 432279.800295 432109.699585 432055.733556 431891.303398 431790.907657 431414.387008 431261.839299 430946.670044 430870.568518 430828.346638 430553.746339 430461.615081 430452.505689 430324.429142 430266.226091 430072.801968 429941.522104 429771.125767 429108.814624 428981.906489 428947.492222 428590.053298 428336.558998 428257.837575 427879.930149 427682.784705 427178.498585 427140.296264 426833.897271 426359.236887 426256.236361 426176.883670 425898.274545 425658.321323 425086.324661 424250.776624 424113.936501 424070.933815 423840.734948 423597.393057 423476.000090 423243.520640 422692.534998 421637.437259 421204.559703 420803.087307 420420.434304 419908.117702 419191.587521 418293.684068 417487.937567 417182.681004 417039.698192 416892.616531 416798.856248 416791.014878 416780.380514 416709.060136 416696.418846 416694.453676 416653.305727 416548.086812 416426.287340 416216.021818 415886.334839 415679.051993 413965.964921 412972.451392 412708.936242 412642.339373 412067.172640 411984.768299 411910.820936 411831.883024 411690.177064 411263.791901 410776.187216 409102.408826 407667.713155 406592.647974 406342.360301 406289.393794 406251.494222 406011.741778 405933.950192 405873.216435 405665.243117 405327.049219 405071.688747 404739.843232 404284.817041 404052.717526 402108.160664 401959.298287 401507.769013 401120.294476 400573.044704 400026.620440 398981.420168 398806.477577 398468.466378 398062.580923 397721.605714 397657.603759 397561.176172 397558.853001 397394.431361 397199.634445 396958.998039 396603.248697 396203.568666 396103.877453 395995.264958 394885.264593 394632.659328 394599.199383 394335.112983 394310.047456 394198.564620 393865.584416 393817.187840 393794.865293 393755.657674 393500.897847 393419.073049 393100.297537 392646.451295 392181.619274 390792.329797 390019.214579 389995.840274 389225.357699 389021.970343 388673.840745 388465.053089 388367.115896 388316.070657 388109.802630 387591.325675 386606.750433 384060.090880 382857.988553 382834.483393 382239.508313 381959.731616 381933.358017 381909.534505 381822.671024 381731.868008 381636.441423 381423.003479 379905.601208 377117.160937 376979.740302 375506.154979 375311.154251 374927.307726 374888.604720 374673.426197 374616.241697 374578.992893 374395.632590 373947.876988 372602.197780
5.556715 6.825153 7.024180 7.429542 8.581587 8.771300 8.975603 9.170437 9.368540 9.573877 9.764912 10.160528 10.364858 10.741918 10.940601 11.134517 11.327180 11.929485 12.306376 12.921267 13.114880 13.323192 13.518354 13.707375 13.901465 14.104855 14.299316 14.498352 14.718992 14.915423 15.504754 15.703652 15.912867 16.113325 16.326925 17.138841 17.344214 17.743212 17.944964 18.742689 18.937841 19.131132 19.323162 19.529339 19.718159 20.117243 20.525300 20.724564 20.919329 21.705136 21.890307 22.088729 22.295782 22.484794 22.689733 22.879776 23.067557 24.047949 24.239078 24.636998 25.256474 25.441818 25.841986 26.040336 27.036631 27.231434 27.635206 27.828637 28.022674 28.214911 28.405653 28.590655 28.785085 29.172612 29.558688 29.780538 29.984764 30.357941 30.547557 30.743973 30.936469 31.128693 31.316733 31.510029 31.705871 31.900010 32.093050 32.293562 32.701597 33.708462 33.921188 34.704046 34.896038 35.288720 35.499541 35.685729 36.468522 36.663776 36.863426 37.069408 37.262940 37.859609 38.444385 38.644799 39.066390 39.252404 39.649361 39.852252 40.454463 40.639622 40.828284 41.022358 41.217732 41.615924 41.819326 42.016565 42.225497 42.419074 43.006820 43.401319 43.594131 43.785730 44.163836 44.358258 44.549751 44.935990 45.140542 45.360263 45.561212 45.954879 46.552099 46.747298 46.952498 47.151705 47.364025 47.550616 47.944624 48.138961 48.330919 48.708963 49.307152 49.699752 50.110723 50.303845 50.684013 50.872101 51.068368 51.266505 51.456939 51.841643 52.232179 52.614845 53.220511 53.434402 53.619013 53.814845 54.023131 54.660983 55.427518 55.631071 55.848479 56.056507 56.446429 56.646724 56.841166 57.251929 57.634455 58.395679 58.586391 58.968027 59.573102 60.174042 60.560659 60.942854 61.156696 61.347516 61.538360 61.721928 61.910044 62.694949 62.892501 63.087654 63.695150 64.309813 64.499215 64.703657 64.892027 65.122366 65.318984 65.759860 66.150115 66.370222 66.570803 66.804082 67.206462 68.050363 68.478817 68.675344 68.878775 69.066691 69.486968
Elapsed_time: 69.486968
Score: 372602.197780
201
587818.347901 568216.680034 469981.740571 464897.409071 461107.628053 456834.408992 456657.635986 456434.319134 456221.815256 455376.682319 455192.828528 454959.607935 454627.574446 453993.047222 453351.461886 452253.439215 451058.273155 450300.478399 448803.058217 447789.751693 446893.715561 446674.330601 446663.683329 446228.860656 445728.016836 445696.943717 445599.018015 445449.743554 445266.208891 444882.382138 443875.413261 442667.708839 442348.314022 441432.899903 441392.395744 441098.955999 441000.843639 440491.717553 440257.549520 439399.894933 439396.835547 439015.871397 438840.619447 438811.761253 438575.815705 438356.744723 437929.821644 437770.119335 437401.297992 437363.525150 437226.693014 437158.176200 437090.584049 436968.291231 436632.939785 436326.271091 435885.938487 434971.790332 434213.826536 433821.943786 433672.032467 433628.190759 433495.851397 433377.794247 432055.760378 431997.316326 431133.678668 429878.820335 429648.135934 429647.643791 429277.627199 427800.461217 427646.169742 427371.155911 427240.858237 427004.319401 426736.421395 426546.616837 426431.880539 426160.744190 425829.814818 425545.690909 425527.096528 425175.177992 424320.367322 424209.272375 424089.943647 423931.355867 423787.718399 423519.758924 422706.701519 422583.155526 422547.615751 422212.297429 422056.390121 421730.640271 421587.661303 421011.554465 420881.077040 420649.450522 419996.267614 418482.834806 417470.858291 417351.414713 416846.182891 416753.375957 416507.435813 416495.852142 416389.283741 416225.058958 415908.515758 415664.664817 413389.372004 412141.818152 411516.100640 409854.155495 409479.273880 409043.646612 408490.444130 407476.971282 404612.243259 403415.027690 403164.191173 402395.320063 401786.833728 401705.871451 401552.716382 401411.833240 400895.781679 400707.792756 400281.582241 399915.451064 398731.875434 395375.480559 394746.787668 393421.438932 393320.493216 392826.195713 392558.182394 392503.489398 392391.143311 392319.734206 392045.373599 391885.933373 391772.109742 391567.898539 391332.669810 391012.358483 388972.542149 387371.648880 387272.251411 386032.662244 385893.726481 385595.652572 384963.812052 384753.115479 384744.746567 383938.206414 383541.089969 383462.531886 383160.578615 383027.400556 382723.369938 382465.149485 382199.042822 382185.419113 381902.220029 381538.430097 381033.238467 380803.644749 379475.494650 377368.161171 376188.075810 375275.975655 374754.978201 374288.416476 374057.060798 373509.571840 373018.970407 372788.488136 371625.544470 370826.637222 370152.446097 369011.338529 367938.102866 366780.346390 366460.109120 365262.540274 365112.536893 365091.032881 365005.575197 364984.666541 364903.412162 364754.116881 364265.998150 362343.894316 360398.162214 358147.200434 356894.666467 356162.330699 355718.824530
5.850248 7.169482 7.420184 7.862995 8.060885 8.270384 8.855603 9.092758 9.297586 9.509462 9.942115 10.142295 10.342866 10.548894 10.738229 10.948399 11.168758 11.369550 11.553747 11.776880 11.996953 12.199149 13.013649 13.222188 13.415095 14.224394 14.434090 14.843218 15.036317 15.261839 15.478059 15.711309 15.909291 16.091629 16.289155 16.482873 16.670252 16.869722 17.062838 17.253131 18.019183 18.219452 18.803012 19.218248 19.422190 19.641633 19.851688 20.039535 20.234530 20.653337 20.866442 21.630738 22.026837 22.217115 22.417823 22.614982 22.802232 22.997430 23.191946 23.383880 23.613738 24.199882 24.381155 24.575084 24.761857 24.963545 25.152582 25.346686 25.537006 26.526284 26.908401 27.113735 27.301689 27.500556 27.703240 27.898172 28.281754 28.470711 28.664623 28.863921 29.073568 29.274582 29.655030 29.852914 30.075138 30.661978 30.858543 31.046965 31.240205 31.441730 31.645827 31.838357 32.590408 32.769726 32.970087 33.168122 33.356291 33.544203 34.146472 34.343905 34.541460 34.725685 34.919428 35.502173 35.886595 36.263788 36.456929 37.209367 37.394231 37.779364 37.981255 38.385522 38.573028 38.765534 38.951830 39.143564 39.522128 39.717874 39.913530 40.116053 40.303873 40.493483 40.686991 40.880707 41.284437 41.841104 42.043385 42.418294 42.610279 42.800499 42.992646 43.179764 43.363565 43.559318 43.944789 44.124130 44.716148 44.910752 45.109543 45.303070 45.488375 46.053661 46.234311 46.795660 46.988151 47.174521 47.365912 47.754019 47.946736 48.147537 48.742249 48.933169 49.328998 49.533255 49.721646 49.916700 50.121297 50.312318 50.496626 50.876502 51.072969 51.261164 51.449077 51.635493 51.826160 52.209616 52.603676 52.797391 52.989892 53.373369 53.570716 53.779312 53.966387 54.158452 54.356438 54.543825 54.748353 54.932470 55.114017 55.297299 55.488090 55.678365 56.070305 56.258688 56.463547 56.659308 57.233910 57.422177 57.610150 58.378018 58.570702 59.161567 59.360009 59.740979 59.942060 60.140533 60.335252 60.907063 61.103059 61.292267 61.480457
Elapsed_time: 61.480457
Score: 355718.824530
201
588471.767895 568951.886355 470204.323553 457555.457299 457359.150377 457354.260296 456190.077999 455862.946699 455654.930882 454816.361465 454094.107618 453553.615480 453463.618951 453275.311768 453036.509372 452394.565191 451350.750504 450711.621951 449705.454917 448276.858314 447672.281727 447645.465154 447290.942267 446996.208064 446958.225550 446853.094500 446680.529477 446581.528356 446287.483146 445952.774932 445287.207745 444442.194513 444379.593480 442913.007015 442546.329795 442266.932145 441910.517107 441617.896735 441324.449009 441110.930740 439797.339245 437929.676432 436830.847222 436732.334270 436588.634647 436515.024443 436457.274658 436360.737048 436330.825044 436198.310156 435996.629308 435623.387095 435432.632161 435286.576154 435119.093259 434835.968493 434476.498420 434194.025862 433748.697443 433623.818169 432955.761106 432907.197490 432852.236159 432658.104461 432353.689266 431631.389143 429872.418119 429845.054480 429526.774845 429413.759117 429401.482002 429136.239932 429093.935207 428883.280094 428612.038930 428279.899216 428028.177351 427792.139336 427408.481928 427072.580982 425851.913294 422966.548204 421714.452876 421626.459678 419950.738786 418829.843168 418670.749788 418601.801318 418513.383973 418414.696647 418223.956635 418020.900610 417581.152241 417056.762250 417004.272835 416103.218018 415525.677999 415148.179858 414424.718672 413311.067684 410834.227810 409279.759097 409190.538157 408631.578771 408515.031709 408281.070162 408198.684176 407830.267977 407689.289050 407415.634535 407173.642636 406814.279217 406423.969813 406211.940973 405598.076903 405164.187166 404484.504752 404217.882183 404129.469759 404111.852710 403765.101109 403398.137094 402457.129768 401460.653484 400016.300485 398067.200915 397391.191588 397240.699726 397058.520098 396925.734151 396746.366653 396728.079453 396697.749031 396672.934863 396503.514109 396474.603084 396252.976775 396207.741937 396089.995430 395586.528057 395278.785657 394816.314006 394737.457072 392459.497117 391215.943421 389890.926854 389795.652741 389401.876709 389124.560435 389056.718946 389016.747562 389005.126408 388863.565583 388831.997662 388760.575729 388529.594824 388225.308233 388214.504583 388157.921525 387822.196882 387657.554536 387581.353816 387503.078101 386912.185735 386080.499275 385190.802752 384780.095437 383844.971115 382002.295052 380371.791423 380267.492537 380197.392166 379587.019137 379464.911975 379303.668896 379116.071269 378839.155916 378544.015513 378241.601633 377741.494226 377725.335262 377234.749408 376812.826343 375657.728889 375334.760970 373689.200281 372886.632050 372621.420046 371525.005684 371261.865165 370468.480040 370153.520272 370150.405645 369851.214119 369392.721731 368947.324799 366456.481140 366252.131242 365762.783108 364952.592028 364238.720741
5.436268 6.635890 6.832010 7.223896 7.603344 8.792724 8.987705 9.389679 9.581568 9.789242 9.983553 10.383150 11.385126 11.590306 11.800992 11.990733 12.190995 12.395563 12.590157 12.790490 12.979175 13.375662 13.564335 13.754872 14.181527 14.372330 14.577899 14.782732 14.974834 15.183722 15.375998 15.562809 16.545481 16.735744 17.126306 17.322806 17.513203 17.703198 17.895859 18.099226 18.328936 18.521836 18.718841 19.110217 19.733805 20.354404 20.963110 21.166179 21.752612 21.940718 22.129098 22.340774 22.537362 22.915437 23.117689 23.308315 23.508448 23.706533 24.121697 24.515571 24.709666 25.287899 25.490975 25.703253 25.901979 26.100256 26.524016 27.116293 27.350973 27.730112 28.330297 28.528863 28.913313 29.122845 29.317005 29.520274 29.913110 30.112827 30.303133 30.489741 30.678105 31.071880 31.257579 31.812846 31.999501 32.393906 32.583747 32.772417 33.332746 33.521147 33.705281 33.888304 34.266768 34.458508 35.013162 35.204719 35.409507 35.603941 35.791039 35.975409 36.178216 36.368332 36.952284 37.142274 37.746725 37.937492 38.130435 38.336497 38.525183 38.731981 39.306381 39.491124 39.689420 39.874117 40.060447 40.250317 40.444053 40.639054 41.022500 41.782726 41.973310 42.161167 42.354189 42.558086 42.750254 42.943477 43.347214 43.911485 44.100876 44.288361 44.486482 44.688041 45.264437 45.457119 45.845927 46.237481 46.633934 46.819323 47.192555 47.375129 47.563181 47.941500 48.134815 48.327156 48.714520 48.919608 49.298256 49.704231 50.087014 50.703002 51.094661 51.665077 51.851424 52.635249 52.824054 53.014769 53.218806 53.594601 53.785943 53.978098 54.362147 54.763628 54.959548 55.148048 55.353228 55.544595 55.928430 56.122015 56.336056 56.531560 57.704119 58.670447 58.859041 59.444358 59.857855 60.201329 60.407720 60.621361 61.004301 61.197091 61.385661 61.757785 61.959451 62.147298 62.521443 63.279718 63.483674 63.876061 64.076403 64.480097 64.690435 64.871839 65.458490 65.678457 65.864801 66.058052 66.251069 66.846729 67.029071 67.214219 67.394004
Elapsed_time: 67.394004
Score: 364238.720741
