7 2
cycle300
L-BFGS
401
138167.243218 131719.917257 122643.248907 122248.804055 121828.018589 120144.778806 116957.705398 106019.476865 78225.187291 46782.561375 41302.799762 38967.252855 33641.243131 23304.344012 20464.098319 17108.826019 16759.252382 16562.849555 16184.215981 15844.531176 15489.497001 15319.186893 14910.606019 13302.396898 9948.934786 9846.069644 9563.316351 9357.098660 9322.289378 9263.728249 9202.224623 9134.739291 8970.131436 8909.341619 8802.511125 8740.710580 8678.369146 8631.429797 8411.323791 8168.710217 8080.931790 7956.917438 7748.853720 7685.515158 7564.402157 7559.919614 7531.763901 7403.081010 7348.713996 7265.487228 7117.637894 7103.393645 7091.917674 7044.640000 7023.028758 6999.459729 6821.245205 6652.505111 6640.118499 6608.806148 6578.319310 6537.337689 6507.943957 6496.748988 6460.206233 6401.794339 6379.530657 6366.811190 6333.225985 6283.087380 6254.452005 6250.983942 6222.414111 6204.724589 6194.017028 6178.796893 6176.228913 6157.039180 6152.592416 6148.899739 6119.470164 6056.489415 5917.747745 5845.178888 5843.751333 5701.543173 5692.773312 5678.627545 5619.679252 5544.607136 5512.025453 5510.337951 5484.367075 5401.913664 5369.044384 5324.518324 5310.068133 5273.526811 5224.981152 5170.365636 5053.496809 4996.972296 4974.163903 4933.684077 4890.614090 4869.205341 4860.071554 4835.348152 4813.477395 4769.321199 4706.690600 4660.708859 4541.479180 4495.065396 4464.837253 4439.530727 4434.185521 4402.922405 4387.816887 4352.666414 4323.793842 4286.900526 4206.762754 4198.055017 4173.321996 4116.997363 4059.567698 4006.921228 3971.018227 3963.699334 3936.354587 3910.119534 3904.302377 3854.303348 3789.482474 3787.961678 3744.634717 3710.633520 3695.285494 3684.206667 3677.159352 3672.296805 3647.810713 3644.718003 3638.040413 3616.126923 3599.657600 3582.900239 3521.671274 3476.960358 3476.394778 3449.811891 3422.738195 3380.408336 3276.556728 3276.120490 3274.863215 3267.564908 3263.199037 3253.997016 3233.024356 3213.767796 3157.677489 3114.682669 3098.065762 3038.831785 3009.855249 2983.282474 2964.084618 2943.723135 2917.535747 2836.187914 2830.058601 2796.780415 2774.748658 2731.335287 2666.353243 2651.808807 2633.988510 2613.121279 2583.379733 2527.441038 2519.670493 2514.608630 2492.217982 2484.782443 2483.553257 2471.303291 2447.421868 2423.981626 2375.098503 2349.666598 2320.943502 2304.258114 2259.307442 2216.109578 2214.270948 2192.838891 2161.277638 2138.664882 2120.147657 2085.092599 2042.887839 2035.075497 2007.587412 2002.170391 1974.275060 1965.389864 1956.272138 1934.410510 1890.647652 1850.168931 1835.021225 1833.243920 1786.618649 1754.296269 1718.208611 1690.579953 1656.414675 1626.920659 1589.635861 1566.502453 1560.481043 1542.924212 1536.923436 1522.489950 1485.143268 1453.247349 1430.855069 1402.118761 1370.083574 1342.811315 1318.697617 1294.602153 1274.335669 1254.199487 1235.446062 1218.543324 1192.558278 1168.881218 1153.189268 1133.095321 1109.385756 1090.081511 1070.829861 1051.300533 1030.303047 997.247889 984.201950 964.349801 945.663313 944.479125 925.709551 907.740359 891.937664 881.856196 868.731718 853.376894 842.628742 827.119219 811.861708 804.106643 791.694051 772.561519 758.745062 753.224255 746.950746 736.344197 726.869518 718.281849 709.145506 697.783782 687.372113 676.595746 668.561932 661.952609 653.630394 648.565423 642.040847 637.609858 636.163800 632.420383 623.632614 616.893629 609.573670 608.298295 603.194202 596.718975 590.169673 586.579335 579.879264 575.238972 571.062997 567.927765 564.048588 560.139321 555.827667 551.893808 549.102853 545.969066 542.544689 538.604890 534.328414 529.734928 524.973324 521.427738 517.471235 514.277049 512.698677 509.714067 505.991979 500.856893 498.553771 495.285013 492.565835 487.989781 485.851493 484.187254 479.929769 476.236853 474.489930 474.171943 472.412302 469.924982 467.045070 464.202954 461.409808 458.397545 454.619044 450.114058 445.653414 442.419535 439.354726 435.678319 433.028710 430.670140 428.744472 426.937727 424.726238 422.665758 420.726828 419.271904 417.976829 416.563933 414.764890 413.267183 411.231092 409.675607 408.099628 406.436542 404.733456 403.434730 402.144246 400.990530 400.064018 398.773790 397.278196 395.756957 394.562660 393.078151 391.922265 391.385863 389.453230 388.003682 386.462394 384.891820 383.533935 382.307924 380.088866 377.530354 373.539093 369.592078 366.253560 364.084115 362.913743 361.818257 360.886661 358.757453 357.257707 355.699465 353.831391 351.926708 350.206352 348.745977 348.205824 346.209022 344.748915 342.943283 342.004730 340.190483 338.711901 337.344447 336.505269 334.994302 333.785059 332.149673 331.456245 330.207093 329.174411 328.103212 327.747397
0.000015 0.002861 0.003803 0.004633 0.005472 0.006299 0.007123 0.007995 0.008890 0.010687 0.012615 0.013657 0.016338 0.019454 0.021267 0.022684 0.023820 0.025158 0.026758 0.028189 0.029039 0.029933 0.030763 0.032457 0.034074 0.037336 0.038114 0.040592 0.043897 0.044739 0.046495 0.047329 0.048145 0.049747 0.050534 0.052176 0.052969 0.053743 0.055416 0.062104 0.065569 0.069449 0.070335 0.073414 0.078816 0.083744 0.084552 0.085380 0.086385 0.087289 0.088153 0.090068 0.092812 0.093790 0.094688 0.096484 0.098529 0.099397 0.101106 0.103588 0.105329 0.106127 0.106920 0.107751 0.108551 0.109338 0.110930 0.114220 0.116730 0.117533 0.118282 0.119097 0.119892 0.121408 0.122929 0.124464 0.126792 0.127616 0.129307 0.131468 0.132680 0.133813 0.134891 0.138692 0.140246 0.141021 0.142526 0.143316 0.144084 0.145059 0.145969 0.147665 0.148783 0.150957 0.152095 0.153138 0.155539 0.156273 0.157027 0.157757 0.158499 0.159993 0.160753 0.165160 0.166745 0.167649 0.169819 0.170520 0.171239 0.172010 0.172724 0.173428 0.174149 0.175579 0.176313 0.177003 0.177754 0.178485 0.179248 0.180282 0.181764 0.183327 0.184944 0.188137 0.188901 0.189653 0.190360 0.193793 0.195298 0.199671 0.200387 0.201108 0.201835 0.202610 0.203301 0.204721 0.205420 0.206092 0.208318 0.209278 0.211375 0.212973 0.213674 0.217311 0.218012 0.218699 0.219402 0.220780 0.221432 0.222104 0.225240 0.226106 0.226857 0.228173 0.229227 0.230652 0.233440 0.234105 0.234761 0.235413 0.236056 0.236707 0.237366 0.238020 0.238689 0.239324 0.239979 0.240627 0.241313 0.241959 0.242608 0.243450 0.246114 0.246817 0.247483 0.248857 0.249989 0.251346 0.252048 0.252690 0.253346 0.253980 0.255252 0.257818 0.258492 0.262188 0.264156 0.264768 0.265381 0.266014 0.266663 0.267273 0.267896 0.268544 0.269162 0.269774 0.271680 0.272278 0.272869 0.273462 0.274151 0.275662 0.277208 0.278494 0.279147 0.280216 0.280832 0.282688 0.283284 0.284648 0.285882 0.286516 0.288142 0.288906 0.289541 0.290183 0.291041 0.291687 0.292290 0.292881 0.293464 0.294041 0.294639 0.295225 0.295850 0.296439 0.297067 0.298750 0.300150 0.300741 0.301336 0.301981 0.302554 0.303114 0.303785 0.304701 0.306048 0.306980 0.307875 0.308459 0.309700 0.310279 0.310845 0.311734 0.312441 0.313637 0.314506 0.315279 0.316430 0.316992 0.317529 0.318067 0.318616 0.319157 0.320278 0.321857 0.322524 0.323082 0.323636 0.324187 0.324711 0.325244 0.326096 0.326949 0.327675 0.328934 0.329751 0.330512 0.331190 0.331748 0.332289 0.332817 0.333357 0.333911 0.334461 0.334989 0.335513 0.336032 0.336552 0.337056 0.338108 0.338628 0.339394 0.339927 0.340429 0.340945 0.341453 0.341954 0.342458 0.342969 0.343481 0.343991 0.344502 0.345003 0.345504 0.346391 0.346946 0.347796 0.348365 0.348869 0.349384 0.349883 0.350381 0.350893 0.351396 0.351907 0.352406 0.352917 0.353419 0.353915 0.354405 0.354916 0.355417 0.355931 0.356440 0.356937 0.357435 0.358430 0.358940 0.359438 0.359987 0.360484 0.360979 0.361575 0.362771 0.363307 0.363845 0.364365 0.364861 0.365359 0.365856 0.366363 0.366881 0.367704 0.368295 0.368811 0.369330 0.369851 0.370364 0.370893 0.371409 0.371945 0.372444 0.372949 0.373467 0.373995 0.374956 0.376202 0.376793 0.377295 0.377787 0.378303 0.378796 0.379296 0.380169 0.380869 0.381895 0.382414 0.382936 0.383452 0.383987 0.384495 0.384988 0.385604 0.386099 0.386591 0.387091 0.387615 0.388109 0.389128 0.389621 0.390113 0.390619 0.391112 0.392144 0.393148 0.393669 0.394177 0.394876 0.395372 0.395893 0.396401 0.397312 0.398806 0.399816 0.400993 0.402232 0.403495 0.404141 0.404797 0.405336 0.405826 0.406402 0.406900 0.407417 0.407922 0.408510 0.409177 0.410080 0.410805 0.411436
Elapsed_time: 0.411436
Score: 327.747397
401
135688.729242 130232.225125 129367.211641 128002.482558 119568.624714 104262.131716 75730.775281 54082.651335 43337.139830 34801.476198 22095.382854 13070.611492 12004.737940 11373.345393 9334.299610 9182.114367 9061.498209 8998.541773 8694.637359 8578.679745 8544.050557 8469.662322 8396.336734 8393.854420 8342.080834 8303.637629 8214.780927 8146.359149 8113.491015 8065.091103 7970.582591 7877.555249 7829.952409 7782.088575 7753.660467 7707.714564 7537.798659 7300.910971 7227.338999 7022.332069 6981.388646 6949.089545 6927.748784 6877.827995 6820.963892 6786.304327 6767.957904 6656.689915 6576.317690 6423.280219 6418.041705 6345.103931 6291.319692 6256.488367 6222.527316 6170.409087 6157.931578 6105.665277 6073.707895 6055.757743 5988.495032 5987.648921 5828.872626 5765.981047 5747.786423 5661.322010 5612.385914 5566.080155 5556.937583 5521.646079 5507.651242 5490.443211 5489.775978 5468.798174 5409.194994 5346.637907 5263.338272 5236.475875 5232.959270 5203.874907 5194.065258 5141.102524 5112.263336 5029.649593 4927.570975 4878.921080 4858.312283 4827.661555 4796.293597 4747.970815 4746.931198 4724.296910 4720.374801 4688.872758 4679.505477 4652.260537 4645.695757 4621.683688 4609.809825 4591.476719 4547.711622 4473.749990 4387.406414 4368.545419 4331.341049 4325.927496 4251.412158 4212.581421 4161.932437 4136.107365 4060.824706 4033.535753 4029.211383 4021.456992 3981.291080 3931.884308 3860.384012 3841.201820 3725.140131 3695.957910 3682.901636 3659.927564 3610.316379 3535.478814 3521.749063 3520.847068 3509.609786 3476.728734 3457.214089 3430.904715 3410.722599 3353.691206 3326.914843 3300.059800 3287.544998 3271.224469 3255.236878 3243.473251 3226.106800 3185.276551 3151.737772 3149.466393 3115.826975 3105.059889 3094.478502 3072.329341 3025.303357 3012.208220 3002.485255 2986.061397 2966.835747 2915.767310 2862.546915 2853.197731 2822.691840 2785.477345 2756.960152 2695.753664 2663.084294 2642.747563 2634.676235 2615.723610 2583.607283 2535.660933 2509.350399 2502.495625 2496.415316 2478.080475 2456.098426 2415.656880 2412.548780 2366.630523 2327.537177 2278.793731 2244.691015 2219.768423 2194.904943 2171.075331 2145.494728 2096.132452 2078.455807 2048.886870 2014.666920 1963.576758 1958.138752 1946.758198 1929.699572 1922.113202 1912.698120 1891.828421 1883.020653 1876.475091 1873.845836 1856.716083 1834.068621 1800.745474 1762.239399 1731.097909 1712.386482 1692.390120 1667.876145 1643.689207 1623.106263 1622.592323 1597.910178 1586.946874 1571.588433 1561.221473 1554.212408 1543.811234 1541.665613 1535.593627 1524.553099 1509.209244 1479.934818 1471.479605 1467.621159 1455.661008 1444.202110 1425.454297 1417.274535 1412.506917 1405.465443 1397.149188 1381.675754 1366.612846 1351.016042 1346.195010 1345.240512 1315.785925 1294.074611 1271.138153 1249.227236 1235.042969 1212.205982 1187.759514 1181.858233 1158.977646 1137.726850 1109.492262 1085.127293 1074.781764 1051.871437 1028.961603 1007.199995 989.312160 975.196190 961.144317 945.268830 930.254369 916.226611 905.042452 896.891174 887.751931 882.167097 877.959550 868.358726 858.152469 851.266968 841.405063 830.879140 826.132534 817.566886 807.396238 802.401616 799.404799 788.892969 787.345717 779.425403 772.176833 763.106773 759.824788 752.338637 740.748143 731.691475 729.434434 718.813611 707.144893 701.324141 696.250119 691.678916 684.686610 683.161006 676.468979 667.637484 660.443238 659.948572 649.602937 646.874812 645.520251 635.200485 630.048269 623.245747 617.484878 611.426964 607.004687 601.166277 595.589185 591.748679 586.250984 578.102492 575.282261 573.477336 571.045964 568.789191 562.148790 558.236657 553.732053 546.305206 541.331870 535.202666 529.281585 523.705728 519.329077 516.965639 512.171582 506.417022 499.866663 496.498206 488.092673 480.984824 474.668769 466.953504 459.654224 452.228150 446.952589 442.397378 435.938005 430.471259 424.642592 419.159343 413.173453 407.699264 402.833690 399.056801 395.700596 392.177457 387.687449 384.166389 381.279471 378.206875 375.758980 373.239949 370.828576 368.852775 366.789660 364.406407 362.224529 360.211548 357.485971 355.463640 352.891203 351.008095 348.966445 346.927153 344.415532 342.520635 340.916026 338.611371 337.186962 336.344861 334.436886 333.055177 330.917449 329.906907 328.872217 327.631365 326.327813 324.738871 323.631822 323.539625 322.206972 319.944764 317.510313 315.580088 313.190121 310.691863 308.904970 306.913979 304.789437 303.265557 301.067850 299.823932 297.679859 296.171524 294.609587 293.151973 291.222491 289.543293 288.555783 287.404424 286.106758 284.788867 283.730055 282.273747 280.860760 279.497823 278.085491 276.432085 275.020301 273.644481
0.000012 0.001677 0.002463 0.003254 0.004238 0.005206 0.006067 0.006930 0.007741 0.008625 0.009423 0.010463 0.011318 0.012088 0.012890 0.013664 0.014428 0.015277 0.016394 0.017595 0.019315 0.020120 0.020925 0.021725 0.022521 0.024257 0.025291 0.026288 0.027168 0.027971 0.028758 0.029609 0.030396 0.031234 0.032013 0.032784 0.034681 0.037844 0.038611 0.043258 0.044011 0.047169 0.047940 0.048730 0.049503 0.053811 0.054608 0.055380 0.056186 0.057725 0.059361 0.060127 0.061701 0.062500 0.064897 0.066436 0.068250 0.069031 0.070424 0.072462 0.073253 0.074781 0.075538 0.076280 0.077802 0.078561 0.080046 0.080832 0.083070 0.084540 0.086070 0.087718 0.090063 0.090786 0.091599 0.093848 0.096090 0.099810 0.101249 0.101974 0.102814 0.103930 0.105547 0.107750 0.108477 0.109195 0.109895 0.110602 0.111401 0.113605 0.116547 0.117282 0.117997 0.118707 0.120271 0.120989 0.121687 0.122390 0.123802 0.124509 0.125203 0.125913 0.126609 0.129453 0.130150 0.132924 0.133641 0.134327 0.135037 0.135724 0.136422 0.137122 0.138493 0.139214 0.139893 0.140581 0.141256 0.142635 0.143321 0.143983 0.144651 0.145321 0.146007 0.146673 0.148710 0.150693 0.151381 0.152038 0.152716 0.153368 0.154028 0.154696 0.155367 0.156014 0.156681 0.157468 0.158270 0.159219 0.159867 0.160507 0.164765 0.166086 0.166771 0.168078 0.168732 0.169409 0.170046 0.171975 0.172619 0.173254 0.173897 0.174559 0.175826 0.177792 0.178454 0.179266 0.179904 0.180540 0.181166 0.182415 0.183069 0.183687 0.184327 0.184940 0.186168 0.188040 0.188664 0.189283 0.190499 0.191892 0.192553 0.193170 0.193782 0.195610 0.196236 0.196835 0.197652 0.198374 0.199036 0.199650 0.200835 0.201529 0.202134 0.202759 0.204575 0.205190 0.205806 0.206404 0.207639 0.208300 0.208944 0.209570 0.210162 0.210844 0.211511 0.212095 0.212699 0.213289 0.213904 0.214512 0.215995 0.216752 0.217590 0.218160 0.218738 0.219315 0.219881 0.221010 0.221563 0.222125 0.223250 0.223825 0.224524 0.225791 0.226351 0.226942 0.228611 0.229172 0.229728 0.230284 0.230866 0.231418 0.231967 0.232527 0.233074 0.233614 0.234740 0.235297 0.236391 0.236932 0.237468 0.238033 0.238577 0.239130 0.239682 0.240221 0.240758 0.241296 0.241865 0.242425 0.242989 0.243534 0.244059 0.244587 0.245123 0.245666 0.246193 0.246727 0.247276 0.247795 0.248314 0.248842 0.249361 0.249884 0.250948 0.251463 0.251980 0.252527 0.253055 0.253568 0.254083 0.255174 0.255689 0.256218 0.256734 0.257248 0.257773 0.258804 0.259432 0.260340 0.260879 0.261391 0.261951 0.262500 0.263058 0.264098 0.264620 0.265125 0.265644 0.266150 0.266685 0.267204 0.267728 0.268299 0.268832 0.269336 0.269853 0.270494 0.272599 0.273112 0.273628 0.274135 0.274641 0.275168 0.275684 0.276193 0.276700 0.277215 0.277723 0.278223 0.278726 0.279260 0.279924 0.280433 0.280990 0.281505 0.282003 0.282513 0.283025 0.283520 0.284035 0.284540 0.285043 0.285591 0.286191 0.286772 0.287360 0.288625 0.289616 0.290107 0.290621 0.291129 0.291621 0.292127 0.292632 0.293142 0.293632 0.294140 0.294654 0.295176 0.295681 0.296175 0.296679 0.297179 0.297681 0.298172 0.298670 0.299187 0.299691 0.300180 0.301062 0.301655 0.302152 0.302728 0.303256 0.303747 0.304267 0.304776 0.305898 0.306618 0.307305 0.307795 0.308297 0.308790 0.309276 0.309781 0.310279 0.310768 0.311265 0.311761 0.312253 0.312745 0.313234 0.313735 0.314235 0.314738 0.315233 0.315727 0.316333 0.316822 0.318298 0.318831 0.319315 0.319801 0.320308 0.320802 0.321759 0.322237 0.322751 0.323245 0.323736 0.324229 0.324716 0.325345 0.325829 0.326323 0.326841 0.327324 0.327804 0.328299 0.328783 0.329266 0.329759 0.330259 0.330757 0.331454 0.332165 0.332694 0.333445 0.334104 0.334728
Elapsed_time: 0.334728
Score: 273.644481
CN-L-BFGS
287
3569.001305 3349.367812 2720.764050 2720.227611 2677.271877 2668.120735 2615.944964 2577.460596 2509.934624 2408.169202 2386.331053 2359.048298 2328.869171 2284.548140 2213.049113 2196.511883 2182.074108 2145.141134 2129.417948 2074.028131 1987.920513 1888.218983 1855.360585 1819.092586 1769.354077 1700.933033 1632.598642 1590.753111 1546.975748 1516.331456 1479.105767 1432.966841 1421.183705 1405.328883 1344.478757 1282.335658 1258.791061 1252.426192 1242.855236 1209.256518 1170.104878 1129.469642 1128.987048 1118.464948 1099.142601 1077.448862 1059.344529 1050.507951 1035.409362 1018.047158 977.176333 949.473098 926.606332 909.203017 887.548948 857.999518 830.919058 805.027509 791.250557 778.200202 763.017107 742.011495 730.710806 721.290266 711.256185 694.197758 687.970714 677.551029 667.277258 653.691314 641.345316 628.504036 622.578940 617.647303 612.608448 601.858197 596.897764 589.999297 578.633174 569.060659 559.458761 549.857144 540.057800 532.531079 531.792396 527.276407 521.315330 516.265863 510.765964 506.686437 500.265241 493.595053 488.682782 486.697825 483.586544 475.846557 470.553062 463.963657 453.819698 452.633244 444.704204 438.697764 435.069985 429.052480 420.081366 411.716914 402.733660 399.287585 394.493389 385.534255 382.453108 377.878733 372.122079 366.950475 362.180933 357.817752 355.138111 347.729478 343.132646 337.438150 334.918435 332.035317 327.307274 323.790163 320.111356 316.625311 310.755117 302.861482 296.111967 289.117408 284.135276 279.604675 276.219924 271.704430 265.582898 263.537366 258.841479 253.545818 249.612497 246.268677 244.315528 240.783802 237.137086 233.414427 228.516720 221.751213 215.613618 210.362940 202.180661 196.877270 191.653841 187.191704 183.425549 180.556528 177.113953 173.878407 170.926809 167.881160 165.447973 162.748077 159.764501 157.590325 155.659277 153.477321 151.640298 149.538802 147.491529 145.640653 143.854842 141.664698 139.845284 138.109491 136.056215 134.295328 132.334012 130.101493 128.251917 126.326383 124.085144 122.479182 120.944915 119.336068 118.016704 116.660348 115.433165 114.292493 113.180962 111.857041 110.660617 109.488100 108.273854 106.928693 105.595166 104.540908 103.552516 102.865919 102.177927 101.464180 100.882315 100.216885 99.372466 98.731105 98.109382 96.962735 96.351490 95.633432 94.710741 94.063689 93.280219 92.276731 91.817737 91.123952 90.750883 90.017060 89.499797 88.943804 87.889017 87.589586 85.986639 85.359374 84.454125 83.215322 82.534354 81.284619 80.549741 79.693031 79.101356 77.890177 77.259299 76.603242 75.689751 74.822922 73.896518 73.018341 72.261561 71.425412 70.461693 69.810242 68.993670 68.713939 67.471400 67.031444 66.510688 65.845604 65.744565 65.068268 64.872477 64.432259 63.971426 63.355976 62.763283 62.143142 61.710530 61.238491 60.782948 60.460926 60.060743 59.473324 59.197639 58.799554 58.599502 58.062875 57.788384 57.535531 57.122716 56.877010 56.451508 56.179427 55.868404 55.621326 55.399199 55.068916 54.894306 54.698033 54.279761 54.085367 53.881941 53.482625 53.270214 52.958047 52.769559 52.262753 52.114857 51.816606 51.666108 51.302697 51.110742
0.038363 0.041619 0.043471 0.046048 0.046666 0.047276 0.047870 0.048456 0.049054 0.049644 0.050270 0.051031 0.051647 0.052268 0.052919 0.053656 0.054847 0.055535 0.057129 0.057726 0.058339 0.058955 0.060154 0.060753 0.061333 0.061935 0.062516 0.063103 0.063697 0.064296 0.064885 0.065545 0.067349 0.067919 0.068498 0.069076 0.069647 0.070808 0.072288 0.072856 0.073421 0.073997 0.075692 0.076237 0.076792 0.077364 0.077917 0.078462 0.079048 0.079605 0.080165 0.080732 0.081276 0.081816 0.082359 0.082940 0.083471 0.084009 0.084777 0.085410 0.085940 0.086535 0.087178 0.087758 0.088266 0.088784 0.089805 0.090335 0.090896 0.091444 0.091958 0.092499 0.093018 0.093541 0.094052 0.094597 0.095643 0.096178 0.096696 0.097219 0.097735 0.098265 0.099718 0.100223 0.101231 0.101726 0.103086 0.104185 0.104724 0.105228 0.105751 0.106247 0.106929 0.107999 0.108579 0.109094 0.109590 0.110088 0.112091 0.113095 0.113602 0.114111 0.115132 0.115652 0.116149 0.116644 0.117171 0.118157 0.118655 0.119180 0.119747 0.120263 0.120773 0.121297 0.121804 0.122309 0.122846 0.123345 0.123847 0.124345 0.124869 0.125377 0.125878 0.126381 0.126898 0.127405 0.127924 0.128442 0.128942 0.129444 0.129957 0.130456 0.130968 0.131460 0.131996 0.132532 0.133035 0.133553 0.134050 0.134549 0.135057 0.135582 0.136464 0.137034 0.137559 0.138058 0.138566 0.139091 0.139647 0.140153 0.140659 0.141187 0.141975 0.142713 0.143217 0.143734 0.144255 0.144776 0.145281 0.145790 0.146294 0.146833 0.147334 0.147836 0.148336 0.148836 0.149347 0.149943 0.150560 0.151239 0.151742 0.152229 0.152718 0.153205 0.153709 0.154212 0.154721 0.155217 0.155691 0.156313 0.156817 0.157308 0.157806 0.158293 0.158829 0.159315 0.159813 0.160302 0.160796 0.161282 0.161777 0.162263 0.162760 0.163323 0.163916 0.164468 0.164945 0.165418 0.165909 0.166389 0.166914 0.167395 0.167894 0.168364 0.168831 0.169306 0.169787 0.170255 0.170745 0.171223 0.171692 0.172158 0.172623 0.173105 0.173577 0.174048 0.174516 0.175009 0.175477 0.175946 0.176411 0.176892 0.177359 0.177828 0.178295 0.178787 0.179272 0.179740 0.180220 0.180706 0.181173 0.181642 0.182120 0.182612 0.183145 0.183611 0.184074 0.184538 0.185014 0.185479 0.185944 0.186421 0.186941 0.187448 0.187948 0.188469 0.188937 0.189418 0.189881 0.190406 0.190885 0.191352 0.191832 0.192322 0.192786 0.193249 0.193727 0.194196 0.194667 0.195145 0.195649 0.196322 0.196951 0.197518 0.198002 0.199020 0.199526 0.200006 0.200467 0.200934 0.201407 0.201871 0.202353 0.202913 0.203376 0.203847 0.204314 0.204792 0.205255 0.205717 0.206180 0.206659 0.207131 0.207605 0.208076 0.208558 0.209022
Elapsed_time: 0.209022
Score: 51.110742
294
3527.367673 3313.313938 2688.197605 2682.355700 2650.195878 2622.845746 2612.825514 2598.287651 2585.332661 2555.096637 2484.254776 2381.661372 2361.570837 2334.167390 2268.492216 2170.494710 2108.421888 2081.267421 2029.707828 2020.616444 1994.650159 1974.645161 1878.694231 1784.463716 1761.660861 1717.408866 1677.492669 1623.221623 1595.874210 1569.331439 1515.837887 1425.353255 1423.757193 1399.480063 1388.179278 1370.751004 1334.722593 1313.193882 1264.788075 1237.752664 1201.294254 1157.235300 1137.912296 1130.314555 1111.696702 1087.503654 1054.594552 1052.609478 1043.678916 1024.138701 990.606052 985.719786 958.173327 932.824319 909.122265 889.281883 878.022533 874.519825 856.417469 833.578903 824.677313 818.127917 795.151227 774.834398 756.418614 733.009506 718.469591 715.038758 695.949588 681.588242 669.771615 663.205144 657.847079 653.457409 643.232267 637.990463 636.296915 626.370708 617.040865 604.732302 597.180909 584.443225 572.650013 563.759880 554.295967 547.101351 537.982571 528.236384 522.815102 515.279405 503.831813 496.301205 488.050547 479.436479 476.887653 472.204951 461.014855 455.632235 450.241129 444.893111 438.047567 434.669815 428.184624 421.799283 417.981005 412.830830 405.420522 399.408363 393.370174 387.271116 382.518321 379.852444 374.540920 370.430793 366.087769 363.772135 357.789740 355.404631 351.805019 349.032314 347.612685 347.417329 345.022912 340.268719 337.145794 334.740076 331.970262 328.804347 325.126659 322.224070 320.322728 317.050614 313.903832 310.728522 307.789449 303.210946 299.796098 297.513922 294.559334 291.574132 288.557432 284.290969 281.728248 278.377315 274.881460 272.140077 270.082690 268.255548 266.329126 264.671478 262.971411 261.160924 259.959753 258.956131 258.164532 257.136866 254.526614 251.914336 250.056746 248.410812 246.948850 245.538697 244.278187 243.198518 241.631273 240.175197 238.435473 236.332340 234.426374 232.637408 230.803330 229.798090 228.666636 226.791938 225.573442 223.923369 222.466744 220.896900 218.019396 216.430905 214.158995 212.055045 210.397812 210.131858 208.635223 206.612447 204.656020 203.408450 202.162109 200.579001 199.080573 197.678424 196.213239 194.892283 194.438515 192.543812 192.357521 191.507006 190.991208 190.527741 189.784985 189.397988 188.330816 186.207006 184.547244 183.235841 181.783562 180.978538 179.954834 179.356532 178.214945 177.370380 176.282778 175.106874 174.085329 173.437866 172.922639 172.494788 172.047007 171.419730 170.854327 170.214699 169.454328 168.876848 168.370271 167.721715 167.280105 166.827245 166.112164 165.632105 165.076463 164.469612 163.895897 163.259414 162.756087 162.091329 161.635825 161.132060 160.793739 160.394392 160.110215 159.783792 159.430320 159.078836 158.772628 158.471157 158.125207 157.785187 157.601994 157.437506 157.244844 157.093597 156.940940 156.790573 156.594084 156.418170 156.164187 155.949799 155.789667 155.686312 155.486512 155.309969 155.098723 154.747847 154.464305 154.200787 153.973783 153.828588 153.588473 153.396979 153.126838 153.004899 152.854931 152.667504 152.508790 152.251397 152.078366 151.917441 151.777795 151.605311 151.280734 151.084861 150.912436 150.638411 150.484465 150.278980 150.083455 150.013146 149.880097 149.708863 149.575779 149.398157 149.272273 149.161226
0.039626 0.042953 0.043732 0.045845 0.046759 0.047419 0.048066 0.048689 0.049318 0.049963 0.051256 0.051914 0.053198 0.053948 0.054580 0.055240 0.055846 0.056432 0.057024 0.058185 0.058795 0.059374 0.060137 0.060724 0.061882 0.062477 0.063078 0.063643 0.064784 0.065344 0.065900 0.067050 0.069922 0.070504 0.071081 0.071650 0.072743 0.073300 0.073852 0.074402 0.074965 0.075520 0.076063 0.077132 0.077673 0.078207 0.078882 0.080566 0.081097 0.081624 0.082160 0.082702 0.083229 0.083756 0.084283 0.084814 0.085337 0.086375 0.086895 0.087421 0.087938 0.088454 0.088972 0.089487 0.090511 0.091036 0.091543 0.092067 0.092573 0.093075 0.093572 0.094087 0.094622 0.095121 0.095619 0.096133 0.097137 0.097652 0.098155 0.098681 0.099711 0.100219 0.100729 0.101229 0.101729 0.102226 0.102746 0.103239 0.103732 0.104225 0.104738 0.105250 0.105768 0.106279 0.107280 0.107787 0.108290 0.108792 0.109281 0.109809 0.110309 0.110812 0.111314 0.111816 0.112313 0.112805 0.113310 0.113807 0.114305 0.114812 0.115305 0.115797 0.116287 0.116789 0.117278 0.118758 0.119256 0.119744 0.120246 0.120732 0.121265 0.122921 0.123428 0.123938 0.124455 0.124950 0.125461 0.125971 0.126484 0.127021 0.127667 0.128184 0.128768 0.129268 0.129767 0.130251 0.130760 0.131251 0.131737 0.132219 0.132706 0.133216 0.134176 0.134678 0.135167 0.135655 0.136137 0.137128 0.137629 0.138108 0.138622 0.139100 0.139596 0.140087 0.141056 0.141550 0.142038 0.142522 0.143032 0.143514 0.144002 0.144487 0.145485 0.145985 0.146478 0.146981 0.147463 0.147954 0.148436 0.148930 0.149408 0.149907 0.150391 0.150879 0.151376 0.151860 0.152357 0.152852 0.153358 0.153862 0.154350 0.154955 0.155440 0.155934 0.156432 0.156921 0.157431 0.157914 0.158413 0.159392 0.159887 0.160367 0.160900 0.161465 0.162090 0.162786 0.163407 0.164051 0.164681 0.165731 0.167106 0.167690 0.168417 0.169362 0.170236 0.171152 0.171645 0.172135 0.172637 0.173136 0.173645 0.174140 0.174663 0.175141 0.175617 0.176102 0.176579 0.177068 0.177549 0.178047 0.178528 0.179037 0.179546 0.180035 0.180513 0.180998 0.181483 0.181979 0.183374 0.183854 0.184329 0.184813 0.185287 0.185771 0.186261 0.186772 0.187252 0.187741 0.188214 0.188701 0.189176 0.189649 0.190142 0.190646 0.191125 0.191606 0.192092 0.192566 0.193040 0.193524 0.193999 0.194491 0.195019 0.195514 0.195991 0.196466 0.196936 0.197639 0.198707 0.199225 0.199713 0.200224 0.200736 0.201223 0.201722 0.202213 0.202736 0.203224 0.203725 0.204214 0.204723 0.205216 0.205699 0.206205 0.206717 0.207205 0.207683 0.208167 0.208656 0.209204 0.209857 0.210434 0.210948 0.211533 0.212008 0.212490 0.212973 0.213452 0.213931 0.214427 0.214923 0.215399 0.215881 0.216354
Elapsed_time: 0.216354
Score: 149.161226
jagmesh1
L-BFGS
401
1313115.671124 1286567.421981 1274723.378828 1266222.703161 1261590.426381 1255106.496404 1248823.146049 1228907.975312 1153541.523315 791222.858953 458094.276369 376890.793199 331954.499203 271287.508077 158440.431337 137525.932442 113324.998419 105546.302617 99000.113198 98816.975648 98343.210815 97507.252103 96766.496357 95916.560737 95069.316283 93362.135171 90329.869776 86932.612565 86898.130283 86779.820422 86354.992732 86262.963355 86083.708011 85998.554967 85808.868464 85773.586011 85342.325789 84769.981109 84667.958068 84662.940799 84391.332405 84301.319420 84127.942215 84115.610536 84095.611322 84089.084757 84025.360618 83358.998243 82502.608978 81661.697779 81586.847970 81081.935689 80586.596087 80509.991451 80490.337518 80466.602387 80371.756489 80240.108475 79963.545212 79611.092827 79145.629099 79108.162855 78677.645204 78562.166214 78382.282449 77823.338880 76553.399255 76436.077423 76270.817778 75887.010421 75811.045280 75786.850653 75680.308497 75615.138291 75503.699277 75410.013437 75371.787857 75042.346811 75004.574008 75002.214694 74959.779682 74873.896709 74756.751111 74692.228980 74358.044167 74146.198792 73832.991770 73472.160292 73393.043032 73316.721401 73192.199338 73095.483691 72971.356293 72869.425443 72707.624502 72472.106605 72417.551331 72148.791239 72011.446115 71977.735622 71911.203547 71828.852874 71563.959541 71364.934703 71198.457471 71090.975447 71057.590876 71020.534359 70844.558460 70779.609686 67442.658258 67431.723319 67223.425634 67148.217510 67140.926551 67036.635150 66941.626227 66698.887379 66331.623944 66222.375989 66149.075055 65953.664415 65615.654456 65223.200167 64552.175248 64543.991453 64475.399576 64465.991040 64403.420331 64303.393072 64276.718397 64092.441706 64023.664987 63795.186834 63254.816780 63239.411317 63228.456906 63108.029024 63041.915496 62941.629029 62900.353859 62836.219404 62761.496613 62532.986584 62443.351730 62254.617013 62163.695934 62081.249757 61763.021272 61177.208199 60943.339248 60868.178744 59847.782484 59674.201830 59553.788783 59441.512253 59398.143437 59208.544541 58809.713568 58529.083518 58402.058277 57885.640787 57800.833747 57777.468216 57711.145492 57509.542857 57119.574003 56824.412088 56822.544152 56806.414479 56758.685408 56621.611126 56442.711488 56211.388985 56158.086313 55843.074785 55684.783266 55676.274644 55641.687494 55586.880901 55455.758841 55287.992109 54984.583471 54695.622946 54531.001393 54039.682269 53893.713534 53700.615996 53024.106954 52694.226014 52665.964212 52647.982292 52621.306749 52539.192064 52372.805072 52111.516388 51874.683300 51467.071914 51388.279990 51203.607074 51040.501238 50940.818598 50837.303860 50726.812352 50492.163585 50307.062732 50285.139506 50204.862804 50072.741689 50070.864630 50048.539693 49985.597500 49939.652002 49839.297169 49619.334062 49270.117790 49161.885062 48836.568480 48680.365702 48312.933969 48117.026813 47910.710747 47889.157434 47862.751010 47813.855685 47810.382940 47797.379890 47769.573790 47748.718773 47729.422741 47653.118957 47646.077078 47596.012829 47552.387862 47438.713448 47331.601031 47270.969359 47236.430147 47227.879631 47183.042975 47147.506404 47115.585334 47105.799710 47091.225014 47054.383716 47019.264581 46911.487126 46788.032001 46787.480573 46777.805786 46659.959224 46631.481139 46446.321877 46044.299399 45809.321335 45603.867713 45593.807302 45472.621580 45327.949718 45287.151947 45200.656497 45094.709540 44817.803164 44475.720685 44468.638907 44449.381085 44356.636887 44290.011789 44242.982509 44233.656008 44203.623745 44149.885849 44028.513816 43955.100245 43929.961403 43840.380916 43749.423465 43591.619542 43306.705881 43015.098440 42910.880798 42716.358586 42648.498607 42578.011851 42560.149437 42507.762322 42495.535152 42452.210659 42444.816447 42397.062259 42322.474153 42261.845366 42199.875963 42066.402792 42047.649923 42047.094207 42015.808098 41856.881702 41665.991930 41664.519655 41661.957431 41637.446679 41603.689865 41600.752881 41497.866188 41407.295849 41352.034755 41332.664470 41325.082512 41272.758105 41182.877104 41094.992258 40877.170345 40727.088988 40725.668498 40688.113063 40646.645153 40542.567650 40430.086550 40174.833779 39894.993594 39874.299830 39823.543221 39785.315520 39725.857796 39635.910172 39508.045384 39401.513149 39167.903558 39026.901564 38847.470413 38774.434321 38662.622441 38543.362188 38356.897782 38173.336470 38085.023322 37801.131860 37682.873161 37634.203833 37583.262990 37518.039083 37452.113385 37244.876089 37023.286394 36891.694396 36839.172244 36761.465434 36690.218238 36606.488476 36436.851987 36352.731308 36335.087600 36272.653371 36239.923555 36236.580991 36166.120327 36085.455690 36065.539720 35934.429751 35679.101929 35402.242544 35306.869186 35254.112856 35217.847434 35211.940310 35198.803070 35103.248128 35022.323187 34856.952259 34630.297655 34621.302067 34453.197357 34189.786189 34081.961409 34034.301257 33938.039637 33910.343732 33817.598931 33654.734752 33641.996508 33631.336523 33464.972692 33313.680881 33295.215298 33258.004496 33096.162051 33091.588304 33083.352546 33033.419848 33013.173399 32956.076549 32938.464612 32867.396647 32825.490138 32631.912315 32533.669134 32225.566357 32080.089858 31927.199971 31891.560815
0.000048 0.019912 0.028125 0.036513 0.044735 0.053646 0.065169 0.074092 0.082843 0.091063 0.100055 0.108080 0.116040 0.124196 0.132067 0.139976 0.147787 0.155601 0.163398 0.171197 0.179099 0.186922 0.194787 0.202771 0.210728 0.219793 0.227833 0.261384 0.296026 0.321694 0.330034 0.346887 0.355702 0.363955 0.372817 0.381099 0.389791 0.398785 0.426365 0.434527 0.444038 0.452513 0.460573 0.470351 0.497304 0.522297 0.530376 0.590050 0.598487 0.606634 0.615023 0.623050 0.639163 0.664485 0.706480 0.731362 0.739639 0.747641 0.757627 0.765607 0.781847 0.806225 0.823361 0.831848 0.839853 0.847882 0.855841 0.888521 0.897239 0.914077 0.950373 0.966640 0.974955 0.983703 0.992129 1.000584 1.008543 1.061158 1.096445 1.132749 1.142045 1.150054 1.167056 1.175268 1.183977 1.192500 1.200902 1.209305 1.217623 1.234833 1.243215 1.251581 1.267768 1.275772 1.283770 1.291752 1.299776 1.324552 1.332568 1.358905 1.367027 1.376767 1.385766 1.394523 1.420424 1.429165 1.456605 1.464762 1.472918 1.481377 1.563076 1.622817 1.650143 1.658589 1.701358 1.713210 1.722367 1.733086 1.741242 1.766795 1.798558 1.806404 1.823353 1.861854 1.895111 1.929597 1.953069 1.960871 1.968704 1.976477 1.984286 1.992037 2.007624 2.015428 2.023218 2.038937 2.063177 2.072511 2.080845 2.089092 2.131624 2.140976 2.153518 2.161949 2.170542 2.184861 2.196862 2.206817 2.214602 2.238520 2.246572 2.257323 2.267131 2.274930 2.291704 2.299710 2.315724 2.325218 2.333255 2.341504 2.349141 2.387092 2.421836 2.456156 2.464405 2.476270 2.494893 2.505292 2.521128 2.576337 2.585085 2.594284 2.602628 2.610562 2.642239 2.649980 2.667389 2.702909 2.713179 2.720975 2.729909 2.737877 2.745770 2.753578 2.762952 2.770918 2.779021 2.787541 2.804210 2.831662 2.869486 2.912442 2.923521 2.933857 2.944613 2.955541 2.966986 2.978025 2.990563 3.034415 3.045498 3.056386 3.088831 3.096360 3.143806 3.182407 3.235434 3.251986 3.325070 3.362729 3.377886 3.388112 3.397522 3.424332 3.433493 3.442157 3.452713 3.460306 3.469806 3.477579 3.486952 3.513284 3.520934 3.549221 3.618875 3.650056 3.658706 3.700039 3.749462 3.762249 3.794130 3.810738 3.818457 3.826912 3.834476 3.841886 3.849423 3.856842 3.872029 3.880335 3.895843 3.915653 3.949837 3.990502 4.000677 4.021090 4.040944 4.048537 4.067947 4.078652 4.088257 4.095901 4.105554 4.113570 4.125862 4.135512 4.146055 4.154999 4.163662 4.189482 4.198350 4.205868 4.213402 4.220828 4.228254 4.252039 4.259639 4.267466 4.303411 4.327391 4.334956 4.342244 4.352755 4.360526 4.376176 4.383933 4.391362 4.398691 4.406022 4.415410 4.430159 4.437571 4.445033 4.483809 4.501072 4.509169 4.516675 4.523963 4.545733 4.553065 4.575095 4.586238 4.594427 4.618846 4.626430 4.647367 4.656336 4.678189 4.685436 4.721491 4.758688 4.770291 4.791385 4.800161 4.812153 4.820536 4.827753 4.852160 4.884432 4.893641 4.904058 4.915137 4.926397 4.948798 4.989998 4.997222 5.004377 5.011712 5.019251 5.026523 5.033681 5.041045 5.056466 5.071957 5.080133 5.090922 5.100111 5.107260 5.116143 5.123438 5.132898 5.140902 5.150056 5.158182 5.166008 5.174156 5.182479 5.190469 5.232428 5.241083 5.268446 5.279446 5.287940 5.313379 5.323920 5.331897 5.340579 5.348038 5.356031 5.363080 5.370312 5.378184 5.392444 5.399454 5.406778 5.422987 5.431353 5.438532 5.471457 5.480693 5.491982 5.502486 5.520925 5.561972 5.570917 5.595516 5.612060 5.619234 5.626255 5.633369 5.640348 5.677325 5.684644 5.719343 5.726232 5.733162 5.740293 5.747667 5.754572 5.762333 5.769768 5.790399 5.797320 5.818946 5.826010 5.832990 5.867581 5.881164 5.901495 5.914930 5.921708 5.935340 5.942189 5.949156 5.956031 5.965324 5.980189 5.987197 5.998557 6.023691 6.031153
Elapsed_time: 6.031153
Score: 31891.560815
401
1317446.533163 1289747.426352 1282772.523872 1267427.429732 1197992.558204 1060126.099370 766011.388269 621581.796605 283090.491307 249583.269429 180666.802576 121298.786770 97820.955593 91942.193759 88211.883004 88128.689110 88010.753501 87584.186208 86936.372907 86043.677533 85968.330876 85719.221771 85055.696246 83829.624411 81683.751331 81675.723784 81295.786373 81295.102533 81255.755847 80977.506771 80652.813129 80166.015267 80048.755523 79715.674313 79577.419127 79301.759225 79277.428464 79047.815283 78944.280829 78804.492804 78720.798333 78684.174751 78620.290694 78553.743823 78392.587549 78125.652667 78088.353409 77841.898459 77728.647050 77529.593379 77252.380653 77160.010508 77124.656509 76760.447932 76528.089599 76361.061321 75466.543332 73251.821750 72584.843771 72561.560139 71549.358212 71067.817869 70948.032855 70914.384528 70844.984416 70821.176223 70785.021486 70718.151442 70575.103526 70445.909326 70339.607074 70021.926389 70016.986217 69319.391108 69312.477331 69194.244610 69114.294119 69058.034256 69041.844043 69007.789076 68875.660003 68609.019457 68433.492668 68241.562227 68147.094323 67828.875007 66538.730927 66529.038502 66250.071384 66017.436241 65925.160138 65870.495182 65666.043194 65483.578323 65413.316708 65339.021761 65309.432296 65211.885020 65056.603912 64939.663119 64782.060559 64475.210469 64167.178248 62698.079459 61847.592285 61753.003110 61616.854642 61523.799853 61485.430188 61411.091527 61293.437207 61200.833780 61171.860139 61048.206192 60953.215181 60855.061690 60488.425150 60360.239590 60136.126934 59941.965652 59662.264119 59564.473545 59436.121327 59168.957051 58966.871847 58954.125964 58828.743148 58779.688733 58740.908144 58273.697140 58109.368549 58096.363590 58033.388946 57791.460530 57688.876569 57615.168576 57497.566749 57444.121249 57357.823670 57268.723381 57219.370407 57135.956544 56989.549433 56987.651165 56889.889520 56839.912182 56630.637229 56481.059364 56476.345849 56471.020590 56326.766935 56172.124724 56059.429763 56015.309512 55995.846946 55978.073121 55854.750370 55320.638378 55292.575718 55030.854229 55022.819871 54980.663647 54978.967335 54920.658494 54874.746562 54822.427708 54634.077697 54519.509557 54433.242765 54295.242649 54134.363251 54070.783974 54066.125381 53805.777611 53655.600851 53628.797529 53435.538210 53362.709079 53346.445737 53297.262819 53231.353935 53124.482458 53091.412157 53007.425458 52992.255405 52979.471731 52977.239533 52959.395296 52896.639106 52874.694101 52792.376453 52567.210732 52422.424918 52340.190076 52008.999038 51723.154148 51720.468727 51586.129415 51448.365088 51347.241201 50698.838359 50393.559137 50355.799771 50254.233813 50174.418744 49909.670481 49836.325934 49829.264121 49813.812368 49766.288071 49701.638914 49508.033296 49201.016338 49130.328307 49043.354627 49025.346656 48977.171521 48973.176999 48812.676081 48589.539005 48484.273611 48407.256251 48304.334699 48216.424243 48139.391117 48024.198295 47944.296298 47906.676468 47830.694128 47775.840001 47768.265010 47748.959479 47684.505618 47676.525636 47635.527842 47620.109861 47585.009578 47544.747889 47524.883346 47421.525853 47345.183763 46946.932041 46618.984421 46283.973871 46232.975111 46226.555778 46071.218378 45974.746335 45523.616158 45474.888932 45304.969270 45293.805452 45261.224350 45259.861701 45219.568730 45185.862854 45130.328224 44934.484899 44835.167339 44770.853422 44654.856359 44572.793717 44386.275521 44208.166314 44048.352425 44023.309659 43970.414169 43851.193837 43719.898074 43677.930658 43582.183443 43523.619782 43492.571967 43480.170867 43470.179467 43335.356179 43209.241933 42708.530740 42358.876041 41921.315631 41798.822786 41678.186232 41558.100189 41494.700268 41465.667262 41455.194448 41420.744217 41373.442564 41263.938557 41032.500368 40959.652158 40953.514196 40816.243824 40661.148734 40597.564552 40414.420869 40389.434606 40368.946570 40217.877001 40197.909239 40173.649614 40048.256044 40045.875641 40028.716494 40025.593561 40009.795896 39870.327560 39788.219183 39765.620480 39717.190550 39699.043825 39691.824299 39673.889375 39592.335631 39496.130266 39355.607841 39047.595232 38766.031962 38733.990146 38708.338744 38600.756602 38319.541586 38310.927856 38250.503588 38211.994109 38112.534260 37993.565474 37823.283082 37651.127950 37549.241139 37378.847272 37352.867133 37286.820801 37170.345441 37159.566386 37100.964881 37038.398666 36776.187470 36645.364760 36492.697731 36474.032644 36469.476649 36453.958562 36435.425310 36432.073906 36401.167961 36362.418205 36291.555022 36080.306768 35875.916989 35839.549607 35546.873148 35362.046732 35343.200973 35327.521490 35264.145053 35237.420300 35169.085364 35117.365406 35055.312726 35000.845307 34915.292106 34634.611309 34467.457824 34235.487609 34033.489779 33993.983882 33951.955840 33923.635344 33855.361939 33728.575414 33524.121274 33203.851306 33174.097193 33056.357590 32846.935417 32811.975379 32685.717397 32659.198699 32614.903987 32514.791298 32377.486322 32295.142748 32221.105615 32173.272580 32047.528693 31884.528819 31783.420518 31775.662117 31744.835196 31687.107407 31580.321774 31572.773662 31561.494825 31542.915465 31532.984322 31529.853039 31483.860492 31412.905371 31401.966227 31339.813957
0.000042 0.016915 0.025364 0.033769 0.042033 0.050199 0.059583 0.067786 0.075709 0.083819 0.091779 0.100556 0.108688 0.116619 0.124755 0.132751 0.140620 0.148594 0.158422 0.178146 0.209297 0.218346 0.227098 0.307498 0.365844 0.414037 0.422312 0.430292 0.446190 0.454258 0.470231 0.478632 0.488128 0.496249 0.515578 0.542271 0.550790 0.560055 0.576989 0.656622 0.674929 0.699383 0.708280 0.724953 0.733156 0.741337 0.749739 0.757921 0.766024 0.774921 0.783337 0.799451 0.808058 0.817026 0.825606 0.834890 0.842899 0.885042 0.911520 0.978203 0.986150 1.012981 1.029081 1.046454 1.062504 1.078796 1.095555 1.104337 1.112498 1.120477 1.128457 1.136354 1.144411 1.175783 1.208521 1.216565 1.224778 1.233923 1.259157 1.267010 1.284142 1.292985 1.302040 1.311556 1.319376 1.327691 1.351317 1.410706 1.419935 1.428741 1.455585 1.464093 1.472190 1.480727 1.489373 1.500543 1.508348 1.518379 1.527542 1.535827 1.545107 1.561643 1.569487 1.577361 1.595374 1.604900 1.628415 1.636894 1.645512 1.653982 1.661753 1.669527 1.694229 1.702120 1.709940 1.717786 1.725906 1.741424 1.749158 1.756875 1.764574 1.803891 1.826903 1.834571 1.842454 1.858722 1.866302 1.904730 1.920876 1.936980 1.944673 1.968618 1.977336 1.985942 2.004932 2.015291 2.022963 2.040544 2.048585 2.056885 2.074651 2.084216 2.093006 2.110328 2.118556 2.126552 2.134300 3.982528 4.006538 4.045763 4.053377 4.068599 4.076174 4.083774 4.091480 4.106985 4.114780 4.170628 4.201213 4.255388 4.293782 4.301369 4.334579 4.344004 4.351718 4.361248 4.368846 4.384125 4.391687 4.399207 4.408324 4.427035 4.436098 4.444041 4.451643 4.459284 4.466736 4.474243 4.489291 4.496889 4.504439 4.511963 4.519487 4.527178 4.537893 4.577183 4.592527 4.609333 4.617004 4.627525 4.636023 4.644858 4.652439 4.669214 4.678067 4.702126 4.710347 4.718288 4.725911 4.733556 4.742018 4.765075 4.788791 4.796314 4.803779 4.820443 4.843779 4.852209 4.882386 4.889745 4.897101 4.904564 4.913168 4.929977 4.945282 4.969087 4.976907 4.992333 5.000308 5.035827 5.043435 5.055317 5.067088 5.084178 5.100584 5.108090 5.117058 5.128790 5.156279 5.164740 5.188393 5.201207 5.212411 5.233793 5.244735 5.252730 5.271404 5.283117 5.294798 5.305990 5.316721 5.324122 5.332017 5.339388 5.354039 5.361429 5.368700 5.377749 5.385416 5.401437 5.462445 5.495730 5.510966 5.550006 5.565644 5.581259 5.589522 5.597014 5.605138 5.612858 5.621600 5.629204 5.638953 5.648650 5.677274 5.686154 5.696078 5.703610 5.718460 5.744575 5.753294 5.761668 5.777521 5.785147 5.800315 5.807757 5.817520 5.825176 5.844479 5.861772 5.876804 5.885528 5.893738 5.901876 5.917215 5.947794 5.956995 5.967412 5.976655 5.994307 6.001737 6.047242 6.054624 6.061882 6.069239 6.076612 6.084128 6.091484 6.099148 6.128620 6.136008 6.150758 6.157980 6.179367 6.194606 6.203282 6.212885 6.220103 6.229201 6.243982 6.287991 6.297881 6.305084 6.319466 6.328018 6.335304 6.349959 6.357068 6.388265 6.409764 6.416940 6.424427 6.452586 6.461311 6.468439 6.475572 6.483772 6.490865 6.499372 6.507267 6.526226 6.565080 6.574928 6.582998 6.613356 6.621379 6.630602 6.637689 6.645996 6.676358 6.692690 6.721126 6.728156 6.749206 6.787379 6.795909 6.805063 6.812586 6.819758 6.827287 6.848508 6.855517 6.863013 6.869980 6.900577 6.907736 6.932534 6.946765 6.953756 6.960628 6.967803 6.974672 6.982780 6.996549 7.003435 7.010379 7.039665 7.046842 7.054566 7.061764 7.071124 7.078097 7.086003 7.094148 7.101033 7.108996 7.115859 7.123702 7.138244 7.145290 7.153021 7.159874 7.167261 7.174050 7.180834 7.187583 7.194209 7.207720 7.254185 7.261390 7.272746 7.280952 7.303727 7.325942 7.335131 7.341999 7.371550 7.379071 7.400431 7.414405 7.421031
Elapsed_time: 7.421031
Score: 31339.813957
CN-L-BFGS
336
29929.660573 28923.959523 23015.941103 22638.142775 22515.911781 22224.922890 22202.394558 22136.190730 22030.012554 21974.124186 21927.931369 21877.273793 21803.123156 21656.496038 21621.964323 21487.250547 21366.826480 21082.728103 21064.601400 20980.393456 20905.149677 20873.656938 20803.721162 20758.770587 20669.269017 20630.936662 20518.977254 20345.743865 20176.192369 19826.806179 19750.599654 19659.691941 19500.532514 19458.702039 19442.058685 19415.330466 19405.268940 19382.357500 19349.881483 19304.714639 19188.547346 19149.992391 19037.843038 18901.656303 18890.935785 18833.475731 18824.088587 18794.610840 18667.929331 18366.501670 17979.464060 17957.082739 17924.909258 17889.096708 17875.004525 17719.285235 17564.381012 17492.511088 17368.033620 17310.866917 17248.247133 17207.774653 17124.776816 17050.890342 16996.960710 16784.150720 16705.855152 16645.464690 16582.156487 16228.363277 16084.264379 15935.999623 15746.844649 15668.006271 15474.207585 15171.953130 14990.254242 14926.604676 14793.223756 14688.975584 14388.196043 14129.695933 14095.299513 14014.858724 13935.740424 13826.202321 13557.881651 13468.038940 13207.884995 13056.255135 13030.916307 12991.213673 12897.169596 12660.693835 12658.312191 12586.257954 12516.059276 12437.813628 12342.292501 12203.094534 12194.838353 12052.174979 11930.885198 11895.096073 11845.154409 11823.024095 11800.960366 11737.957898 11560.538721 11526.284081 11460.615214 11449.854208 11435.224516 11404.063574 11286.995099 11283.279122 11225.370653 11184.387479 11146.685209 11050.364052 11002.101687 10999.708319 10934.719186 10901.512994 10859.145700 10784.959271 10781.854673 10743.144189 10692.445134 10607.912329 10596.557161 10553.286017 10518.962137 10445.835343 10397.414202 10331.345316 10288.993145 10247.313098 10202.499468 10142.870437 10086.570939 10035.665184 10026.659467 10001.800916 9975.280437 9916.834955 9892.801443 9887.072144 9882.261425 9864.394269 9853.960922 9844.003141 9812.125802 9780.417619 9775.942963 9755.060945 9741.562242 9697.728126 9678.671535 9645.102047 9619.605654 9585.906468 9580.807228 9545.419206 9470.370861 9461.471923 9414.113777 9385.552823 9364.958252 9338.004855 9295.191777 9232.813554 9159.360648 9084.450568 9061.392781 9012.740595 8970.396003 8932.232386 8891.987065 8822.101270 8780.227061 8711.372404 8662.655539 8601.253253 8565.108675 8484.719747 8410.087445 8343.016516 8295.785761 8229.371005 8206.094269 8205.304557 8186.872599 8168.371107 8089.729151 8086.761626 8047.084142 8018.911307 7991.295186 7983.381161 7953.547618 7942.418510 7913.567986 7894.015269 7874.907910 7851.541502 7833.444603 7773.369257 7753.203476 7713.629961 7685.147874 7674.379413 7657.654925 7629.842998 7591.125476 7585.793948 7581.730748 7568.912406 7546.546179 7510.963450 7508.671372 7469.620176 7447.131890 7430.964968 7420.896083 7396.988376 7365.104299 7354.512193 7344.917263 7313.366939 7290.175336 7266.204340 7234.930516 7208.038326 7186.717159 7171.797687 7158.944609 7148.549350 7136.727829 7125.271074 7116.907740 7109.343678 7102.865000 7096.679064 7090.965792 7085.837746 7080.125618 7075.026302 7069.540888 7063.683193 7059.156637 7054.683984 7049.303057 7045.581238 7041.275161 7036.520314 7033.727270 7030.440262 7025.097178 7020.961230 7016.850681 7012.075662 7007.921408 7002.696945 6997.338751 6991.993757 6987.161991 6982.756198 6978.665182 6974.716584 6971.538207 6968.685419 6966.120782 6963.675138 6961.450796 6959.726607 6958.503790 6957.538166 6956.517680 6955.506009 6954.540067 6953.872814 6953.290874 6952.699315 6951.973299 6950.920863 6950.446306 6949.819625 6949.410119 6949.063544 6948.601426 6948.244673 6947.791355 6947.497398 6947.319548 6946.994703 6946.751716 6946.397817 6946.094741 6945.583690 6945.298450 6945.082598 6944.874348 6944.670703 6944.426898 6944.114801 6943.850863 6943.552566 6943.287160 6943.179667 6943.144811 6942.874369 6942.769418 6942.580570 6942.411733 6942.258415 6942.154011 6942.134056 6942.029738 6941.920666 6941.815448 6941.692440 6941.512417 6941.338666 6941.156960 6941.068907 6940.970745 6940.815378 6940.738513 6940.592407 6940.446990 6940.301621 6940.149654 6940.060049 6939.974209 6939.874771
0.255709 0.292451 0.305068 0.320277 0.332238 0.338495 0.346188 0.378107 0.385104 0.400303 0.406253 0.412180 0.418488 0.426730 0.440855 0.448557 0.455591 0.461472 0.467413 0.473435 0.493451 0.499374 0.505693 0.525126 0.536496 0.549487 0.555717 0.563047 0.568930 0.574837 0.587421 0.594144 0.599985 0.606683 0.631737 0.643812 0.661386 0.679068 0.690998 0.697249 0.703175 0.715265 0.721145 0.727270 0.750717 0.756606 0.776055 0.782851 0.788816 0.794818 0.800680 0.807179 0.819194 0.824943 0.830694 0.836601 0.842735 0.871826 0.877731 0.884687 0.890422 0.896677 0.902891 0.916586 0.922376 0.929387 0.935614 0.941705 0.947455 0.953204 0.959885 0.965693 0.971548 0.983828 0.990929 1.001027 1.006873 1.021590 1.027699 1.034494 1.040271 1.046684 1.058763 1.064516 1.070077 1.075663 1.081253 1.086786 1.092713 1.099389 1.118690 1.127639 1.134165 1.141132 1.158407 1.163898 1.175797 1.181332 1.187580 1.193226 1.204750 1.210319 1.215978 1.227325 1.238893 1.250938 1.262405 1.268921 1.274602 1.286105 1.291659 1.302724 1.308694 1.314454 1.320051 1.325713 1.331218 1.336727 1.342811 1.348454 1.377454 1.393856 1.399202 1.404594 1.409977 1.415333 1.426569 1.432965 1.438349 1.443779 1.449957 1.455353 1.461470 1.466823 1.478996 1.484374 1.489901 1.496782 1.502131 1.507852 1.513212 1.518538 1.529372 1.534715 1.540053 1.545815 1.551258 1.567836 1.578743 1.584809 1.590082 1.595658 1.602123 1.612960 1.639754 1.646369 1.652141 1.657406 1.668996 1.674446 1.680111 1.688449 1.699324 1.704593 1.709870 1.715231 1.721318 1.726778 1.732179 1.738147 1.743397 1.748620 1.753901 1.759081 1.764365 1.769523 1.774683 1.785190 1.790417 1.795645 1.800819 1.806321 1.811605 1.816870 1.822206 1.827559 1.832832 1.837993 1.848416 1.853583 1.864054 1.886053 1.892270 1.903146 1.908524 1.918842 1.924828 1.929958 1.935758 1.941216 1.946611 1.952436 1.958340 1.963570 1.973980 1.979111 1.984602 1.989825 1.995182 2.000493 2.005624 2.010927 2.016175 2.021574 2.027457 2.037880 2.043047 2.048426 2.057354 2.063310 2.068674 2.073866 2.078968 2.084085 2.089242 2.094359 2.099651 2.111645 2.116794 2.122320 2.127443 2.132541 2.137945 2.143035 2.148315 2.153606 2.158696 2.163931 2.169225 2.174354 2.179460 2.184598 2.189696 2.194816 2.200005 2.205373 2.210707 2.218650 2.225419 2.230507 2.235594 2.240640 2.245821 2.250958 2.256120 2.261201 2.266407 2.271734 2.276930 2.282314 2.287888 2.293501 2.298673 2.304472 2.309602 2.314736 2.320005 2.325127 2.330214 2.335537 2.340723 2.345799 2.351113 2.357250 2.362392 2.368255 2.378331 2.383853 2.389052 2.394453 2.399589 2.404787 2.414036 2.419273 2.427327 2.433663 2.438827 2.444755 2.450620 2.456084 2.467429 2.472714 2.479118 2.484443 2.489778 2.496409 2.501792 2.507193 2.512891 2.518206 2.523549 2.528740 2.536894 2.542175 2.547898 2.553273 2.558403 2.563756 2.569047 2.574177 2.579674 2.584956 2.590066 2.595332 2.600488 2.605685 2.611114 2.616251 2.621335 2.626611 2.632312 2.637457 2.642681 2.650737 2.656848 2.667405 2.677680 2.682832 2.688225 2.693366 2.698611 2.703815 2.708919 2.714042 2.719173 2.724275
Elapsed_time: 2.724275
Score: 6939.874771
401
31493.210899 30498.429951 24867.101185 24346.564117 24342.991059 24125.094912 24100.470239 23983.697722 23889.951874 23849.280575 23832.234596 23801.174387 23670.443443 23610.417895 23603.084173 23535.564634 23333.420725 23305.237722 23248.241829 23146.500907 23090.235309 23065.561657 23045.393990 23033.900297 23009.701236 22975.555212 22895.438225 22847.602623 22608.563435 22573.901454 22477.680133 22298.565409 22285.661062 22259.557137 22143.868549 21956.639681 21775.808765 21762.066369 21626.813463 21520.422450 21421.934931 21389.472416 21367.721094 21332.004266 21259.919896 21229.112299 21190.797913 21142.761548 21002.741139 20709.347888 20664.759189 20653.413784 20597.408812 20578.218271 20548.914304 20475.680275 20443.899813 20304.664059 20163.325176 20046.528171 19870.974916 19821.334920 19752.320685 19727.630772 19688.968706 19550.799189 19505.114724 19446.342057 19325.687789 19220.723725 19159.019267 19099.391532 19062.526483 18953.835308 18792.372992 18624.902301 18592.011440 18424.219122 18378.348604 18364.349153 18327.465711 18267.421779 18203.502591 18124.111047 18084.074746 18052.654744 17991.070379 17815.658065 17478.158578 17314.993733 17150.523875 17025.830223 17003.833429 16952.249418 16892.549982 16807.967365 16679.597535 16611.620112 16499.804763 16430.239702 16377.914147 16352.400040 16279.665551 16229.514504 16228.312124 16195.259228 16140.398575 16098.427453 16014.835876 16014.248091 15928.155054 15842.504990 15636.597454 15569.252763 15499.898147 15424.557774 15329.272244 15132.114099 15059.486087 15047.535621 14990.015307 14952.436443 14916.381849 14885.394490 14843.677629 14840.397355 14818.610363 14787.404581 14762.347422 14720.000983 14701.352375 14676.161524 14554.743906 14466.799303 14324.724200 14313.473115 14257.652029 14197.400387 14061.984458 14011.666959 13884.494629 13718.476253 13662.458437 13657.190313 13573.326905 13457.412274 13419.511409 13391.754637 13343.510867 13312.518458 13210.274793 13194.587527 13193.263156 13167.507315 13121.193746 13050.255706 12992.624729 12978.532073 12956.972978 12881.309634 12816.948626 12778.679441 12755.219900 12745.505106 12719.422190 12705.562100 12659.039148 12592.493791 12524.880858 12504.665368 12441.168134 12410.658501 12369.289956 12322.177223 12306.284323 12257.156029 12238.265752 12143.177361 12098.557252 12032.847888 11973.307350 11902.700502 11837.624127 11777.949204 11714.642976 11710.975851 11671.974351 11663.311270 11607.249278 11562.089482 11505.134324 11493.196850 11481.703287 11456.775952 11423.368467 11346.032808 11302.944894 11257.968899 11185.197222 11150.471793 11133.530507 11097.531626 11040.453742 10965.618418 10929.031654 10878.172499 10831.566149 10776.669028 10741.324882 10693.338394 10667.270835 10656.051163 10612.704559 10564.674666 10509.443772 10491.020078 10456.648909 10424.505302 10381.915710 10356.832086 10314.686841 10295.000393 10277.220693 10237.086119 10224.483503 10193.453118 10135.428469 10094.529955 10063.052299 10052.727232 10045.737157 10009.335201 9965.829794 9934.467777 9921.118874 9909.345925 9893.466960 9886.778546 9871.540423 9847.592964 9846.447921 9823.308896 9784.587590 9746.169149 9712.453196 9712.137538 9687.640877 9653.831178 9598.068482 9538.191051 9533.914120 9514.952566 9471.194447 9413.240957 9413.069720 9383.502412 9360.109553 9299.612675 9284.323101 9275.243279 9248.774474 9238.793136 9174.313909 9170.912288 9149.771344 9124.189086 9077.531836 9023.001101 9016.478829 8968.363708 8966.565902 8931.816766 8893.620593 8884.557182 8877.101028 8842.977019 8790.657038 8785.900507 8774.162619 8757.733130 8744.033263 8716.695438 8621.549212 8602.670767 8573.467841 8541.523291 8488.522424 8442.761415 8424.461849 8362.772878 8361.993607 8308.715890 8247.412199 8241.155957 8217.720901 8202.204459 8167.787915 8119.171883 8106.385193 8100.541064 8090.172942 8041.904911 7994.272714 7986.322528 7900.625165 7863.628631 7824.294372 7793.922149 7789.317759 7762.703551 7721.920587 7690.006353 7656.535446 7624.425718 7596.495186 7572.932403 7552.065433 7524.429381 7500.234466 7481.823432 7468.170764 7446.444472 7424.917401 7407.568532 7401.585222 7395.864526 7381.974318 7368.318239 7352.614327 7339.928182 7326.740337 7312.911160 7300.134949 7288.170082 7278.658217 7271.018326 7264.388421 7254.909176 7246.089076 7236.033397 7228.297754 7221.736342 7216.548160 7212.555913 7207.084387 7200.818737 7196.367935 7192.329621 7185.713104 7180.442564 7173.376807 7165.025843 7157.894195 7151.085369 7144.260322 7137.877688 7133.366770 7127.607110 7121.992947 7118.010819 7113.918716 7110.253406 7107.575887 7104.945866 7102.923502 7099.428751 7096.253944 7095.429388 7093.018362 7091.002020 7088.603131 7086.322902 7083.405196 7079.655221 7076.874998 7073.650053 7070.376069 7067.681633 7064.226199 7060.934897 7058.305315 7054.460651 7051.904080 7050.290551 7047.761823 7045.501715 7044.241866 7043.179915 7041.480580 7039.532606 7037.766716 7035.642944 7033.745144 7032.255585 7030.666695 7029.259744 7028.252383 7027.485692 7026.475266 7025.202014 7024.602711
0.244396 0.280866 0.287004 0.317550 0.336464 0.343275 0.368032 0.374316 0.380334 0.386640 0.392680 0.398705 0.405996 0.412007 0.441897 0.448059 0.454044 0.460004 0.478549 0.484616 0.490579 0.510174 0.516538 0.522534 0.529534 0.541938 0.565828 0.577766 0.583941 0.603306 0.609290 0.621723 0.647979 0.654216 0.660848 0.666878 0.672836 0.684832 0.690863 0.697048 0.702972 0.714763 0.720810 0.726767 0.732683 0.739147 0.745185 0.751855 0.758075 0.764271 0.777517 0.797328 0.803334 0.830132 0.836322 0.842287 0.848311 0.854290 0.860271 0.878813 0.884740 0.896666 0.902497 0.914845 0.920889 0.926946 0.933793 0.947410 0.954460 0.960334 0.966619 0.972570 0.978403 0.984880 0.990754 0.997211 1.015813 1.021859 1.045387 1.051310 1.057253 1.063220 1.075403 1.081351 1.094139 1.100125 1.106604 1.112667 1.125187 1.137596 1.143432 1.150419 1.156646 1.162484 1.168463 1.174314 1.180093 1.191867 1.197728 1.209741 1.215618 1.221699 1.227600 1.233431 1.251008 1.257363 1.263379 1.277538 1.283954 1.303613 1.310215 1.316075 1.322177 1.339899 1.346684 1.353156 1.359382 1.365200 1.370915 1.388359 1.394638 1.400341 1.406159 1.412519 1.435209 1.458198 1.463951 1.469686 1.475323 1.481108 1.486746 1.503596 1.509180 1.514848 1.520510 1.537539 1.543214 1.548835 1.554391 1.559985 1.565503 1.571388 1.577051 1.583042 1.588706 1.594268 1.605654 1.611768 1.617513 1.623325 1.628884 1.645347 1.656297 1.662323 1.667920 1.673357 1.678811 1.690568 1.696089 1.701905 1.707540 1.713299 1.718788 1.729872 1.737388 1.744351 1.749974 1.755528 1.763155 1.768928 1.774430 1.780162 1.785634 1.801866 1.807284 1.812689 1.818110 1.823555 1.834323 1.845984 1.851410 1.857621 1.863181 1.879977 1.885726 1.896672 1.902600 1.907996 1.913440 1.924833 1.931417 1.943216 1.948641 1.955218 1.960660 1.966128 1.976908 1.982285 1.987720 1.993107 1.998486 2.004169 2.009589 2.014935 2.020350 2.026229 2.031595 2.037496 2.048275 2.059945 2.081734 2.092480 2.098210 2.103557 2.108885 2.114219 2.119596 2.124950 2.130282 2.140942 2.146274 2.151651 2.157164 2.162959 2.168434 2.174455 2.179832 2.185146 2.190933 2.196255 2.201818 2.207648 2.213229 2.218567 2.224718 2.230188 2.252124 2.257407 2.262682 2.268081 2.284309 2.289610 2.294883 2.300652 2.305959 2.316853 2.322221 2.328519 2.333791 2.339082 2.350479 2.355830 2.361519 2.366781 2.377397 2.382630 2.387900 2.393163 2.409021 2.414285 2.421080 2.431749 2.437365 2.442590 2.447898 2.453570 2.458937 2.464566 2.475962 2.492371 2.508205 2.513526 2.518784 2.534527 2.545148 2.550416 2.555838 2.577035 2.582312 2.592858 2.598165 2.603623 2.608877 2.619413 2.624705 2.630001 2.635253 2.640488 2.646332 2.651635 2.662608 2.667971 2.673142 2.678431 2.683634 2.689137 2.694460 2.699680 2.715489 2.720630 2.725827 2.731000 2.741385 2.746544 2.751663 2.756760 2.761920 2.767062 2.782143 2.787321 2.793156 2.798893 2.804127 2.809578 2.815298 2.820452 2.825602 2.830966 2.836108 2.841290 2.846391 2.851530 2.856692 2.861837 2.872053 2.877160 2.882826 2.887975 2.893277 2.898904 2.904175 2.909836 2.914961 2.920183 2.927953 2.936511 2.945092 2.953702 2.962173 2.970724 2.979375 2.988035 2.996624 3.005201 3.012154 3.017280 3.022401 3.027570 3.032623 3.042856 3.047962 3.053048 3.058165 3.063320 3.068407 3.073518 3.078598 3.083768 3.088849 3.099080 3.104205 3.109267 3.114838 3.120501 3.130968 3.136160 3.141236 3.146421 3.151506 3.156604 3.161925 3.172627 3.177702 3.183382 3.188434 3.193636 3.198806 3.204253 3.209303 3.214373 3.219528 3.224587 3.229878 3.234950 3.240069 3.245213 3.250340 3.255474 3.261239 3.266366 3.271470 3.276628 3.281765 3.286954 3.292239 3.297281 3.302349 3.307441 3.312615 3.317677 3.327843
Elapsed_time: 3.327843
Score: 7024.602711
btree9
L-BFGS
401
1568134.244908 1537507.835139 1524602.994242 1519637.550139 1516496.861930 1509890.915040 1456216.838355 1333682.010321 1030933.169444 761304.812976 386512.423834 345232.726699 270743.876488 192053.552743 159006.784398 87444.685715 82787.362034 74429.645742 72932.429937 72586.667438 72183.239791 71554.741286 70211.325385 68916.100828 62439.165843 60382.812567 60149.727505 60093.094655 59940.163807 59827.146060 59793.457006 59682.610489 59377.112049 58895.350163 58277.481015 55417.682775 54070.914502 52782.744934 52774.381388 52472.548462 52402.269940 52357.568600 52297.192992 52294.067927 52253.227200 52223.863633 52161.116530 52035.215148 51949.103479 51901.876330 51723.833815 51609.036550 51501.540496 51202.421903 50841.257882 50719.162547 50687.630148 50665.332664 50644.184357 50605.981163 50598.728429 50549.746188 50398.096714 49783.772280 49459.023991 49439.000840 49366.980268 49312.849812 49235.850568 49147.376175 49138.026209 49134.194109 49103.026092 49037.969089 48978.235128 48779.387132 48711.710710 48646.340303 48614.473607 48601.186735 48576.174333 48543.088008 48536.219996 48507.613552 48462.488838 48414.111922 48350.428477 48253.925597 48235.842530 48224.384311 48084.345435 47996.277743 47933.025235 47646.823529 47643.491692 47560.804212 47556.065077 47512.658453 47462.927777 47432.847144 47362.384790 47189.211854 47165.148300 47056.085476 46974.976879 46964.145974 46948.154487 46909.282078 46887.585827 46856.860479 46811.213084 46763.962177 46715.144992 46548.606826 46412.474977 46275.647040 46259.856298 46239.566942 46181.130917 46156.024025 46102.596862 46070.663401 45954.828391 45553.644068 45549.409187 45462.774427 45407.411374 45327.072362 45204.282896 45089.388077 44909.057287 44554.397755 44176.593091 44128.726421 44073.398218 43922.264798 43904.014991 43868.489136 43788.597345 43743.781595 43652.078024 43568.189745 43506.224870 43455.364256 43421.500360 43410.571880 43375.800761 43231.395355 43036.485464 42888.855796 42758.624840 42603.998952 42408.160295 42041.124239 41884.520187 41818.836558 41769.140151 41727.844446 41710.019649 41655.518098 41571.071496 41319.833447 40963.742930 40774.786693 40766.046027 40609.654224 40602.518719 40565.289707 40525.318774 40494.863032 40492.106757 40436.641900 40328.728948 40108.684615 39876.655808 39862.212657 39861.550021 39840.452951 39769.044050 39721.556669 39570.692079 39259.213726 39213.529135 39173.306301 39097.633970 39070.874349 39042.827028 39020.931959 39013.829023 38989.302071 38973.725753 38923.815629 38805.170399 38530.338026 38377.794077 38318.952944 38317.442358 38302.168886 38258.287668 38215.026072 38163.446597 38022.771071 38019.115733 38012.938010 37979.735979 37961.275397 37933.895698 37841.267654 37822.450212 37810.841299 37804.611343 37777.555047 37741.120879 37709.435727 37662.175211 37583.979928 37514.214154 37507.518720 37458.152484 37435.685384 37337.426457 37268.820706 37128.753545 37029.332512 36805.424834 36582.226386 36483.981665 36420.498898 36300.473041 36281.652847 36272.641522 36264.033708 36260.223573 36202.835623 36154.665784 35984.223089 35741.546702 35012.394326 34978.270584 34627.169432 34524.003463 34151.600028 33680.062590 33664.671796 33611.742773 33573.323506 33570.883736 33549.923549 33541.095570 33521.283910 33440.547389 33404.782410 33248.047231 33126.169350 32946.307039 32720.711206 32630.346791 32498.149234 32408.951998 32323.817678 32221.343091 32068.865999 32063.851720 32004.212375 31961.333693 31902.368961 31853.405825 31801.559506 31675.642028 31564.733187 31218.295975 31204.150501 31190.015845 31165.269618 31136.588299 31051.770952 30905.102425 30654.485511 30366.849704 30243.226840 29937.051864 29851.610583 29840.592347 29820.791936 29723.870513 29665.607558 29535.270129 29511.025509 29467.383595 29400.832839 29381.898023 29297.909896 29116.341727 28973.507280 28590.283407 28533.425499 28365.716195 28305.703640 28288.966747 28216.118029 28184.402807 28178.259380 28163.216078 28121.598684 28025.049615 27835.793245 27483.352843 27459.282824 27407.189010 27335.043237 27298.264354 27282.547131 27243.656472 27226.096389 27195.129126 27146.087208 27083.725132 26631.843935 26466.901960 26455.759959 26436.683712 26404.659975 26386.963651 26315.145270 26274.183580 26260.310504 26212.463826 26146.299607 26145.778281 26116.861406 26102.180717 26077.649880 26017.228043 25961.208700 25926.695319 25858.674544 25702.246647 25697.938124 25651.849089 25602.105128 25534.427727 25525.287162 25511.987063 25483.334310 25474.267323 25439.010813 25398.552925 25387.584881 25265.669244 25227.007318 25204.440298 25202.005521 25183.225298 25172.891530 25144.541900 25102.242452 25097.031562 25089.790645 25081.014285 25014.934848 24939.958173 24925.463395 24875.206078 24819.140932 24811.804426 24763.050989 24713.219065 24707.474733 24661.028461 24659.186127 24617.158258 24584.803665 24579.044414 24543.239984 24467.727165 24415.353205 24396.131571 24243.127371 24217.723654 24109.655388 24089.708955 24085.823567 24053.022429 24005.818270 23939.768220 23897.690727 23876.041399 23751.128066 23696.627989 23685.840743 23656.637293 23613.759703 23560.512214 23438.904554 23231.959493 22973.109214 22963.086721 22907.771852 22840.366552 22827.126375 22797.335641
0.000042 0.023541 0.034665 0.045734 0.055738 0.066397 0.076226 0.086731 0.097801 0.109512 0.119063 0.128949 0.138671 0.148028 0.157886 0.167147 0.176534 0.185922 0.195200 0.204499 0.213816 0.223110 0.232491 0.241885 0.270967 0.291335 0.310654 0.349105 0.377776 0.387370 0.396944 0.436067 0.445997 0.476062 0.485636 0.496619 0.537597 0.547196 0.605254 0.615380 0.625336 0.657278 0.667020 0.701745 0.741762 0.751325 0.760983 0.770870 0.790764 0.800802 0.810995 0.820756 0.832898 0.842910 0.852764 0.862678 0.882211 0.921915 0.942142 0.971478 0.990868 1.000917 1.011111 1.020926 1.031020 1.070779 1.080448 1.090935 1.110459 1.160106 1.169958 1.220222 1.230404 1.240488 1.250299 1.260222 1.281041 1.290914 1.301010 1.320413 1.330442 1.340243 1.370111 1.379773 1.399121 1.408850 1.418433 1.428086 1.476983 1.486693 1.506054 1.525637 1.544995 1.604233 1.664136 1.684135 1.723356 1.733062 1.742756 1.752387 1.762513 1.821112 1.840520 1.859808 1.908552 1.976634 1.986403 2.015811 2.025515 2.035228 2.044891 2.054530 2.064227 2.073869 2.114174 2.124392 2.166351 2.216153 2.225942 2.285443 2.295184 2.304903 2.314966 2.325763 2.379191 2.389460 2.399225 2.409017 2.419155 2.428857 2.438988 2.448702 2.467940 2.487157 2.506379 2.515960 2.554995 2.566661 2.576475 2.587091 2.596711 2.606543 2.616353 2.625962 2.657091 2.667082 2.676734 2.689582 2.699811 2.710709 2.722144 2.732835 2.744079 2.776394 2.786234 2.857954 2.887660 2.918096 2.938162 2.947989 2.957869 2.967758 2.977595 2.987463 2.997878 3.007583 3.037096 3.047074 3.058002 3.067511 3.087662 3.097614 3.107198 3.116884 3.126772 3.147389 3.167483 3.196822 3.206390 3.226504 3.245786 3.265384 3.274926 3.293936 3.303415 3.312950 3.322689 3.342046 3.351602 3.361185 3.390982 3.401899 3.412602 3.422166 3.432765 3.499857 3.538403 3.567282 3.576980 3.596076 3.625022 3.635515 3.664706 3.684189 3.693731 3.703281 3.712957 3.722469 3.731974 3.807746 3.836205 3.845774 3.855205 3.865574 3.875564 3.885112 3.894721 3.923249 3.933145 3.953615 3.963172 3.972666 3.982213 3.991753 4.001221 4.022088 4.062057 4.071732 4.110024 4.160351 4.179294 4.227519 4.257792 4.267692 4.277963 4.288557 4.298022 4.317351 4.345797 4.355663 4.374418 4.383785 4.403800 4.451190 4.460532 4.469778 4.506742 4.544146 4.553754 4.563039 4.572676 4.581939 4.591344 4.612528 4.622092 4.631389 4.663454 4.673581 4.692500 4.701946 4.711500 4.721054 4.731206 4.740824 4.750028 4.786932 4.796254 4.805628 4.814914 4.824225 4.833894 4.852596 4.880751 4.889855 4.899049 4.908272 4.917403 4.955075 4.964259 4.982346 4.991432 5.000512 5.037592 5.046716 5.055955 5.065013 5.074674 5.084613 5.093739 5.102749 5.121522 5.130601 5.139703 5.185048 5.194228 5.212121 5.221134 5.238885 5.284521 5.314752 5.332645 5.359461 5.377435 5.386427 5.395347 5.404310 5.413311 5.422136 5.439746 5.448607 5.466146 5.475235 5.484313 5.493156 5.502096 5.510946 5.530115 5.538878 5.547655 5.593353 5.602301 5.611063 5.619726 5.628552 5.637268 5.663203 5.671934 5.680589 5.689267 5.706952 5.715928 5.724786 5.733743 5.742572 5.760172 5.769155 5.797394 5.833813 5.842805 5.851689 5.860747 5.870498 5.879704 5.892800 5.920928 5.929838 5.957881 5.975251 5.984233 5.992991 6.001689 6.037631 6.046307 6.080553 6.106497 6.115109 6.123661 6.141104 6.166801 6.175308 6.192619 6.226802 6.235337 6.253973 6.271677 6.280590 6.297817 6.334224 6.343625 6.354208 6.363127 6.381573 6.399809 6.408650 6.418420 6.444389 6.452919 6.461370 6.470303 6.478721 6.513747 6.547845 6.556234 6.564653 6.573109 6.581459 6.589776 6.598103 6.606474 6.632039 6.640369 6.648930 6.657383 6.666074 6.697550 6.705842 6.732787 6.741206 6.749510 6.766021 6.774317
Elapsed_time: 6.774317
Score: 22797.335641
401
1581500.523367 1548021.690870 1539157.845259 1530232.693920 1432606.085067 1139332.809046 651381.060016 553711.148755 410547.408234 286726.073341 254009.547757 177322.700771 117371.169294 97791.876071 76232.058820 69396.875390 69291.231235 69213.048266 68918.750670 68345.048242 67056.089723 65852.300229 64707.907352 63356.970488 60885.781840 60489.889917 59209.464218 58973.651857 58967.061331 58656.006632 58617.687216 58593.903495 58164.514309 58144.451529 57869.461534 57705.059936 57556.808992 57420.544890 57286.684107 57216.147166 56826.436733 55672.617606 53967.029296 53752.872090 53746.784699 53678.387274 53537.434732 53503.962013 53500.413026 53436.734217 53326.052433 53315.002446 53192.001788 53152.900315 52931.482538 52697.331352 52693.101734 52501.922442 52271.823230 52101.936673 51536.857461 51188.264995 50929.304314 50843.013594 50833.728698 50812.199431 50772.233286 50738.904806 50674.124559 49996.004428 49716.178400 49701.350229 49546.929582 49529.866589 49490.615433 49461.728715 49447.201648 49428.812891 49403.362347 49345.761833 49250.262080 49024.460821 48964.177364 48886.914917 48709.907296 48599.742575 48597.140298 48512.259456 48472.729558 48340.095780 48157.630510 47841.009159 47444.315458 47394.057966 47134.998388 47126.779560 47099.728556 47066.896742 47023.698426 46996.442436 46936.323369 46902.728127 46863.780514 46834.746540 46814.099700 46760.939353 46709.739072 46617.567222 46497.255836 46448.118461 46309.691039 46257.506628 46191.230511 46096.745069 46086.618123 46064.942706 46001.206075 45821.846735 45597.210732 45440.528085 45221.322734 45130.559672 45079.495307 44721.917091 44679.074743 44659.102691 44624.891093 44574.430556 44529.862749 44454.900981 44347.289085 44337.846426 44300.023436 44231.425870 44174.961549 44081.185662 43911.421857 43905.393686 43871.353610 43825.160745 43814.916421 43703.046483 43690.546517 43660.462939 43656.951278 43591.645120 43498.130475 43448.208417 43441.930010 43427.655034 43324.621998 43057.620631 42761.509407 42500.168046 42485.878765 42479.741930 42462.251976 42457.883318 42408.186929 42406.044858 42373.017377 42335.725744 42213.732955 42175.192267 41957.195405 41938.246351 41869.950369 41675.597546 41556.401668 41437.749981 41386.201697 41278.001564 41229.640208 41189.328643 41175.429795 41168.642363 41132.033501 41087.263047 40927.634319 40883.586655 40868.325766 40806.651313 40770.811391 40742.589592 40694.191567 40651.771595 40639.230167 40629.843141 40586.722602 40461.210532 40428.560913 40428.189619 40393.458338 40370.281407 40292.890512 40204.205271 40121.637579 40093.538319 40075.775080 40005.640419 39893.343453 39837.488928 39780.804703 39283.177906 38874.471420 38810.609178 38788.427177 38771.660377 38764.596038 38734.340597 38687.927228 38611.080885 38480.540745 38455.690505 38448.348170 38349.261997 38325.552733 38322.448491 38306.278437 38243.042899 38226.923854 38213.972285 38188.294738 38161.735308 38056.286558 37929.584865 37892.143171 37852.736816 37800.104739 37684.978953 37645.063191 37641.105046 37584.107489 37551.225105 37487.540277 37411.671478 37399.136157 37327.018094 37207.641365 37115.231051 36845.168017 36700.548310 36641.594387 36622.287821 36613.080431 36568.644521 36498.182430 36464.991897 36343.800353 36211.855113 36191.267742 36185.495734 36063.083092 35932.127739 35748.698583 35650.923278 35644.435864 35631.725843 35592.375618 35522.763059 35428.460359 35340.532716 35133.749087 35102.702810 35066.641181 35057.676039 35022.496743 34933.697204 34748.024633 34448.434740 34147.484994 34078.768496 33981.659987 33910.230126 33649.648355 33535.294319 33323.148665 33265.388943 33204.441977 33167.037168 33136.390585 33098.816935 33026.774043 32870.555475 32738.057280 32722.482822 32652.609290 32604.657791 32497.194466 32493.508628 32481.199569 32442.324108 32353.763019 32258.179148 32099.309027 31706.587625 31648.264358 31630.634350 31612.472043 31604.550650 31532.364347 31446.087442 31381.111290 31158.772507 30930.514837 30923.100353 30852.218426 30793.917065 30659.716407 30451.410684 30338.329458 30300.242475 30297.479588 30265.628234 30195.082174 30191.092405 30179.520580 30156.507044 30122.936803 30040.633746 29922.498348 29914.242688 29826.088540 29671.997271 29471.274138 29447.261320 29386.843843 29362.145439 29335.686304 29279.785179 29252.970289 28957.190135 28923.353590 28668.181870 28339.462737 28284.640229 28211.564296 28111.871530 28080.800242 27988.668109 27945.120247 27816.108996 27754.506076 27601.203119 27547.383692 27515.498550 27501.765463 27461.053281 27307.586859 27300.254743 27279.314963 27274.616415 27272.139015 27262.943095 27236.863100 27222.433800 27189.542371 27124.120778 27075.895376 26962.306435 26653.962154 26627.452467 26624.800659 26607.182010 26585.251960 26565.388975 26525.762658 26478.309805 26391.019837 26303.070849 26241.525098 26155.290971 25945.207599 25926.537850 25851.133478 25781.846546 25634.199953 25563.545070 25536.114837 25520.779231 25446.069924 25431.533151 25413.574824 25396.177221 25341.561785 25308.960863 25226.064438 25194.470793 25131.849537 25107.828958 25042.617199 24992.256146 24880.389065 24846.636134 24841.044331 24803.846563 24736.637667 24724.165562 24687.510177 24662.616174 24633.840415
0.000036 0.020825 0.031652 0.041619 0.051962 0.071920 0.081722 0.091862 0.101375 0.111004 0.120495 0.130363 0.140071 0.149486 0.159106 0.169034 0.178569 0.188758 0.198822 0.208198 0.227220 0.236833 0.246686 0.305044 0.324458 0.363165 0.372828 0.382435 0.430461 0.440081 0.459744 0.470223 0.480614 0.529953 0.540348 0.560156 0.570121 0.579791 0.589566 0.600012 0.609698 0.620231 0.639723 0.650605 0.689340 0.699027 0.728934 0.739658 0.749583 0.759286 0.768962 0.778684 0.788921 0.812013 0.822181 0.840290 0.890187 0.900188 0.910317 0.920241 0.941143 0.951956 0.981805 0.991603 1.012013 1.031882 1.062614 1.073258 1.083257 1.116993 1.205109 1.260550 1.270533 1.300241 1.310087 1.379331 1.389127 1.408705 1.418414 1.428699 1.439006 1.448814 1.458968 1.469019 1.479108 1.490766 1.530786 1.540529 1.550991 1.580882 1.590738 1.610436 1.639527 1.658916 1.668756 1.710498 1.751265 1.770654 1.780361 1.790005 1.799693 1.809369 1.819002 1.853177 1.884319 1.894551 1.904177 1.914837 1.925147 1.944786 1.964564 1.975165 1.984863 1.995594 2.036351 2.046134 2.056003 2.065943 2.095328 2.105036 2.114792 2.124776 2.134436 2.153773 2.192784 2.222636 2.232511 2.243621 2.263143 2.272765 2.282390 2.311490 2.321115 2.330749 2.340318 2.350469 2.369849 2.389081 2.398776 2.447597 2.457292 2.478963 2.498489 2.508408 2.538058 2.547732 2.557512 2.567142 2.586349 2.635775 2.645574 2.664862 2.675119 2.684774 2.704586 2.763007 2.772932 2.782651 2.792332 2.801920 2.811481 2.821046 2.831899 2.841576 2.851166 2.879953 2.889630 2.929036 2.938653 2.948349 2.957945 3.006197 3.015701 3.044573 3.073373 3.102405 3.111953 3.121547 3.140825 3.150416 3.179079 3.198428 3.207897 3.227388 3.236960 3.246696 3.265722 3.306929 3.316857 3.335876 3.364779 3.414006 3.423598 3.433141 3.442738 3.472024 3.481617 3.500794 3.550810 3.560960 3.571060 3.581191 3.590936 3.610053 3.619484 3.668380 3.690119 3.714897 3.759764 3.769504 3.779339 3.788959 3.826977 3.846301 3.913504 3.922941 3.932405 3.941970 3.951404 3.960952 3.989627 4.008570 4.018047 4.027561 4.036977 4.059328 4.080547 4.109688 4.119261 4.148628 4.158056 4.167527 4.176936 4.195907 4.205334 4.233685 4.264429 4.273924 4.283375 4.293140 4.303389 4.332103 4.341510 4.388685 4.398119 4.408711 4.418244 4.446473 4.455845 4.465256 4.493341 4.560022 4.579111 4.588573 4.626438 4.635877 4.692918 4.702278 4.711670 4.721071 4.730795 4.740237 4.768256 4.806089 4.815454 4.853032 4.862380 4.871699 4.881007 4.909005 4.918321 4.936957 4.946271 4.956011 4.965462 4.974746 4.984075 5.011754 5.021019 5.059934 5.069401 5.078816 5.088068 5.097320 5.106527 5.152524 5.161988 5.171878 5.200288 5.257015 5.275494 5.284760 5.294428 5.303720 5.312929 5.331345 5.358781 5.368130 5.387002 5.415177 5.424275 5.433386 5.442608 5.451824 5.497093 5.533914 5.543006 5.552154 5.561278 5.570511 5.579565 5.588552 5.606602 5.617533 5.636650 5.673711 5.695406 5.705113 5.714493 5.723848 5.733795 5.742800 5.752050 5.761055 5.770031 5.787968 5.796951 5.805920 5.814864 5.823798 5.852458 5.864317 5.894342 5.903278 5.912086 5.938563 5.947460 5.956253 5.965031 5.973830 5.982810 5.991660 6.000747 6.009548 6.027070 6.035917 6.045250 6.054305 6.080579 6.125268 6.135470 6.157382 6.193288 6.202979 6.211797 6.230370 6.239984 6.249147 6.259040 6.303436 6.312617 6.331575 6.349835 6.358599 6.367363 6.384719 6.393566 6.402463 6.411369 6.420496 6.429625 6.438425 6.447136 6.464456 6.473087 6.481641 6.490198 6.507121 6.524421 6.533049 6.550323 6.558927 6.575878 6.584433 6.592957 6.601519 6.610066 6.618751 6.627620 6.636405 6.644914 6.653591 6.662108 6.678789 6.712153 6.720600 6.729058 6.754753 6.763480 6.772223 6.781174
Elapsed_time: 6.781174
Score: 24633.840415
CN-L-BFGS
299
21499.872856 20487.598067 16683.037894 16628.906876 16611.318662 16576.769212 16551.188760 16504.912368 16446.937913 16319.696680 16182.828733 15967.709685 15904.382624 15876.143689 15809.173862 15698.045631 15562.873088 15339.914721 15281.997994 15222.621816 15155.063809 15135.909883 14988.739475 14878.381683 14786.076162 14713.252676 14670.774296 14613.417058 14522.845321 14413.573206 14140.827646 14127.690944 14122.951478 14060.957882 13992.987752 13967.117707 13905.177770 13854.244940 13801.695561 13680.722192 13623.588077 13603.798471 13553.633653 13490.733509 13477.825108 13464.372872 13427.335853 13403.151471 13359.028101 13170.978906 13082.295256 13070.585018 13066.016448 13041.302452 13033.424742 13014.403754 13007.469875 12970.188812 12940.502834 12896.302350 12821.507527 12780.408090 12612.968047 12474.435955 12465.989321 12419.641341 12383.088186 12378.009831 12370.500711 12359.182672 12331.740183 12324.549935 12296.420779 12190.139176 12040.410964 12027.859316 11963.040446 11959.793245 11865.765824 11813.769262 11744.741221 11632.951241 11475.837329 11474.576910 11473.071040 11389.584045 11337.005602 11314.677847 11298.143618 11250.934513 11099.871999 10930.528677 10854.729278 10769.297919 10766.749305 10738.104246 10710.664049 10705.001571 10686.688938 10613.621425 10531.376883 10529.594717 10456.649182 10347.860879 10245.928419 10186.829839 10183.867125 10156.823862 10118.328274 10070.518957 9806.472617 9727.942219 9682.119193 9561.158649 9478.345887 9458.786411 9388.677931 9219.444181 9009.542466 8905.423380 8802.750301 8787.040372 8753.762806 8667.727176 8484.052045 8439.338121 8373.403761 8286.405508 8192.630078 8185.951830 8185.607582 8156.514041 8131.004835 8067.821137 8033.237621 7957.909274 7888.168466 7838.559883 7789.359317 7753.492633 7703.143807 7650.737123 7630.048853 7572.887718 7550.896863 7544.980230 7506.787292 7473.199215 7426.195413 7363.930413 7329.187071 7306.052678 7281.961007 7265.971601 7234.141988 7199.883830 7185.816579 7146.600210 7117.988563 7091.299800 7061.443772 7039.230501 7038.336440 7033.064537 7024.695151 7015.263910 7005.942763 7004.795743 6980.417475 6966.874713 6945.560140 6930.391288 6916.718168 6897.688768 6880.230898 6855.353735 6838.357117 6830.653196 6825.406577 6804.430100 6791.689862 6788.814254 6775.161934 6762.007557 6746.526185 6737.926702 6728.215111 6714.933123 6699.183159 6682.969902 6671.410328 6657.359238 6646.613161 6630.767674 6623.010760 6607.115034 6591.237280 6579.523869 6569.137303 6561.532262 6552.296037 6544.981168 6536.704397 6527.690430 6518.131879 6510.656002 6503.055692 6497.358198 6491.996154 6487.646700 6482.046229 6477.428841 6473.384986 6469.331765 6465.519837 6460.689816 6456.098708 6452.519654 6449.656892 6446.353008 6442.399817 6438.252355 6433.202760 6428.183010 6424.128786 6420.756784 6415.240308 6411.550448 6407.328110 6402.663905 6399.668349 6395.670140 6391.294376 6387.749037 6384.435299 6380.295060 6376.793700 6373.946715 6370.577560 6368.117702 6365.754450 6363.174608 6361.057852 6359.409746 6356.964110 6354.993934 6353.176438 6351.240607 6349.931938 6348.124782 6346.101480 6344.548095 6343.328666 6341.653954 6340.472203 6339.169822 6337.605401 6336.420864 6335.087447 6333.542302 6332.535326 6331.553831 6329.853203 6328.839208 6327.978420 6326.522220 6325.641697 6324.369856 6323.111307 6321.525314 6320.382168 6318.820554 6317.565364 6316.030675 6314.655093 6313.279474 6312.134847 6310.428915 6309.327173 6308.001919 6306.486452 6305.041084 6303.942525 6302.718654 6301.670914 6300.595729 6299.162111 6298.173847 6297.057233 6295.929204 6295.165981 6294.362161 6293.046609 6292.214403 6291.492782 6290.249280 6289.436538 6288.564371 6287.753027
0.446353 0.500028 0.507979 0.545487 0.568945 0.576483 0.584394 0.591913 0.600435 0.607989 0.615678 0.623153 0.638074 0.645557 0.652996 0.660399 0.675154 0.682501 0.689953 0.697250 0.704970 0.712287 0.719596 0.734824 0.742229 0.749418 0.763756 0.771239 0.778408 0.785939 0.793288 0.800444 0.836450 0.843659 0.850789 0.858162 0.865284 0.872466 0.879588 0.886727 0.894073 0.940800 0.949835 0.957707 0.966700 0.997018 1.004323 1.011515 1.019001 1.033444 1.048142 1.062338 1.106346 1.113484 1.127749 1.142243 1.149459 1.156457 1.172181 1.179502 1.193839 1.235812 1.242767 1.249756 1.286984 1.300971 1.323455 1.351643 1.358834 1.372850 1.379766 1.400784 1.407671 1.414782 1.421682 1.435662 1.456303 1.463200 1.470125 1.477242 1.484110 1.491130 1.498769 1.513060 1.541450 1.548401 1.555351 1.569014 1.575841 1.582701 1.589530 1.596329 1.603129 1.610257 1.646653 1.653660 1.660555 1.674054 1.680848 1.687635 1.694465 1.722033 1.729030 1.736303 1.750198 1.756983 1.778027 1.784759 1.791600 1.805110 1.818485 1.832105 1.838962 1.845824 1.853158 1.867161 1.873825 1.880508 1.887187 1.894005 1.900681 1.920549 1.927766 1.934274 1.940798 1.953837 1.960236 1.966717 1.974112 1.987086 2.013481 2.020403 2.027140 2.033497 2.046300 2.052677 2.059147 2.065447 2.071810 2.078254 2.084779 2.091570 2.098034 2.104470 2.110985 2.117348 2.123764 2.130176 2.136639 2.142847 2.149261 2.155627 2.161851 2.168390 2.174575 2.180766 2.186970 2.193388 2.199500 2.206706 2.212872 2.219013 2.231413 2.237865 2.244005 2.250205 2.262455 2.268780 2.274897 2.281042 2.287164 2.293572 2.305906 2.311981 2.318045 2.324469 2.330769 2.337606 2.343737 2.350020 2.356147 2.362376 2.368529 2.374806 2.380915 2.387024 2.393482 2.399714 2.406525 2.412868 2.418924 2.425083 2.431239 2.437288 2.443309 2.449353 2.455373 2.461436 2.467514 2.473612 2.479631 2.485879 2.491931 2.497972 2.504380 2.510747 2.516866 2.523212 2.529239 2.535431 2.541590 2.547650 2.554291 2.561085 2.567154 2.573827 2.579881 2.586376 2.592456 2.598777 2.604856 2.610954 2.616947 2.622989 2.629018 2.635202 2.641369 2.647514 2.653623 2.659704 2.666010 2.672018 2.678104 2.684894 2.690912 2.697004 2.703014 2.709101 2.715147 2.721202 2.727431 2.733651 2.739659 2.745720 2.751755 2.757801 2.764085 2.770430 2.776617 2.782963 2.789041 2.795035 2.801091 2.807112 2.813147 2.819297 2.826032 2.832142 2.838149 2.844194 2.850246 2.856220 2.862292 2.868470 2.874551 2.880775 2.887077 2.893088 2.899202 2.905212 2.911204 2.917519 2.923502 2.934735 2.940742 2.947053 2.953436 2.959458 2.966002 2.973136 2.979457 2.986300 2.992415 2.999622 3.006850 3.013079 3.019396 3.025453 3.031948 3.038076 3.044108 3.050166 3.056266 3.062263 3.068590 3.074579 3.084019 3.090089 3.096339
Elapsed_time: 3.096339
Score: 6287.753027
285
21145.997243 20118.088788 16409.989375 16376.416486 16329.334589 16295.420415 16233.168284 16227.400170 16184.372450 16131.228904 15870.640824 15822.501173 15818.786913 15684.943571 15631.701029 15549.534608 15410.199332 15372.053251 15282.688769 15115.977318 15068.777003 14948.985972 14867.643285 14795.965353 14667.957204 14411.920367 14397.413677 14353.682863 14287.660837 14195.836748 14116.380408 14057.504214 13990.148698 13894.753365 13806.312227 13787.543473 13741.541338 13669.971861 13511.272152 13326.077148 13279.793939 13265.440787 13162.976343 13086.010691 12757.016524 12738.246083 12726.713521 12674.357886 12588.506332 12478.118259 12437.840741 12406.070931 12372.538998 12368.678660 12361.147460 12340.096556 12285.025317 12146.012087 11894.326164 11821.241344 11677.624218 11474.337928 11312.648410 11033.380825 10977.408870 10967.322244 10900.770459 10836.150958 10830.971561 10768.772443 10711.870322 10696.881095 10679.874990 10648.396909 10577.044170 10539.099017 10492.254968 10447.410097 10340.877953 10274.220441 10165.510208 10090.304983 9996.269416 9891.360311 9881.231735 9759.525645 9707.099229 9661.138732 9581.121952 9574.358500 9502.861451 9459.890440 9450.757192 9395.812755 9302.716756 9286.291276 9209.165185 9145.406269 9078.505923 8985.033933 8904.147176 8862.656397 8810.079872 8696.180750 8559.201642 8523.512901 8483.740019 8454.269724 8409.906802 8326.692471 8204.842500 8165.119844 8161.990120 8140.999883 8094.396358 8024.157827 7999.664015 7964.581663 7931.969876 7908.593262 7872.488095 7811.936984 7793.882838 7763.459223 7727.376016 7677.004914 7667.731972 7661.733456 7652.736421 7633.879405 7607.989196 7569.930119 7536.445651 7495.039747 7454.460047 7417.289871 7379.330357 7340.071071 7302.668036 7275.374743 7248.245532 7221.706798 7194.155927 7193.209595 7175.793751 7150.144446 7135.414595 7132.529419 7119.410549 7093.474146 7062.041422 7037.408811 7023.473881 6990.816140 6968.938871 6938.336570 6910.343874 6908.607682 6897.964497 6877.777955 6857.876129 6833.814432 6831.490035 6822.568517 6812.939722 6796.425838 6781.068667 6770.600135 6762.741623 6738.212922 6723.712931 6710.025741 6695.454242 6680.986147 6666.468831 6651.671296 6637.342880 6625.414366 6615.273446 6603.585973 6594.068628 6583.780614 6573.827444 6565.064106 6556.504534 6548.651300 6540.494230 6531.580877 6523.846143 6516.125276 6507.850312 6499.706154 6490.758625 6481.346901 6472.470106 6464.177531 6455.331208 6446.834105 6439.355135 6432.132952 6424.881708 6418.995026 6414.298847 6410.413171 6402.379948 6395.898130 6390.105061 6382.742746 6377.615965 6371.647003 6366.140488 6361.852739 6357.990101 6352.025380 6347.233656 6341.860582 6336.110875 6331.591058 6326.645477 6321.251019 6316.739075 6311.918158 6306.259184 6301.239402 6296.261197 6291.112706 6286.469162 6282.076641 6276.069856 6271.951051 6268.032366 6263.328062 6259.638484 6255.610535 6251.725160 6247.299537 6242.802120 6238.569699 6233.461936 6229.264692 6225.787499 6221.078357 6218.102342 6214.917986 6210.324442 6207.681936 6204.198336 6200.849735 6197.828024 6195.126368 6191.741414 6189.068088 6186.608934 6183.827611 6181.727160 6179.096803 6176.251275 6174.197759 6172.468416 6170.591731 6168.445624 6166.438838 6164.429770 6162.770335 6161.184061 6159.662965 6157.828356 6156.598862 6155.307371 6153.762985 6152.182835 6150.973962 6149.491813 6148.203983 6147.021195 6145.511579 6144.683849 6143.827222 6142.458237 6141.649862 6140.691922 6139.090578 6138.145475 6137.511290 6136.593085
0.449322 0.497481 0.505036 0.527339 0.534912 0.542844 0.557580 0.572757 0.580338 0.588644 0.596057 0.612271 0.642797 0.651243 0.666656 0.673960 0.682118 0.689575 0.696892 0.704220 0.711511 0.718768 0.726026 0.733215 0.740474 0.747790 0.776431 0.784008 0.791192 0.798440 0.805569 0.813673 0.820755 0.827940 0.835686 0.851179 0.858567 0.868737 0.875851 0.883374 0.890741 0.914260 0.921260 0.928277 0.935311 0.971390 0.978398 0.985527 0.992540 1.000139 1.007080 1.014349 1.021452 1.043514 1.050778 1.057841 1.072000 1.079103 1.100675 1.107793 1.114709 1.122364 1.129379 1.136346 1.143242 1.178827 1.185737 1.192577 1.207418 1.214422 1.222690 1.255305 1.262539 1.269543 1.276535 1.290522 1.297575 1.305419 1.312690 1.319662 1.326951 1.333831 1.354272 1.361004 1.367710 1.374526 1.381319 1.388085 1.395179 1.401926 1.408586 1.415383 1.429492 1.436497 1.443763 1.450559 1.457296 1.464000 1.471148 1.478035 1.484721 1.491348 1.497923 1.504538 1.511062 1.524558 1.531095 1.537740 1.544613 1.551295 1.557975 1.571104 1.591996 1.598644 1.605138 1.611991 1.618528 1.625537 1.631894 1.638282 1.644750 1.651179 1.664224 1.670599 1.680581 1.687107 1.707767 1.714829 1.721469 1.734302 1.746917 1.753280 1.759595 1.765926 1.772259 1.778586 1.784865 1.791186 1.797937 1.804202 1.810499 1.816741 1.823176 1.837026 1.843499 1.850268 1.856534 1.863382 1.870915 1.877231 1.884193 1.890458 1.897056 1.903918 1.910507 1.916880 1.923209 1.942342 1.948563 1.954864 1.961040 1.967388 1.986057 1.992244 1.998475 2.004782 2.010999 2.017579 2.023812 2.030754 2.037014 2.043482 2.051727 2.057907 2.064335 2.071079 2.077362 2.083911 2.090182 2.096454 2.102751 2.108951 2.116388 2.124120 2.132326 2.138616 2.145516 2.151730 2.157892 2.164389 2.170563 2.176989 2.183257 2.189541 2.195893 2.202271 2.208930 2.215157 2.222277 2.228858 2.235450 2.241853 2.248049 2.254435 2.260683 2.267553 2.274128 2.280334 2.286689 2.292949 2.299160 2.305476 2.311904 2.318347 2.324635 2.330948 2.337229 2.343378 2.349557 2.355660 2.361897 2.368237 2.374379 2.380514 2.386638 2.392798 2.398946 2.405175 2.411330 2.417476 2.423593 2.429705 2.435838 2.442274 2.448536 2.454934 2.461061 2.467211 2.473280 2.479399 2.485584 2.492414 2.498532 2.506236 2.512351 2.518780 2.525123 2.531309 2.537412 2.544005 2.550256 2.556415 2.562540 2.568851 2.575051 2.581158 2.587873 2.594304 2.600468 2.607660 2.613824 2.619899 2.626519 2.632858 2.639365 2.645490 2.651699 2.657815 2.664231 2.670504 2.676779 2.683261 2.689371 2.695593 2.701756 2.707829 2.714426 2.720541 2.727702 2.734052 2.740205 2.747329 2.753634 2.759987 2.766200
Elapsed_time: 2.766200
Score: 6136.593085
1138_bus
L-BFGS
374
1939128.155516 1901567.100474 1890431.737006 1875146.417602 1771201.819407 1590036.108224 1190812.006051 1135000.537137 1044307.898466 953816.068927 296013.938295 211796.407225 148383.741897 138331.627771 67512.092322 34548.461698 -9847.460224 -26580.095115 -38666.972470 -49308.669938 -63954.357076 -78329.313253 -85157.102484 -93959.756705 -103017.809247 -103721.587215 -103846.702551 -103947.031504 -104785.576015 -105055.482292 -106867.952160 -116093.858506 -127590.266224 -136269.883365 -139378.308661 -141486.330566 -143849.569846 -147036.074872 -153774.970966 -157464.647148 -166080.873896 -171135.841352 -171839.668877 -175827.820511 -177600.363337 -177866.810006 -183819.571919 -187875.669571 -188890.474257 -190716.375595 -197793.217942 -197798.035459 -200988.191970 -201486.733040 -205604.548156 -211360.980750 -215157.254332 -217094.042097 -222927.708380 -225587.374240 -225705.823527 -227535.486730 -228623.727343 -229784.662352 -230642.167937 -230836.653587 -231192.089406 -231795.621011 -234505.115179 -237287.468813 -250273.032078 -257545.936379 -257855.815076 -265433.419111 -265524.820883 -267680.828815 -269828.751291 -272950.226574 -281168.438372 -294838.980627 -305174.185495 -314878.178714 -318134.052114 -326773.405156 -334196.607940 -347852.373947 -360384.292339 -368892.393698 -381379.109689 -396420.691016 -408437.139995 -420246.248204 -429144.567304 -439325.961153 -451859.040548 -460553.486403 -469343.999244 -470306.320822 -473261.882229 -482524.898131 -483941.304403 -489637.692433 -496203.240483 -500653.653431 -507156.671666 -512064.438968 -519827.883997 -520726.923123 -522982.400719 -526855.299579 -533966.082346 -539851.873675 -546415.820644 -553302.989752 -559201.448458 -565224.262018 -571648.297946 -576597.962710 -581893.714485 -582126.098641 -583302.978507 -587521.646602 -589855.917514 -593790.971605 -598625.979957 -601757.905586 -605193.590767 -608624.370632 -611776.472006 -613728.150021 -616978.326543 -620230.909808 -620619.543563 -620653.715228 -621181.042739 -622133.571991 -624288.867426 -624351.350675 -624769.579549 -625557.035114 -627721.480266 -628986.595058 -631613.345161 -633790.082292 -635544.534389 -638067.690875 -639561.809299 -640461.322571 -641449.854521 -642945.143796 -643940.403872 -645983.046302 -648549.627367 -648593.385735 -649063.483845 -649411.354775 -651082.333974 -652986.374966 -654218.833622 -655936.300173 -656029.874099 -656562.965061 -657030.031465 -657942.157490 -659786.637176 -661136.497581 -662199.186596 -663683.258911 -665140.384841 -666069.778223 -666153.622206 -666481.401745 -667072.148245 -668318.015317 -669406.721105 -671084.866258 -671329.219819 -672561.243996 -673718.283139 -674809.712883 -676876.418760 -677708.997018 -679199.419717 -679799.456204 -681307.859929 -681958.335017 -682711.629344 -684026.231904 -684971.338189 -686023.266021 -687211.241751 -687918.648949 -688021.844506 -689106.402916 -689451.366833 -689462.914575 -690062.688919 -690615.784016 -691428.084367 -692231.206972 -692978.517215 -693820.977878 -694420.822185 -694604.348729 -695017.241478 -695796.361399 -695857.834698 -696127.674645 -696403.658443 -696743.597387 -697405.287422 -697964.469404 -698548.796286 -698643.011371 -698651.640328 -698955.683681 -699233.374740 -699817.905871 -700397.582175 -700696.258051 -701072.790474 -701232.619618 -701325.401637 -701455.357564 -701790.311771 -702347.098556 -702817.259978 -703375.150500 -703615.159787 -704257.545102 -704745.831294 -705003.490281 -705500.796379 -705954.463616 -706356.867955 -706717.352701 -706719.256841 -706792.626228 -706795.516977 -706836.912874 -707011.815231 -707073.334802 -707290.416610 -707380.286611 -707482.668391 -707522.843388 -707789.766082 -708117.285503 -708248.573329 -708618.465689 -709007.714123 -709133.498312 -709499.727164 -710060.020466 -710406.050256 -710877.977562 -711042.996034 -711337.206390 -711454.303492 -711490.548843 -711507.714398 -711534.514572 -711716.460861 -711900.150854 -711971.525371 -712334.385999 -712338.805578 -712348.465759 -712363.504168 -712406.474293 -712667.458323 -712741.333821 -713091.675168 -713249.883016 -713576.519616 -713865.211760 -713888.556297 -714028.947862 -714135.301968 -714336.329863 -714520.065756 -714794.129996 -714996.534287 -715012.779166 -715103.849918 -715187.746968 -715205.989521 -715568.242373 -715729.791404 -715977.765935 -716171.126416 -716192.441198 -716267.040163 -716270.084080 -716314.425386 -716396.222387 -716416.745419 -716447.581369 -716479.111583 -716630.331553 -716829.365435 -716881.980549 -717083.417327 -717168.455403 -717311.338648 -717313.410214 -717498.999000 -717676.915792 -717936.412216 -717944.620298 -717995.492165 -718045.561934 -718187.760436 -718351.041011 -718558.492679 -718619.080347 -718725.097288 -718731.605386 -718766.608550 -718767.461314 -718862.661275 -718970.292582 -719110.244715 -719164.384377 -719254.331638 -719343.459527 -719465.834906 -719656.310519 -719803.540972 -719815.826269 -719979.880567 -720217.489165 -720359.460870 -720437.764217 -720510.877335 -720628.192888 -720731.854721 -720837.222949 -720995.556816 -721094.181517 -721204.303365 -721289.310597 -721323.567294 -721369.308691 -721449.005287 -721568.108619 -721688.027828 -721810.403217 -721953.514000 -722052.173033 -722108.177663 -722127.692326 -722193.913905 -722259.488864 -722373.574031 -722415.882087 -722560.990989 -722676.486505 -722704.492303 -722766.434491 -722808.580318 -722921.329831 -722985.578326 -723096.200397 -723188.651580 -723207.917432 -723297.710852 -723399.029328 -723473.063495 -723524.776575 -723545.877450 -723641.588463 -723709.593911 -723824.038423
0.000051 0.027704 0.042002 0.069259 0.081280 0.156508 0.168692 0.181582 0.193583 0.205691 0.217483 0.230029 0.242016 0.254398 0.266255 0.278164 0.290263 0.302362 0.317845 0.330444 0.342950 0.354609 0.366383 0.378081 0.401570 0.413133 0.424718 0.436353 0.448410 0.474688 0.488050 0.499970 0.512522 0.524743 0.536463 0.548324 0.560483 0.572188 0.595925 0.608110 0.620327 0.632721 0.655999 0.667636 0.679202 0.702443 0.714069 0.725878 0.737398 0.748930 0.760431 0.854530 0.866724 0.879510 0.891070 0.902696 0.914231 0.925625 0.937100 0.961743 0.996997 1.008764 1.031790 1.043298 1.066525 1.078064 1.100890 1.112453 1.123841 1.147142 1.170415 1.181871 1.218625 1.230173 1.253617 1.265090 1.276936 1.288626 1.315684 1.328757 1.342193 1.354098 1.381557 1.397626 1.429722 1.441074 1.454593 1.465905 1.477129 1.488284 1.499349 1.510340 1.521387 1.532312 1.543711 1.555205 1.565970 1.587845 1.598633 1.609244 1.620189 1.631814 1.643730 1.655050 1.667138 1.679123 1.690858 1.713380 1.724134 1.734594 1.744979 1.755412 1.765734 1.775971 1.786469 1.797868 1.808378 1.819560 1.829867 1.850385 1.860765 1.870980 1.881762 1.903562 1.913591 1.924066 1.934963 1.945464 1.956999 1.967137 1.977210 1.988166 2.008614 2.030225 2.040665 2.050575 2.060693 2.091336 2.101674 2.111827 2.122010 2.142748 2.153255 2.163356 2.173494 2.183594 2.193511 2.213753 2.224223 2.234193 2.244071 2.253999 2.263969 2.304088 2.314091 2.324209 2.334111 2.344020 2.353843 2.363670 2.404693 2.414882 2.435232 2.455259 2.465196 2.475113 2.484865 2.494660 2.504500 2.514310 2.543417 2.553030 2.562720 2.572500 2.582051 2.591752 2.601416 2.611027 2.620636 2.630223 2.639815 2.649399 2.659121 2.668660 2.678183 2.697332 2.707037 2.716554 2.726358 2.736095 2.745468 2.755107 2.764718 2.774079 2.783611 2.802455 2.811989 2.821531 2.831056 2.840456 2.849975 2.859523 2.868948 2.889387 2.901145 2.910425 2.929859 2.939173 2.948626 2.957808 2.967017 2.976425 2.985764 2.995075 3.013761 3.023218 3.032689 3.041870 3.088107 3.097804 3.107354 3.116599 3.126134 3.135520 3.144629 3.154074 3.163478 3.172677 3.181788 3.190979 3.200107 3.209231 3.218418 3.227764 3.237217 3.246322 3.283271 3.292536 3.310868 3.319957 3.329155 3.338310 3.347434 3.366116 3.375446 3.394094 3.403677 3.412857 3.422068 3.431403 3.440827 3.459794 3.468917 3.478041 3.487168 3.496384 3.505653 3.514841 3.533295 3.542411 3.560738 3.569850 3.579121 3.597333 3.606506 3.615661 3.675327 3.685893 3.704266 3.713574 3.722651 3.741072 3.750429 3.759672 3.768935 3.778014 3.796268 3.807133 3.816243 3.825380 3.834480 3.843644 3.852719 3.870760 3.879821 3.934566 3.943988 3.953160 3.962208 3.971523 3.980580 4.007899 4.016995 4.035650 4.044766 4.053819 4.071973 4.081056 4.090115 4.099223 4.117396 4.135614 4.144658 4.162936 4.172511 4.191675 4.200781 4.210519 4.220335 4.239531 4.248735 4.257830 4.267034 4.276273 4.285312 4.294770 4.304565 4.332327 4.341469 4.350749 4.359866 4.368991 4.378121 4.387143 4.396372 4.405665 4.414987 4.424307 4.433831 4.452458 4.461590 4.470703 4.479819 4.489125 4.498232 4.507683 4.516888 4.526088 4.535193 4.553482 4.562546 4.571691 4.580783 4.590374 4.599664 4.608917 4.617963 4.627125 4.636184 4.645337 4.654453 4.672619 4.681981 4.691232 4.700315 4.709662 4.718807 4.727923 4.747490 4.756690 4.775491 4.785127 4.794287 4.803374 4.812488 4.821639 4.830743 4.839781 4.848901 4.858154 4.867532 4.876639 4.885774 4.895158
Elapsed_time: 4.895158
Score: -723824.038423
361
1959140.134234 1918093.134931 1906651.307871 1893883.414059 1814621.226412 1492781.552102 1179593.441921 911936.434869 762892.611277 588506.546732 341607.183194 201077.257257 170277.236147 10874.347795 -1719.660279 -23768.792273 -40059.134855 -44714.464417 -50437.380247 -59226.749450 -79414.150993 -98260.762221 -114569.435246 -136347.593379 -138541.719887 -140473.231537 -149419.546615 -151401.664088 -154481.525999 -157199.760295 -162290.927433 -169110.684820 -169771.301689 -173160.876256 -174330.768910 -179921.243684 -190284.683131 -192375.259666 -206559.221886 -213193.608784 -230421.249450 -234299.070937 -242460.005133 -245391.454081 -249711.296720 -255700.353507 -263024.810108 -275315.403631 -289890.076295 -293470.976794 -298377.547807 -301566.329436 -304024.340416 -313519.092301 -313766.768932 -320187.852979 -328660.374857 -333757.230513 -341504.718992 -351222.334356 -356768.343760 -360709.764639 -377215.347941 -384211.489718 -389049.106760 -397748.034438 -400868.095807 -405182.126445 -413538.767392 -422681.843772 -433727.189058 -439684.188858 -446770.369091 -449355.056092 -453153.042250 -457297.271508 -467058.210960 -472670.290884 -472682.381764 -476286.558657 -476963.469227 -478113.696744 -480414.567829 -483305.037252 -484847.821272 -492663.020921 -497487.174369 -508722.955978 -509268.214002 -518716.810349 -522838.037709 -530868.651494 -533924.871360 -538153.659286 -543988.630482 -547656.843332 -549025.543642 -550795.912408 -552632.190955 -554704.927955 -554710.191739 -557652.445540 -558993.457826 -563707.714437 -563733.149540 -565727.422704 -568118.981388 -569803.687165 -573371.058170 -574173.467472 -579045.378903 -582079.370732 -585551.341509 -588412.738657 -590673.539263 -594247.853497 -594736.448773 -595774.417937 -597113.646854 -600162.105787 -602054.446754 -603023.662430 -605722.784884 -607178.985634 -607212.117373 -608482.043629 -608958.975347 -609820.072889 -612150.490006 -613428.517294 -615179.379213 -617416.737882 -620003.917391 -622098.624318 -623915.370930 -626000.221959 -628237.365026 -630298.302671 -631386.138837 -633554.527899 -634383.862370 -635698.841462 -637304.254001 -638269.148211 -639856.029218 -642318.262991 -644078.627700 -644203.941928 -644976.422544 -646220.671854 -648525.742433 -650621.810206 -652493.063459 -654149.141762 -655957.558893 -657811.314974 -657924.732968 -658335.384763 -659241.156192 -660604.156225 -660628.627775 -661476.332725 -661694.937766 -661843.378484 -662020.127746 -662490.864423 -663929.505110 -665604.401539 -667235.733044 -668569.018758 -668993.143037 -669158.776376 -670008.289284 -671192.749373 -672553.663980 -673795.719464 -673866.336656 -674138.737692 -674262.669691 -674363.841173 -674801.273048 -676017.442813 -676447.251208 -677438.818570 -678283.998558 -679375.656810 -679814.519151 -681045.537391 -682299.105229 -683701.985436 -683854.466701 -684749.368546 -685525.012844 -686787.327670 -688055.896865 -688140.725603 -688725.772997 -689285.111663 -689525.285914 -690472.204622 -690963.685741 -691626.544257 -692643.498264 -693452.856411 -694322.014548 -695238.823879 -696142.013465 -696202.784941 -697022.424984 -697548.237644 -698163.309004 -698735.228667 -698835.460685 -699128.130092 -699591.910909 -700132.118788 -700336.891166 -700615.822824 -701026.606465 -701338.068925 -701747.469923 -702208.089897 -702737.822346 -703193.497237 -703208.866512 -703325.722515 -703756.305703 -704292.778019 -704601.204444 -704609.029446 -704674.033875 -704723.680161 -704726.008600 -704775.545407 -704918.990048 -705062.696935 -705467.999821 -705590.330395 -705943.963825 -705975.781957 -706396.228534 -706614.681583 -706663.664726 -706843.164556 -706980.718542 -707168.931320 -707459.486936 -707460.103156 -707706.236401 -707766.287062 -707891.232408 -708024.812906 -708086.499725 -708351.831049 -708745.081237 -708756.063450 -708858.440007 -708945.673354 -709280.283671 -709611.885524 -709827.845291 -710210.905460 -710283.416485 -710375.846269 -710498.709895 -710705.553953 -711018.589784 -711167.690867 -711535.434995 -711834.608789 -711967.103128 -712298.471984 -712415.563891 -712535.959473 -712748.720573 -713037.891097 -713084.982466 -713158.803803 -713246.439920 -713375.587020 -713383.449126 -713520.811414 -713567.073324 -713567.622112 -713605.779631 -713708.694877 -713922.418750 -714117.172475 -714130.363019 -714171.727148 -714233.442978 -714368.462312 -714587.277846 -714824.968029 -715302.309703 -715488.598039 -715679.385561 -715711.202188 -715732.519092 -715798.225755 -715828.537846 -715920.649981 -716105.258294 -716149.853249 -716414.247480 -716587.975662 -716679.471449 -716795.097156 -716986.446007 -717249.460325 -717491.824180 -717639.323517 -717841.638174 -717943.262796 -717959.236668 -718202.116775 -718242.731988 -718403.995309 -718620.712057 -718828.657539 -718913.824246 -718924.497032 -719016.062242 -719090.553614 -719209.543272 -719273.516150 -719349.154752 -719551.470727 -719676.192735 -719792.660358 -719922.148757 -720078.703046 -720283.261319 -720353.155576 -720392.924277 -720466.606372 -720634.925426 -720766.143010 -720894.463013 -720906.214436 -721120.964258 -721275.457503 -721401.573528 -721513.733512 -721542.124590 -721621.510152 -721772.425085 -721806.988730 -721948.275496 -722076.142758 -722163.867056 -722272.791978 -722331.118820 -722377.455343 -722482.144728 -722615.746457 -722740.545407 -722781.848795 -722919.706182 -723060.015034 -723186.222257
0.000040 0.026688 0.038866 0.051041 0.063314 0.087478 0.099882 0.112545 0.125268 0.137384 0.149370 0.161913 0.187232 0.199012 0.210909 0.222736 0.234858 0.249880 0.261868 0.273894 0.285581 0.297251 0.308877 0.320581 0.332130 0.343687 0.355186 0.366992 0.424994 0.437059 0.460169 0.474030 0.510426 0.523850 0.536249 0.547945 0.560055 0.572989 0.585266 0.597606 0.609245 0.620727 0.632953 0.656703 0.668209 0.680220 0.691887 0.703286 0.714817 0.738467 0.750246 0.773680 0.785507 0.797313 0.808973 0.820181 0.831444 0.842605 0.853911 0.864977 0.876498 0.888245 0.899409 0.910373 0.921627 0.932707 0.955146 0.966368 0.977715 0.988993 0.999987 1.010671 1.021373 1.032042 1.042762 1.053367 1.064019 1.075921 1.134273 1.146033 1.168225 1.179760 1.190781 1.202128 1.212754 1.223604 1.234380 1.245249 1.256017 1.266561 1.277020 1.287519 1.298749 1.309808 1.320313 1.330989 1.341270 1.351551 1.361886 1.372223 1.382642 1.393046 1.403373 1.413704 1.437114 1.447481 1.458141 1.468288 1.478522 1.488707 1.498927 1.509048 1.519241 1.529644 1.540219 1.550446 1.570957 1.581218 1.591342 1.601437 1.611648 1.622520 1.632770 1.642974 1.673753 1.683901 1.705485 1.715658 1.725702 1.735767 1.745860 1.755900 1.765948 1.775909 1.786728 1.797112 1.807261 1.817709 1.827709 1.837637 1.847573 1.857529 1.867494 1.877461 1.887419 1.897530 1.907403 1.927567 1.937378 1.947184 1.956992 1.966893 1.977038 1.986919 1.996689 2.006733 2.036944 2.046753 2.056556 2.066347 2.076128 2.087825 2.118838 2.128869 2.138706 2.148492 2.168537 2.178409 2.188287 2.198162 2.207867 2.217635 2.227401 2.237168 2.246871 2.256648 2.286292 2.296387 2.325891 2.335567 2.345292 2.356337 2.376270 2.386001 2.395642 2.405336 2.424653 2.434374 2.444159 2.453792 2.463650 2.473247 2.483418 2.494314 2.504334 2.524594 2.534540 2.544252 2.554165 2.563924 2.573494 2.583115 2.592629 2.602286 2.612021 2.621623 2.631082 2.640569 2.650267 2.660191 2.669673 2.681092 2.700052 2.709474 2.718880 2.728413 2.738093 2.747592 2.757041 2.766483 2.775861 2.785489 2.795513 2.805601 2.834595 2.844008 2.853315 2.862649 2.872090 2.920313 2.931386 2.952186 2.981318 2.990805 3.000407 3.019830 3.029796 3.039109 3.048427 3.067201 3.076527 3.085855 3.104674 3.114001 3.123313 3.132581 3.141866 3.151328 3.160709 3.179742 3.189340 3.198648 3.207936 3.217648 3.228360 3.259092 3.268442 3.279048 3.288843 3.298300 3.307704 3.317002 3.335699 3.344948 3.354374 3.363714 3.373201 3.382844 3.392612 3.402203 3.412067 3.421840 3.442362 3.451660 3.461127 3.470552 3.489393 3.498801 3.517827 3.527227 3.555750 3.575886 3.595980 3.625887 3.635281 3.644694 3.654056 3.672722 3.691434 3.700767 3.710146 3.720024 3.729790 3.739242 3.749017 3.758678 3.768344 3.787813 3.797436 3.807300 3.825890 3.835246 3.844995 3.854589 3.863910 3.873222 3.882917 3.892350 3.901820 3.911233 3.921000 3.931742 3.942398 3.951988 3.961621 3.970995 3.983998 3.993522 4.003056 4.012534 4.022179 4.041082 4.050648 4.059894 4.069119 4.078417 4.088015 4.098042 4.107388 4.116933 4.126248 4.135650 4.145034 4.163996 4.173251 4.183116 4.192459 4.202117 4.211400 4.220803 4.230282 4.239622 4.248936 4.258260 4.276912 4.286207 4.295798 4.305333 4.314540 4.323736 4.332966 4.369447 4.378759 4.387874 4.397896 4.407002 4.416125 4.425269 4.434426 4.443651 4.452875
Elapsed_time: 4.452875
Score: -723186.222257
CN-L-BFGS
270
-182087.312359 -185411.658336 -212940.548963 -222625.571538 -229591.325866 -243087.433125 -251427.816985 -267088.471943 -275443.855234 -284411.446159 -296078.646049 -306458.413393 -318668.949824 -319962.673263 -324456.695131 -325586.129394 -330037.092471 -334891.921857 -346082.968911 -354154.301448 -372859.090393 -385571.810950 -385840.248321 -388827.055262 -391426.413791 -399246.728189 -407599.895533 -418744.724698 -431841.814587 -440208.028380 -451625.578961 -458143.188924 -464156.726047 -473399.979189 -479931.868655 -488503.637309 -495272.417005 -501303.177390 -504686.510818 -507857.524559 -512647.328537 -519644.675373 -524783.198264 -530837.465073 -536117.821532 -543216.200006 -547613.866098 -551726.593730 -553499.606259 -560787.301375 -562078.259050 -562216.130823 -566818.087513 -567220.850398 -568075.503298 -569433.839323 -569927.396884 -571070.631021 -573036.910630 -576637.894458 -579457.142835 -584406.194647 -587876.515188 -589714.474483 -592516.358722 -595846.075690 -596136.234547 -597549.909463 -599391.670610 -601449.316102 -603713.549964 -605830.839282 -608003.015433 -610631.124995 -612861.627000 -614291.560869 -616687.250910 -616818.387727 -620142.557952 -621387.847716 -622566.775078 -625660.761898 -628416.872134 -631552.235060 -634476.530857 -636752.384277 -638409.866107 -640140.759285 -642149.453047 -644306.393573 -646158.211154 -648323.152942 -649958.198504 -652232.416341 -654059.512461 -654919.220496 -656721.390079 -657328.238690 -657781.963895 -657808.122235 -657931.104674 -658494.508760 -658895.962346 -658986.406998 -661840.706330 -662708.535560 -663807.870589 -663944.651415 -664544.167711 -665065.081874 -666114.942074 -667484.607860 -668734.067596 -669888.564391 -670716.778114 -672070.456815 -673133.485504 -674520.576962 -675727.303235 -677104.513905 -678205.423812 -679480.874871 -680050.466466 -681434.502761 -682149.935245 -682742.197705 -683494.082329 -684815.130615 -686011.208516 -686909.282907 -688074.349129 -688733.699378 -688978.270366 -689757.044069 -690469.839875 -691280.923534 -692451.113569 -693349.577004 -693472.945746 -693998.839419 -694239.238570 -694338.868588 -694977.232569 -695440.615944 -695863.871031 -696483.039707 -696997.206917 -697587.915462 -698372.388190 -698527.860432 -699151.766055 -699396.052354 -699449.353561 -699600.352400 -700073.952446 -700306.661042 -700651.757264 -701114.221410 -701763.798894 -702211.235949 -702680.547600 -703040.777767 -703064.735486 -703236.279997 -703701.518777 -704315.435811 -704533.827472 -704543.046106 -704635.782198 -705161.950859 -705188.046654 -705282.786897 -705340.293661 -705538.798221 -705995.682585 -706480.120533 -706867.099842 -707227.107324 -707245.868588 -707298.835928 -707342.713508 -707444.735250 -707651.077497 -707900.089890 -708326.562465 -708623.647502 -708704.744789 -709233.803967 -709287.905807 -709398.613487 -709416.509929 -709546.760991 -709884.073232 -709890.755713 -709987.438747 -710003.974267 -710256.448513 -710309.694749 -710540.115284 -710812.931420 -710912.045020 -711173.079907 -711378.277421 -711499.413726 -711698.797479 -711956.978138 -712150.829378 -712303.853112 -712491.847467 -712697.794410 -712989.105642 -713121.647241 -713135.763566 -713268.876927 -713304.535543 -713399.626537 -713457.506935 -713467.587363 -713661.637510 -713842.924365 -713897.487658 -714061.624000 -714075.636748 -714119.702548 -714183.893965 -714340.953779 -714586.227611 -714634.596998 -714712.968581 -714944.309674 -714950.628846 -715047.621967 -715211.760509 -715246.742073 -715284.286157 -715348.979188 -715395.044777 -715565.117449 -715643.613352 -715839.630087 -715990.985606 -716109.997796 -716238.646077 -716330.885610 -716488.780971 -716569.302410 -716616.499328 -716707.057416 -716870.757352 -717084.142086 -717230.365830 -717231.885338 -717306.719007 -717442.890988 -717588.532886 -717664.304263 -717688.017443 -717779.511835 -717936.699714 -717952.275431 -718046.217341 -718214.445716 -718226.450154 -718261.723899 -718397.426407 -718545.103564 -718693.878542 -718721.341478 -718777.833849 -718907.748942
0.512605 0.605058 0.616694 0.628264 0.640119 0.651890 0.663329 0.674541 0.685700 0.699139 0.710813 0.722059 0.733206 0.756430 0.769322 0.793723 0.805039 0.816435 0.827978 0.839977 0.852539 0.864290 0.886886 0.899172 0.910382 0.921454 0.932285 0.943097 0.953938 0.964671 0.975336 0.986098 0.996838 1.007381 1.017847 1.028532 1.039027 1.049517 1.059956 1.071364 1.081742 1.092058 1.102978 1.113333 1.123978 1.134594 1.155435 1.166167 1.176357 1.186518 1.196651 1.216999 1.227350 1.247966 1.258099 1.268214 1.278569 1.288842 1.299206 1.309295 1.319502 1.329601 1.339712 1.349901 1.359914 1.369989 1.390410 1.400607 1.410623 1.420669 1.430724 1.441021 1.451039 1.461258 1.471230 1.481252 1.491484 1.501491 1.511603 1.531549 1.541734 1.551855 1.562696 1.573283 1.583659 1.594428 1.604634 1.615376 1.625704 1.636351 1.646463 1.656627 1.666597 1.676438 1.686294 1.696065 1.705761 1.736284 1.746073 1.765864 1.775805 1.785567 1.795480 1.805226 1.815230 1.825026 1.834948 1.866910 1.876862 1.896424 1.906293 1.916613 1.956439 1.966620 1.977189 1.986932 1.996642 2.006245 2.015942 2.025812 2.036447 2.046070 2.056022 2.065763 2.085657 2.096174 2.106263 2.116048 2.125638 2.135254 2.144889 2.154500 2.164079 2.173745 2.183693 2.193351 2.203209 2.215218 2.235034 2.244539 2.254023 2.263550 2.272979 2.282442 2.291935 2.301516 2.311031 2.323657 2.333472 2.342888 2.352283 2.361679 2.371093 2.380479 2.390226 2.409281 2.419867 2.429331 2.439596 2.449329 2.459002 2.468559 2.488400 2.498702 2.508392 2.518232 2.537231 2.556302 2.565825 2.575530 2.604505 2.614163 2.633435 2.643148 2.652871 2.662243 2.671853 2.681450 2.720236 2.730343 2.740046 2.750057 2.760071 2.779438 2.791621 2.801935 2.811710 2.821211 2.831462 2.840918 2.861019 2.870519 2.880099 2.899320 2.909583 2.919564 2.929636 2.943478 2.953872 2.963643 2.973334 2.982737 2.992731 3.002147 3.011773 3.021357 3.030727 3.040122 3.050015 3.059457 3.068700 3.078112 3.097068 3.106627 3.125448 3.144246 3.153534 3.172463 3.182031 3.191366 3.200747 3.210260 3.229344 3.238745 3.261191 3.270982 3.281557 3.300356 3.309877 3.319496 3.338351 3.347658 3.358018 3.367383 3.376672 3.386038 3.395432 3.405092 3.414987 3.424375 3.434496 3.445616 3.455161 3.465636 3.475152 3.503628 3.513507 3.522959 3.532510 3.542231 3.552570 3.590696 3.600510 3.610032 3.619536 3.629089 3.638597 3.648657 3.658516 3.677563 3.686990 3.696289 3.725416 3.734996 3.744445 3.754878 3.764802 3.792645 3.801951 3.811368
Elapsed_time: 3.811368
Score: -718907.748942
280
-178489.431132 -184752.916349 -197968.044881 -209353.558630 -228810.317778 -237728.819876 -244474.824064 -254309.436094 -263385.440393 -263867.267043 -268181.260234 -271381.547343 -271467.995998 -273884.828548 -276773.238812 -282063.126531 -292281.445114 -295741.102276 -300997.595475 -302933.607254 -309049.376381 -309536.391712 -310608.587121 -311084.981977 -312577.016495 -314348.061515 -316530.952939 -317725.546137 -319533.294370 -322195.047842 -332352.713460 -335456.320115 -351174.448012 -354884.199927 -366170.398830 -373626.429825 -388574.820307 -397391.789698 -403285.069797 -413689.304768 -415679.330817 -423612.529786 -433453.367359 -439227.654876 -442107.480984 -444685.024719 -449014.072123 -455212.356973 -456382.417510 -459690.905684 -459896.321614 -466362.474355 -474615.465378 -481999.522808 -487443.327159 -495419.014114 -498587.629982 -507670.804266 -513232.157077 -518246.212736 -527236.256516 -534175.508255 -541156.970913 -546557.484161 -553582.404512 -557240.294907 -562602.301769 -568712.542479 -572149.386709 -577069.071585 -581593.860681 -585802.568334 -590201.669895 -593579.609621 -596907.550379 -599790.348217 -602591.477903 -605789.329251 -606094.750810 -606822.159957 -609012.282884 -610985.405035 -613044.001564 -614833.659516 -617206.753949 -618215.398504 -620871.470179 -622857.183199 -625085.926908 -628188.490322 -629244.715002 -630432.618429 -631841.374047 -633137.828174 -636256.882321 -638629.692062 -641014.824266 -643696.322496 -646111.370025 -646158.102223 -646544.228994 -647587.590437 -650213.155349 -651752.549983 -653181.873642 -655068.389076 -656518.472533 -658581.295231 -660400.308016 -661002.758413 -663003.875603 -664126.643512 -665558.119992 -666725.474409 -667864.733068 -669626.065600 -671041.998626 -672583.991032 -673592.244840 -675068.385383 -676312.987339 -676383.534767 -676662.618636 -677022.881901 -677594.968191 -679221.234014 -680775.042857 -681758.277396 -683023.854982 -684158.792053 -684229.578413 -684666.142526 -684842.268854 -685036.567232 -685284.139111 -685748.823370 -686775.238850 -687749.859221 -687781.321996 -687966.386069 -688051.225524 -688355.738296 -689071.516816 -689481.443300 -690069.904620 -690182.097909 -690597.081727 -691338.488107 -691355.206452 -691590.198402 -691712.105068 -692325.258043 -693159.418703 -693928.634801 -694569.349702 -694822.223283 -694834.184356 -695070.217452 -695383.077858 -695614.667288 -695930.511842 -696168.857833 -696488.731179 -697128.419127 -697672.410878 -698230.433692 -698607.723519 -699093.875540 -699386.497873 -699712.305978 -699857.413532 -700071.530391 -700562.567382 -701036.194529 -701055.716947 -701223.089373 -701330.942029 -701520.978953 -701915.279134 -702008.222121 -702324.186307 -702852.020788 -703285.278887 -703500.303056 -703629.019612 -703810.317848 -704046.244369 -704433.402670 -704721.781846 -705140.689520 -705666.334679 -705951.548379 -705952.466197 -706093.006748 -706278.214135 -706536.706024 -706922.823110 -707322.615394 -707357.192284 -707759.958354 -708052.848473 -708068.743093 -708198.782142 -708529.523268 -708904.882354 -708964.794158 -709233.138552 -709602.900423 -709899.429897 -710157.054533 -710354.529005 -710558.865826 -710865.336778 -711193.464071 -711261.732242 -711596.189449 -711824.103658 -712153.765295 -712239.874560 -712313.159116 -712439.715792 -712494.109868 -712573.144797 -712709.134178 -712903.088161 -713093.869645 -713178.829652 -713235.514140 -713358.430787 -713386.239482 -713438.995352 -713567.175100 -713710.131828 -713893.496748 -714134.233503 -714292.407936 -714453.520168 -714666.497938 -714896.424775 -715171.196423 -715302.617711 -715504.453155 -715771.215810 -715942.596916 -715947.925316 -716009.375256 -716031.687115 -716070.498618 -716148.953976 -716284.689185 -716322.709172 -716334.024748 -716423.630944 -716454.565707 -716551.548249 -716693.462196 -716881.633991 -717043.531895 -717175.191713 -717183.507472 -717273.282415 -717436.986244 -717602.974557 -717736.413523 -717862.436827 -718030.816753 -718081.184665 -718106.782389 -718159.817761 -718251.129637 -718348.000751 -718462.518028 -718608.369533 -718735.843614 -718739.599202 -718775.261121 -718834.377176 -718889.671419 -719007.510737 -719118.526376
0.501154 0.608044 0.620630 0.632324 0.644843 0.656460 0.668148 0.679540 0.691059 0.714081 0.725449 0.748079 0.771131 0.782888 0.795240 0.806885 0.818882 0.842213 0.853804 0.876241 0.887758 0.921373 0.932771 0.955446 0.967536 0.991249 1.002802 1.027035 1.050896 1.062279 1.085757 1.108772 1.120094 1.143654 1.154683 1.166663 1.178047 1.189031 1.199881 1.210691 1.221719 1.233012 1.244580 1.255791 1.266473 1.277172 1.287897 1.299108 1.320770 1.331457 1.342295 1.363647 1.374208 1.384870 1.395870 1.406471 1.417171 1.427644 1.448597 1.459398 1.470581 1.481310 1.492606 1.502907 1.516555 1.527325 1.537621 1.548030 1.558390 1.568810 1.579103 1.589329 1.599617 1.610996 1.621691 1.632076 1.642312 1.652941 1.673524 1.683864 1.693934 1.704881 1.714960 1.725268 1.735505 1.745625 1.756645 1.767136 1.778553 1.790891 1.801633 1.811919 1.823378 1.835813 1.846868 1.856899 1.867171 1.877446 1.887332 1.919837 1.929802 1.939988 1.949890 1.959885 1.969832 1.979854 1.989961 2.000228 2.010126 2.020036 2.029853 2.039615 2.049353 2.059296 2.069151 2.080769 2.091187 2.101758 2.111671 2.121930 2.135613 2.155575 2.165491 2.175307 2.194823 2.204624 2.214505 2.224258 2.234096 2.243727 2.253414 2.262992 2.282137 2.292003 2.301561 2.311346 2.321037 2.330574 2.369335 2.378947 2.417283 2.426895 2.436437 2.446393 2.456410 2.465976 2.476143 2.486084 2.515282 2.525150 2.544323 2.554260 2.563860 2.573640 2.583327 2.592779 2.624517 2.634492 2.644926 2.655223 2.664714 2.674898 2.684400 2.693848 2.703312 2.712721 2.722495 2.732817 2.742256 2.751855 2.770990 2.781041 2.790695 2.801344 2.830408 2.840080 2.859016 2.868600 2.878033 2.896954 2.907598 2.917545 2.927162 2.936941 2.956218 2.966598 2.976687 2.987342 2.997099 3.006759 3.016159 3.025517 3.044350 3.053747 3.063912 3.073675 3.083104 3.092898 3.102660 3.113079 3.122841 3.152560 3.162560 3.172791 3.183070 3.193337 3.202744 3.212055 3.221388 3.230879 3.240482 3.250103 3.259848 3.269094 3.278574 3.288081 3.297483 3.307124 3.325806 3.335350 3.344879 3.373241 3.382477 3.391848 3.401267 3.410793 3.420486 3.429805 3.439593 3.458249 3.467541 3.476823 3.486480 3.495830 3.505213 3.514463 3.523732 3.533902 3.543196 3.552540 3.562239 3.571858 3.581113 3.590327 3.627362 3.636674 3.655657 3.664845 3.674725 3.684112 3.693364 3.712232 3.721552 3.740265 3.749544 3.758767 3.768143 3.777456 3.786919 3.805513 3.814684 3.823866 3.833023 3.842176 3.851356 3.860793 3.880686 3.889978 3.899158 3.909437 3.918781 3.937606 3.947099 3.956725 3.994989 4.004532 4.013743 4.051541 4.060909 4.070188
Elapsed_time: 4.070188
Score: -719118.526376
dwt_1005
L-BFGS
401
1510801.681105 1480591.688577 1464329.690666 1453335.281150 1448637.975193 1444518.225640 1399290.330971 1178048.297608 845347.355069 736059.638526 514531.827192 408869.597175 245714.291506 176793.708593 161490.947685 122835.832653 121730.141704 120556.755127 119852.525641 119556.861991 118996.001596 118007.716610 116893.279762 115107.972949 111873.087950 106984.534788 105933.780066 105865.239442 104440.222830 103547.816878 103527.327426 103309.887633 103066.433596 102900.926760 102774.401265 102700.632461 102164.081551 101725.772965 101477.556472 101476.552810 101377.205037 101283.225482 101110.865954 100910.544183 100575.257267 100536.512520 100513.541600 100249.842080 100105.916072 100045.642150 99932.127948 99789.413367 99536.526391 99382.240691 99234.197172 99053.565016 98981.933470 98798.383406 98110.770453 96735.456992 96148.174474 95794.556329 95783.081890 95562.844636 95508.715603 95438.725623 95335.249677 95204.235547 94960.228223 94498.785016 94493.316462 94298.745684 94191.335809 93837.569559 93590.913588 93499.509503 93435.029035 93345.465686 93090.583622 92668.990959 92443.633303 91591.587157 91231.640454 90307.306419 90134.500788 90032.397056 90023.640369 89935.582299 89633.316839 89510.644539 89406.540529 89125.747885 89026.619930 88843.965682 88483.823718 88415.971262 88350.199809 88306.923711 88201.608563 88068.236510 87888.402473 87607.354688 87490.689004 87417.076275 87289.658558 87178.468012 87028.276768 86947.094917 86662.930914 86436.307589 86193.522786 86131.266715 86032.042693 85935.510350 85887.307721 85836.235847 85753.664344 85646.838341 85486.018661 85429.335740 85345.347578 85302.841696 85067.486440 85059.586040 84666.225572 84601.342916 84511.796228 84448.953401 84377.671837 84258.119143 84003.554124 83062.539663 82989.565590 82980.004125 82909.620580 82826.640592 82786.337102 82773.157163 82715.092788 82677.743229 82592.541978 82422.681875 82211.355959 82193.543390 82109.401788 81976.874225 81829.432222 81754.075368 81628.479239 81475.429196 81197.028608 81075.191978 80821.470563 80504.375179 80274.296771 80263.976788 80242.856399 80113.031844 79988.559365 79855.911453 79416.187497 79096.317247 78819.591142 78146.284178 78006.149946 77812.983058 77456.364771 76930.772075 76818.964753 76714.885405 76639.714756 76600.157249 76563.553628 76468.324703 76428.757550 76375.138137 76331.594211 76232.458590 76021.967549 75850.725561 75763.529234 75744.032390 75592.503313 75397.606246 75352.595638 75227.300982 75185.969754 75027.522063 74992.100316 74919.238665 74879.951835 74728.012140 74449.826695 74145.653598 74087.632752 74007.036156 73911.827365 73863.753034 73819.017268 73776.274526 73653.780057 73543.743654 73401.465558 73106.777636 72679.073634 72547.843356 72366.181958 72317.385493 72211.044085 72039.092971 71986.915171 71918.815574 71885.894847 71813.216714 71804.955338 71672.308362 71524.848334 71433.891929 71398.250525 71382.567753 71298.575752 71245.852922 71167.546826 70952.013734 70789.067156 70754.147514 70686.996506 70530.373745 70408.039269 70283.764222 70276.174955 70222.965999 70136.277941 69989.691510 69699.090525 69473.766842 69303.280635 69303.031959 69174.432073 69058.877769 68905.588515 68553.812236 68370.041832 68211.518838 68080.609456 67327.592967 67326.272053 67013.941535 67013.433221 66884.232963 66801.261554 66780.380861 66577.410315 66513.571166 66323.156747 66158.756106 66134.367134 66104.159987 66045.564205 66026.517420 66002.630190 65939.582338 65756.315031 65637.611730 65282.906594 65228.828982 64721.166956 64401.950711 64143.155170 64106.384981 64057.184203 63897.865871 63842.852362 63766.027520 63731.681054 63602.919782 63467.090116 63127.445780 62541.645778 61040.828689 61032.839503 61024.904066 60807.843510 60800.402843 60657.619758 60519.592172 60392.263183 60259.887760 60236.533735 60158.003360 60113.139763 60078.405476 60051.313737 59967.800257 59856.960332 59660.355540 59528.648796 59486.215342 59421.440937 59276.699389 59137.284433 59116.453339 58989.686409 58952.382286 58782.364448 58613.736947 58538.392887 58537.630595 58373.169614 58250.134559 58074.730555 57687.587410 57525.681392 57459.845758 57415.115537 57336.413439 57129.773626 57074.577959 56999.157423 56909.446561 56525.582942 56436.095412 56406.315549 56282.751322 56194.162774 56116.358734 56036.271896 55807.571661 55792.504046 55567.590399 55332.879362 55143.817939 55117.552956 55075.957490 55028.023283 54982.733919 54923.205889 54805.696641 54671.611060 54628.520525 54455.854121 54247.927223 54244.205408 54070.730098 53989.956938 53925.707585 53698.515313 53598.532473 53507.376636 53435.316625 53316.704758 53287.350410 53166.712841 53099.929783 53032.218587 52918.498943 52912.045514 52863.518052 52835.142084 52823.353180 52739.924244 52688.093585 52568.856673 52562.883444 52559.553398 52367.180749 52359.923584 52336.139945 52232.017408 52167.973214 52064.559094 51969.682917 51613.434354 51436.809214 51288.297435 51245.200111 51133.813596 51111.864007 51066.511090 51054.038816 51003.216617 50966.875740 50812.604540 50659.890431 50517.352929 50161.304760 50121.886349 49951.978796 49905.009555 49902.055668 49898.686458 49867.167448 49843.198072 49797.395365 49678.830928 49558.760292 49239.765670 49218.759436 49122.926295 49104.841891 49068.575949
0.000059 0.021701 0.031211 0.041230 0.050815 0.072064 0.081678 0.091387 0.100912 0.110340 0.119688 0.129400 0.138539 0.147741 0.156907 0.166145 0.175294 0.184476 0.193869 0.203455 0.212596 0.221703 0.230964 0.240294 0.249677 0.259046 0.344100 0.399872 0.409364 0.437340 0.484627 0.495532 0.505070 0.514613 0.534155 0.552805 0.562182 0.571709 0.581272 0.609946 0.620554 0.629963 0.640026 0.649439 0.658693 0.696241 0.714850 0.724127 0.742966 0.772308 0.781708 0.801254 0.810637 0.829636 0.839137 0.848805 0.877100 0.886722 0.944428 1.012666 1.021999 1.041017 1.061130 1.070437 1.089488 1.099495 1.109256 1.119007 1.128737 1.139215 1.169083 1.178441 1.188389 1.197680 1.207303 1.216785 1.226392 1.244950 1.254218 1.263506 1.272779 1.319411 1.339557 1.348716 1.368001 1.377428 1.434317 1.461977 1.471179 1.480953 1.490357 1.499720 1.509759 1.528233 1.537446 1.566845 1.576246 1.585474 1.594854 1.604152 1.613648 1.623156 1.633482 1.643451 1.653742 1.664384 1.673872 1.683133 1.692429 1.701701 1.711571 1.720777 1.729978 1.739436 1.749144 1.758594 1.768126 1.777505 1.787180 1.797500 1.806717 1.816868 1.826458 1.835571 1.864294 1.891993 1.920631 1.929934 1.967124 1.976298 1.985441 2.013995 2.064760 2.093560 2.102912 2.121198 2.130412 2.157747 2.166873 2.176563 2.197098 2.206492 2.216717 2.254590 2.263770 2.272979 2.282302 2.303116 2.312403 2.322427 2.331999 2.379272 2.388390 2.452166 2.461304 2.498741 2.507968 2.517711 2.527004 2.537470 2.557331 2.567857 2.580112 2.591706 2.610693 2.622511 2.642372 2.651626 2.660608 2.672587 2.716046 2.777181 2.815794 2.825476 2.834536 2.852614 2.861591 2.870660 2.906671 2.926181 2.965150 2.983487 2.992556 3.010824 3.020229 3.038346 3.047573 3.065693 3.083915 3.092908 3.101989 3.111755 3.120780 3.148589 3.158042 3.177141 3.186757 3.215456 3.224707 3.234106 3.243190 3.252301 3.261444 3.270504 3.280541 3.308234 3.317162 3.335734 3.353769 3.372059 3.399098 3.408155 3.417434 3.426313 3.435171 3.444109 3.453480 3.481087 3.490670 3.536726 3.546796 3.556070 3.567825 3.580104 3.589345 3.624806 3.633712 3.642589 3.651475 3.660716 3.669560 3.679621 3.688538 3.706318 3.724087 3.733126 3.742478 3.751514 3.770065 3.779103 3.788173 3.797198 3.806173 3.815179 3.824125 3.841967 3.860063 3.868800 3.877567 3.886760 3.943707 3.970227 3.980866 3.990009 4.007507 4.016594 4.043866 4.062535 4.081219 4.090449 4.099278 4.108016 4.116849 4.126752 4.135681 4.153222 4.180266 4.207836 4.216535 4.243103 4.251737 4.260735 4.269482 4.278218 4.295608 4.304350 4.313054 4.321848 4.330702 4.356574 4.391506 4.426206 4.443310 4.469201 4.478252 4.495490 4.503994 4.521462 4.538771 4.547499 4.556040 4.564846 4.573414 4.582693 4.591399 4.618336 4.627014 4.663195 4.671846 4.680771 4.723900 4.740958 4.749469 4.758075 4.775097 4.792099 4.809186 4.843358 4.851874 4.860344 4.868845 4.877381 4.886049 4.911896 4.920417 4.929025 4.937545 4.963603 4.972499 4.989622 5.015239 5.066810 5.100596 5.109135 5.117590 5.126081 5.134690 5.143456 5.151876 5.160450 5.168998 5.177750 5.220317 5.228790 5.245787 5.254285 5.262705 5.271050 5.279761 5.296745 5.305137 5.330523 5.355808 5.364168 5.372564 5.381074 5.389557 5.398095 5.415001 5.423504 5.431989 5.448679 5.457014 5.473621 5.481917 5.490914 5.525956 5.535532 5.552731 5.580145 5.589297 5.597965 5.606382 5.615032 5.640351 5.648817 5.665502 5.673852 5.682181 5.690483 5.698791 5.723558 5.731850 5.740452 5.748823 5.757132 5.765574 5.790942 5.799336 5.815856 5.824605 5.841157 5.849452 5.857840 5.866221 5.874634 5.907750 5.915993 5.932377 5.975480 6.000379 6.016972 6.025175 6.034963 6.043784 6.086387 6.094655 6.135509 6.143650 6.176518 6.184961
Elapsed_time: 6.184961
Score: 49068.575949
401
1523343.093571 1490956.216900 1482441.967863 1465726.408723 1366882.412189 1168889.558676 907591.567774 742171.551813 622729.279816 209408.514354 177591.016717 162936.167736 147838.616683 112479.090343 107488.085572 107096.627292 106808.011559 105712.623560 104364.782462 103992.756975 103857.756984 103628.603238 103359.919894 103219.257514 103124.898485 102967.951712 102765.956885 102543.491562 101763.599932 101424.557269 101393.441924 100961.937323 100438.707830 100396.363953 100335.333452 100291.228188 100204.177747 100136.941923 99855.361139 99838.664528 99508.057173 99404.625852 99051.787848 98928.760289 98636.133810 98364.676946 98248.192533 97009.772605 96987.359097 96964.486142 96880.528543 96796.916546 96734.065214 96721.501026 96529.210702 96216.465463 96074.619424 96051.583536 95409.405533 95406.994641 95377.071033 95367.036835 95287.939763 95269.045374 95041.937391 94957.077593 94833.819671 94412.160345 94281.204975 94203.734017 93697.862155 93551.321063 93334.776916 93049.292921 92877.242433 92581.448852 92352.917134 92235.047708 91844.086398 91740.511150 91513.756951 91436.052695 91422.948645 91371.826618 91325.623817 91318.621840 91176.854233 90954.543614 90500.064353 90479.022483 90448.656450 90437.265563 90387.938292 90272.834666 90229.019405 90080.980837 90021.988919 89733.301699 89525.484494 89252.687317 89051.818567 88770.540681 88741.756208 88653.096323 88492.379804 87606.807549 87581.081935 87523.374281 87477.763159 87306.168144 87158.636352 86895.183502 86588.693567 86274.076511 86254.848933 86249.399124 86184.078899 85809.578730 85706.355228 85645.158321 85622.890405 85610.249065 85461.420391 85398.535131 85275.116456 85152.421785 84903.798989 84688.134834 84498.610684 84440.623547 84405.432776 84262.046198 84101.793066 84040.290155 83794.078572 83688.468829 83659.575353 83643.779902 83563.322046 83530.339266 83426.269024 83344.921087 83322.642605 83195.615716 83156.216794 83021.216448 83007.280713 82949.130379 82861.354263 82546.431616 82310.604171 82032.443654 81891.919760 81864.544673 81821.149869 81731.074239 81630.574058 80916.752630 80737.244447 80714.880677 80650.562788 80559.841144 80411.254866 80150.190564 79258.004322 78664.203425 77732.565075 77246.035010 77233.143552 77213.036660 77174.859638 77110.796841 77050.578653 76949.586181 76649.974372 76633.318409 76609.811152 76515.698117 76464.564249 76414.126105 76145.428311 76097.891095 76094.792346 75848.140941 75747.570858 75586.722094 75545.569529 75421.800027 75311.340800 75089.833026 74950.892525 74890.255274 74620.263646 74365.054255 74152.034997 73799.667451 73276.199585 73224.808358 73147.981673 73137.239147 72930.758261 72677.703258 72567.488195 72544.341146 72413.062439 72220.120108 71978.247080 71693.639246 71507.099438 71422.632116 71352.281170 71310.052791 71240.567899 71078.082945 70953.818311 70684.345752 70378.595774 70074.260172 70052.915074 69963.437520 69828.217253 69758.793598 69546.329345 69274.827537 68763.219559 68482.213176 68455.775234 68352.706840 68226.402909 68182.037246 68133.817375 68045.228673 67931.733172 67774.367287 67640.889277 67320.213220 66978.633827 66794.484949 66667.193954 66470.442214 66203.768521 65926.645808 64641.453838 64621.147159 64616.026465 64440.748177 64418.568049 64387.491960 64309.505124 64232.243819 64172.301227 63847.746719 63764.996972 63746.707288 63354.125833 63197.892603 62877.209637 62457.356278 62412.852861 62239.316827 62087.185872 62064.443852 62018.651569 61938.264314 61759.446943 61472.835712 60906.657596 60496.699252 60409.423995 60177.247001 60107.161767 59973.187187 59759.636855 59614.055289 59497.090497 59400.050136 58956.920335 58929.442565 58923.584751 58876.854385 58789.939984 58745.313868 58678.874831 58596.185336 58556.826864 58408.540001 58249.478723 58248.769832 58150.537446 57940.090012 57704.329727 57501.834537 57150.373931 56902.351729 56887.703702 56755.647197 56634.232946 56435.356287 56022.827091 55316.135834 55068.895490 55030.391827 54681.599651 54667.447689 54595.324816 54580.988712 54516.266817 54394.457068 54273.330400 54204.260807 53970.446771 53669.286153 52217.044045 52195.059324 52106.694543 51328.875393 51274.464961 51197.209181 51196.160994 51132.734122 51084.808534 50853.334943 50822.643967 50803.275807 50734.055235 50651.725466 50497.983826 50207.538518 50049.287883 49478.665641 49342.056233 49337.895192 49302.387818 49245.143165 49127.942366 48838.395177 48440.785709 48157.441759 47944.579249 47857.839426 47840.836818 47749.201459 47620.525344 47453.572686 47417.217466 47147.830764 47112.780493 46928.148617 46830.145397 46747.885271 46668.933453 46622.875178 46621.698953 46613.621128 46422.307470 46363.396688 46193.993329 46095.505584 46008.680859 45988.935627 45881.533340 45795.057626 45427.515388 45411.774263 45401.251649 45359.449740 45343.205971 45331.481838 45272.093509 45075.483921 45069.468383 45064.352929 44981.421357 44941.831065 44898.191268 44798.523040 44514.474633 44080.449169 43887.398127 43717.270633 43686.110286 43581.367910 43379.161844 43076.872987 42606.326070 42423.882035 42280.458467 42206.024165 42172.386615 42168.025853 42139.052968 42020.740416 41876.641821 41834.650470 41822.035802 41806.665287 41757.407038 41668.806796 41567.193085 41531.523815 41497.892508
0.000036 0.019009 0.028556 0.047468 0.056992 0.066397 0.075757 0.085104 0.094340 0.103556 0.112787 0.122086 0.131233 0.140498 0.149743 0.159085 0.168307 0.177576 0.186823 0.196502 0.224383 0.234516 0.244130 0.262935 0.272316 0.281599 0.291241 0.338192 0.357194 0.385495 0.432540 0.442024 0.451824 0.470667 0.480016 0.489367 0.498727 0.508185 0.517607 0.527210 0.536606 0.545992 0.555463 0.583343 0.601935 0.657954 0.686484 0.734416 0.743713 0.790819 0.800377 0.818994 0.856118 0.902962 0.912189 0.921504 0.940120 0.949470 0.986990 1.051820 1.061578 1.070900 1.080272 1.089469 1.098879 1.108103 1.126803 1.136899 1.146132 1.156521 1.166092 1.177339 1.187714 1.197016 1.264572 1.294369 1.359940 1.397649 1.466636 1.485360 1.523017 1.559879 1.569272 1.615457 1.625005 1.653870 1.663342 1.682580 1.692607 1.711965 1.759979 4.713784 4.723138 4.732673 4.743277 4.752720 4.773413 4.782897 4.803715 4.813597 4.823639 4.842153 4.870528 4.880280 4.899083 4.908343 4.965530 4.975043 4.993537 5.002864 5.012616 5.032698 5.042051 5.110587 5.147932 5.157241 5.166595 5.185015 5.203765 5.212936 5.222841 5.250912 5.260222 5.279882 5.289148 5.308114 5.318587 5.329140 5.338536 5.358904 5.368175 5.377367 5.386584 5.395733 5.404902 5.432292 5.488168 5.497648 5.506786 5.516697 5.527074 5.536552 5.583131 5.592449 5.611201 5.621172 5.659900 5.669199 5.678678 5.688704 5.697998 5.707392 5.717701 5.727508 5.736978 5.746256 5.755825 5.793432 5.802732 5.848173 5.857332 5.866603 5.876158 5.885992 5.896426 5.906135 5.915179 5.942820 5.970299 6.006754 6.042748 6.051776 6.060828 6.069829 6.079044 6.088058 6.123928 6.132936 6.141943 6.195934 6.214265 6.250485 6.277647 6.296582 6.305772 6.316290 6.334424 6.357854 6.383452 6.396328 6.407816 6.428288 6.437943 6.456734 6.465851 6.475040 6.484059 6.502247 6.539327 6.584855 6.594149 6.603119 6.639714 6.666672 6.675607 6.684540 6.693874 6.703150 6.712220 6.721138 6.730156 6.758012 6.767669 6.776874 6.786222 6.795301 6.804459 6.813521 6.849644 6.858690 6.867779 6.876912 6.886291 6.895226 6.904560 6.914771 6.923737 6.932664 6.941597 6.951010 6.959933 6.968780 6.977606 6.986437 6.995308 7.004242 7.013066 7.021857 7.030637 7.039839 7.048779 7.057479 7.074823 7.092204 7.100997 7.118609 7.153774 7.162465 7.171114 7.180049 7.188662 7.197366 7.206133 7.242734 7.251430 7.260213 7.268902 7.277628 7.304269 7.341674 7.360040 7.394993 7.420932 7.429700 7.438407 7.447163 7.455821 7.464421 7.507508 7.516070 7.524650 7.533337 7.541932 7.559171 7.568310 7.577148 7.594227 7.619621 7.653982 7.662636 7.697270 7.705849 7.714347 7.722827 7.731328 7.739840 7.748335 7.756917 7.765464 7.774174 7.782733 7.791241 7.800484 7.809029 7.842899 7.851479 7.860172 7.868688 7.877050 7.894086 7.902685 7.911036 7.919572 7.953331 7.961671 7.978572 7.986866 7.995370 8.003737 8.012247 8.020963 8.029324 8.045938 8.070889 8.079401 8.104281 8.128947 8.137107 8.169975 8.178200 8.194636 8.211047 8.235555 8.251893 8.260383 8.268605 8.293306 8.301570 8.309709 8.317938 8.326045 8.367605 8.383946 8.392163 8.400303 8.408648 8.416870 8.425125 8.433721 8.441838 8.474545 8.482679 8.491462 8.499819 8.516914 8.525525 8.533575 8.541992 8.575078 8.591328 8.599358 8.607440 8.615450 8.623390 8.631430 8.639807 8.649068 8.657539 8.665550 8.673482 8.681465 8.689423 8.713127 8.754943 8.771169 8.780247 8.821908 8.829868 8.837817 8.853862 8.877849 8.918264 8.926283 8.942210 8.950119 8.958119 8.966097 8.974006 8.981896 8.990078 9.006072 9.013975 9.022036 9.029940 9.037980 9.045868 9.053731 9.094168 9.102043 9.142825 9.158646 9.166555 9.174350 9.215223 9.246625 9.262194 9.269962 9.277759 9.285634 9.293383 9.301133
Elapsed_time: 9.301133
Score: 41497.892508
CN-L-BFGS
401
40953.648610 39470.304965 32728.498639 32432.123839 32248.725979 32124.463520 31914.650266 31845.491583 31745.121476 31560.044694 31454.989270 31396.540229 31309.181236 31262.076737 31244.086997 31031.488062 30622.713121 30106.757936 30079.798638 30029.366729 29885.299576 29701.643880 29524.589746 29297.046863 29114.625466 29026.253398 28908.102472 28901.420063 28819.116744 28745.555226 28650.691737 28619.333788 28577.744831 28503.791590 28457.993317 28339.213739 28269.542678 28208.611704 28117.948134 28076.004807 27941.471040 27877.715664 27727.626934 27491.325380 27273.015528 26987.629632 26984.651857 26730.872255 26674.398022 26670.816590 26624.752621 26537.785297 26478.601339 26475.760809 26394.165009 26164.674981 26107.064649 26100.810689 25997.260583 25923.496872 25803.418978 25510.091934 25319.715940 25310.146201 25208.003800 25184.474432 25133.638115 24983.395953 24976.334705 24941.099433 24938.174380 24881.607487 24797.555184 24652.785917 24514.464135 24500.033981 24337.227797 24234.883668 24093.800268 24054.554279 24019.683035 23964.411971 23937.408024 23834.311181 23709.142918 23562.982134 23142.509106 22971.614277 22770.076666 22613.085232 22575.831082 22536.150756 22524.177726 22482.775753 22414.691662 22311.402829 22033.461113 21758.369745 21754.586505 21523.566810 21465.584566 21413.955792 21385.379268 21308.495995 21127.263740 20713.151419 20518.037763 20498.015822 20373.688905 20352.069601 20303.282698 20291.620244 20269.688356 20198.725651 20098.822318 20002.446273 19958.253283 19818.912286 19743.870295 19493.617405 19374.424421 19260.209774 19152.244890 19115.671743 19047.739206 19007.588372 18952.312597 18819.947890 18797.218506 18685.268995 18526.765998 18321.249055 18179.153325 18143.244544 18103.257731 18078.597128 18032.076820 17891.896474 17794.021656 17789.176072 17664.817837 17604.252641 17564.621845 17491.385042 17424.267969 17344.522680 17195.539973 17054.764656 16954.589787 16939.019809 16907.710355 16884.068990 16854.927806 16829.044430 16696.002875 16665.887647 16573.639168 16509.882276 16446.820891 16370.986724 16275.395987 16233.884100 16158.590625 16094.750987 16004.220335 15962.715592 15903.467637 15823.186659 15793.089527 15739.964899 15694.609156 15646.338763 15586.771377 15541.534735 15494.284105 15451.692463 15407.226902 15386.744047 15340.212362 15300.147024 15269.387812 15237.352320 15208.073665 15176.615586 15148.513544 15120.379113 15094.666314 15064.045802 15028.398273 15017.630966 14988.688184 14967.140967 14941.845140 14912.058595 14878.920592 14841.791791 14813.980453 14787.268381 14757.800018 14734.731908 14714.724031 14691.548004 14672.191990 14652.196578 14630.014819 14607.159951 14588.570204 14568.249224 14545.470831 14528.582898 14512.899734 14492.666409 14470.420719 14467.772943 14458.946833 14443.013635 14426.493813 14411.453096 14407.103503 14400.289705 14386.573714 14372.646253 14360.277618 14346.617498 14329.929698 14312.586505 14295.248917 14281.526038 14264.970258 14249.932648 14232.443189 14221.687119 14208.662795 14188.416750 14167.073393 14149.331728 14129.807527 14113.127791 14103.583011 14081.454309 14061.186685 14044.421485 14028.181021 14012.718462 14005.206709 13992.501304 13975.232103 13967.675816 13956.835994 13942.649743 13935.533762 13923.138448 13901.753014 13886.552728 13879.175359 13863.501864 13842.803297 13828.267243 13822.942616 13815.743647 13793.942678 13784.107283 13764.277528 13747.086995 13729.288294 13715.868592 13698.154334 13679.590421 13668.696584 13652.730628 13630.399439 13614.196359 13602.611163 13595.002708 13585.459535 13577.577230 13566.190400 13550.312889 13539.137554 13527.182760 13514.701603 13503.330016 13490.704892 13478.359295 13471.844337 13462.931912 13451.580388 13443.631071 13435.922565 13427.444129 13419.523642 13410.224339 13402.115231 13396.314454 13391.343982 13385.604571 13379.544763 13372.957850 13367.111380 13362.982095 13358.118423 13352.521519 13346.924844 13340.986037 13335.496785 13328.469020 13321.030527 13312.458041 13308.039083 13294.275564 13285.885056 13278.508873 13272.070672 13265.634589 13259.527979 13255.186289 13251.860701 13248.268550 13244.507598 13240.092557 13233.778086 13227.503777 13222.304459 13216.162530 13209.806302 13202.594883 13194.525705 13184.386872 13171.304354 13160.227612 13147.462352 13135.209668 13124.409380 13112.259412 13103.405711 13095.835807 13087.394609 13078.787366 13074.006678 13068.153726 13062.381319 13057.886979 13051.140625 13042.219203 13034.131668 13028.780114 13022.472297 13017.847670 13014.457763 13011.194176 13008.580723 13004.623314 13001.038901 12997.287952 12993.353812 12988.647817 12983.341351 12978.329850 12974.309854 12970.923880 12967.945435 12965.464992 12963.408288 12961.420256 12960.296823 12959.093918 12957.974124 12956.948014 12956.008034 12955.020158 12954.201968 12953.157209 12952.358036 12951.241058 12949.995449 12948.989280 12948.100559 12947.494993 12946.934382 12946.294707 12945.794546 12945.246489 12945.027159 12944.770336 12944.570888 12944.338526 12944.146485 12943.891762 12943.755648 12943.528042 12943.429780 12943.313981 12943.224535 12943.055955 12942.974220 12942.875300 12942.731792 12942.655354 12942.547251 12942.482551 12942.396610
0.231265 0.268988 0.276010 0.290029 0.297031 0.311678 0.318639 0.325649 0.332621 0.339795 0.346907 0.354171 0.361308 0.389653 0.396678 0.403612 0.410570 0.417689 0.454038 0.461048 0.468490 0.475724 0.496843 0.504436 0.511803 0.518769 0.550313 0.565054 0.572716 0.579629 0.593447 0.624043 0.638442 0.673888 0.688206 0.702267 0.716631 0.724094 0.730963 0.737971 0.758941 0.772655 0.779521 0.787173 0.794393 0.801266 0.808080 0.815835 0.830366 0.845044 0.852026 0.859856 0.874412 0.901977 0.909436 0.916439 0.923497 0.944191 0.950988 0.957803 0.964604 0.971421 0.978170 1.006318 1.014298 1.043498 1.050242 1.064339 1.085050 1.093435 1.107543 1.121304 1.128157 1.135053 1.141949 1.148873 1.155771 1.162853 1.169721 1.190355 1.197183 1.203940 1.217493 1.224211 1.230927 1.237666 1.244404 1.257745 1.264516 1.274650 1.308721 1.315494 1.335782 1.342447 1.349167 1.355885 1.369175 1.402553 1.430049 1.436855 1.451117 1.458201 1.479244 1.486616 1.493654 1.500437 1.507104 1.541032 1.548302 1.562757 1.569425 1.583378 1.589968 1.596921 1.603872 1.610601 1.617163 1.623819 1.630652 1.637458 1.644385 1.651263 1.658137 1.678315 1.691799 1.712188 1.719604 1.726119 1.740108 1.747163 1.766993 1.773497 1.780289 1.793682 1.800239 1.813325 1.820305 1.833964 1.873286 1.879791 1.900033 1.913568 1.920372 1.926844 1.940715 1.947318 1.953768 1.960283 1.966945 1.993492 1.999941 2.013201 2.026707 2.033146 2.040006 2.046478 2.053440 2.059881 2.066318 2.079900 2.086347 2.092799 2.099188 2.105575 2.111944 2.124896 2.131299 2.137648 2.147039 2.153488 2.160618 2.167266 2.173696 2.180630 2.186926 2.193785 2.200186 2.206630 2.212970 2.219255 2.225548 2.231873 2.238394 2.244752 2.250982 2.257251 2.263556 2.269824 2.276103 2.282387 2.288679 2.295267 2.301587 2.307849 2.314452 2.320872 2.327115 2.333637 2.339925 2.346850 2.353104 2.359501 2.365862 2.372304 2.378755 2.385003 2.391302 2.397517 2.403716 2.410824 2.417100 2.423467 2.429662 2.448731 2.455139 2.461528 2.474418 2.481001 2.493461 2.500006 2.506406 2.512914 2.520323 2.527121 2.533505 2.540499 2.546887 2.554111 2.560425 2.567276 2.574278 2.587027 2.595488 2.602022 2.608868 2.615112 2.621581 2.627806 2.634511 2.640759 2.647182 2.653566 2.659840 2.666229 2.672607 2.678779 2.684996 2.700037 2.706302 2.712652 2.718999 2.726361 2.732660 2.738935 2.751352 2.758108 2.764372 2.770636 2.783046 2.789330 2.795608 2.801785 2.808010 2.814261 2.820486 2.826898 2.833100 2.839424 2.846017 2.852601 2.858850 2.872235 2.884903 2.898376 2.904669 2.911011 2.917217 2.923579 2.929781 2.936380 2.942859 2.949424 2.956179 2.962529 2.975522 2.981740 2.988076 2.994412 3.002502 3.009134 3.015903 3.022289 3.028786 3.035580 3.041932 3.048147 3.054294 3.060546 3.066766 3.072981 3.079244 3.085554 3.091852 3.098040 3.104859 3.111688 3.117977 3.124430 3.130640 3.136922 3.143163 3.149457 3.155724 3.162235 3.168515 3.174999 3.181371 3.187612 3.195155 3.201467 3.207822 3.214378 3.220600 3.226926 3.233611 3.239872 3.246078 3.252334 3.258661 3.264978 3.271304 3.278753 3.285041 3.291523 3.298289 3.304753 3.311029 3.317544 3.324011 3.330344 3.336635 3.343070 3.349335 3.355620 3.361973 3.369216 3.375451 3.382158 3.388487 3.394697 3.401393 3.407635 3.413887 3.420264 3.426892 3.433458 3.439691 3.445914 3.452171 3.458661 3.464973 3.471407 3.478024 3.484332 3.491480 3.497830 3.504871 3.511094 3.517316 3.524334 3.530608 3.537467 3.543708 3.550147 3.556401 3.562582 3.568841 3.575025 3.581338 3.587619 3.593798 3.600041 3.606327 3.612515 3.618696 3.624922 3.631110 3.637345 3.644003 3.650270 3.656777 3.663223 3.669554 3.676523 3.682735 3.689831 3.696209 3.702952 3.709274 3.715669 3.723318
Elapsed_time: 3.723318
Score: 12942.396610
401
40138.872459 38605.785165 31269.135447 30764.613635 30520.884302 30419.593937 30174.976864 29953.437998 29585.039917 29110.136035 28968.694384 28838.651068 28769.911433 28729.759740 28679.229726 28482.366645 28381.944704 28370.352942 28281.360957 28239.908696 28184.546702 28046.056137 27472.726178 27123.889061 27122.764273 27015.043185 27013.218402 26996.570498 26913.271037 26829.482789 26727.972772 26564.029298 26509.627460 26358.253164 26168.954686 26100.859907 26073.374064 25960.852342 25918.789513 25906.733536 25820.136283 25775.529945 25741.464016 25659.564442 25423.869504 25203.358436 25090.157990 25056.988105 24891.911630 24858.631863 24756.356908 24572.449840 24334.242430 24322.761557 24203.023148 24120.133366 24003.118532 23890.390456 23803.568662 23412.153000 23060.923393 22876.150268 22767.728348 22512.446416 22336.501641 22234.625258 22215.931716 22212.896449 22206.175435 22193.807695 22158.642989 22143.879894 22000.039337 21943.864540 21927.613763 21868.333100 21852.485079 21785.354538 21636.126621 21512.566009 21275.653777 21020.800950 20769.751306 20724.412771 20669.136658 20613.525306 20478.786691 20354.632386 20055.377390 20003.274451 19954.759775 19490.271097 19488.139114 19425.617480 19372.876803 19212.343323 18812.232483 18571.003529 18380.572296 18343.252544 18209.208618 18140.451293 18074.118032 18010.492684 17982.396087 17919.108408 17877.657773 17832.568894 17784.097345 17691.801527 17565.028758 17267.571662 17202.378504 17118.493426 17083.206835 17062.135907 17004.128861 16978.226391 16930.993486 16907.378343 16861.912328 16796.268520 16682.294619 16659.811418 16622.870610 16601.248930 16590.163211 16553.075525 16470.371421 16464.717363 16462.212335 16359.833933 16265.041807 16195.654138 16184.215726 16164.085154 16152.955903 16139.647729 16120.835065 16120.431949 16055.599886 15964.863747 15953.814506 15933.518468 15909.107725 15883.486484 15816.289945 15757.739714 15657.605120 15640.022624 15589.549855 15556.644407 15508.500661 15462.283887 15400.527294 15363.500456 15344.671072 15289.837649 15204.808100 15159.741475 15118.730271 15093.201722 15035.144850 14989.200629 14954.074124 14945.096184 14939.924109 14899.632371 14858.806105 14819.091272 14785.917049 14739.492754 14710.442795 14682.303355 14651.194421 14634.704660 14604.276846 14589.094550 14572.365972 14555.004225 14536.603468 14505.451751 14495.567257 14460.344446 14424.087003 14407.328638 14378.196159 14348.382340 14320.390509 14288.707301 14267.673631 14246.894046 14228.655960 14201.187741 14188.364649 14161.024024 14135.616519 14104.919194 14080.795066 14058.367214 14032.931376 14009.666471 13993.465458 13980.219593 13962.075648 13937.428435 13917.328967 13894.669080 13881.144044 13870.553129 13847.004201 13824.993247 13802.534921 13792.927275 13764.710969 13732.282102 13698.880025 13673.806755 13670.481767 13657.423125 13639.083727 13618.183454 13614.642018 13609.158843 13593.861132 13580.838839 13566.730847 13541.951614 13518.440919 13496.200178 13470.102727 13449.524065 13445.408672 13419.534854 13391.681386 13361.112831 13346.599551 13341.770904 13334.362091 13323.207348 13311.388788 13290.104033 13277.937561 13263.638399 13249.798371 13232.837216 13213.798186 13196.293599 13169.148373 13142.565659 13130.209393 13127.866215 13122.411662 13114.640836 13098.985837 13063.148361 13037.532207 13036.207571 13025.780652 13000.053790 12965.376246 12940.385095 12915.060365 12895.214552 12868.379805 12839.519914 12810.908607 12792.984875 12790.307957 12785.157759 12772.136023 12757.825854 12744.166152 12723.466904 12699.785398 12685.222447 12669.356038 12659.742217 12649.158247 12637.426702 12623.177176 12611.260971 12598.224450 12582.623010 12570.431182 12557.707729 12546.780287 12536.597324 12523.972283 12511.003341 12498.486712 12485.018774 12476.272618 12466.913427 12458.565224 12450.499882 12444.160389 12434.677642 12427.986652 12422.184708 12417.388193 12409.524277 12402.349528 12396.270447 12388.831199 12381.621028 12375.987927 12370.694097 12363.883527 12359.353536 12354.838068 12350.488883 12347.591329 12344.470243 12342.375016 12340.932838 12339.498961 12338.165632 12336.792072 12335.025800 12333.441748 12332.065215 12330.970224 12330.206684 12329.488955 12328.786987 12328.131744 12327.571313 12326.940314 12326.342273 12325.778918 12325.160699 12324.570506 12323.943763 12323.285425 12322.544998 12321.892622 12321.288081 12320.561486 12320.009583 12319.646413 12319.302379 12319.014799 12318.720476 12318.427859 12318.095305 12317.806544 12317.428994 12317.081472 12316.777851 12316.557880 12316.284055 12316.098903 12315.877913 12315.678942 12315.505327 12315.340266 12315.144234 12315.001697 12314.814258 12314.678776 12314.408434 12314.195162 12313.933624 12313.642959 12313.257459 12312.912589 12312.848531 12312.671383 12312.584054 12312.511433 12312.458947 12312.396517 12312.306907 12312.219031 12312.135751 12312.065543 12312.010450 12311.963098 12311.919215 12311.874860 12311.816134 12311.748615 12311.671207 12311.551908 12311.485382 12311.384338 12311.279050 12311.217536 12310.945403 12310.622265 12310.199632 12309.550945 12308.622163 12308.172350 12307.716969 12307.476763 12307.170481 12306.992564 12306.875065 12306.732243
0.229138 0.267753 0.274727 0.302793 0.310381 0.317339 0.324361 0.331304 0.338325 0.345365 0.352325 0.359418 0.366340 0.373719 0.380570 0.387419 0.394308 0.414988 0.421858 0.428771 0.435600 0.442426 0.449230 0.455996 0.496559 0.503369 0.510188 0.530715 0.537600 0.544878 0.552294 0.559059 0.565962 0.573271 0.580111 0.586847 0.600422 0.607206 0.613984 0.620810 0.627810 0.641311 0.654804 0.661610 0.668356 0.675130 0.681898 0.695369 0.702176 0.715648 0.722388 0.729173 0.735958 0.749495 0.756235 0.763026 0.769963 0.776807 0.784168 0.790898 0.797648 0.804554 0.811337 0.818036 0.824754 0.831504 0.845129 0.872749 0.914266 0.921032 0.927738 0.941126 0.947837 0.954501 0.968154 0.975086 0.988444 0.995069 1.001817 1.016605 1.023298 1.030622 1.037223 1.050430 1.057100 1.070280 1.076876 1.083475 1.090090 1.096645 1.103198 1.109803 1.123642 1.130570 1.137189 1.143986 1.150550 1.157275 1.177086 1.196772 1.203322 1.216448 1.223672 1.230199 1.243367 1.250120 1.256923 1.263456 1.270021 1.276736 1.283289 1.316164 1.335600 1.348591 1.355114 1.361692 1.368399 1.374886 1.388188 1.394626 1.401150 1.407811 1.414323 1.433748 1.440282 1.453668 1.466998 1.473653 1.480119 1.486555 1.505927 1.512325 1.518730 1.525192 1.542932 1.549598 1.556039 1.562460 1.571025 1.578292 1.585059 1.592323 1.612525 1.626105 1.639064 1.645528 1.652023 1.665368 1.672100 1.691681 1.698404 1.705382 1.711767 1.737613 1.744043 1.750427 1.763933 1.770289 1.776803 1.789628 1.796045 1.802489 1.808994 1.815372 1.821879 1.841027 1.847395 1.853796 1.860167 1.866575 1.872968 1.879352 1.885735 1.892218 1.898565 1.912547 1.919038 1.925612 1.932060 1.938601 1.945160 1.951485 1.957842 1.970480 1.976951 1.983315 1.989667 1.996031 2.002374 2.008766 2.015261 2.021833 2.028285 2.034582 2.040964 2.047319 2.053673 2.060082 2.066404 2.072742 2.079137 2.085420 2.091882 2.098315 2.104652 2.110973 2.123619 2.130128 2.136555 2.143250 2.149618 2.156335 2.176238 2.195856 2.202304 2.208691 2.215175 2.221987 2.234742 2.241269 2.247513 2.253962 2.280239 2.286674 2.292954 2.299255 2.305547 2.311893 2.318152 2.324471 2.330818 2.337124 2.343426 2.349692 2.356003 2.369279 2.376452 2.395881 2.402292 2.408638 2.415019 2.421702 2.428375 2.435110 2.441510 2.447929 2.454201 2.460484 2.473008 2.479295 2.485588 2.510480 2.516735 2.522926 2.529148 2.535351 2.541597 2.560332 2.566569 2.572821 2.579044 2.585268 2.591477 2.597714 2.603921 2.610226 2.616473 2.622803 2.648009 2.654394 2.660850 2.667071 2.673406 2.679791 2.685969 2.692278 2.698761 2.704952 2.713323 2.719631 2.726271 2.732519 2.738954 2.746424 2.752835 2.760571 2.767160 2.773431 2.779687 2.785886 2.792187 2.798367 2.804597 2.810789 2.817075 2.823277 2.829819 2.836166 2.842450 2.848801 2.855065 2.861239 2.867523 2.873795 2.879951 2.886222 2.892441 2.898618 2.904775 2.910885 2.917077 2.923179 2.929347 2.935493 2.941624 2.947773 2.953939 2.960083 2.966233 2.972329 2.978484 2.984654 2.990803 2.997014 3.003225 3.009453 3.015530 3.021680 3.027781 3.034189 3.040380 3.046757 3.052867 3.059020 3.065196 3.071311 3.077543 3.083604 3.089867 3.096053 3.103238 3.110887 3.117114 3.123718 3.129839 3.136022 3.142449 3.148661 3.154774 3.160924 3.167061 3.173223 3.179442 3.185554 3.191675 3.197758 3.204420 3.210717 3.217397 3.223905 3.230331 3.237246 3.243355 3.250013 3.256148 3.262370 3.268529 3.274800 3.280926 3.287069 3.293724 3.300634 3.306791 3.313043 3.319119 3.325259 3.331349 3.337457 3.343672 3.349822 3.355936 3.362082 3.368493 3.374588 3.380909 3.387022 3.393192 3.399471 3.405731 3.412061 3.424277 3.434106 3.440327 3.446587 3.453015 3.459154 3.470017 3.476493 3.482833 3.489066 3.495192
Elapsed_time: 3.495192
Score: 12306.732243
dwt_2680
L-BFGS
401
10644603.160303 10532182.709120 10507720.954024 10476424.281910 10265884.258173 9544764.047947 8181722.187378 6230740.949250 3686501.903076 2759952.784681 1823824.209275 1434932.992386 1045544.728100 927275.916547 640497.167356 596049.005823 584603.653429 583551.033789 583035.470959 580757.385121 578723.636796 575160.349236 571876.942684 570138.521704 565297.594456 561005.460782 555705.393231 555137.521087 553714.196736 549433.528062 547442.447492 547038.019888 545491.958166 545443.569072 544149.118589 544085.461875 543488.886871 543403.125932 542976.091534 542037.709560 542005.153518 541828.427883 541435.184537 541134.502902 540085.086333 539601.208787 538843.332429 538412.744488 538380.181106 537454.300621 537358.129296 536655.959988 536296.656427 536089.079603 535800.008642 535796.826828 535593.937354 535480.878431 535082.448627 534659.630189 533703.328377 533268.567187 533165.568450 532676.249174 531584.838105 531383.309776 530819.153411 530787.076917 530763.159583 530500.558799 530336.143087 530089.155230 529761.123909 529581.267792 529538.949377 529415.569041 529261.816790 528953.020574 528855.818148 528192.524164 527553.669086 527261.335720 527160.695069 526487.747535 526080.676919 525606.360236 525358.553775 525096.652854 524748.490025 523886.202103 523825.273422 520513.513478 513747.424755 513743.424827 513661.439939 513476.612726 513457.262814 513126.049293 512762.690429 512373.630232 512307.117985 511831.738399 511260.657415 510993.852606 510754.006836 510272.426759 509728.031523 509356.963949 509136.237766 508990.027186 508696.923083 508488.940453 507873.685880 506931.142219 506045.462379 505792.300854 505771.765738 504272.207908 503858.012984 503215.369054 503134.382609 502646.750308 502365.637862 501713.042800 501323.207244 500520.198148 500255.601972 499999.384666 499881.128609 499828.150176 499668.105633 499359.767724 499241.785154 499111.887013 498801.286716 498749.957864 498608.708377 498432.247572 498156.336693 497888.910222 497212.781070 496961.440488 496829.243598 496714.973542 492134.694490 490557.406517 490454.214008 490042.614237 489619.049462 489415.346972 489052.710834 488753.349299 488468.027126 487746.789536 487248.411050 486989.788186 486893.911183 486743.746655 486451.894296 486333.183395 486266.303347 485798.462592 485534.098286 485148.437685 484719.180608 484691.470682 484198.279608 483322.058909 482817.068112 482763.393073 478161.044372 477869.985609 477797.958293 477430.839593 476995.490242 476979.516133 476848.706994 476773.680872 476730.146387 476461.210870 476237.460329 475694.068909 475323.926926 475258.309390 474462.643474 474212.504523 473906.239990 472850.243138 470940.649689 463956.948378 463900.541072 463649.847040 463531.210218 462842.393214 462687.788994 462518.870905 462501.284850 462179.198654 461734.201170 461698.514259 461412.469530 461276.168693 461247.886281 461092.135082 460550.730232 460063.450877 459817.169349 459699.799621 459675.153110 459511.058601 459417.194775 459167.413334 458754.110868 458384.397288 458376.956603 458348.764181 457963.313198 457670.708561 457258.908472 457009.690364 456769.556995 456209.319351 455817.732911 455524.687232 455464.543889 455138.626817 454877.833760 454828.626392 454450.281566 452795.612811 452706.713940 452389.495576 452317.336897 451425.432213 450632.953324 450602.438778 449897.715650 449482.444135 449445.850959 449273.063497 449208.458207 449010.996549 448745.064190 448444.678649 447610.477899 447527.535362 447073.219359 446161.936773 445900.033598 444943.064286 444836.564820 444726.196492 444572.851380 444284.244717 443924.813756 443516.905215 442447.514875 441076.061330 440230.871712 440218.197843 440147.775659 439184.100822 438654.316511 438543.615760 438274.652822 438076.469896 437876.441841 437734.226000 437186.495150 436875.784489 436204.068434 435311.728560 434572.127498 433611.564357 432727.511967 432330.316820 432152.723541 432053.188166 431908.726698 430483.803960 425106.640714 422033.257025 421839.361470 421833.472310 421817.847286 421741.276423 421715.242255 421440.973215 421210.860287 421070.223565 420428.900926 419914.393745 419660.264991 419651.454183 419293.426061 418640.477489 417637.919642 417458.623685 417330.866075 416984.626129 416950.730350 416751.478270 416703.132401 416538.739084 416413.032643 416164.306633 415907.504943 415477.400926 415297.402835 415004.767090 414915.010611 414652.816294 414489.525664 414361.602043 414286.620170 414266.510549 414193.045594 414024.755293 413748.710652 413388.531828 412840.388159 412749.428635 412715.961925 412488.289431 412295.367854 412217.680393 411935.476046 411645.112508 410791.470267 410495.831888 410154.343135 409717.420101 409518.025336 408898.662492 408841.968848 408340.794083 408214.066306 407821.219882 407103.400547 407044.526779 406965.935377 406745.179834 406340.675237 405584.374006 405077.065521 404860.387556 404466.528848 404157.149494 404106.654264 404054.254914 404026.133670 403980.783863 403809.450169 403529.754232 403128.526632 402850.515557 402653.469601 402462.110079 402456.677942 402188.004064 401074.105201 400585.654752 400542.848694 400349.817835 400257.727200 399946.117239 399566.612283 399305.894763 398041.228851 398022.200232 397857.194201 397626.023010 397526.383370 397381.262779 397275.947580 396866.837757 395908.126499 395346.789203 394862.338101 394185.373168 392431.443658 390352.873124 390298.124953 390282.635306 389640.703622 388225.901813 386006.517607 385752.139232 385608.510044 385477.426173 385476.423092 385231.641655 385057.331070 384666.949842 384509.695159 383590.152906 381994.791373 381345.744748 381195.161835 381190.401892 381017.171453
0.000161 0.140295 0.208887 0.276565 0.348071 0.490544 0.630975 0.697016 0.762528 0.828389 0.892925 0.957768 1.029836 1.094219 1.158975 1.225242 1.290147 1.361196 1.434400 1.517269 1.583250 1.647861 1.714969 1.781084 1.847417 1.914302 1.980876 2.051978 2.119836 2.254225 2.320802 2.388498 2.458648 2.593366 2.661903 2.864062 2.930928 2.997794 3.064983 3.402341 3.603049 3.736419 3.806885 3.874841 3.941070 4.007401 4.078777 4.145153 4.212563 4.347037 4.621497 4.689491 4.757259 4.825175 5.160956 5.630811 5.698287 5.765099 5.831598 5.899804 5.966414 6.035705 6.382603 6.518277 6.585567 6.721523 6.789288 6.856387 7.188812 7.256481 7.323262 7.390568 7.457763 7.524222 7.660183 7.726331 7.792055 7.860846 7.928771 7.996855 8.069783 8.136992 8.270933 8.337945 8.405495 8.472676 8.542060 8.608692 8.677048 8.745662 9.411807 9.477870 9.678019 9.810877 10.010457 10.281528 10.482086 10.614929 10.681222 10.746910 10.883510 10.950781 11.015997 11.083585 11.153802 11.219139 11.285908 11.351595 11.487479 11.554944 11.620633 11.686681 11.753593 11.820612 12.433327 12.904372 13.241533 13.308639 13.377489 13.446607 13.651508 13.717098 13.783651 13.849116 13.916044 13.981411 14.048154 14.185258 14.252096 14.318464 14.384212 14.450442 14.515975 14.585088 14.652499 14.719460 14.850492 14.982605 15.050861 15.117123 15.318983 15.453707 15.522009 15.656867 16.197875 19.556945 19.887313 19.952991 20.021925 20.089544 20.154709 20.220389 20.286422 20.351771 20.417041 20.550829 20.813989 20.879025 20.944197 21.081375 21.147780 21.213771 21.279522 21.345147 21.410808 21.872459 21.938348 22.005389 22.073789 22.140448 22.731475 23.064412 23.529472 23.596840 24.195464 24.532085 24.798209 24.930956 24.996433 25.063864 25.129750 25.195693 25.261372 25.525861 25.787946 25.853559 25.919590 25.984897 26.245426 26.775232 27.172016 27.431501 27.495915 27.560816 27.625851 27.822083 27.887557 28.276255 28.341342 28.472252 28.538182 28.674741 29.002000 29.068844 29.133738 29.200124 29.267289 29.533425 29.601847 29.668032 29.733258 29.931480 29.997067 30.191693 30.257541 30.388133 30.454911 30.522254 30.652767 30.846662 30.911188 30.976741 31.046188 31.110650 31.240212 31.306236 31.371331 31.437823 31.502238 31.566979 31.696802 32.086655 32.283356 32.347895 32.413321 32.611683 32.677188 32.935728 33.197593 33.328892 33.394013 33.459356 33.523853 33.593244 33.658048 33.787628 33.852669 33.917010 33.982115 34.046848 34.176376 34.311559 34.375547 34.440116 34.505744 34.639246 35.033660 35.292749 35.487031 35.872907 36.066008 36.131125 36.195612 36.260578 36.327156 36.390940 36.455282 36.519604 36.584485 36.648874 36.714394 36.782556 36.976140 37.044344 37.108661 37.239187 37.369029 37.434007 37.498188 37.692048 38.138844 38.203045 38.456689 38.909043 38.972726 39.038111 39.166060 39.229070 39.292984 39.356246 39.419855 39.484934 39.612980 39.866290 39.929948 39.994451 40.058112 40.121341 40.185739 40.248711 40.630400 40.757443 41.020067 41.084269 41.153673 41.217235 41.281141 41.345927 41.608269 41.671518 41.735430 41.799542 41.863353 41.927903 41.991395 42.183364 42.246780 42.312142 42.377372 42.505865 42.569181 42.632430 42.892158 42.957830 43.031683 43.095357 43.160924 43.226779 43.292040 43.356425 43.419496 43.483568 43.547364 43.610846 43.869534 43.996658 44.061642 44.126161 44.253902 44.318370 44.641746 44.833270 44.895974 45.089926 45.218209 45.664136 45.727936 45.982571 46.429884 46.493317 46.683539 46.746418 46.809846 46.875006 46.938801 47.195968 47.263392 47.391686 47.705894 47.769782 47.963018 48.027168 48.154775 48.217281 48.344721 48.408001 48.470801 48.534845 48.597733 48.788417 48.916345 48.991666 49.054094 49.117282 49.182267 49.244956 49.312986 49.376077 49.502546 49.565041 49.693515 50.132293 50.573591 51.027200 51.090848 51.155710 51.472111 51.533819 51.597097 51.785261 54.901092 54.964696 55.027332 55.090692 55.152954 55.218003 55.347791 55.411823 55.603689 55.665574 55.728015
Elapsed_time: 55.728015
Score: 381017.171453
401
10707224.574005 10608425.847264 10584019.260389 10549789.949256 10345647.226176 9986354.528461 9376826.366387 5661321.204970 4799011.662982 3578513.851955 1938931.161681 1699028.567875 971317.952090 600117.865718 597132.236376 589367.876452 588474.150263 585156.750953 584104.955938 582924.573614 582109.517856 580118.151678 576577.111294 576339.790644 576061.125318 574483.348940 574320.173047 574044.037633 573692.907043 573098.276297 572352.140209 571204.035047 558560.395434 558389.734543 557899.326311 557334.113866 557216.490897 557003.120515 556499.239105 556205.690984 554922.529602 554617.260362 552752.483293 551345.864779 551057.526725 550458.406450 550224.936595 550196.479207 549831.245971 549612.571192 549440.050437 549113.387415 548715.287239 548332.353712 548314.469902 548043.135588 547879.121634 547596.277459 547366.385305 547296.804640 546934.288604 546666.770945 546267.373511 546082.912272 545860.388248 545338.137814 544992.332096 544747.762648 544698.585269 544359.209233 543982.383495 543439.367705 543267.889612 543178.179998 542977.528900 542579.458145 542303.162447 542255.368369 542101.652154 542092.467518 541895.344866 541713.878260 541597.309828 541372.482415 540990.296095 540606.150114 540267.022736 540127.041340 539823.929638 539698.253276 539624.685969 539469.964516 539038.323231 538927.354913 538461.437477 538328.507394 538228.135461 537963.649265 537815.597150 537801.694139 537367.222808 536328.485580 521829.669743 521759.295767 521616.577686 521533.512203 521300.625634 521288.536391 520849.726781 520664.983619 520573.890744 520312.414769 520196.145927 520015.860373 519892.015591 519737.342102 519290.949410 518815.001330 517725.547692 517319.173481 517119.165046 516463.239393 516057.482745 515133.211685 514556.371780 513344.546309 512212.104431 512099.722004 511927.585030 508432.193351 507491.789689 506851.697995 506798.238351 506785.643243 506525.852383 506333.913856 505858.128062 505642.231688 505256.149777 505123.889873 504795.836332 504464.095248 504226.485031 503845.305587 503462.116500 503372.463022 503271.257389 502529.490873 502492.554527 502075.666093 502018.399004 501900.591812 501778.431191 501053.910084 500913.132922 500593.420116 500353.755077 499622.414720 498881.861748 498565.967125 498181.044872 498032.360185 497721.620704 497342.097388 495459.723519 489574.628575 489561.105419 486698.512171 485789.254458 485207.242504 483517.067538 483271.590107 483116.962314 482822.082848 480973.230929 478852.926380 478509.564068 478373.440739 477553.091095 477524.314744 477230.113434 477217.732168 476919.090784 476849.384219 476551.784123 476284.105995 475749.528657 474878.398915 474250.476942 473917.308847 473341.468893 472574.194707 471891.882091 471241.803616 471174.424654 471059.255240 470471.357547 470411.284990 469874.826981 469215.301615 468184.825605 468057.400619 468049.636173 467727.954843 467416.187840 467008.453204 466858.211206 466432.225094 466198.578031 466035.065015 465986.445838 465863.617001 465178.653992 464813.156144 464285.249009 464128.333216 463984.570430 463708.781114 463506.280959 463447.980317 463429.841001 463168.853693 462971.501669 462466.200204 462108.386088 461408.421635 461144.521607 460696.051459 460633.015600 460387.158155 460224.112220 460021.552629 459635.821048 459291.094627 458965.887093 458951.927020 458603.479533 458150.144032 458041.021186 457747.059115 457623.923978 457478.050919 457248.317383 457086.921740 444774.909783 444684.070899 444623.977223 444368.878000 440817.474803 439471.914663 438899.629154 438042.468224 437913.269575 437705.822030 437546.752754 437431.649029 437416.067355 437334.919261 437180.265976 436811.750458 436572.750384 436314.789322 435706.876369 435420.021338 435100.310923 435085.306259 434926.424705 434850.860479 434729.523203 434232.071287 433811.833843 432123.233964 431269.050120 431153.542155 431113.221222 430984.385786 430931.264989 430914.207694 430821.347066 430599.689594 430314.384451 429971.832565 429186.729828 427607.388119 425896.874021 425858.693123 425099.615088 424567.442304 424398.497172 423643.830616 422802.480037 422132.854977 421558.169829 421060.684852 420727.325378 420368.797760 419629.104677 411972.648598 410110.241448 409838.567568 409801.487605 409557.872518 409300.536076 409072.958441 408588.786673 408279.219218 408200.454452 408015.765164 407801.281464 407576.188237 406760.535665 406190.922307 405574.721594 405169.881306 404849.315426 404508.776029 404249.784284 404218.184065 403782.279454 403761.898437 403684.205715 403668.750168 403576.656100 403461.324302 402694.472488 402579.059498 402214.962773 402154.452190 402079.896136 402024.844736 401522.665728 401453.671934 401354.584523 401066.362338 400782.360534 399544.996608 399359.654232 399330.662324 399162.453811 398920.262066 398758.949577 398394.853139 398050.574090 397422.214589 396951.992499 396572.529026 396093.359102 395908.358908 395676.725301 395503.869390 395081.899461 394721.397040 394334.675520 394065.950648 393955.799500 393904.966984 393719.114133 393690.741840 393614.946375 393482.854835 393437.539493 393305.169742 393177.766830 392970.627388 392305.844209 391871.284744 391508.491987 389498.977429 383591.120253 383435.570649 383427.373597 383345.572705 383149.991718 382899.281676 382840.783747 382568.470478 382195.218669 381532.326816 381006.668719 380462.039615 380418.311411 380055.685406 379784.735342 379778.643761 379543.411238 379460.730459 379426.230452 379197.469451 378992.742106 378472.858273 378098.789188 376717.267300 375951.536908 374842.368193 374618.382933 374592.370648 374436.448025 374171.948579 373479.778525 373221.889495 373061.926911
0.000093 0.140433 0.211661 0.282139 0.352447 0.419924 0.493122 0.562159 0.630484 0.696441 0.764819 0.830463 0.896043 0.964432 1.032144 1.099588 1.171698 1.236545 1.302814 1.368630 1.435162 1.503139 1.571108 1.636538 1.704819 1.773621 1.839620 1.907616 2.038281 2.104195 2.169119 2.569775 2.636764 3.036629 3.237704 3.304545 3.437924 3.505331 3.572468 3.638823 3.709684 3.844880 3.912729 3.978963 4.045065 4.111839 4.179140 4.381261 4.448077 4.580469 4.648311 4.715377 4.914188 4.981182 5.319282 5.385889 5.452655 5.521100 5.588599 5.860306 5.926609 5.993861 6.060442 6.126297 6.193369 6.259782 6.326642 6.464297 6.597176 6.664515 6.730071 6.796560 7.131905 7.398266 7.464526 7.599059 7.665135 7.732809 7.800562 8.066360 8.131949 8.198042 8.331867 8.398009 8.464107 8.666954 8.799998 8.865698 8.932029 8.999090 9.065990 9.133887 9.201042 9.268154 9.333993 9.400172 9.466942 9.533409 9.600273 9.735745 9.803862 9.872282 10.005379 10.338189 10.604532 10.872902 11.139055 11.339504 11.407664 11.540881 11.873569 11.940912 12.008007 12.074372 12.141350 12.340574 12.407961 12.473910 12.541104 12.607552 12.810874 13.011617 13.077875 13.210101 13.276918 13.343972 13.410665 13.946224 14.280227 14.412564 14.611042 14.678362 15.014518 15.150183 15.216470 15.283230 15.350977 15.416893 15.483193 15.617386 15.683178 15.753011 15.952029 16.017957 16.086380 16.153249 16.353588 16.420384 16.555338 16.621723 16.820788 16.887757 17.025594 17.091244 17.291352 17.357530 17.424412 17.490744 17.624593 17.690383 17.764903 17.899550 17.966978 18.104069 18.237079 18.370619 18.839626 19.045248 19.115727 19.184420 19.252391 19.318342 19.656733 20.124249 20.190909 20.256450 20.453263 20.780384 21.177404 21.574563 21.708585 21.841370 21.907532 22.172110 22.238803 22.304442 22.370225 22.435615 22.504858 22.570839 22.637834 22.846806 22.914278 23.050021 23.257928 23.328330 23.396188 23.533545 23.602715 23.673565 23.815399 24.026329 24.235445 24.303452 24.370623 24.452993 24.528112 24.603335 24.673635 24.845573 25.045518 25.113253 25.179746 25.316350 25.383965 25.517215 25.651946 25.720350 25.797455 25.866110 26.004611 26.073642 26.141464 26.208780 26.276359 26.344769 26.423511 26.489974 26.762259 26.833523 26.904014 27.040803 27.112121 27.178095 27.246458 27.528815 27.599938 27.677534 27.756718 27.831060 27.901852 27.991409 28.067126 28.136707 28.206989 28.274973 28.541304 28.606992 28.805270 28.870682 28.998531 29.129452 29.257387 29.583821 29.916427 29.980058 30.288459 30.357610 30.422918 30.491603 30.573927 30.713236 30.782725 30.849860 30.914285 34.095296 34.160049 34.225767 34.354983 34.620486 34.686836 34.815300 34.884901 35.337676 35.402787 35.531062 35.792025 36.113250 36.244262 36.311706 36.381868 36.452375 36.516881 36.792707 36.925201 37.311487 37.375023 37.439561 37.503252 37.567241 37.631761 37.697097 37.760890 37.826326 37.889759 37.955382 38.082938 38.210483 38.341549 38.660618 39.108683 39.171744 39.237020 39.301548 39.365184 39.430004 39.492961 39.556567 39.619881 39.683419 39.747586 39.811503 39.876245 39.939042 40.002371 40.065722 40.129345 40.257255 40.641000 40.707596 40.837725 41.095764 41.222985 41.287190 41.351549 41.478274 41.923549 42.050840 42.245393 42.371752 42.498919 42.755633 42.818331 42.882741 42.947615 43.013729 43.078308 43.396332 43.459566 43.522301 43.585762 43.651502 43.714309 43.778223 43.842085 43.905330 43.968977 44.032748 44.098929 44.161803 44.224815 44.352334 44.479016 44.542366 44.670763 44.739813 44.930485 45.189831 45.253151 45.316052 45.442701 45.507600 45.571752 45.635042 45.698279 45.761359 45.825582 45.888857 46.016139 46.079298 46.457372 46.647914 46.711520 46.774038 46.837273 46.900248 46.963458 47.027554 47.220698 47.283820 47.410607 47.473635 47.537566 47.726331 47.789504 47.915762 48.103372 48.165262 48.229020 48.292195 48.354683 48.669340 48.737099 49.055407 49.181420 49.564529 49.627415 49.690739 49.753755 49.818378 49.943498
Elapsed_time: 49.943498
Score: 373061.926911
CN-L-BFGS
401
174054.231421 168257.956353 131882.913734 131757.595112 131484.736570 131164.365392 131056.915621 131002.893354 130985.745536 130943.981268 130544.652728 130093.024539 129722.007430 128984.032655 128928.931696 128800.865145 128718.280068 128685.230351 128594.904609 128526.153251 128345.316898 128061.013665 127615.007906 127352.521563 127144.590658 126845.020148 126323.743326 125796.300557 125690.226092 125508.408848 125373.238007 125245.912234 125038.850132 124929.293177 124725.361689 124549.339412 124161.091913 123584.721779 123564.993763 123547.835343 123415.106514 123342.222721 123235.276092 123044.296325 122371.477033 122216.391791 121991.480898 121844.814333 121621.434853 121255.245231 120409.765363 120403.706877 120132.242991 120124.557101 120104.204724 119931.353469 119764.762479 119755.042056 119699.715320 119438.463189 119397.814021 119394.719491 119303.165859 119281.761474 119245.207475 119217.484402 118976.067706 118669.578668 118331.187344 118205.857644 118094.913103 118060.441181 117791.750831 117769.983351 117687.274642 117603.850580 117524.679708 117205.957424 117061.931629 117027.804162 116966.772053 116928.990179 116927.834383 116917.287029 116876.444776 116723.947129 116591.706349 116512.539317 116421.044682 116323.744881 116183.734550 115676.846125 115225.393692 114911.561558 114395.756598 113818.458714 113630.031337 113418.951796 113373.231752 113190.719943 113032.621657 112943.298776 112759.017065 112237.177036 112072.157813 112011.588249 111978.304685 111861.905553 111807.290367 111723.265485 111554.512726 111551.368791 111491.762664 111451.620951 111332.221483 111238.301200 111200.814636 111173.883254 111148.918416 111074.699075 110988.481756 110828.414410 110781.496994 110659.325445 110612.378164 110497.098712 110202.527834 110057.337357 109590.843966 109366.041251 109235.821371 109153.282829 109115.191956 109043.421234 108953.287360 108814.580838 108731.567666 108472.146252 108439.942482 108377.028700 108299.618651 108164.069806 108025.021544 107926.922252 107843.448839 107780.144659 106817.992800 106695.932149 106414.854274 105576.731445 105333.891771 105297.646578 105174.188539 105078.974747 105038.151325 104767.994440 104588.954069 104573.289314 104471.581636 104216.626996 103726.280516 103047.840659 103018.047053 102858.274347 102667.997691 102428.411598 102396.915289 102380.229557 102358.085881 102311.902022 102219.150362 102119.188504 102110.907514 102027.934094 101807.558470 101764.163312 101501.920371 101408.421033 101337.002733 100973.408178 100814.967460 100652.310533 99722.297080 99609.097148 99577.979959 99196.530745 98979.332093 98975.540161 98337.889451 98300.282782 98234.113097 98217.473441 98185.516993 98136.444650 97986.091145 97819.081194 97450.936343 97193.094140 96558.198887 96404.303305 96391.485244 96276.051611 96152.276549 96108.110681 96092.454827 95939.868720 95718.330776 95376.638399 95105.235070 95007.346719 94853.100368 94575.057950 94328.113284 93615.170087 93423.951612 93400.654622 93340.580166 93187.985766 93127.101960 93006.036761 92923.961511 92462.853368 92246.220373 91241.656339 91040.885954 90385.693636 90367.222131 90360.010925 90193.302139 90115.549118 89948.251362 89936.775745 89933.193647 89715.816356 89576.800510 89536.994920 89460.896614 89226.078590 89221.975963 89097.525676 88732.415182 88524.558461 88481.058524 88389.661961 88303.424393 88299.000351 88297.555582 88235.641619 88146.970454 87913.416373 87812.582732 87799.546870 87786.273297 87698.865738 87667.807446 87613.943442 87513.740450 87207.981003 87082.051846 86659.657708 86476.828661 86388.362530 86383.643156 85880.594226 85408.358926 84896.524550 84876.419004 84324.943913 84201.608297 83819.614153 83749.522982 83419.363357 83393.385077 83355.182988 83121.695982 83056.619197 82873.540477 82810.415140 82571.404152 82290.780313 81578.231782 81524.705469 81235.251593 81155.447121 81027.473082 80729.278412 80006.854477 79940.778238 79825.152831 79723.221627 79465.952391 78824.756642 78687.512254 78233.358185 77916.441011 77678.093371 77462.676368 77409.143016 77403.348166 76951.664377 76839.904676 76830.506278 76740.694955 76663.418705 76273.798453 76230.898853 75980.322332 75815.782553 75405.131510 75295.519096 75277.648824 75190.900916 75111.248849 75000.073207 74639.994423 74387.829710 74242.812163 74223.949192 74097.263343 73954.673024 73831.476693 73802.957239 73704.162793 73702.880560 73617.700703 73540.510536 73341.435380 73142.619367 73033.054138 73014.489924 72862.026456 72761.962126 72694.690848 72507.976408 72377.562274 72373.803055 72303.012910 72191.280301 72131.551363 72087.983376 71916.933508 71909.460348 71900.124842 71736.611827 71642.838804 71637.966134 71579.007149 71550.863305 71501.509798 71269.981454 71167.789067 70799.301772 70796.511417 70739.674936 70700.277105 70596.327964 70490.557887 70248.362385 70039.443371 69792.359402 69532.752549 69431.295759 69259.517753 69106.362755 68949.203449 68827.353329 68678.113089 68544.076141 68327.042386 68022.596776 67804.111426 67698.118459 67498.593095 67418.302935 67277.125585 67125.451295 66955.854499 66914.183048 66894.924331 66782.303220 66779.597090 66705.686773 66665.565459 66563.746938 66459.810694 66383.596022 66359.507180 66302.621851 66223.741612 66070.428562 65976.468789 65888.068895 65882.966625 65850.003745 65830.312923 65814.900313 65775.442291 65691.004891 65635.295962 65598.070350 65585.826089
1.584054 1.887094 1.937548 2.073864 2.164849 2.209933 2.253403 2.434137 2.479236 2.522580 2.565808 2.609816 2.654722 2.832464 2.921501 3.052145 3.229667 3.361614 3.406484 3.453067 3.497442 3.540969 3.585980 3.635685 3.682187 3.726255 3.813001 3.856738 3.988687 4.031936 4.075735 4.119060 4.162540 4.206851 4.251424 4.385621 4.429043 4.472725 4.649869 4.780052 4.824022 4.868083 4.912325 4.956679 5.002429 5.136170 5.180206 5.224831 5.268598 5.314242 5.357856 5.444631 5.489324 5.623075 5.667140 5.710713 5.754394 5.885761 5.931003 6.061573 6.148867 6.235988 6.281569 6.414431 6.458074 6.502468 6.589990 6.632990 6.676992 6.768861 6.812844 6.904994 6.948782 7.078582 7.123264 7.166496 7.210027 7.255101 7.431389 7.475140 7.518675 7.562303 7.608881 7.785550 7.829460 7.874901 7.918052 7.961744 8.005122 8.048396 8.092859 8.136499 8.225080 8.268615 8.313246 8.356157 8.399570 8.443252 8.486909 8.530160 8.574197 8.662224 8.710799 8.759090 8.932262 9.109172 9.152167 9.239521 9.283365 9.326684 9.370462 9.544798 9.588165 9.631893 9.676867 9.769718 9.813218 9.988389 10.033672 10.120333 10.164875 10.209302 10.296671 10.384748 10.471609 10.515385 10.558194 10.602015 10.646547 10.696255 10.739424 10.782104 10.868267 10.911558 10.997217 11.040667 11.084290 11.128065 11.214218 11.258365 11.301686 11.344620 11.562072 11.827219 11.872132 11.915600 11.959271 12.002642 12.045880 12.091760 12.135259 12.265521 12.308350 12.351564 12.394896 12.437945 12.481561 12.655251 12.704251 12.747711 12.790240 12.834012 13.006962 13.094179 13.137143 13.223458 13.352978 13.482780 13.525696 13.571085 13.613767 13.656314 13.828470 13.874732 13.919585 13.963127 14.007705 14.052266 14.138300 14.340919 14.384690 14.427583 14.470904 14.600702 14.737314 14.779491 14.824276 14.867527 14.910536 14.997673 15.039962 15.125212 15.210704 15.253666 15.296927 15.339443 15.381686 15.470552 15.514095 15.556290 15.727876 15.770694 15.855799 15.900341 16.033977 16.119828 16.162016 16.204098 16.246812 16.332627 16.377109 16.419574 16.464101 16.506850 19.547267 19.721076 19.807464 19.935286 20.061840 20.104729 20.147422 20.190256 20.234294 20.319169 20.404308 20.447205 20.531158 20.742447 20.785217 20.828286 20.870891 20.914033 21.171928 21.215920 21.300357 21.343744 21.386773 21.429383 21.736103 21.779990 21.865909 21.951207 22.079290 22.121588 22.207970 22.337626 22.466499 22.509361 22.594525 22.638971 22.724562 22.766942 22.895152 22.937988 22.980567 23.024948 23.067603 23.113758 23.200857 23.243241 23.328598 23.371271 23.413964 23.456298 23.498565 23.540320 23.760744 23.847357 23.889544 23.931205 23.973309 24.015625 24.058622 24.144789 24.186531 24.228386 24.312788 24.397032 24.439525 24.481924 24.524588 24.650518 24.692995 24.778146 24.820525 24.862760 24.904581 25.031132 25.073223 25.115340 25.157418 25.204186 25.249531 25.291280 25.332937 25.374379 25.416611 25.458826 25.631176 25.673807 25.758456 25.841041 25.883450 25.926012 25.967406 26.009097 26.050629 26.092177 26.134127 26.218430 26.427661 26.469161 26.510917 26.552265 26.593379 26.634466 26.676637 26.760374 26.801575 26.843245 26.926804 27.010100 27.051425 27.092761 27.134520 27.176394 27.217508 27.259239 27.345968 27.469849 27.511350 27.552513 27.593572 27.639124 27.722175 27.930539 27.971708 28.015342 28.057448 28.098711 28.140268 28.223288 28.306813 28.348072 28.430926 28.472755 28.513546 28.595900 28.638136 28.680479 28.762849 28.805309 28.887286 28.928130 28.968938 29.009557 29.050242 29.090985 29.133244 29.174470 29.215292 29.256701 29.297311 29.338733 29.384710 29.427180 29.468123 29.509116 29.549760 29.591374 29.633714 29.674968 29.715988 29.757669 29.798134 29.839263 29.880370 29.961778 30.002316 30.043278 30.084269 30.125743 30.166135 30.206632 30.247464 30.287889 30.449164 30.489180 30.529802 30.570639 30.652808 30.694876 30.855622 30.936699 30.977794 31.018399 31.059463 31.100362 31.140972 31.222388 31.343022
Elapsed_time: 31.343022
Score: 65585.826089
401
170002.730911 164366.414594 130773.619855 129745.816902 129100.708480 128792.600121 128635.732071 128541.027762 128459.767714 127138.447420 127125.873967 127076.837565 127024.924317 126951.241438 126944.443220 126875.680104 126851.102332 126679.895570 126467.726649 125875.355720 125404.889909 125039.334206 124906.188719 124788.731884 123994.685818 123725.070338 123706.961672 123217.406172 122487.079178 122109.399528 122046.799664 122024.690352 121638.644807 121577.571674 121493.819472 121471.743083 121393.310412 121386.124047 121323.224627 121276.508087 121089.471203 120995.806268 120865.503097 120837.274140 120687.008894 120208.517804 120101.946829 119976.779481 119951.793927 119873.423412 119738.432598 119702.756705 119676.501295 119536.087164 119496.397036 119298.680189 119196.511376 118813.604386 118281.215665 117811.431075 117788.448139 117780.446694 117491.144524 117420.032144 117411.346933 117409.481631 117373.211832 117312.899394 117310.134937 117277.249609 117238.262976 117189.381286 117146.143804 117009.706469 116977.566442 116962.639851 116930.938021 116814.624836 116637.861523 116296.141471 115714.332362 115235.515631 115198.391766 115036.008787 114982.884530 114859.853752 114816.946037 114815.441148 114770.359584 114583.849877 114419.606665 114052.093852 114010.943084 113492.685100 113482.795699 113451.130992 112198.091419 112160.387322 112023.918020 111874.067329 111799.105452 111790.152745 111737.771056 111638.284338 111508.201686 111344.478354 111105.863958 110746.352921 110493.879416 110308.501429 110299.117874 110212.450540 110110.202696 110076.087876 109795.686890 109757.145703 109656.396331 109578.600349 109460.670784 109443.501769 109302.546162 109177.512947 109110.896809 109056.178271 108991.478800 108783.376479 108512.313838 108235.134877 108042.222935 107925.689772 107883.985843 107359.538938 107222.172741 107029.870317 106693.996166 106686.660388 106579.818957 106065.704487 105742.766761 105183.893543 104841.898073 104577.551777 104333.615600 104041.237193 103779.610919 103683.196335 103631.696663 103485.523449 103359.021261 103229.016402 102963.537629 102855.366120 102846.028279 102676.585269 102539.738672 102347.334801 102244.636301 102241.373284 102187.243150 102118.542357 102023.520672 101792.489025 101597.438619 101195.658221 100640.685799 100452.419772 100415.028098 100287.545224 100095.010036 99912.510494 99735.944328 99332.193884 99257.789684 99222.521816 99071.074219 99034.933326 98935.200428 98850.862237 98799.924528 98737.642422 98725.873590 98689.966745 98601.849823 98367.416111 98181.097245 97927.778139 97569.721371 97500.914043 97405.955678 97266.364424 96714.456389 96372.222747 96266.432229 96254.808286 95907.163365 95692.604768 95681.476212 95518.551232 95449.421819 95434.153604 95300.950970 95177.663551 94994.909177 94788.204885 94735.791867 94358.411322 94079.723776 94037.730360 94032.349727 93990.985025 93916.101356 93822.192224 93812.607180 93694.200688 93638.075771 93337.243103 92848.979537 92518.315297 92508.780740 92355.102920 92247.644060 92084.797446 91865.289648 91599.569042 91574.610183 91538.882071 91272.876987 91233.786103 91116.723685 91090.758282 90855.526814 90788.937666 90275.163805 89742.270542 89451.069382 89329.004482 89310.873833 89151.156750 89047.364515 89037.888356 88932.278504 88789.616758 88782.575147 88728.928435 88702.110515 88593.115882 88431.015960 88325.071342 88049.480282 87752.417847 87346.952741 87030.704678 86995.676430 86770.725676 86751.106471 86251.303897 85702.421178 85284.697106 85241.926799 85080.301791 85009.237429 84837.913092 84347.458932 83745.513573 83724.355588 83577.101618 83565.096264 83401.535401 83205.277421 82824.978047 82456.686915 82435.031025 82318.553962 82167.453204 81928.299511 81915.579911 81743.920291 81581.784957 81557.608686 81308.442428 81123.007960 81006.497577 80743.625781 80581.954393 80580.269479 80470.579423 80341.166109 80274.445596 80060.073473 79540.841755 79526.516230 79522.024364 79299.170089 79269.288583 79155.903909 79066.221907 78982.903315 78931.357934 78857.207594 78855.421539 78827.333221 78772.252530 78731.857871 78629.692455 78317.160568 78101.748450 78059.207857 77761.812303 77691.283985 77619.544809 77614.070110 77329.417787 77240.470137 76910.169415 76895.721833 76654.341615 76614.276373 76483.519882 76268.838343 76004.589929 75809.463857 75659.408162 75551.768172 75462.337326 75366.188987 75094.300369 75071.349087 75057.425636 75042.325947 74985.384905 74945.068770 74831.545288 74698.639807 74588.956359 74492.147851 74412.279055 74347.689525 74303.899475 74053.819922 74019.394198 73926.165094 73863.372588 73702.508223 73634.575240 73626.489483 73542.698373 73539.664412 73537.759500 73527.489776 73474.748438 73439.024768 73379.079585 73217.861821 73193.031592 73101.738668 73073.073603 73051.081639 73027.538105 72989.923648 72885.595125 72754.323147 72744.758957 72716.456186 72683.888868 72603.329510 72422.552282 72420.345747 72385.427610 72362.576784 72282.041675 72190.861537 72177.344073 72079.731686 71983.107140 71824.646664 71765.744065 71645.479839 71520.291469 71353.305042 71286.368735 71281.491003 71228.197110 71196.374952 71193.215588 71176.372423 71163.943419 71162.663396 71141.320064 71111.208471 71035.387356 70947.878224 70940.876484 70842.508072 70828.737880 70740.206669 70677.479507 70642.230807 70594.352150 70499.782661 70437.590004 70415.979801
1.626367 1.925391 1.968983 2.061191 2.108174 2.196592 2.239834 2.369975 2.415629 2.458921 2.680016 2.723188 2.810369 2.853624 3.115054 3.158785 3.202265 3.245568 3.289292 3.333323 3.377294 3.420837 3.508811 3.551950 3.595613 3.685850 3.865485 3.909246 3.952530 3.996923 4.040720 4.259166 4.302336 4.388868 4.432442 4.521450 4.565402 4.652480 4.695405 4.738923 4.782513 4.869764 4.957768 5.000939 5.044322 5.087610 5.173683 5.216971 5.347111 5.392406 5.480074 5.523436 5.652652 5.700448 5.744259 5.832634 5.919543 5.963196 6.093976 6.137280 6.311721 6.443006 6.486002 6.572400 6.615587 6.702540 6.834019 7.008178 7.180388 7.224875 7.270057 7.315295 7.358136 7.401999 7.531212 7.575001 7.618269 7.661394 7.706153 7.750421 7.793505 7.838682 8.017959 8.104708 8.147590 8.190431 8.233890 8.362286 8.407880 8.451459 8.495119 8.538584 8.667599 8.712262 8.755309 8.886601 9.014995 9.145849 9.192432 9.236006 9.325024 9.501314 9.544646 9.588195 9.631975 9.680146 9.724488 9.767448 9.814077 9.859626 9.991529 10.037961 10.083282 10.220392 10.264293 10.356070 10.401520 10.503330 10.591578 10.679292 10.725098 10.813883 10.857758 10.901736 10.945045 10.988605 11.032367 11.119565 11.208411 11.427931 11.558578 11.601677 11.644637 11.698725 11.747473 11.974136 12.022952 12.069549 12.112877 12.155498 12.198149 12.240623 12.283984 12.327438 12.370407 12.412561 12.499662 12.542872 12.585882 12.628320 12.670450 12.713737 12.841814 12.884813 12.928435 12.971623 13.013752 13.185071 13.271864 13.314892 13.356966 13.399354 13.441831 13.484234 13.527267 13.569645 13.612363 13.654956 13.700687 13.744187 13.786661 13.832138 14.004290 14.089215 14.131698 14.220291 14.264737 14.306823 14.348807 14.391631 14.519837 14.562608 14.605362 14.647538 14.733778 14.818792 14.861236 15.035222 15.078338 15.121378 15.163600 15.207378 15.249481 15.463956 15.506831 15.592116 15.768213 15.857453 15.899937 15.942617 15.984813 16.026928 16.068639 16.197130 16.238965 16.282191 16.327416 16.370491 16.583273 16.627520 16.669232 16.770659 16.813270 16.855224 16.982161 17.024349 17.109044 17.197389 17.411734 17.453500 17.537561 17.579331 17.621987 17.668750 17.753519 17.924693 17.967564 18.009148 18.051065 18.093570 18.178599 18.221254 18.263081 18.305963 18.348096 18.436423 18.606925 18.648597 18.690466 18.815969 18.857487 18.899499 19.024669 19.067334 19.156409 19.198497 19.240714 19.282429 19.324717 19.409888 19.495716 19.538644 19.676384 19.719573 19.762256 19.803910 19.845424 19.886840 19.928136 19.969564 20.056799 23.049671 23.091651 23.133982 23.300108 23.341718 23.385495 23.430886 23.475012 23.517098 23.558694 23.727572 23.769151 23.810709 23.852366 23.894509 23.935966 23.979621 24.065763 24.107283 24.189877 24.273372 24.314791 24.396516 24.481083 24.563320 24.606054 24.694483 24.736444 24.778318 24.819566 24.988124 25.028964 25.069925 25.111139 25.152478 25.193775 25.236453 25.319153 25.443720 25.527502 25.571406 25.613050 25.654174 25.736241 25.777319 25.905240 25.946640 26.028965 26.069975 26.111411 26.152184 26.194083 26.235598 26.445006 26.486377 26.527484 26.568730 26.611285 26.653764 26.694669 26.736737 26.781041 26.822716 26.863578 26.904290 27.026519 27.068979 27.110485 27.152271 27.196982 27.239355 27.282701 27.323290 27.365128 27.405829 27.446994 27.489350 27.529795 27.614479 27.661307 27.706682 27.749588 27.790000 27.874723 27.915953 27.997503 28.120782 28.204104 28.245241 28.286461 28.329859 28.372046 28.453802 28.537928 28.578748 28.708583 28.752140 28.796203 28.839863 28.920564 29.044454 29.085335 29.128867 29.170820 29.212266 29.336942 29.377100 29.417320 29.457778 29.539968 29.663116 29.705527 29.747066 29.789342 29.870605 29.910921 29.952527 29.993174 30.033266 30.277634 30.318095 30.439792 30.480165 30.520738 30.601658 30.728240 30.771858 30.853362 30.934129 31.015047 31.055042 31.096855 31.137137 31.177104 31.217500 31.301106 31.341552 31.381831 31.421812 31.502529
Elapsed_time: 31.502529
Score: 70415.979801
3elt
L-BFGS
401
32994352.680455 32720327.241408 32649274.348484 32582627.553003 32172812.036351 31357698.534692 29668367.786687 25045411.628975 17878650.193841 7604076.352472 6643808.861543 4398128.267551 3621677.237020 2328117.096615 1291182.644581 1290752.294249 1288619.437855 1287287.957323 1287036.653336 1285968.047437 1285072.977095 1283976.456863 1278867.945688 1278225.042343 1271772.144159 1271601.602023 1271598.217853 1270649.360009 1270264.648377 1269827.527566 1269429.454595 1268855.821495 1267959.870510 1266452.762899 1262457.458145 1257847.770398 1256651.486922 1250336.768580 1227308.776546 1224792.621251 1223430.006176 1217814.743476 1217631.030304 1216763.382834 1216579.944400 1216157.454547 1215016.363670 1214895.116267 1213384.653528 1211842.548827 1205802.585300 1204944.864457 1203946.064804 1203495.501502 1203216.940564 1202909.549255 1200769.857279 1199660.277946 1199656.512348 1199373.243191 1199029.279529 1198850.157746 1197951.042369 1197834.984060 1197804.906701 1197497.967804 1197290.353988 1197034.402350 1196539.398227 1195975.533473 1195404.369440 1194554.653698 1188671.542134 1163606.643598 1156414.847425 1148149.697014 1148120.941731 1147925.667287 1147731.149855 1147582.634017 1147261.191254 1147257.408747 1147161.421399 1146891.078214 1146796.499569 1146588.249343 1146048.664468 1146007.068167 1145710.948214 1145621.401933 1145188.808298 1145159.446475 1144975.882250 1143975.376936 1143523.436017 1143109.005717 1141916.924155 1140063.974721 1139994.002060 1139924.308083 1139789.301024 1139752.060254 1139611.047841 1139352.312222 1139153.131485 1138603.792568 1138375.332668 1137392.381401 1137262.897382 1135985.571307 1135922.979348 1134438.048074 1124188.068910 1108863.070288 1108753.644753 1106029.437880 1105805.922181 1105805.661314 1105779.408030 1105423.612827 1105221.854321 1104574.340836 1104159.311006 1103407.697719 1101196.025575 1100183.241185 1098807.205472 1097233.941690 1095847.811352 1095760.034616 1095419.513330 1094957.207672 1094628.227798 1094615.634095 1094448.375527 1094347.816337 1094112.609523 1093860.177318 1093456.861493 1092798.617033 1091848.656062 1091130.951106 1090817.889407 1090362.995683 1082691.397581 1073570.732285 1071474.316771 1070681.723019 1070547.399488 1068014.640221 1067949.131981 1066862.966023 1066794.334287 1066446.475844 1066099.296354 1065446.152605 1065209.751423 1064812.668748 1064744.437740 1064726.104281 1064681.449279 1064609.138564 1064493.563028 1064180.143416 1063909.208218 1063879.025042 1063709.330485 1063502.433526 1063191.054952 1062477.790605 1059691.981033 1059219.236108 1059135.054216 1058859.400074 1058315.405381 1057195.580937 1057136.686070 1056678.738228 1056471.588949 1056436.154272 1056261.677145 1055946.476422 1055511.499949 1055031.072650 1054571.662272 1054248.243876 1054171.708465 1054168.236241 1053909.287601 1053756.617765 1053027.404122 1050775.647701 1047766.117171 1046719.512309 1044592.072720 1041572.028174 1041560.122761 1039957.309475 1038954.453626 1038838.976713 1038832.662229 1038650.285396 1038485.141848 1038247.885719 1038146.886544 1037592.294041 1037322.249788 1036413.136799 1036068.312755 1033901.079598 1031895.842095 1031724.547428 1031205.107555 1031040.593728 1030937.503769 1030918.543727 1030879.040396 1030656.360115 1030601.241007 1030501.241030 1030462.835367 1030231.468568 1029930.039640 1029569.825575 1029098.760642 1028448.182049 1027833.402676 1027340.148655 1026031.954056 1011128.602690 1005759.168080 1003259.236317 1003223.349214 1002310.917981 1002276.372920 1002239.354813 1002104.478528 1001980.893134 1001914.984997 1001701.038122 1001362.346008 1001224.176274 1001150.121946 1000848.915624 1000775.898503 1000600.798966 1000209.331179 1000101.560094 999541.526970 998558.981757 997391.869044 995921.532578 995008.877121 994166.580522 994026.008508 993854.290524 993612.857802 993377.771961 993114.647445 993057.201052 992581.550221 992559.142748 992407.770638 992278.376920 992141.013190 991995.655645 991557.495721 991093.582248 991089.585113 991032.556944 990448.957323 990256.137565 990211.640891 990051.828040 989858.183151 989699.678240 989244.816606 988907.668844 988045.582538 986869.642426 985841.470482 985742.326906 985282.120265 984587.130212 960116.250088 953756.195613 953617.400244 953589.277734 953543.407319 953465.774282 953378.010331 953157.847576 952955.307064 952749.546376 952324.041641 952117.410959 952106.094346 951777.646666 951585.939695 951224.048023 950419.654381 949528.299126 949503.020750 948934.840643 948407.296434 947705.918253 947212.221836 946388.321588 945440.990779 944505.937856 939135.189711 938703.420073 938390.991197 938362.810211 938322.743487 936746.139227 936479.710499 936451.319058 936239.826563 936005.774834 935916.755951 935238.985483 934719.771060 932947.456854 932431.902364 932373.973570 932029.122569 931029.756792 930787.016467 930666.165583 930185.587106 929770.901134 929767.052319 927072.908974 927059.217081 926766.485901 926615.260955 926524.861927 926431.517648 926217.909254 925799.825835 925177.086863 924773.764780 924348.058269 923726.487385 923363.143245 922344.035877 920760.919761 920306.610041 920229.222478 920164.983146 919986.999614 919653.620008 919362.140019 919113.371365 919109.586082 919086.420857 918905.780198 918787.555733 918518.726683 918050.219861 917121.391766 916470.111831 915575.864002 914886.644284 910920.378660 910494.535300 910296.788537 910247.302089 909304.137558 909241.456358 909129.231778 909109.003471 908876.739637 908593.076395 908301.842333 907447.523780 906894.727503 906599.651306 906270.414661 905653.758449 905138.585109 904383.107839 903639.423266 903420.593087 903321.987954 903066.735894 902344.501282 900215.426599 899809.494568 899305.950420 899087.085201 898899.720669 898840.790326 898822.387154 898642.217547 898140.145941 898022.878171 897921.941935 897545.628784 896813.502626
0.000243 0.428942 0.648892 0.864075 1.084065 1.297384 1.510853 1.730577 1.939045 2.143174 2.347846 2.556319 2.758763 2.965156 3.165874 3.366168 3.568262 3.769790 3.972011 4.375285 4.580671 4.785659 4.990225 5.192277 5.597140 9.562178 10.585123 10.788220 10.991491 11.192980 11.394076 11.810847 12.216978 13.026093 13.229510 13.432262 13.636914 14.052050 14.465322 14.671909 16.553692 16.759369 17.175381 17.797172 18.421771 18.629332 18.835983 19.459122 19.665508 19.880751 20.093369 20.714433 20.920790 21.332157 21.540972 21.752105 22.167754 22.581837 23.200385 23.614546 23.827416 24.034537 24.245261 24.870347 25.500275 25.708483 26.124430 26.337688 26.543867 26.752743 26.959382 27.165396 27.372014 27.578627 29.237529 30.886526 32.126373 32.745700 32.951318 33.155760 34.184787 34.801982 35.007694 35.216523 35.422921 35.630237 36.050890 36.462956 36.667019 36.877045 37.084069 37.288661 37.494898 37.704624 37.913531 38.119624 38.325938 38.739523 39.362024 39.984329 40.189939 41.015691 41.220126 41.430167 41.634581 44.765283 45.180042 45.384489 45.588293 45.796056 46.220152 46.840685 47.046074 47.458252 48.702609 49.944933 51.191531 51.814713 52.231424 52.439632 52.652871 52.860763 53.480025 53.688424 53.898622 54.104473 54.317641 54.527341 54.742124 54.960843 55.586162 55.794326 56.002977 56.845049 57.052981 57.261504 57.465678 57.675627 57.881897 58.090189 58.504670 59.752691 60.169036 60.375689 61.622629 61.829983 62.243433 62.448519 63.482338 64.929406 65.340398 65.547864 66.166677 66.373511 66.795059 67.000202 67.409880 67.619900 68.439678 69.679377 70.507873 70.717425 71.132538 71.343325 71.962423 72.582045 72.791052 72.997115 73.207794 73.413810 74.242288 74.464081 75.300137 76.326925 76.533223 80.116854 80.528201 80.732661 81.144763 81.975496 82.181551 82.424722 82.638861 82.845471 83.055189 83.264569 83.489896 84.776504 84.983007 85.191614 85.605895 86.021551 87.267502 88.923793 89.133389 90.790113 92.443233 93.482897 94.315480 95.767651 96.590342 96.798138 97.006376 97.214747 97.627486 97.834650 98.039448 98.247887 98.660889 98.868410 99.074206 99.694873 99.898593 100.105222 100.313782 101.357411 101.563717 102.390749 102.595886 102.801471 103.213731 103.421591 103.633278 104.042819 104.250926 104.457669 104.664553 105.078539 105.283504 106.113865 108.412594 108.621439 109.883738 111.118932 111.948010 112.357492 115.509351 115.920964 116.124418 116.331405 116.538690 116.747945 117.159278 117.364478 117.568703 117.773601 117.979399 118.606857 118.814434 119.023696 119.229958 119.436497 119.641161 119.845502 120.464581 120.678119 120.886299 121.096568 121.512500 121.923690 122.548506 123.377855 123.585098 123.790504 123.995836 124.627166 124.832863 125.040783 125.248303 126.073988 126.488606 127.108324 127.319431 127.525677 127.732720 127.957285 128.167891 128.583705 128.789384 128.996512 129.202739 129.413750 129.619342 129.827080 130.861540 131.482951 132.514477 133.137416 133.964072 134.379749 134.590222 134.794863 134.999923 135.408255 135.615605 135.823492 136.031282 136.236926 136.444119 136.652470 136.857970 137.063376 137.268277 137.473358 138.298489 138.502728 138.915550 139.536482 139.741998 140.571872 141.596707 142.012487 143.650935 144.267538 144.681300 145.296163 145.501067 146.327157 147.149731 147.354104 147.764541 147.970554 151.142651 151.357541 151.773551 152.182798 152.386805 152.590180 152.797951 153.002462 153.208515 153.417710 153.628743 155.277882 156.518155 156.723246 157.550890 157.756515 157.963000 158.169492 158.374509 158.581382 158.786284 158.991679 159.197777 159.405995 159.644605 159.849829 160.056764 161.085272 161.757745 161.962653 162.169294 162.786563 162.992602 163.208182 164.239993 164.445291 164.857689 165.064676 165.271281 165.480567 165.689602 165.901004 166.111151 166.525861 167.347325 167.976209 168.384832 169.000116 169.207597 169.414472 170.241690 170.446090 170.654027 170.858767 171.063500 171.269433 172.096413 172.300972 172.913687 173.118589 173.322667 173.531531 173.738085 174.354447 174.560170 174.766036 176.821575 177.025314 177.850200 178.055161 178.673913 178.879646 179.497684 179.703837 179.908436 180.528355 180.940041 181.145410 181.352936
Elapsed_time: 181.352936
Score: 896813.502626
401
33283736.627113 33052641.602724 33004498.448422 32934022.469709 32596948.993243 32057119.946235 30793519.262369 28121277.626609 20158642.317025 17807928.643129 12449865.618208 6381312.225963 5668068.188888 4249656.850110 2732556.122544 2172466.348043 1603524.446452 1408272.458515 1290192.340977 1283461.634242 1282327.910752 1281731.196409 1280423.795668 1279937.027164 1278972.460104 1275403.261174 1270836.905319 1267098.656320 1266948.071087 1265909.511498 1265544.767056 1265208.600231 1265068.510320 1264657.988580 1264447.862618 1262739.637026 1262256.202248 1261134.652524 1259638.679310 1232463.084585 1230352.951326 1229607.796194 1229136.537787 1229078.945794 1228897.315790 1228467.497189 1227872.464130 1227366.656679 1227324.158744 1226309.503590 1225041.465235 1224664.647432 1224200.163682 1224141.948295 1223393.846804 1222921.112634 1222442.509229 1222004.961919 1221614.026596 1220757.216180 1220172.059348 1219639.374211 1219516.251096 1219440.776148 1219376.809335 1219157.545009 1218939.427567 1218321.440736 1216060.684780 1215478.061666 1215126.712480 1214656.385946 1206174.721257 1197127.605672 1194297.941436 1193179.291270 1189329.402410 1189294.098657 1188801.964230 1188744.345565 1188363.998291 1187832.068175 1187258.509420 1187132.523756 1186324.975017 1184177.583145 1183711.572627 1179846.538050 1179577.837773 1179541.788080 1179416.149176 1179288.761987 1178889.929630 1178778.964301 1178457.490004 1177898.369065 1177528.018846 1176854.325154 1175762.909059 1175416.551712 1175085.841978 1171598.517585 1171525.446627 1170840.810790 1170663.849253 1170496.971963 1170319.032859 1170068.541733 1169493.779279 1168514.609338 1167327.997158 1166326.466203 1165660.663494 1165244.947532 1164790.827273 1164268.776844 1163066.957862 1162616.056240 1162051.758334 1161622.469667 1161188.102819 1160786.688462 1160462.385625 1160216.969634 1159973.654890 1158941.910739 1155813.908512 1154578.643502 1147510.924448 1133312.919853 1128487.917027 1128438.374713 1113797.921845 1113623.103970 1113477.411821 1113386.975659 1113012.954969 1112900.069427 1111976.607975 1111455.705927 1111111.069403 1110905.279287 1109894.091252 1109264.713744 1108385.423972 1107831.875333 1107058.799641 1106172.371210 1105832.389825 1104649.181843 1103126.063165 1103047.876328 1102964.513368 1102714.615348 1102394.132042 1101656.623987 1101517.598116 1101446.283823 1101285.786920 1100282.152594 1099326.634997 1096605.007415 1090666.114668 1089336.323607 1088662.576291 1088071.061957 1085305.832678 1084606.481925 1083981.473242 1083969.156454 1083478.699371 1083437.806447 1083328.174528 1083182.224763 1082936.668790 1082720.396479 1082715.227262 1082519.811100 1082244.179853 1082036.743745 1081894.604303 1081567.575957 1081445.107448 1081116.735433 1080465.741420 1079470.299060 1078878.942649 1077250.745902 1074951.934234 1072909.528308 1071561.485328 1070830.797019 1067663.914777 1050441.013845 1047931.176374 1047918.635274 1047872.864785 1047786.077606 1047529.185723 1046824.021109 1045180.731601 1042791.561638 1042594.716483 1042131.344972 1039791.598456 1038825.239421 1028902.344235 1025793.690782 1025553.866819 1025504.737495 1025499.750764 1025381.154823 1025229.322649 1024943.694536 1024556.118501 1023602.056124 1023299.465684 1022985.390007 1022289.836733 1021615.297677 1020981.210085 1020206.625614 1017371.167200 1015621.826178 1009510.511884 999085.795420 989221.902559 987320.054022 987281.705423 986917.052570 986551.022294 986114.173263 986037.234397 986010.122886 985862.846071 985851.208134 985721.344372 985598.229291 985344.129667 984877.383043 984848.828512 984445.542126 983100.892111 982509.790756 981911.285524 981782.783082 980710.199717 980143.246195 979459.249035 979416.794322 979025.471835 978748.198582 978528.660801 978507.320129 978444.111013 978328.519294 978211.167442 978098.797567 977832.152579 977729.680664 977228.490752 977135.591570 977075.528734 976924.721604 976514.460544 976458.712537 976311.068673 976091.606446 975937.644237 975496.165535 974810.726503 974391.816056 973897.400406 973728.978560 973529.573751 973410.728505 972950.894455 972615.404432 961420.429582 961230.752618 961186.293803 960471.549678 958971.168368 958713.049089 958659.964548 958643.524941 958364.633239 958284.201892 958179.071597 958017.467358 957826.591405 957321.464911 956475.480805 956449.313860 956112.749209 955574.781146 955010.814546 954776.447488 954346.771032 953755.569710 953079.694416 952709.849437 952693.478189 951887.564460 950846.847973 950766.415673 950749.833887 950617.585656 950294.632746 950132.261662 950068.424648 950014.168845 949761.535401 949374.418177 949355.332141 949211.497139 949175.321333 949125.474560 948839.058734 948716.919912 948268.887528 948221.660305 948018.940539 947827.284499 947370.045278 946453.960172 944475.705502 944100.464700 942243.366501 941285.319943 941218.021025 940841.082547 937775.497329 934942.229619 934175.237694 933952.702182 933945.361692 933122.479252 932547.617621 932473.424854 932085.710968 931629.204637 931270.253039 931230.409352 931010.631741 930966.350699 930765.332452 930707.192785 930451.341599 930145.779751 929521.103074 929179.154957 928010.973662 926660.386362 925230.860246 924785.082420 924276.446503 924124.934178 923981.414584 923678.578228 923535.841236 923251.587840 922327.808227 922319.131469 921950.582113 921660.623480 921348.875388 921324.381213 921193.841400 921032.841355 920474.595639 919950.267897 919896.106394 919812.860569 919790.744598 918721.425031 917972.741265 914677.100890 908602.045273 907520.271503 906892.857097 906815.316960 906807.326383 906633.692911 906291.038185 905905.425591 905627.114494 905182.142601 904860.267725 904537.578813 904146.949854 902995.183482 901679.032913 899213.253248 897612.470430 896414.991052 895545.269552 895520.604578 895518.094065 895494.009478 895290.283567
0.000159 0.435129 0.656325 0.872191 4.071552 4.286675 5.673247 5.882733 6.102023 6.321424 6.539119 6.745596 6.963334 7.171322 7.377488 7.582058 7.784639 7.996522 8.412378 8.822463 9.026773 9.234271 9.440438 9.661468 10.074118 10.284764 10.493477 10.696948 11.113222 11.331436 11.536247 11.953921 12.169921 12.378449 12.594136 12.814064 13.248961 14.146430 15.641795 17.112710 19.472120 19.902414 20.113066 21.161278 21.377124 21.583341 22.025576 22.259553 23.542546 23.756087 23.966998 24.401643 24.613787 24.834399 25.045451 25.259454 25.466642 25.681188 25.899370 26.113525 26.329473 26.538031 27.380073 27.591713 28.046368 28.281295 28.537612 28.779041 28.997641 29.529247 29.846718 30.088768 30.641620 30.925857 31.172679 31.424107 31.635048 32.930428 33.566697 34.007173 34.460211 34.677614 34.893516 35.105422 35.324335 39.616458 39.836322 40.255162 40.895681 42.005750 42.894081 43.109035 43.329429 43.538652 43.746652 43.961595 44.173382 44.384926 44.592141 45.006599 45.423688 45.629655 46.050375 46.258326 46.687238 46.893295 47.106746 47.315906 47.749648 47.970698 48.189392 48.402686 48.610162 48.820964 49.029596 49.242233 49.454014 49.883309 50.089965 50.312259 50.523197 50.764205 51.436707 51.658421 52.327324 52.561614 53.874753 54.717714 54.925122 55.341341 55.548086 57.418024 58.653573 59.906596 60.113653 60.528746 60.733806 60.943907 61.149013 61.567079 61.982083 62.396366 62.603649 62.812507 63.228021 63.438474 63.644490 63.850704 64.057687 64.267242 64.476219 65.314186 65.740794 65.956137 66.166103 66.396254 67.046148 67.271261 67.547031 67.762134 69.069512 69.288866 69.736784 69.954916 71.449562 74.989449 75.819184 76.025141 76.862874 78.309069 78.518553 79.353644 79.562825 79.768644 80.396969 80.607571 81.020134 81.226966 81.433506 81.849157 82.054095 82.261477 82.682470 82.890222 83.096631 83.304338 84.156799 84.861476 85.088330 85.307887 85.532435 85.750732 85.964792 88.546525 88.760090 89.798784 90.626326 92.277048 92.906109 93.129272 93.346050 93.583723 95.145687 95.778186 97.705125 98.118792 98.328800 99.367874 100.894954 102.396120 103.235743 103.452840 103.667862 103.878095 104.092879 104.306788 104.980242 105.408044 105.838201 106.043495 106.250994 106.467271 106.681223 106.889995 107.309702 110.524997 112.042106 113.389685 114.910315 115.123969 115.337826 115.596735 116.041423 117.716156 118.046764 118.971278 119.252626 119.482755 119.724573 119.999796 120.539206 120.776344 121.034104 121.268384 122.206574 123.165677 123.412283 123.686921 124.845843 125.725091 125.942676 126.837899 127.046173 127.907327 128.330112 128.558758 129.060459 129.334987 129.553811 129.810421 130.050956 130.550033 131.009173 131.229410 131.652182 131.863184 132.491420 132.699846 132.906575 133.112529 133.346978 133.558132 133.777705 133.986284 134.195492 134.404248 134.638046 134.845456 135.050009 135.887952 136.508028 136.716665 136.923483 138.578456 139.611817 139.822806 141.263613 141.470312 141.889245 142.100501 142.515324 142.723770 142.931444 147.306831 147.512132 148.129021 148.334246 148.955887 149.167075 149.373882 149.580487 149.785850 151.026274 151.236601 151.441881 151.647837 152.889473 153.097491 154.128242 154.334443 155.389393 155.597251 155.807123 156.012858 156.639658 156.853841 157.301770 157.512005 157.720531 157.925553 158.132538 158.961896 159.168454 159.374739 159.583219 159.793487 159.998784 160.206113 160.410827 160.622282 161.237146 161.443290 161.857260 163.316919 164.980895 165.185700 166.004518 166.211788 166.419727 166.831848 167.445393 168.070284 168.274758 168.893700 169.517059 170.348362 170.559676 170.768675 170.977337 171.184290 171.391503 172.011753 172.220008 172.425105 172.635549 172.841409 173.251801 173.456112 173.663212 174.076092 174.285381 174.492532 174.703357 175.727084 176.351557 176.557770 176.766140 177.381508 177.585217 177.791001 177.996744 182.235575 183.271440 183.904359 185.170181 185.382764 186.241902 186.661631 186.876150 187.087000 187.715363 188.784894 189.655792 189.884542 190.091906 190.302728 190.507204 190.711571 190.919229 191.122922 191.332777 191.559261 191.775360 193.346264 193.562852 194.888191 197.241379 198.354673 198.796652 199.659575 199.897146
Elapsed_time: 199.897146
Score: 895290.283567
CN-L-BFGS
401
317384.711021 305010.567157 234967.987831 234786.068004 234306.415312 233946.407187 232448.080320 232044.237257 232043.816552 231959.044479 231814.102936 231705.867309 231509.962365 231221.693076 230887.605223 230336.769611 229260.527624 228726.667025 226830.401016 226262.473243 226253.204710 226017.811577 225872.667787 225863.922458 225691.402951 225586.437609 225385.162094 225227.762574 224918.676223 224245.454245 223992.515549 223955.061255 223507.892476 223468.682198 223450.965122 223430.765637 223346.621002 223216.981090 223153.117132 222825.709526 222358.446671 222283.835264 221553.927611 221108.187327 220941.825762 220826.885877 220605.444982 220214.682452 219797.862929 219282.003113 218617.435892 218593.955785 218501.547787 218423.455382 218331.857256 218005.230047 217250.967302 217016.300595 217002.568584 216851.482533 216351.722152 216179.852141 216073.655695 215815.343704 215436.175791 215100.980256 214515.264226 214428.146779 214280.143289 214191.111464 214155.207818 214061.029749 213903.937022 213673.633712 213343.302164 212291.805032 211776.648731 211372.238690 210695.614632 210421.574566 210380.459441 209851.821021 209800.613963 209670.705185 209580.039085 209540.456314 209519.286984 209483.388150 209454.997486 209336.482940 209318.863334 209309.292890 209300.062542 208850.811649 208809.883076 208345.013866 208149.765439 208087.529093 206487.757737 205841.922536 205181.549106 205009.307617 204938.686260 204893.555782 204765.130412 204715.193429 204706.662446 204660.223413 204573.110015 204562.310422 204455.538725 204412.580904 203972.224598 203856.233695 203841.740714 203774.822565 203746.403643 203696.854058 203585.648346 202970.746873 202639.636777 202597.768713 202328.493835 202078.963552 201790.883012 201766.336230 201649.608736 201532.201501 201521.349062 201388.432040 200880.282454 200552.955022 200518.502964 200437.401325 199573.533310 199445.222230 199416.787932 198813.437334 198505.015292 198501.655784 198356.814600 198202.449961 197946.554866 197665.155631 197138.838325 196347.927654 196174.111444 195578.847766 195155.541061 195139.510953 195064.132010 194932.806355 194736.452740 194570.344702 194335.158292 194183.432726 193862.327807 193819.487266 193454.651639 193093.919419 192594.267898 191964.024259 191913.005709 191448.732155 191235.995630 190999.176386 190633.025768 190179.758942 190015.009435 189894.563864 189586.411217 189496.296894 189489.973871 189183.419286 188905.076935 188257.152262 187541.709541 187437.254408 186980.054928 186842.331000 186689.193451 186572.856653 186545.885997 186529.074608 186505.963507 186495.410386 186455.024395 186409.323810 186287.859192 185770.192271 185112.733412 184696.973330 184327.259614 183064.165784 182923.801218 182691.583333 182537.839837 182523.041592 182332.613272 182320.376144 182184.606207 182036.049893 181946.761123 181822.654382 181641.275934 181318.764373 181074.298359 180588.018951 180375.556104 180365.312382 179168.353612 178787.528129 178778.505029 178753.282985 178747.987548 178629.399493 178628.980896 178500.640562 178467.307863 178399.821448 178078.224346 177716.199939 176508.816764 175276.590611 173738.364895 173237.217286 173137.666675 172698.119465 172596.940208 172588.841837 172535.408367 172497.522009 172468.864213 172417.768189 172399.652306 172369.123516 172268.700604 172116.109339 172041.690249 171673.084115 171355.528465 170605.754101 170037.703800 169975.469919 169536.914969 169175.162862 168860.724163 168858.657383 168669.089334 168471.779484 168323.368235 168305.820037 167302.327321 166981.203446 166718.331942 165800.266004 165323.168974 165236.083150 165162.899619 164569.684638 164083.479964 163744.462528 163717.054933 163346.184301 162892.275412 162494.824667 161871.645778 161612.925811 161055.203711 160467.586412 160088.688973 159854.264003 159593.911559 159122.864601 158240.454260 156891.066161 156557.570325 155972.796403 155665.226367 155561.214288 155229.803883 155151.050778 155091.463475 154980.121920 154890.952841 153873.737672 153548.420244 151040.263160 149899.432500 149844.536257 149460.819698 149387.856995 149164.564636 148765.120624 148134.849362 147326.661668 146404.316274 146388.772749 145613.040984 145532.892111 145519.031357 145419.281218 145323.040414 145204.642646 144741.160019 144139.883700 144005.899936 143654.499785 143317.252474 142752.196917 142638.790982 142097.190532 141739.662307 141466.320783 141154.813742 141152.929985 140888.770094 140715.464234 140646.236228 140414.975245 139863.890477 138685.516458 138190.338618 138188.229100 137739.070892 137661.659999 137536.015842 137424.865259 137002.972189 136636.093471 136457.224631 136050.755205 136039.344724 135827.768868 135763.374785 135656.815749 135421.697471 134818.972752 134474.134835 134027.437121 133872.748329 133774.480976 133524.482649 133268.611408 132776.974952 132349.318731 132325.712557 132233.120802 132149.227436 132105.217865 132071.376043 131746.807606 131534.770860 131504.087544 131263.840854 131171.688811 131121.080181 131100.802816 131006.407798 130931.778523 130921.366326 130832.972138 130759.808234 130670.833530 130411.363065 130256.620597 130047.178381 129784.284201 129663.799146 129660.052106 129556.442684 129469.801598 129274.527331 129048.116357 128832.349395 128817.604916 128779.797238 128588.529086 128521.637606 128514.793205 128452.965231 128295.002896 128010.728985 127957.319413 127954.184421 127884.993998 127841.657710 127835.454305 127818.016762 127782.385828 127709.234036 127706.402048 127638.161073 127620.881991 127612.597321 127558.874562 127537.791007 127407.473688 127395.834979 127346.467220 127332.138827
5.962257 7.208943 7.375174 8.218408 8.718405 8.882967 9.211983 10.195778 11.018328 11.192447 11.368278 11.531612 11.696176 11.857060 12.192458 12.354704 12.520139 12.690038 12.856579 13.030209 16.809472 16.971016 17.794699 18.446340 18.610135 18.773248 18.934131 19.099198 19.261071 19.421487 19.587326 20.255555 20.424093 21.108278 21.929754 22.256186 22.425174 22.588808 22.755011 22.922658 23.083682 23.247790 23.410400 23.572893 23.735515 23.895961 24.060434 24.732257 24.900956 25.573447 25.760252 26.407228 26.582251 26.756617 26.923831 27.097027 27.265294 27.440133 28.258198 28.421023 28.766742 29.093666 29.418284 29.578591 29.740776 29.901007 30.067271 30.246222 30.409057 30.571851 30.740631 30.903156 31.063092 31.228244 31.553103 31.720342 31.883468 32.059249 32.224822 32.395456 32.720938 32.891204 33.217802 33.377045 33.543112 34.040978 34.540191 34.709012 34.874172 35.045233 35.372032 35.537821 35.863891 36.024747 36.188828 36.355974 36.522183 36.861136 37.197504 37.699042 37.859052 38.059356 38.256300 38.755473 38.919654 39.254453 39.750165 40.100325 40.430886 40.947188 41.125212 41.466981 41.635168 41.807930 42.336914 42.503769 42.834282 43.000174 43.163369 43.329444 43.664569 44.325621 44.493274 44.819147 45.152246 45.487281 45.647202 45.813074 46.305807 46.467642 46.633048 46.960372 47.296102 48.317273 48.484577 48.841433 52.229013 52.393412 52.563643 53.079224 53.253465 53.419117 53.597007 53.759978 53.924041 54.087891 54.417732 54.580966 54.747102 55.398462 55.885584 56.048562 56.214795 56.379160 56.541798 56.703427 56.871042 57.213447 57.378868 57.708486 57.869674 58.032594 58.530503 58.693913 59.028677 59.194088 59.357481 59.517481 59.686063 59.847114 60.008211 60.172508 60.828998 60.998719 61.164193 61.326664 61.650170 61.967169 62.130461 62.449635 62.608762 62.768027 63.412701 63.573711 64.057782 64.217123 64.377020 64.537829 64.855318 65.019498 65.183829 65.505828 65.671200 65.830890 66.149889 66.314595 66.472961 66.955944 67.115062 67.438332 67.598318 67.758030 67.917043 68.076990 68.396527 68.555291 68.718087 68.875842 69.035417 69.838249 69.996105 70.154058 70.631959 70.792742 71.111788 71.273570 71.435243 71.594490 71.754515 72.076357 72.396909 72.874096 73.035682 73.516650 73.676958 73.834747 74.313348 74.475321 74.796125 75.278373 75.607520 75.939154 76.102672 76.580189 76.746856 76.905360 77.384745 77.544975 77.716473 78.035300 78.195827 78.677726 78.837402 79.330227 79.492866 79.828010 80.470716 81.111623 81.270204 81.430043 81.591733 81.753614 81.916657 82.073976 82.232561 82.391528 82.871436 83.032358 83.191960 83.351614 83.513402 83.675777 83.833664 83.995573 84.155966 84.315682 87.443052 87.602740 87.762081 87.922620 88.081313 88.239805 88.398471 88.556340 88.718306 88.881031 89.202295 89.365276 89.522693 89.679870 89.841249 90.160513 90.321320 90.645890 90.807674 90.966698 91.294101 91.451791 91.613817 91.935586 92.097160 92.256823 92.738680 92.898585 93.058347 93.220039 93.378994 93.853992 94.014635 94.332783 94.655420 94.818218 94.977450 95.136774 95.298276 95.459912 95.619003 95.777671 95.936460 96.094910 96.257312 96.415774 96.577605 96.736953 96.896119 97.054346 97.214740 97.375399 97.695281 98.011079 98.170505 98.327643 98.486316 99.125528 99.283549 99.609154 99.765951 99.926383 100.085109 100.243138 100.400521 100.562863 101.042441 101.199288 101.519274 101.685619 101.841948 102.000119 102.311942 102.472639 102.636097 102.793525 102.952294 103.111630 103.266200 103.423615 103.902221 104.061911 104.217381 104.373455 104.532923 104.692656 105.009605 105.319448 105.479916 105.636768 105.799461 106.109168 106.265801 106.449728 106.922747 107.078955 107.237474 107.396561 107.551725 107.872804 108.029019 108.185949 108.496800 109.125920 109.281660 109.443095 109.602588 109.920158 110.080263 110.235643 110.391453 110.547753 110.703061 111.173718 111.329874 111.483271 111.636321 111.792160 112.570472 112.730324 113.038322 113.193479 113.346939 113.501514 113.656203 114.278308 114.432779 114.752430 115.219173 115.372013 115.681153 115.836086 116.154869 116.325321 116.482702
Elapsed_time: 116.482702
Score: 127332.138827
401
324469.163823 312107.872486 241254.923613 241208.150849 241198.644190 241106.747477 240958.674629 238403.343048 238260.775046 237566.981862 237364.583307 237355.629416 237172.347164 237109.714726 236919.063733 236762.551696 236505.068965 236231.542919 235788.718783 235481.276383 234886.537178 234762.830478 234132.525257 233711.856276 233303.265556 233129.115749 233078.807114 233032.217908 232951.559375 232791.924776 232476.334597 232451.464076 231778.391588 231560.613542 230704.762993 230163.520770 229691.039919 229557.608836 229273.717539 229056.024458 228886.584624 228644.523860 228131.971390 227163.408715 226543.781111 226505.855315 226429.261872 226227.457541 225947.166167 225643.109580 225632.473605 225302.869187 225090.564360 225065.979188 224945.020036 224753.828240 224637.418404 224600.528469 224545.209088 224486.334111 224447.760781 224323.813942 224216.926805 224025.986922 223448.211860 222909.392056 222876.260219 222642.205738 222469.651361 222295.091647 221810.118713 221029.975852 219887.602762 219373.603276 218782.532759 218661.716469 218428.945278 218180.037295 218009.124084 217989.125094 217918.764190 217721.215343 217375.172937 217047.110084 216610.535695 216251.097849 216185.022848 215621.135880 215313.769744 214439.585195 213197.485600 213148.483855 213001.790523 212945.744683 212808.572413 212681.145590 212554.478334 212138.991819 211698.358810 211349.811534 210949.128163 210766.457493 210441.243391 209683.738534 208329.621086 208161.609581 207817.053013 206884.477250 206715.847902 206683.867338 206667.207799 206533.781023 206474.433573 206433.602445 206383.454379 206345.763248 206295.263759 206250.477425 205823.100558 205712.556524 205469.109525 205383.513364 205291.964158 205283.361591 205278.356167 205245.675127 205124.096116 204914.060636 204712.839585 204707.139763 204207.947406 203807.794829 203382.915937 203217.906882 202947.946818 202649.845619 202634.693539 202620.746579 202469.123395 202460.354752 202429.749119 202380.521569 202359.123101 202170.782293 201778.464758 201756.492864 200919.706360 200045.413539 200042.678492 199391.141534 198397.718909 198302.695294 198232.511747 198184.263924 198116.183016 198035.207754 197736.640111 197672.550083 197344.120231 197093.822862 196669.954227 195788.777604 195291.078306 194766.705533 194517.877003 194239.650245 193683.445060 191249.803583 190610.977972 190591.004634 189937.901990 189779.769403 189478.616455 189393.243268 189282.152559 189272.075253 189078.514120 189009.897685 188911.382286 188822.919814 188733.394484 188453.676911 188396.566118 188247.775662 188198.316511 188062.447098 187918.396391 187437.041964 186578.217064 184779.325723 184481.825838 183180.699636 182854.315329 182837.105117 182683.309722 182409.121311 182281.980911 182220.786758 182163.221311 182071.265431 182060.976015 181951.291242 181606.072819 180480.589958 178851.393273 178811.162221 178595.354090 178453.008641 178216.960000 178105.668136 178078.604011 177942.877538 177821.720517 177547.627176 176648.316362 175909.803230 175870.109590 175788.040120 175763.713246 175423.907760 175402.922507 175379.945635 175317.350786 175121.323726 174768.852584 173516.664992 173503.357768 173498.228116 173441.960157 173370.141930 173138.007566 172961.175814 172873.402279 172867.538086 172703.082534 172304.024196 172141.153473 172087.563602 171886.462459 171781.736084 171513.650204 171349.841117 171079.732464 170758.731714 170127.353723 170089.404276 170072.563076 169776.669939 169457.749000 169374.360055 168712.370141 168104.775622 167430.168332 167275.126798 167035.968745 166798.409868 166641.899085 166640.405071 166634.729361 166515.569666 166392.161440 166389.070045 166305.363774 166232.354919 166131.692880 165007.727124 164854.035765 164766.683099 163428.239128 163126.006104 163124.995852 162643.673621 162621.878565 162384.522492 161323.422277 160881.992743 160477.200069 159832.182048 159588.939008 159262.428029 158420.858083 157129.766262 156693.479314 156647.357962 156472.497622 156304.739604 156260.208308 156188.028164 156083.129517 155726.449933 153937.380750 153710.525046 153703.826323 153618.123730 153356.099901 153288.200851 152601.859182 152026.336915 151538.497222 151509.013137 151333.505163 151288.500681 151085.828362 150543.166211 149775.241598 149760.556949 149550.589428 149526.770973 149303.247323 148931.436627 148319.114278 147314.550584 147000.290095 146743.237574 146537.088974 146502.077904 146384.991617 145970.487996 145692.228008 145218.767668 144832.606849 144559.308133 144271.174943 143728.801523 143158.790919 143149.040024 143004.763390 142935.975969 142915.352644 142787.781865 142661.437884 142328.983234 142057.387095 141897.547254 141638.253233 141205.210513 141183.701416 141026.351164 140942.936026 140777.958262 140549.585120 140289.802760 140046.435281 139715.846176 139527.853407 139520.154370 139451.811545 139428.380814 139346.683316 139076.412249 138979.298942 138739.595443 138495.512026 138479.718474 138379.555709 138212.204319 137875.494040 137634.033848 137614.673581 137449.842302 137441.881528 137372.240865 137314.476998 137133.582226 136923.326681 136906.180909 136799.497820 136790.421615 136781.062009 136756.403052 136665.476922 136555.062766 136395.862012 136213.515120 136042.899359 135977.059159 135973.847386 135893.141385 135800.241108 135617.221122 135610.558352 135555.229045 135535.732007 135471.236864 135432.821571 135429.602269 135368.770740 135318.956020 135318.132507 135274.289367 135131.446523 135043.511730 134955.955703 134782.053099 134719.113932 134660.198200 134607.885904 134557.621586 134474.643270 134368.633259 134214.153223
8.816870 10.074504 10.241672 10.927653 11.924965 12.266237 12.433482 13.767817 14.269817 14.436166 14.605241 14.937456 15.106363 15.272506 15.438579 16.109824 16.278098 16.447404 16.615662 16.782334 17.117946 17.284804 17.455307 17.620930 17.793538 17.963055 18.637233 18.803651 18.972422 19.306434 19.476034 19.809150 19.976379 20.309571 20.479719 21.147333 21.312887 21.998188 22.169381 22.335158 22.506891 22.679532 22.852133 23.019678 23.186690 23.352645 23.860644 24.035652 24.205178 24.370436 24.891130 25.060597 25.393277 25.899420 26.079622 26.245589 26.415993 26.584974 26.753428 27.097331 27.270704 27.436485 27.600403 27.933229 28.107587 28.274273 28.771718 28.940527 29.106575 29.438743 29.605483 29.770681 29.935404 30.103140 30.269630 30.434979 30.601173 30.767012 30.935014 31.267417 31.432498 31.603115 31.770661 31.935498 32.110105 32.275767 32.446977 32.613117 32.782292 32.951054 33.121666 33.639648 33.805826 34.319715 34.486973 34.663823 34.836887 35.005743 35.353889 35.524548 35.700651 35.870336 36.052878 36.227186 36.560380 36.890747 37.225059 37.392388 40.854034 41.027387 41.549880 41.729706 41.927008 42.103862 42.633381 42.985157 43.154027 43.322299 43.492324 43.835503 44.002377 44.518074 44.686336 45.033304 45.730034 46.070673 46.239559 46.411919 46.585968 47.431852 47.604219 47.950513 48.119310 48.474652 48.647736 49.512903 49.872926 50.391481 50.563744 51.085880 51.311109 51.480195 51.651604 51.823800 51.996237 52.683700 52.856214 53.205333 53.552576 53.725097 54.071622 54.418135 54.588708 54.759813 54.942855 55.472284 55.641543 55.811125 56.000231 56.173885 56.695554 57.746163 58.090961 58.260177 58.434410 58.628114 58.795386 58.966785 59.145925 59.998411 60.171221 60.342059 60.512246 60.850365 61.025349 62.055139 62.224057 62.396257 62.566118 62.738539 62.908320 63.250801 63.765171 63.938830 64.112011 64.280597 64.452956 64.623296 64.798067 65.140668 65.313034 65.487758 65.829999 66.342906 66.512656 66.680586 66.855225 67.363937 67.541030 67.715655 68.262501 68.435717 68.610128 68.787043 69.138254 69.842764 70.512159 70.763056 70.968257 71.144543 71.502022 71.681292 71.864489 72.045748 72.225973 72.397132 73.109450 76.307906 77.038445 77.420214 78.112927 78.296392 78.479629 78.659281 79.200261 79.924114 80.480817 81.192825 81.441300 81.629863 81.808657 81.983103 82.325849 82.849277 83.021930 83.372074 83.542053 84.061866 84.243089 84.447530 84.619248 84.792551 84.964261 85.134443 85.306454 85.840199 86.711527 86.882481 87.222808 87.392224 87.567621 87.743137 87.917768 88.270412 88.439730 88.617849 88.785580 89.129361 90.005034 90.187719 90.361568 91.055890 91.228205 91.398748 91.568287 91.741523 92.088409 92.266270 93.471878 93.643322 93.819702 94.167331 94.533547 94.709699 94.878054 95.048167 95.222776 95.399856 95.571364 95.739881 95.917336 96.255162 96.607592 96.781376 96.955004 97.125138 97.474256 97.642703 97.990646 98.165307 98.352185 98.691348 99.547720 99.897026 100.070016 100.252947 100.429956 100.777797 101.286750 101.812516 101.982299 102.338049 102.511371 102.683122 103.022325 103.719289 103.887039 104.239211 104.417122 104.592892 104.766801 104.941406 105.110229 105.287400 105.456467 105.794550 105.967661 106.143558 106.508240 106.853741 107.023945 107.194665 107.361314 107.531634 107.700733 108.380670 111.449408 111.623203 111.793925 111.966032 112.133979 112.306886 112.646589 112.982314 113.154625 113.328108 113.668774 113.837646 114.006068 114.173259 114.339606 114.507037 114.673986 114.843499 115.014603 115.354379 115.527569 115.694767 115.864084 116.033484 116.199835 116.369913 116.536850 117.040446 117.214640 117.379499 117.546330 117.713441 117.883271 118.048088 118.403414 118.573461 118.741861 118.910495 119.583136 120.088164 120.258459 120.759163 120.922221 121.091341 121.261161 121.431492 121.601356 121.763971 121.930943 122.105752 122.443842 122.606416 122.771704 122.935536 123.272760 123.440609 123.607578 123.771149 123.938209 124.608263 124.775127 124.937712 125.275730 125.442290 125.607485 125.775635 125.943998 126.110339 126.278930 126.612530 126.781358 126.949272 127.117617 127.285250 127.448400
Elapsed_time: 127.448400
Score: 134214.153223
