300 300 0.057735
0 1 2
0 299 2
1 2 2
2 3 2
3 4 2
4 5 2
5 6 2
6 7 2
7 8 2
8 9 2
9 10 2
10 11 2
11 12 2
12 13 2
13 14 2
14 15 2
15 16 2
16 17 2
17 18 2
18 19 2
19 20 2
20 21 2
21 22 2
22 23 2
23 24 2
24 25 2
25 26 2
26 27 2
27 28 2
28 29 2
29 30 2
30 31 2
31 32 2
32 33 2
33 34 2
34 35 2
35 36 2
36 37 2
37 38 2
38 39 2
39 40 2
40 41 2
41 42 2
42 43 2
43 44 2
44 45 2
45 46 2
46 47 2
47 48 2
48 49 2
49 50 2
50 51 2
51 52 2
52 53 2
53 54 2
54 55 2
55 56 2
56 57 2
57 58 2
58 59 2
59 60 2
60 61 2
61 62 2
62 63 2
63 64 2
64 65 2
65 66 2
66 67 2
67 68 2
68 69 2
69 70 2
70 71 2
71 72 2
72 73 2
73 74 2
74 75 2
75 76 2
76 77 2
77 78 2
78 79 2
79 80 2
80 81 2
81 82 2
82 83 2
83 84 2
84 85 2
85 86 2
86 87 2
87 88 2
88 89 2
89 90 2
90 91 2
91 92 2
92 93 2
93 94 2
94 95 2
95 96 2
96 97 2
97 98 2
98 99 2
99 100 2
100 101 2
101 102 2
102 103 2
103 104 2
104 105 2
105 106 2
106 107 2
107 108 2
108 109 2
109 110 2
110 111 2
111 112 2
112 113 2
113 114 2
114 115 2
115 116 2
116 117 2
117 118 2
118 119 2
119 120 2
120 121 2
121 122 2
122 123 2
123 124 2
124 125 2
125 126 2
126 127 2
127 128 2
128 129 2
129 130 2
130 131 2
131 132 2
132 133 2
133 134 2
134 135 2
135 136 2
136 137 2
137 138 2
138 139 2
139 140 2
140 141 2
141 142 2
142 143 2
143 144 2
144 145 2
145 146 2
146 147 2
147 148 2
148 149 2
149 150 2
150 151 2
151 152 2
152 153 2
153 154 2
154 155 2
155 156 2
156 157 2
157 158 2
158 159 2
159 160 2
160 161 2
161 162 2
162 163 2
163 164 2
164 165 2
165 166 2
166 167 2
167 168 2
168 169 2
169 170 2
170 171 2
171 172 2
172 173 2
173 174 2
174 175 2
175 176 2
176 177 2
177 178 2
178 179 2
179 180 2
180 181 2
181 182 2
182 183 2
183 184 2
184 185 2
185 186 2
186 187 2
187 188 2
188 189 2
189 190 2
190 191 2
191 192 2
192 193 2
193 194 2
194 195 2
195 196 2
196 197 2
197 198 2
198 199 2
199 200 2
200 201 2
201 202 2
202 203 2
203 204 2
204 205 2
205 206 2
206 207 2
207 208 2
208 209 2
209 210 2
210 211 2
211 212 2
212 213 2
213 214 2
214 215 2
215 216 2
216 217 2
217 218 2
218 219 2
219 220 2
220 221 2
221 222 2
222 223 2
223 224 2
224 225 2
225 226 2
226 227 2
227 228 2
228 229 2
229 230 2
230 231 2
231 232 2
232 233 2
233 234 2
234 235 2
235 236 2
236 237 2
237 238 2
238 239 2
239 240 2
240 241 2
241 242 2
242 243 2
243 244 2
244 245 2
245 246 2
246 247 2
247 248 2
248 249 2
249 250 2
250 251 2
251 252 2
252 253 2
253 254 2
254 255 2
255 256 2
256 257 2
257 258 2
258 259 2
259 260 2
260 261 2
261 262 2
262 263 2
263 264 2
264 265 2
265 266 2
266 267 2
267 268 2
268 269 2
269 270 2
270 271 2
271 272 2
272 273 2
273 274 2
274 275 2
275 276 2
276 277 2
277 278 2
278 279 2
279 280 2
280 281 2
281 282 2
282 283 2
283 284 2
284 285 2
285 286 2
286 287 2
287 288 2
288 289 2
289 290 2
290 291 2
291 292 2
292 293 2
293 294 2
294 295 2
295 296 2
296 297 2
297 298 2
298 299 2
198
3.19366 0.474136
3.01117 0.474136
2.91992 0.632181
2.82867 0.790227
3.19366 0.790227
3.28491 0.948272
3.46741 0.948272
3.46741 1.26436
3.55865 1.42241
3.46741 1.58045
3.37616 1.7385
3.19366 2.05459
3.10242 2.21264
3.01117 2.37068
3.10242 2.52873
2.82867 2.37068
2.91992 2.21264
2.73743 2.21264
2.55493 2.21264
2.46368 2.05459
2.64618 2.05459
2.82867 2.05459
3.01117 2.05459
3.28491 1.89654
3.37616 2.05459
3.28491 2.21264
3.55865 2.37068
3.6499 2.52873
3.46741 2.52873
3.37616 2.68677
3.46741 2.84482
3.6499 2.84482
3.55865 3.00286
3.37616 3.00286
3.46741 3.16091
3.6499 3.16091
4.01489 3.16091
4.19739 3.16091
4.56238 3.16091
4.74487 3.16091
5.01861 3.00286
4.83612 3.00286
4.65362 3.31895
5.01861 2.68677
4.92737 2.52873
4.65362 2.37068
4.74487 2.21264
4.83612 2.37068
5.10986 2.52873
5.20111 2.68677
5.29236 2.84482
5.47485 2.84482
5.3836 2.68677
5.29236 2.52873
5.29236 2.21264
5.3836 2.37068
5.47485 2.52873
5.5661 2.68677
5.5661 2.37068
5.65735 2.21264
5.47485 2.21264
5.20111 2.37068
5.01861 2.37068
5.10986 2.21264
5.20111 2.05459
5.3836 2.05459
5.47485 1.89654
5.5661 1.7385
5.3836 1.7385
5.47485 1.58045
5.3836 1.42241
5.29236 1.58045
5.20111 1.7385
5.10986 1.58045
5.01861 1.7385
4.92737 1.89654
4.83612 1.7385
4.92737 1.58045
4.92737 1.26436
4.83612 1.10632
4.65362 1.10632
4.56238 1.26436
4.47113 1.10632
4.19739 1.26436
4.10614 1.42241
4.01489 1.26436
4.10614 1.10632
4.10614 0.790227
4.37988 0.632181
4.28863 0.474136
4.37988 0.316091
4.19739 0.316091
4.01489 0.316091
3.8324 0.316091
3.92364 0.474136
4.10614 0.474136
4.01489 0.632181
4.19739 0.632181
4.56238 0.632181
4.83612 0.790227
4.74487 0.948272
4.74487 1.26436
4.74487 1.89654
4.65362 1.7385
4.74487 1.58045
4.83612 1.42241
4.65362 1.42241
4.47113 1.42241
4.56238 1.58045
4.19739 1.58045
4.19739 1.89654
4.28863 2.05459
4.10614 2.05459
4.10614 2.37068
4.01489 2.52873
4.10614 2.68677
4.19739 2.84482
4.01489 2.84482
4.10614 3.00286
3.8324 3.16091
3.92364 3.00286
3.74115 3.00286
3.8324 2.84482
3.92364 2.68677
4.19739 2.52873
4.37988 2.52873
4.28863 2.68677
4.37988 2.84482
4.47113 3.00286
4.37988 3.16091
4.74487 2.84482
4.47113 2.68677
4.56238 2.21264
4.65362 2.05459
4.56238 1.89654
4.37988 1.89654
4.47113 1.7385
4.10614 1.7385
4.28863 1.7385
4.37988 1.58045
4.28863 1.42241
4.37988 1.26436
4.28863 1.10632
4.37988 0.948272
4.47113 0.790227
4.47113 0.474136
4.65362 0.790227
4.56238 0.948272
4.28863 0.790227
4.19739 0.948272
4.01489 0.948272
3.92364 0.790227
3.8324 0.948272
3.92364 1.10632
3.74115 1.10632
3.37616 1.10632
3.01117 1.10632
3.19366 1.10632
3.28491 1.26436
3.19366 1.42241
3.28491 1.58045
3.37616 1.42241
3.10242 1.26436
2.91992 1.26436
3.01117 1.42241
3.10242 1.58045
3.01117 1.7385
2.82867 1.7385
2.73743 1.89654
2.64618 1.7385
2.46368 1.7385
2.37244 1.89654
2.28119 2.05459
2.37244 2.21264
2.46368 2.37068
2.64618 2.37068
2.55493 2.52873
2.64618 2.68677
2.73743 2.52873
2.91992 2.52873
2.82867 2.68677
2.91992 2.84482
2.55493 2.84482
2.73743 2.84482
2.82867 3.00286
2.64618 3.00286
2.46368 3.00286
2.55493 3.16091
2.64618 3.31895
2.73743 3.16091
2.91992 3.16091
2.82867 3.31895
2.73743 3.477
2.82867 3.63504
2.91992 3.79309
3.01117 3.95113
3.10242 3.79309
3.46741 3.79309
3.55865 3.95113
3.6499 3.79309
3.37616 3.95113
3.19366 3.95113
3.28491 3.79309
3.37616 3.63504
3.55865 3.63504
3.37616 3.31895
3.28491 3.16091
3.10242 3.16091
3.01117 3.00286
3.10242 2.84482
3.01117 2.68677
3.19366 2.68677
3.28491 2.52873
3.37616 2.37068
3.46741 2.21264
3.55865 2.05459
3.6499 2.21264
3.74115 2.37068
3.8324 2.21264
4.01489 2.21264
4.19739 2.21264
4.37988 2.21264
4.28863 2.37068
4.47113 2.37068
4.56238 2.52873
4.74487 2.52873
4.65362 2.68677
4.83612 2.68677
4.56238 2.84482
4.28863 3.00286
4.65362 3.00286
4.92737 2.84482
5.10986 2.84482
4.92737 3.16091
4.83612 3.31895
4.56238 3.477
4.47113 3.63504
4.28863 3.63504
4.10614 3.63504
4.19739 3.477
4.37988 3.477
4.65362 3.63504
4.92737 3.477
4.74487 3.477
4.47113 3.31895
4.28863 3.31895
4.10614 3.31895
4.01489 3.477
3.92364 3.31895
3.74115 3.31895
3.8324 3.477
3.74115 3.63504
3.6499 3.477
3.55865 3.31895
3.46741 3.477
3.28491 3.477
3.19366 3.63504
3.10242 3.477
3.01117 3.63504
2.91992 3.477
3.01117 3.31895
3.19366 3.31895
3.19366 3.00286
3.28491 2.84482
3.55865 2.68677
3.74115 2.68677
3.8324 2.52873
3.92364 2.37068
3.92364 2.05459
4.01489 1.89654
3.8324 1.89654
3.74115 1.7385
3.8324 1.58045
3.6499 1.58045
3.74115 1.42241
3.8324 1.26436
3.6499 1.26436
3.55865 1.10632
3.6499 0.948272
3.74115 0.790227
3.6499 0.632181
3.55865 0.790227
3.37616 0.790227
3.10242 0.948272
2.91992 0.948272
2.64618 1.10632
2.55493 1.26436
2.64618 1.42241
2.73743 1.58045
2.91992 1.58045
2.82867 1.42241
2.73743 1.26436
2.82867 1.10632
2.73743 0.948272
3.01117 0.790227
3.10242 0.632181
3.28491 0.632181
3.46741 0.632181
3.55865 0.474136
3.37616 0.474136
3.14217 0.347568
3.08178 0.59668
2.83571 0.524353
2.96458 0.751076
3.05361 0.809943
3.32303 0.812071
3.41334 1.07897
3.4902 1.12478
3.41872 1.40189
3.43403 1.54878
3.29875 1.85687
3.25531 1.9273
3.03603 2.20931
3.15253 2.37526
2.9862 2.44812
2.96623 2.40357
2.79217 2.27333
2.63637 2.20948
2.56961 2.07196
2.57648 2.13991
2.53721 2.03826
2.73873 2.03722
3.10299 1.94702
3.18492 1.99657
3.23497 2.04626
3.42323 2.24214
3.42244 2.33262
3.52374 2.4648
3.51964 2.66016
3.51639 2.70515
3.53479 2.72047
3.53204 2.92299
3.46407 2.89771
3.48704 3.09067
3.54463 3.04242
3.79074 3.17385
3.87413 3.17464
4.33821 3.17403
4.42171 3.17559
4.86382 3.0844
4.89448 3.07064
4.81012 3.14189
4.7267 3.19786
4.94397 2.8069
4.79218 2.48716
4.79234 2.39828
4.7679 2.35218
4.97255 2.40797
4.97481 2.48671
5.30934 2.73218
5.4075 2.76269
5.35374 2.77177
5.50291 2.73182
5.34914 2.39919
5.32402 2.35048
5.50312 2.38226
5.60289 2.55624
5.56436 2.54535
5.62318 2.50009
5.5483 2.3027
5.38764 2.32398
5.31442 2.28604
5.14688 2.31108
5.20432 2.20497
5.30426 2.15136
5.36982 1.91383
5.59803 1.87497
5.45087 1.82051
5.50922 1.6735
5.33943 1.53965
5.41851 1.55947
5.40087 1.52711
5.22876 1.59979
5.14188 1.71822
5.11808 1.70625
4.95275 1.75741
4.97703 1.72633
4.91725 1.43938
4.91723 1.40543
4.79899 1.24279
4.76589 1.19234
4.57871 1.12388
4.37618 1.21114
4.32924 1.21319
4.1095 1.28101
4.15374 1.23745
4.08121 0.967099
4.23606 0.846117
4.23895 0.644098
4.42116 0.424725
4.24487 0.358212
4.22352 0.182283
4.0226 0.1813
3.96866 0.353986
3.97372 0.341864
3.97086 0.515407
4.12391 0.542074
4.33772 0.614586
4.46044 0.730224
4.70271 0.743271
4.80234 1.0775
4.74968 1.40571
4.74244 1.75513
4.79451 1.72604
4.82569 1.5343
4.7127 1.49147
4.72748 1.36529
4.60243 1.47497
4.42478 1.54773
4.31319 1.66165
4.23355 1.75981
4.17096 1.97613
4.15393 2.1877
4.07765 2.23214
4.15591 2.5395
4.12758 2.72477
4.07031 2.78273
4.13209 2.92399
3.97023 3.042
3.9498 3.08204
3.81019 3.08731
3.8708 2.94634
3.83077 2.89557
4.06119 2.65385
4.10018 2.63146
4.26445 2.61045
4.42908 2.70349
4.42612 2.89878
4.3355 3.04298
4.48678 3.0683
4.61494 2.90069
4.5584 2.57548
4.54806 2.35334
4.51239 2.04716
4.51456 2.02965
4.5031 1.82711
4.33182 1.76292
4.24753 1.735
4.2367 1.60694
4.24056 1.55608
4.42822 1.39963
4.24332 1.22755
4.42636 1.07414
4.42889 0.859092
4.45456 0.649767
4.51971 0.606963
4.56851 0.67727
4.48171 0.832098
4.39364 0.884973
4.15218 0.814258
4.07434 0.819939
3.92458 0.931657
3.96734 0.905914
3.81085 1.02098
3.60022 1.09439
3.33401 1.03265
3.1524 1.0988
3.08682 1.19899
3.14561 1.23987
3.33233 1.39456
3.2712 1.43969
3.23877 1.38883
3.20492 1.36181
3.04387 1.33248
2.93402 1.37552
2.96157 1.56762
2.92323 1.62773
2.86119 1.87614
2.71091 1.75762
2.53834 1.83002
2.47755 1.87925
2.24513 1.87023
2.42229 2.04485
2.23915 2.21702
2.47186 2.22948
2.51861 2.43175
2.6947 2.55035
2.61153 2.54965
2.75741 2.66874
2.79438 2.59386
2.96825 2.70964
2.78003 2.82398
2.6963 2.84895
2.64544 2.95225
2.69596 2.95398
2.53311 3.05643
2.56436 3.1022
2.43479 3.22789
2.60983 3.18227
2.75571 3.30115
2.79952 3.23512
2.73592 3.39972
2.86422 3.53967
2.73769 3.73821
2.84174 3.90669
2.98808 3.8116
3.23439 3.84395
3.33459 3.84172
3.5575 3.8097
3.54559 3.88861
3.49314 3.87164
3.32901 3.9101
3.24866 3.91491
3.41874 3.76991
3.45901 3.53467
3.43667 3.44679
3.21251 3.28241
3.15898 3.03128
3.14777 3.03952
2.96206 2.86224
3.12213 2.77447
3.0971 2.58343
3.23055 2.54472
3.32812 2.37659
3.43073 2.20515
3.55095 2.19581
3.62933 2.20239
3.73728 2.2293
3.90171 2.33592
4.02393 2.20835
4.22552 2.20984
4.26054 2.28854
4.41461 2.3064
4.42453 2.50422
4.65766 2.42421
4.63271 2.61489
4.78411 2.6322
4.70944 2.74966
4.62455 2.89954
4.42765 2.9768
4.55795 2.8987
4.84261 2.95804
5.02766 2.95991
5.01597 3.05067
4.71171 3.38623
4.70301 3.46201
4.38497 3.52288
4.32509 3.76596
4.24304 3.59954
4.25847 3.60456
4.476 3.58075
4.6664 3.49419
4.80434 3.54676
4.63681 3.38575
4.56967 3.42041
4.32759 3.41804
4.16762 3.44632
4.02132 3.33571
3.87309 3.45104
3.85144 3.4075
3.70152 3.53061
3.74458 3.49365
3.64348 3.58448
3.55408 3.46031
3.36102 3.38381
3.32444 3.6128
3.17588 3.49473
3.08772 3.61767
2.98648 3.49578
3.04884 3.53516
3.04056 3.4573
3.13674 3.18948
3.2115 3.14317
3.42218 2.81076
3.45635 2.78444
3.65819 2.57223
3.82818 2.55025
3.89151 2.23295
3.95592 2.19229
3.88938 1.96174
3.89374 1.7691
3.88188 1.72446
3.70538 1.64266
3.76663 1.5006
3.73434 1.37576
3.70313 1.32175
3.7037 1.13356
3.69478 1.06795
3.63284 0.858881
3.60805 0.742401
3.64527 0.773539
3.49807 0.662426
3.25816 0.868205
3.18787 0.835574
2.80053 1.0241
2.77168 1.04111
2.68867 1.21835
2.52912 1.37636
2.75561 1.44019
2.79608 1.51214
2.73224 1.37475
2.87198 1.22079
2.68968 1.08015
2.87134 0.902772
2.87083 0.807779
3.17309 0.754692
3.23848 0.517825
3.4068 0.504391
3.42185 0.510025
3.34024 0.343869
3.18935 0.480153
3.01139 0.474823
2.94831 0.608772
2.90017 0.625952
3.18862 0.770214
3.23495 0.921833
3.37478 0.943623
3.43288 1.25331
3.46297 1.2683
3.35783 1.6671
3.34746 1.72484
3.16287 2.03341
3.1498 2.12647
3.01878 2.3315
3.10388 2.37096
2.84338 2.33492
2.80247 2.41369
2.67872 2.13297
2.56364 2.21257
2.47001 2.04789
2.67371 2.07249
2.8689 1.98373
2.96675 1.98228
3.08199 1.96879
3.32651 2.15315
3.314 2.15341
3.51257 2.4407
3.41627 2.55566
3.50803 2.51991
3.4977 2.7214
3.52532 2.86088
3.50856 2.78424
3.47688 3.03785
3.46737 2.95132
3.6559 3.12858
3.66066 3.12014
4.01469 3.18149
4.19768 3.18146
4.5608 3.15416
4.72775 3.12031
4.90347 3.21108
4.90001 3.21321
4.80496 3.0809
4.81703 2.86765
4.86352 2.60847
4.86825 2.44846
4.90515 2.38325
4.83374 2.38476
5.0922 2.56434
5.1991 2.6447
5.41678 2.79633
5.49443 2.77536
5.4314 2.61061
5.41632 2.52285
5.461 2.38275
5.51243 2.52268
5.57249 2.41884
5.70475 2.55502
5.61019 2.35996
5.56597 2.44232
5.52576 2.297
5.21982 2.33572
5.27931 2.26347
5.32892 2.2481
5.34654 2.01713
5.4708 2.01185
5.45736 1.87084
5.58219 1.76991
5.37512 1.63083
5.46817 1.59649
5.48089 1.48453
5.27195 1.58354
5.36921 1.59096
5.24716 1.62483
4.98509 1.75229
5.08731 1.71617
4.9638 1.58623
4.96833 1.57052
4.87724 1.2705
4.91703 1.31942
4.65591 1.10454
4.58288 1.26454
4.49965 1.14362
4.19078 1.23835
4.23811 1.22388
4.11777 1.10139
4.18974 1.05668
4.13873 0.744472
4.35739 0.568084
4.29268 0.482158
4.34436 0.258686
4.09686 0.243624
4.14778 0.245607
3.99787 0.216322
3.96746 0.480666
4.04455 0.395512
4.26446 0.535071
4.20989 0.55573
4.58025 0.656404
4.68457 0.882827
4.6736 1.02066
4.88559 1.44226
4.75643 1.6151
4.83785 1.59215
4.77945 1.66722
4.8308 1.41495
4.65684 1.48701
4.5405 1.39252
4.56544 1.54314
4.42355 1.57431
4.22249 1.90011
4.28367 1.92226
4.15344 2.04697
4.12568 2.36443
4.09871 2.41092
4.15082 2.58597
4.14641 2.90111
3.99503 2.95591
4.09989 2.98729
3.82272 3.1425
3.93373 3.01992
3.81211 3.07425
3.93351 2.7994
3.96655 2.758
4.24091 2.63175
4.31041 2.74346
4.32594 2.79924
4.33481 2.82514
4.4703 3.00253
4.53418 2.93579
4.54637 2.77781
4.60713 2.7075
4.54175 2.21275
4.53928 2.1853
4.52973 1.88974
4.41384 1.93591
4.46824 1.79749
4.30794 1.6079
4.26334 1.68383
4.34557 1.46238
4.28872 1.38104
4.38405 1.22697
4.30068 1.0108
4.52361 0.79517
4.48251 0.787693
4.58575 0.558706
4.48793 0.75912
4.54349 0.705654
4.27675 0.806612
4.29194 0.8307
3.94381 0.872533
4.02025 0.828453
3.83688 0.958682
3.70693 0.926087
3.52048 0.978438
3.45283 1.10806
3.27881 1.03695
3.11141 1.06042
3.25578 1.32744
3.21932 1.31069
3.24878 1.37015
3.18479 1.35888
3.06972 1.32276
3.08537 1.37209
2.97642 1.50971
2.9058 1.43841
2.87142 1.75857
2.82692 1.73965
2.6522 1.88552
2.64067 1.7334
2.33828 1.85908
2.37038 1.93441
2.28157 2.04279
2.36668 2.1575
2.3558 2.30908
2.61297 2.32734
2.56467 2.49653
2.69851 2.66028
2.64081 2.58994
2.87598 2.70852
2.82773 2.7174
2.89174 2.73839
2.60599 2.95688
2.60004 2.89787
2.57441 3.02492
2.64903 2.97663
2.45037 3.18473
2.55751 3.15899
2.55633 3.31243
2.63157 3.23485
2.72854 3.35664
2.86969 3.44342
2.73739 3.60065
2.87823 3.73097
2.82844 3.76659
3.07164 3.92484
3.0941 3.85508
3.47338 3.86505
3.4333 3.87588
3.54167 3.97123
3.38636 3.96331
3.45014 3.98174
3.37818 3.85987
3.28644 3.72195
3.4266 3.67162
3.30783 3.39018
3.34985 3.25168
3.17086 3.17151
3.03384 2.9569
3.0869 2.9272
2.99102 2.72334
3.15492 2.71174
3.19823 2.40775
3.28605 2.37401
3.38375 2.33781
3.45175 2.19285
3.66514 2.21066
3.841 2.32442
3.86527 2.19999
4.11924 2.31189
4.08655 2.23205
4.40041 2.27303
4.35679 2.4347
4.52683 2.40757
4.56005 2.52558
4.74019 2.52403
4.67234 2.71772
4.75269 2.87377
4.48576 2.87623
4.56206 2.93512
4.68282 2.96361
4.70711 2.92
4.90944 3.03626
4.92761 3.1602
4.8152 3.29087
4.56797 3.5016
4.50654 3.59377
4.33245 3.62542
4.29604 3.72991
4.39695 3.62961
4.46391 3.59579
4.62656 3.62916
4.68634 3.47007
4.72589 3.4947
4.43118 3.44546
4.45624 3.4751
4.18044 3.33574
4.02535 3.47638
4.00537 3.40302
3.76792 3.52077
3.8319 3.47763
3.67482 3.61587
3.63776 3.44387
3.42726 3.52133
3.40708 3.51678
3.27415 3.48136
3.20148 3.63311
3.03692 3.48642
3.0282 3.63018
2.93994 3.5602
3.08463 3.32365
3.08863 3.32173
3.28365 3.02234
3.34519 2.92856
3.55226 2.68144
3.59388 2.6974
3.81497 2.41014
3.86719 2.37156
3.90452 2.06128
3.99081 2.05929
3.8865 1.90965
3.75761 1.65842
3.84261 1.6115
3.64399 1.51385
3.75157 1.4464
3.7043 1.18103
3.6982 1.27418
3.658 0.93211
3.68573 0.989293
3.63048 0.760598
3.55379 0.666592
3.41664 0.777202
3.34936 0.76102
3.05892 0.891934
2.92237 0.953662
2.66961 1.13799
2.55023 1.19305
2.66212 1.33037
2.61805 1.41049
2.70749 1.40279
2.84833 1.29521
2.73187 1.20765
2.82519 1.04218
2.74396 0.962602
3.00803 0.776448
3.05564 0.677167
3.2603 0.656853
3.27494 0.455225
3.36847 0.37981
3.21882 0.415013
3.06453 0.416685
3.13351 0.532542
2.93914 0.469046
3.02989 0.678682
3.05707 0.722234
3.26323 0.784692
3.36617 1.08338
3.4058 1.11592
3.42338 1.40261
3.38984 1.53078
3.27013 1.84157
3.23174 1.91149
3.05407 2.22867
3.09658 2.21507
2.96523 2.35143
2.97751 2.37513
2.7403 2.28822
2.69444 2.27211
2.51717 2.08048
2.58216 2.13174
2.61945 1.9434
2.739 2.03601
2.92769 1.95207
3.18083 2.06798
3.21359 2.07034
3.39124 2.27021
3.41175 2.34352
3.51394 2.45532
3.46805 2.65411
3.5018 2.58143
3.47467 2.73033
3.48938 2.92294
3.48529 2.89808
3.55245 3.06253
3.54319 3.0455
3.79659 3.15377
3.87584 3.16334
4.3377 3.18097
4.42234 3.17505
4.78124 3.24972
4.76826 3.17466
4.86708 3.12674
4.92744 3.01302
4.92735 2.78142
4.8617 2.74848
4.93369 2.57225
4.9384 2.41695
4.95468 2.45534
4.98059 2.47977
5.31759 2.71931
5.31071 2.70493
5.47219 2.63711
5.51874 2.72007
5.54119 2.45949
5.50043 2.51711
5.57144 2.3957
5.66105 2.5273
5.64538 2.42821
5.68879 2.47584
5.6269 2.31624
5.3969 2.35179
5.35811 2.31373
5.33917 2.30897
5.36383 2.1125
5.40296 2.14529
5.44713 1.87384
5.59731 1.87542
5.45134 1.72004
5.50591 1.68083
5.53067 1.47451
5.37002 1.57006
5.4009 1.52897
5.26432 1.56609
5.12591 1.69487
5.11359 1.69665
4.98873 1.61673
5.08705 1.65268
4.94431 1.43257
4.93712 1.39708
4.82148 1.21706
4.75029 1.20798
4.60415 1.12614
4.37386 1.20513
4.32246 1.19074
4.15546 1.11085
4.24934 1.1493
4.16357 0.919125
4.26514 0.804711
4.22937 0.624829
4.34575 0.352579
4.21831 0.319659
4.23491 0.220178
4.04288 0.152849
4.0294 0.352753
3.99127 0.342678
4.16118 0.472999
4.15738 0.444838
4.34786 0.579656
4.44034 0.661988
4.63715 0.751076
4.75027 1.13783
4.80584 1.32716
4.85308 1.51377
4.81314 1.63379
4.82844 1.53604
4.76473 1.53841
4.73588 1.37142
4.63352 1.49718
4.47649 1.435
4.36691 1.70238
4.29868 1.78262
4.17537 2.01102
4.18405 2.18361
4.14095 2.22523
4.14719 2.54229
4.13184 2.7247
4.11366 2.76497
4.13502 2.95884
3.97759 3.05548
3.94512 3.0745
3.8358 3.12
3.88641 2.95556
3.87953 2.9286
4.09642 2.70565
4.13084 2.7183
4.26467 2.66232
4.35196 2.83248
4.41826 2.93758
4.39971 2.8816
4.54871 2.84105
4.60218 2.90623
4.58875 2.56869
4.56432 2.35095
4.54661 2.04547
4.5238 2.02964
4.51328 1.83733
4.35382 1.71677
4.39391 1.71843
4.3156 1.55392
4.27784 1.58494
4.38688 1.28118
4.28141 1.13173
4.43566 0.973535
4.42134 0.890824
4.54552 0.662642
4.52872 0.686593
4.55235 0.634796
4.40881 0.74396
4.40295 0.745959
4.15199 0.835138
4.08048 0.84209
3.8937 0.888378
3.90754 0.837796
3.56917 0.951182
3.6605 0.977112
3.3764 0.990736
3.26958 1.12089
3.20653 1.16318
3.18795 1.20494
3.2027 1.28208
3.16906 1.31541
3.05413 1.30852
3.11674 1.3223
2.96733 1.44742
2.99214 1.37057
2.88746 1.57723
2.87214 1.61855
2.70833 1.8141
2.70864 1.75737
2.51792 1.80078
2.46582 1.80129
2.23392 1.96584
2.35861 2.04418
2.23077 2.19122
2.48966 2.26799
2.47906 2.36826
2.69831 2.53832
2.58992 2.57187
2.75304 2.67368
2.74506 2.65886
2.77883 2.7587
2.77779 2.81977
2.71201 2.86541
2.51683 3.0105
2.54166 2.90595
2.54811 3.0737
2.54811 3.08447
2.47423 3.27156
2.52948 3.17501
2.61776 3.37419
2.70988 3.392
2.7415 3.49976
2.87703 3.61094
2.74372 3.69206
2.9322 3.86061
2.945 3.86507
3.23236 3.87723
3.33365 3.87427
3.50687 3.99502
3.40167 3.97355
3.49558 4.05093
3.31843 3.97058
3.28914 3.9222
3.39052 3.81562
3.33347 3.56705
3.37148 3.5149
3.21489 3.289
3.14188 3.03451
3.0939 3.0834
2.99858 2.81853
3.08269 2.82918
3.12327 2.57533
3.18007 2.54659
3.25378 2.37765
3.36095 2.19965
3.56223 2.27888
3.59129 2.32963
3.74931 2.21859
3.98104 2.27875
3.99678 2.244
4.22454 2.25584
4.2616 2.29139
4.46908 2.35105
4.43003 2.50876
4.69107 2.47617
4.6458 2.62747
4.80822 2.6839
4.6186 2.83345
4.62474 2.89335
4.6888 2.98139
4.63571 2.98849
4.82449 2.99636
4.77113 3.0144
4.86269 3.28155
4.72208 3.39544
4.68917 3.43147
4.38541 3.66403
4.44714 3.70575
4.42197 3.66868
4.36852 3.76672
4.57219 3.68457
4.56776 3.50208
4.68795 3.61008
4.58599 3.48892
4.56611 3.48291
4.32688 3.4215
4.25817 3.45221
4.1433 3.40091
3.89575 3.49014
3.90135 3.4783
3.74269 3.58557
3.74511 3.49476
3.55601 3.55755
3.56569 3.50024
3.27299 3.55712
3.27623 3.62137
3.1252 3.51569
3.09336 3.61457
2.9311 3.52929
3.03148 3.45424
3.00834 3.44107
3.16285 3.20299
3.20587 3.13878
3.4354 2.82147
3.46424 2.79034
3.67939 2.58652
3.7306 2.5219
3.88105 2.23222
3.89607 2.20105
3.90034 1.95241
3.83626 1.77895
3.83601 1.77444
3.71312 1.55823
3.78208 1.53708
3.70063 1.31597
3.7269 1.31922
3.68361 1.13492
3.67434 1.07118
3.65332 0.85307
3.64441 0.899929
3.45619 0.766998
3.48368 0.654269
3.2165 0.805261
3.1762 0.815434
2.80091 1.02334
2.7607 1.03164
2.67687 1.2528
2.54381 1.25547
2.59792 1.31024
2.7441 1.26763
2.70831 1.29542
2.82684 1.10476
2.69433 1.09199
2.85641 0.879161
2.8796 0.832262
3.19342 0.652182
3.16765 0.55186
3.31681 0.588843
3.22847 0.377427
3.3126 0.311031
3.19392 0.365021
3.02245 0.448426
3.04042 0.564712
2.96711 0.554305
3.19629 0.727453
3.23486 0.921096
3.32114 0.95154
3.40832 1.25522
3.39902 1.26544
3.33099 1.65706
3.31242 1.70883
3.15763 2.02947
3.11618 2.10395
2.98565 2.29937
3.04353 2.23619
2.84425 2.33448
2.86681 2.34659
2.5896 2.18035
2.59847 2.19361
2.54932 1.99634
2.61728 2.0827
2.78443 1.9043
2.98937 2.07699
3.05408 2.01013
3.30058 2.17918
3.29143 2.173
3.49393 2.45115
3.41025 2.54838
3.49177 2.51682
3.45817 2.71375
3.50263 2.86682
3.46109 2.78652
3.51752 3.03363
3.47237 2.94852
3.66386 3.11513
3.66246 3.11609
4.0146 3.17593
4.19838 3.18155
4.5562 3.21366
4.64409 3.22521
4.89415 3.23435
4.94707 3.12618
4.95319 2.8761
4.94719 2.91932
4.96415 2.65406
4.9124 2.68022
4.9877 2.54726
5.04521 2.45196
5.09665 2.55685
5.20496 2.63731
5.4486 2.68504
5.41274 2.76311
5.5484 2.58394
5.5475 2.59867
5.61509 2.43797
5.62924 2.52247
5.65601 2.38807
5.76016 2.50718
5.70915 2.33801
5.53752 2.42311
5.53511 2.33421
5.45255 2.32581
5.38873 2.17876
5.39084 2.24918
5.44226 2.01163
5.48827 2.00695
5.49401 1.78193
5.57107 1.79129
5.55366 1.54995
5.47936 1.60405
5.49106 1.50106
5.33496 1.5291
5.30112 1.67937
5.24131 1.61681
5.05829 1.58586
5.12155 1.65879
5.01795 1.5317
5.04261 1.5313
4.89978 1.26285
4.92473 1.3106
4.68451 1.08516
4.50523 1.22426
4.50106 1.14829
4.21387 1.10345
4.28926 1.14967
4.19285 1.02194
4.27161 1.00708
4.18237 0.692636
4.31037 0.511471
4.26365 0.465143
4.32005 0.224477
4.11156 0.15541
4.13908 0.253629
4.0315 0.213446
4.12094 0.393624
4.07161 0.366285
4.2858 0.498885
4.26041 0.471199
4.57854 0.644327
4.65268 0.88953
4.72356 1.00109
4.87363 1.24921
4.83233 1.376
4.88317 1.51334
4.85917 1.5892
4.78495 1.40056
4.71938 1.50976
4.6167 1.35888
4.47631 1.57432
4.41795 1.57274
4.23951 1.90876
4.27903 1.91793
4.18256 2.0443
4.14894 2.36433
4.14122 2.40309
4.15462 2.58725
4.13214 2.90306
4.0058 2.90678
4.11114 3.01579
3.86148 3.1857
3.92134 3.01003
3.84717 3.08924
3.98063 2.83274
4.00124 2.8074
4.26439 2.6786
4.2704 2.80153
4.30296 2.70206
4.37398 2.87444
4.53842 2.89464
4.45181 2.94116
4.59821 2.76696
4.59941 2.7076
4.58699 2.21348
4.5645 2.18364
4.54385 1.89177
4.3882 1.89869
4.47473 1.78598
4.35428 1.58487
4.38803 1.67293
4.32549 1.45402
4.30359 1.39287
4.41533 1.0933
4.32201 1.05413
4.49704 0.773857
4.48431 0.787801
4.61206 0.574948
4.42431 0.689716
4.50928 0.647444
4.26693 0.776085
4.27471 0.769178
3.94144 0.833209
4.01557 0.820871
3.77262 0.872527
3.6997 0.902466
3.52157 0.966615
3.51444 1.00958
3.3113 0.987961
3.18405 1.08449
3.14907 1.17839
3.14707 1.20812
3.0372 1.27044
3.12071 1.2726
2.99184 1.38403
3.04511 1.33183
2.91111 1.4839
2.92676 1.44356
2.76879 1.71198
2.77768 1.69327
2.57063 1.77643
2.63996 1.73358
2.34377 1.86848
2.3565 1.89962
2.22434 2.08135
2.36953 2.17869
2.35127 2.25196
2.58627 2.45724
2.57357 2.47628
2.70811 2.64565
2.6244 2.62017
2.68509 2.77496
2.66639 2.73435
2.65385 2.87368
2.59801 2.94551
2.60659 2.90393
2.49608 3.0376
2.47679 2.95402
2.47593 3.20363
2.5005 3.13474
2.53127 3.31432
2.53935 3.25903
2.62157 3.49976
2.8091 3.62158
2.73825 3.6232
2.85689 3.77333
2.80924 3.7951
3.08103 3.89522
3.09388 3.89255
3.40805 3.99206
3.37388 3.9535
3.48956 4.08166
3.35841 4.02651
3.41537 4.07064
3.38259 3.93438
3.30155 3.70841
3.36255 3.70331
3.2765 3.41298
3.35177 3.31497
3.15955 3.17271
3.03564 2.95684
3.04025 2.95148
3.07522 2.69006
3.09222 2.71115
3.20156 2.40894
3.27371 2.3382
3.40387 2.3322
3.43175 2.23006
3.69729 2.23921
3.82649 2.33458
3.84655 2.24237
4.13576 2.25365
4.08525 2.25296
4.39666 2.32559
4.33451 2.38711
4.55891 2.45582
4.56543 2.53639
4.78033 2.59125
4.681 2.74068
4.73971 2.76459
4.73282 2.98127
4.68345 2.97026
4.77107 3.02148
4.68858 3.02701
4.82958 3.14087
4.76994 3.17758
4.85733 3.36199
4.58736 3.52658
4.50488 3.59235
4.44746 3.79577
4.41967 3.80798
4.50406 3.73447
4.43288 3.68276
4.62028 3.63113
4.58325 3.51816
4.66803 3.60152
4.42719 3.47226
4.45223 3.48231
4.19438 3.48171
4.03629 3.49013
4.03298 3.4661
3.80918 3.58277
3.86828 3.52525
3.63777 3.58359
3.69491 3.54667
3.43344 3.54404
3.41218 3.55096
3.14309 3.58034
3.18535 3.64136
2.96425 3.5622
3.05642 3.59017
2.92307 3.54175
3.08142 3.32245
3.08523 3.31869
3.28786 3.02613
3.35268 2.93358
3.56674 2.69599
3.57933 2.68346
3.79432 2.398
3.81501 2.3549
3.89499 2.06173
3.83937 2.07769
3.88679 1.90878
3.76903 1.65228
3.79118 1.67364
3.72722 1.40901
3.75328 1.44496
3.69529 1.18353
3.72217 1.2688
3.66253 0.932358
3.66754 0.991665
3.54638 0.800927
3.59422 0.785943
3.36054 0.719439
3.32826 0.722065
3.05055 0.875623
2.91715 0.946541
2.6803 1.14543
2.65069 1.11596
2.59913 1.232
2.63259 1.18773
2.60513 1.27756
2.75653 1.1647
2.7101 1.18081
2.7779 0.980513
2.75049 0.969672
2.99255 0.750683
3.06206 0.698617
3.3058 0.569885
3.23904 0.47325
3.3235 0.479305
3.17781 0.346302
3.0553 0.365078
3.14037 0.375557
2.97342 0.44336
3.08433 0.628299
3.06547 0.681623
3.21558 0.783824
3.34749 1.08763
3.36755 1.12274
3.37228 1.40145
3.35055 1.51983
3.24687 1.83097
3.21131 1.90166
3.02518 2.20853
3.05214 2.17774
2.9186 2.29627
2.96435 2.26526
2.74403 2.28225
2.703 2.26007
2.53161 2.07219
2.56408 2.13417
2.67047 1.95469
2.792 2.04271
2.88775 1.98271
3.15825 2.10159
3.18553 2.10186
3.37065 2.28676
3.39613 2.35292
3.50633 2.44846
3.44407 2.64697
3.53106 2.61162
3.44018 2.74307
3.48535 2.923
3.47248 2.90252
3.56258 3.05377
3.54876 3.03789
3.79725 3.14845
3.87692 3.15975
4.33421 3.20924
4.41759 3.21243
4.7803 3.25094
4.75619 3.22082
4.97458 2.99032
4.97322 3.01326
4.98159 2.78504
4.97165 2.79248
5.02257 2.5961
5.02425 2.63594
5.10098 2.57887
5.23519 2.56172
5.34301 2.64983
5.30999 2.68626
5.51697 2.67172
5.4969 2.71264
5.64797 2.50317
5.62604 2.57615
5.7168 2.41501
5.73913 2.499
5.73205 2.37144
5.68584 2.47466
5.66097 2.36007
5.58473 2.38562
5.49161 2.19281
5.47396 2.28808
5.4366 2.11833
5.4434 2.15024
5.51988 1.87198
5.53849 1.91322
5.58114 1.65304
5.5826 1.68551
5.57984 1.50855
5.37627 1.56405
5.4644 1.57869
5.35086 1.54998
5.10729 1.5814
5.19371 1.61547
5.06665 1.5315
5.13937 1.59858
4.99286 1.40192
4.98274 1.37391
4.83714 1.20316
4.7446 1.21008
4.60733 1.13049
4.36505 1.12152
4.35134 1.12123
4.21265 1.03415
4.3168 1.08401
4.23268 0.874044
4.28648 0.784156
4.21525 0.6123
4.29992 0.331352
4.19812 0.290412
4.24799 0.17992
4.08299 0.126863
4.13412 0.306634
4.07097 0.264328
4.20076 0.416637
4.18369 0.405138
4.38818 0.524954
4.44113 0.626037
4.65179 0.750914
4.8183 1.10229
4.80112 1.13107
4.96947 1.35582
4.87987 1.37476
4.84299 1.45153
4.82235 1.53404
4.70707 1.37169
4.59689 1.49608
4.55414 1.45961
4.35733 1.6974
4.30611 1.78719
4.19324 2.02681
4.19426 2.18242
4.16696 2.22689
4.16073 2.54033
4.13829 2.72491
4.12336 2.76472
4.11927 2.98639
3.98646 3.07638
3.96695 3.09574
3.86975 3.13869
3.91935 2.9709
3.91857 2.95669
4.12808 2.75147
4.15304 2.76117
4.30688 2.66779
4.34528 2.83406
4.45885 2.76483
4.40356 2.9267
4.56045 2.85505
4.52007 2.88145
4.59893 2.56898
4.59449 2.3519
4.56775 2.04505
4.52698 2.02936
4.51478 1.84219
4.3755 1.68919
4.4281 1.70219
4.35672 1.53789
4.37355 1.58404
4.35456 1.26396
4.35647 1.2188
4.40497 0.943074
4.4252 0.892408
4.55807 0.670434
4.51478 0.673699
4.53484 0.60605
4.38025 0.698103
4.38317 0.700568
4.13692 0.784343
4.07508 0.796363
3.87717 0.828571
3.90243 0.823915
3.56113 0.898886
3.64019 0.89489
3.38128 0.971071
3.42097 1.07274
3.27048 0.976113
3.12955 1.05253
3.00848 1.21081
3.12647 1.1644
2.99459 1.33012
3.0706 1.26996
2.93907 1.42111
2.97655 1.3617
2.84591 1.55616
2.82662 1.586
2.64422 1.73072
2.68692 1.70098
2.51049 1.78309
2.46493 1.80114
2.25054 1.989
2.3425 2.00888
2.23664 2.13924
2.44886 2.3504
2.4737 2.37635
2.62984 2.60296
2.60043 2.55835
2.64554 2.75717
2.59368 2.67074
2.60564 2.85895
2.55086 2.80079
2.55008 2.92892
2.50637 2.9997
2.52179 2.90139
2.45239 3.09047
2.44949 3.06756
2.47526 3.27104
2.45621 3.19778
2.55898 3.39625
2.67245 3.37082
2.67663 3.58074
2.79158 3.75115
2.73167 3.71386
2.92941 3.8642
2.94471 3.87006
3.21896 3.95231
3.27213 3.96484
3.43739 4.07672
3.36051 4.03103
3.43278 4.14349
3.32918 4.02547
3.3034 3.8206
3.33928 3.84179
3.3102 3.57495
3.32404 3.54319
3.21696 3.28268
3.23293 3.06258
3.08551 3.08618
3.04248 2.81288
3.04483 2.82531
3.13054 2.57794
3.15237 2.53853
3.30667 2.39982
3.28205 2.26605
3.56835 2.25363
3.56174 2.26822
3.74151 2.22506
3.98414 2.25926
3.99738 2.24563
4.22079 2.28202
4.26044 2.29991
4.47073 2.41279
4.42368 2.42535
4.70284 2.55464
4.64633 2.62671
4.79093 2.65624
4.75343 2.90252
4.75899 2.84514
4.80107 3.0436
4.73367 3.05104
4.79713 3.11322
4.70525 3.07957
4.84605 3.29344
4.72393 3.39966
4.71546 3.47362
4.50748 3.73094
4.51479 3.6746
4.53307 3.86722
4.44209 3.85847
4.56969 3.70504
4.48907 3.67582
4.65976 3.63376
4.54447 3.53868
4.54317 3.54818
4.31506 3.50233
4.3273 3.52103
4.16635 3.5381
3.92262 3.54998
3.94052 3.53846
3.74493 3.58848
3.77606 3.57402
3.55833 3.57038
3.57015 3.56698
3.27741 3.58341
3.28124 3.5917
3.04914 3.61562
3.08412 3.63182
2.91785 3.59362
3.02855 3.45182
2.99812 3.43325
3.16235 3.2035
3.2081 3.1395
3.44656 2.83159
3.4755 2.80034
3.66377 2.57353
3.71129 2.509
3.8505 2.2209
3.85492 2.19444
3.87651 1.94414
3.79412 1.8057
3.82809 1.77769
3.75772 1.53911
3.76097 1.54346
3.7229 1.30971
3.72805 1.31822
3.69762 1.13237
3.68687 1.06882
3.60237 0.869322
3.63841 0.90459
3.46906 0.726363
3.49865 0.73127
3.20008 0.774835
3.15967 0.790137
2.80209 1.02385
2.76928 1.03913
2.51818 1.15664
2.55603 1.10025
2.49877 1.22389
2.67233 1.15632
2.62841 1.21763
2.73143 1.04384
2.691 1.08851
2.83997 0.863799
2.8781 0.828891
3.17094 0.612822
3.1687 0.590358
3.32512 0.458188
3.23063 0.3764
3.30266 0.406544
3.19305 0.358161
3.00279 0.365829
3.10395 0.487905
3.00666 0.514328
3.19662 0.724281
3.24045 0.919479
3.2901 0.962224
3.36096 1.26049
3.35723 1.26436
3.29774 1.64723
3.2826 1.69776
3.1337 2.01567
3.09099 2.08732
2.93733 2.25416
3.00481 2.18862
2.82726 2.28031
2.8814 2.27006
2.59907 2.16941
2.60725 2.18751
2.59114 1.99893
2.63071 2.08676
2.70636 1.93461
3.00413 2.0567
3.03224 2.04553
3.27912 2.20315
3.26813 2.1945
3.48783 2.44144
3.40429 2.54124
3.49332 2.51815
3.43771 2.71314
3.54492 2.83279
3.42902 2.79712
3.5202 3.03192
3.46589 2.95542
3.66748 3.10807
3.66551 3.10765
4.01312 3.18149
4.1966 3.19999
4.55344 3.23619
4.6425 3.24527
4.86405 3.13487
4.89515 3.10306
5.01457 2.88169
5.00178 2.92147
5.04283 2.67435
5.01789 2.73393
5.15758 2.6007
5.2367 2.60336
5.29286 2.68699
5.30056 2.59289
5.44788 2.68901
5.38571 2.71406
5.59722 2.61799
5.59019 2.62839
5.72612 2.48125
5.71969 2.55289
5.82432 2.39055
5.79089 2.49617
5.76546 2.36205
5.73741 2.47348
5.57189 2.2483
5.5638 2.31032
5.49264 2.15143
5.50623 2.23737
5.49154 2.021
5.50345 2.00891
5.58046 1.78185
5.58623 1.79086
5.6298 1.55593
5.49393 1.61644
5.51028 1.53144
5.39298 1.49848
5.21444 1.57018
5.24462 1.56872
5.10597 1.50907
5.1942 1.58397
5.07051 1.47909
5.0957 1.49381
4.9242 1.24903
4.93926 1.29585
4.70225 1.07883
4.46987 1.14174
4.50269 1.11274
4.2606 1.01737
4.34176 1.08264
4.25663 0.959909
4.32359 0.97776
4.22485 0.660781
4.28863 0.49553
4.24145 0.456263
4.28826 0.186035
4.11909 0.13089
4.1954 0.206764
4.09547 0.174245
4.18572 0.34083
4.13192 0.297135
4.31428 0.449475
4.28235 0.436518
4.57822 0.641122
4.68477 0.884828
4.76944 0.973316
4.90349 1.22349
4.89524 1.23959
4.98923 1.36159
4.91887 1.42675
4.77816 1.40339
4.73825 1.50604
4.68978 1.39414
4.47013 1.56899
4.44728 1.59285
4.25165 1.91389
4.27788 1.91792
4.20527 2.04495
4.16819 2.3648
4.15984 2.40242
4.15941 2.58862
4.12282 2.90263
4.04498 2.8702
4.12078 3.04507
3.90497 3.20124
3.95207 3.02804
3.88312 3.10397
4.02102 2.86436
4.03462 2.85289
4.28076 2.70912
4.2603 2.7976
4.39281 2.70459
4.39818 2.88869
4.51115 2.84041
4.45437 2.94319
4.56453 2.7509
4.54938 2.69769
4.59643 2.214
4.58877 2.18136
4.5487 1.89316
4.37762 1.85656
4.4807 1.77838
4.39458 1.56841
4.42896 1.65537
4.36909 1.4462
4.36762 1.40126
4.38522 1.08392
4.3907 1.08025
4.49834 0.775483
4.4914 0.791166
4.60003 0.565285
4.40337 0.647728
4.48594 0.609499
4.24767 0.726287
4.25976 0.721648
3.93796 0.781577
4.00485 0.776445
3.76579 0.842627
3.69365 0.860709
3.50397 0.916428
3.51477 0.936416
3.32714 0.971664
3.26155 1.11374
3.05833 1.15129
3.08727 1.09761
3.01496 1.24556
3.06716 1.21285
2.96408 1.35757
3.00571 1.30036
2.88517 1.465
2.90158 1.42998
2.70742 1.65537
2.73454 1.62649
2.55452 1.73961
2.61104 1.6887
2.35095 1.87878
2.34892 1.89234
2.21767 2.06751
2.35351 2.21247
2.34119 2.26421
2.53126 2.50168
2.53971 2.49858
2.59654 2.69621
2.58362 2.63393
2.58044 2.80802
2.55146 2.73212
2.50306 2.93015
2.43353 2.89
2.45229 2.9184
2.45456 3.02181
2.45662 2.95262
2.42732 3.20368
2.41595 3.14652
2.48474 3.33271
2.49304 3.27512
2.6222 3.49925
2.78014 3.5814
2.67928 3.67109
2.82074 3.81915
2.80296 3.80914
3.06752 3.93282
3.082 3.93605
3.35486 4.07519
3.30628 4.03394
3.4179 4.15644
3.31706 4.06847
3.39481 3.94766
3.31243 3.95822
3.31515 3.706
3.32178 3.71238
3.2634 3.41932
3.30716 3.38701
3.16782 3.18415
3.0883 2.94829
3.04927 2.95063
3.07675 2.69114
3.07514 2.70424
3.24859 2.43973
3.1749 2.44056
3.41797 2.28943
3.43049 2.25779
3.69346 2.22735
3.8578 2.29921
3.84771 2.23907
4.13343 2.26823
4.08429 2.26232
4.38362 2.36193
4.35107 2.34422
4.55032 2.47996
4.57513 2.50258
4.7842 2.63
4.7434 2.78571
4.79311 2.77044
4.80523 2.97508
4.79163 2.90601
4.84725 3.12927
4.761 3.12025
4.78784 3.19002
4.72777 3.22252
4.86158 3.39105
4.64039 3.58931
4.60597 3.6344
4.53457 3.81109
4.49868 3.73366
4.56991 3.80667
4.50358 3.82608
4.62498 3.69926
4.52328 3.6536
4.63906 3.63905
4.40531 3.54428
4.44344 3.55272
4.20628 3.58717
4.03709 3.58619
4.05923 3.56891
3.82085 3.60701
3.88275 3.59344
3.64188 3.60593
3.69226 3.60331
3.43441 3.59141
3.41488 3.59446
3.14852 3.62922
3.18618 3.63116
2.94697 3.64634
3.05197 3.56149
2.93808 3.5559
3.0767 3.31991
3.08051 3.31451
3.29282 3.03068
3.36144 2.94011
3.56471 2.69516
3.57715 2.68086
3.77085 2.38461
3.78912 2.3444
3.86516 2.0569
3.81546 2.06781
3.87466 1.91765
3.78741 1.64591
3.79742 1.67119
3.73818 1.40744
3.74592 1.44569
3.70626 1.18204
3.72375 1.26779
3.63751 0.940043
3.67057 0.989191
3.55329 0.796075
3.57766 0.811374
3.36074 0.731938
3.33326 0.739001
3.03978 0.858306
2.91237 0.941025
2.63739 1.07945
2.62893 1.07446
2.43245 1.16147
2.58358 1.11513
2.53917 1.1922
2.66679 1.08516
2.62531 1.13193
2.74588 0.961986
2.74278 0.961653
2.97974 0.735674
3.052 0.682642
3.24762 0.477252
3.18798 0.47273
3.34283 0.354771
3.17462 0.355292
3.06296 0.314524
3.13941 0.378621
3.0001 0.398221
3.1121 0.602141
3.07981 0.652287
3.20502 0.78692
3.31327 1.09747
3.3263 1.12773
3.33301 1.39942
3.31455 1.51105
3.21898 1.81933
3.18543 1.88858
2.98715 2.17701
3.02294 2.14693
2.8824 2.2506
2.94352 2.20744
2.74957 2.23201
2.72494 2.22404
2.55433 2.06091
2.57464 2.13515
2.62616 1.94962
2.81112 2.02322
2.87726 2.00446
3.1455 2.12299
3.16233 2.13113
3.35677 2.29924
3.38047 2.35599
3.50521 2.44827
3.43276 2.64127
3.54829 2.6319
3.42469 2.76667
3.48685 2.92155
3.45647 2.91041
3.56339 3.05196
3.5488 3.03921
3.79758 3.14484
3.8774 3.16128
4.33125 3.22639
4.41628 3.23247
4.7721 3.20019
4.75868 3.22276
4.98625 3.00046
4.9746 3.01295
5.0517 2.79366
5.03831 2.81149
5.13193 2.65763
5.10099 2.7257
5.30954 2.68666
5.33874 2.58928
5.41161 2.67348
5.32952 2.61958
5.51815 2.67817
5.48656 2.69912
5.70631 2.5553
5.67056 2.60671
5.82157 2.46098
5.80108 2.52578
5.8676 2.38241
5.82218 2.48699
5.68487 2.34672
5.66359 2.35037
5.56078 2.17314
5.57157 2.26368
5.51739 2.10062
5.53365 2.15159
5.56644 1.88702
5.5657 1.91827
5.63598 1.66298
5.59332 1.6882
5.61261 1.54757
5.48509 1.50694
5.32373 1.59559
5.34368 1.52411
5.16813 1.4639
5.23543 1.55452
5.10995 1.47567
5.19691 1.53245
5.03012 1.37328
5.01791 1.34926
4.85031 1.19138
4.74945 1.20767
4.60018 1.09876
4.38148 1.04843
4.38941 1.06465
4.26462 0.969162
4.37621 1.02719
4.28576 0.845865
4.30336 0.773309
4.22021 0.614466
4.26565 0.321202
4.20522 0.295269
4.25622 0.1356
4.12415 0.0895035
4.20239 0.260237
4.13419 0.213661
4.25138 0.364618
4.23205 0.339632
4.40361 0.500724
4.44622 0.603654
4.66555 0.748968
4.85143 1.08334
4.85587 1.0948
5.02294 1.28978
4.92353 1.24113
4.87445 1.32165
4.90383 1.45849
4.76561 1.37158
4.59933 1.49732
4.57853 1.48486
4.37904 1.7119
4.32423 1.79745
4.21337 2.03902
4.20722 2.18215
4.18777 2.22899
4.1695 2.53929
4.13923 2.72434
4.13537 2.766
4.10934 2.99138
3.98732 3.07696
4.0044 3.10668
3.90771 3.15788
3.95905 2.98968
3.95476 2.98451
4.15562 2.78821
4.17055 2.79086
4.37305 2.71941
4.35199 2.8356
4.45733 2.76488
4.43812 2.95657
4.53865 2.83492
4.51154 2.87747
4.56683 2.56159
4.58736 2.35091
4.58239 2.0443
4.52967 2.02905
4.51387 1.84035
4.40372 1.66479
4.45155 1.69324
4.3982 1.52166
4.41957 1.57379
4.37827 1.26446
4.38407 1.22112
4.43912 0.951865
4.45746 0.906465
4.55441 0.669273
4.50382 0.663112
4.52149 0.577905
4.35616 0.654045
4.36503 0.655196
4.12332 0.736131
4.07027 0.745259
3.86848 0.791554
3.89079 0.786033
3.55646 0.858747
3.62593 0.853566
3.37761 0.93259
3.45561 1.01985
3.14126 1.04772
3.18145 1.09072
2.98909 1.19346
3.04419 1.1115
2.96441 1.30378
3.01605 1.23058
2.90908 1.39779
2.94027 1.33934
2.80343 1.52586
2.78536 1.54244
2.60906 1.682
2.65008 1.64115
2.49416 1.76058
2.45271 1.78674
2.24377 1.98049
2.3507 2.03392
2.23856 2.13754
2.4135 2.38082
2.43532 2.40359
2.53844 2.63578
2.53492 2.57362
2.54563 2.76578
2.53613 2.67816
2.50072 2.85961
2.49237 2.79336
2.36514 2.94335
2.35021 3.01008
2.35497 2.95938
2.42089 3.0851
2.41489 3.06703
2.4208 3.28365
2.39952 3.22517
2.53704 3.40509
2.56618 3.37399
2.64386 3.59736
2.782 3.76206
2.69762 3.75859
2.91546 3.8877
2.93533 3.89602
3.19331 4.01629
3.2251 4.0306
3.36437 4.15825
3.29593 4.09358
3.44116 4.127
3.32545 4.06605
3.3222 3.82136
3.30911 3.84308
3.28616 3.57987
3.28464 3.55488
3.21264 3.28755
3.2389 3.16442
3.11112 3.08359
3.04974 2.81342
3.04853 2.82542
3.14445 2.58582
3.16508 2.5486
3.29177 2.36866
3.29894 2.35769
3.56665 2.24077
3.56833 2.28364
3.73704 2.23407
3.98398 2.25509
3.99725 2.25145
4.21521 2.30341
4.2543 2.31608
4.46809 2.41586
4.44231 2.39534
4.69605 2.56744
4.64792 2.61402
4.82293 2.67389
4.82078 2.90483
4.82171 2.83886
4.83765 3.03528
4.815 2.9959
4.86648 3.20801
4.8092 3.25683
4.81822 3.32569
4.73415 3.44194
4.75417 3.51263
4.58809 3.77044
4.60685 3.69446
4.55651 3.85809
4.5377 3.88316
4.63641 3.79167
4.54293 3.80924
4.64578 3.71541
4.504 3.61484
4.52593 3.60969
4.31267 3.59425
4.3427 3.60189
4.16576 3.63383
3.93073 3.61702
3.95798 3.61155
3.74977 3.62726
3.77784 3.62448
3.55603 3.61974
3.56892 3.61853
3.28218 3.62935
3.28572 3.63153
3.05207 3.66014
3.08389 3.63749
2.93281 3.62953
3.02068 3.44634
3.00332 3.43585
3.16109 3.20345
3.21035 3.14034
3.44891 2.83439
3.47841 2.80184
3.65309 2.56657
3.69573 2.49943
3.8222 2.21123
3.82652 2.18856
3.86222 1.93881
3.80355 1.80031
3.82985 1.77639
3.76713 1.53737
3.76856 1.54125
3.72517 1.31006
3.72834 1.31746
3.69023 1.13473
3.67533 1.07194
3.60605 0.868098
3.63965 0.902702
3.45961 0.741425
3.49648 0.751982
3.20091 0.775232
3.16162 0.795189
2.78053 0.979042
2.74941 1.00021
2.49361 1.09718
2.54925 1.08947
2.44899 1.14182
2.59172 1.06545
2.54057 1.13899
2.67756 1.00506
2.63503 1.04286
2.82911 0.855
2.86886 0.816504
3.12619 0.567213
3.13838 0.560283
3.2753 0.366888
3.20707 0.374654
3.29048 0.281776
3.19363 0.275056
3.01752 0.317158
3.1024 0.488606
3.03908 0.486801
3.18586 0.738245
3.22277 0.92227
3.26678 0.969119
3.32279 1.2642
3.31772 1.26377
3.26535 1.63839
3.25157 1.68677
3.10197 1.9966
3.05972 2.0614
2.90351 2.21304
2.98158 2.1568
2.80928 2.23219
2.88478 2.21321
2.61528 2.14274
2.63231 2.17296
2.56366 1.99908
2.67054 2.07871
2.68563 1.9695
2.99989 2.06443
3.02048 2.06817
3.26275 2.2236
3.25097 2.21298
3.48787 2.44025
3.39503 2.52886
3.50404 2.52486
3.43982 2.71478
3.5599 2.78541
3.40526 2.8121
3.51577 3.03337
3.45758 2.96573
3.66768 3.10632
3.66662 3.10632
4.01147 3.18698
4.19546 3.21242
4.55275 3.22901
4.63732 3.22183
4.86437 3.13636
4.90216 3.10799
5.05111 2.8999
5.03086 2.92857
5.14164 2.72229
5.09495 2.78903
5.23526 2.70108
5.17423 2.70471
5.42293 2.69673
5.36866 2.59051
5.45878 2.66347
5.38489 2.64858
5.61082 2.64261
5.6062 2.64811
5.78674 2.53505
5.7582 2.58189
5.90522 2.43753
5.86618 2.51891
5.79695 2.35283
5.79551 2.42667
5.63183 2.21761
5.64401 2.28134
5.57174 2.12717
5.59646 2.2119
5.56525 2.01879
5.57188 2.02342
5.61913 1.79265
5.62182 1.79875
5.67099 1.57594
5.55717 1.62046
5.48187 1.6398
5.44403 1.53108
5.22329 1.45976
5.299 1.50274
5.16187 1.43953
5.2367 1.52634
5.1092 1.42786
5.14473 1.44744
4.94012 1.23709
4.95533 1.27859
4.69798 1.08123
4.4777 1.11286
4.51687 1.06584
4.30457 0.957709
4.38847 1.02657
4.30783 0.909051
4.37716 0.947265
4.25073 0.647356
4.27208 0.488197
4.24498 0.456135
4.24602 0.165
4.1224 0.162571
4.23641 0.167172
4.15486 0.13227
4.24725 0.290163
4.19043 0.242474
4.34622 0.414461
4.32187 0.391396
4.57897 0.635486
4.70402 0.879944
4.79573 0.958714
4.96499 1.17683
4.9483 1.17549
5.05391 1.28157
4.99986 1.37554
4.83856 1.3386
4.74337 1.50627
4.70889 1.41588
4.49189 1.59036
4.47171 1.61166
4.27297 1.92397
4.28964 1.92581
4.22871 2.04734
4.18369 2.36544
4.17367 2.40285
4.16378 2.59006
4.11958 2.90159
4.07138 2.86025
4.12234 3.05683
3.93206 3.22142
3.99262 3.05099
3.92198 3.12106
4.05626 2.89323
4.06556 2.89078
4.30417 2.76293
4.26307 2.80028
4.45426 2.74517
4.42574 2.89768
4.49866 2.83422
4.48923 2.96216
4.54557 2.74527
4.54877 2.6969
4.59326 2.21453
4.59313 2.18038
4.54908 1.89393
4.40384 1.8254
4.49137 1.76945
4.43182 1.55816
4.45589 1.64538
4.40629 1.43793
4.40166 1.39895
4.41504 1.08818
4.42212 1.08731
4.51391 0.782174
4.51013 0.798402
4.5819 0.55114
4.39147 0.619486
4.46636 0.573477
4.23045 0.678054
4.24528 0.674808
3.93377 0.743768
3.9925 0.734519
3.75547 0.804029
3.68716 0.81936
3.49078 0.872777
3.50953 0.897505
3.3194 1.01086
3.27621 1.0271
3.05082 1.13037
3.08836 1.09977
2.96531 1.22291
3.00128 1.17235
2.92592 1.3331
2.95722 1.27005
2.84618 1.43824
2.863 1.40304
2.66706 1.61057
2.6966 1.57726
2.52814 1.7025
2.56858 1.64613
2.34202 1.86664
2.34627 1.89033
2.21675 2.06018
2.33327 2.23585
2.32166 2.27983
2.46428 2.53699
2.4679 2.51891
2.50703 2.70725
2.51006 2.63398
2.48948 2.80645
2.48421 2.7241
2.39666 2.89069
2.42674 2.82153
2.24269 3.00302
2.33052 3.09368
2.30332 3.01573
2.39361 3.20187
2.37864 3.15382
2.45046 3.35182
2.43216 3.31771
2.58414 3.50932
2.65594 3.52533
2.66285 3.69545
2.80226 3.84625
2.78569 3.84534
3.04691 3.97467
3.06153 3.98066
3.29061 4.15036
3.23858 4.10523
3.39005 4.19245
3.30468 4.12963
3.36856 3.93652
3.31877 3.95782
3.29028 3.70788
3.29149 3.71628
3.23982 3.42594
3.24883 3.41917
3.11183 3.2143
3.09688 2.94783
3.06487 2.94908
3.08657 2.69432
3.08387 2.70815
3.23185 2.42954
3.20358 2.47285
3.42306 2.30086
3.44073 2.2935
3.69491 2.23255
3.86114 2.29094
3.84802 2.24292
4.13013 2.2827
4.08191 2.27396
4.37872 2.37223
4.34707 2.35271
4.55737 2.4688
4.58383 2.4897
4.78033 2.64721
4.75693 2.79339
4.84163 2.76992
4.85341 2.97164
4.85438 2.8998
4.86043 3.12462
4.85207 3.07226
4.91485 3.34327
4.79986 3.46096
4.87006 3.42916
4.69211 3.63421
4.67264 3.66327
4.59491 3.83044
4.65897 3.77138
4.67197 3.90781
4.58221 3.91696
4.67908 3.7993
4.51205 3.74279
4.60425 3.70749
4.39084 3.62931
4.44362 3.63278
4.22209 3.66583
4.0299 3.64712
4.06265 3.65212
3.82905 3.65639
3.8841 3.65154
3.64421 3.65237
3.68882 3.65139
3.43422 3.64069
3.41779 3.64499
3.15585 3.67361
3.18834 3.66819
2.95376 3.67871
3.03742 3.54183
2.95155 3.56405
3.07701 3.32094
3.08208 3.31477
3.29336 3.03197
3.36473 2.94185
3.56097 2.69313
3.57297 2.6771
3.75035 2.37433
3.76644 2.33584
3.84481 2.05328
3.80615 2.06327
3.86582 1.92178
3.79404 1.64466
3.80239 1.66924
3.74333 1.40709
3.75143 1.44402
3.70187 1.18355
3.7223 1.26742
3.63542 0.941397
3.66182 0.992692
3.54664 0.802785
3.57417 0.815662
3.36024 0.743374
3.33488 0.74902
3.03532 0.846994
2.89957 0.912238
2.61645 1.03115
2.61081 1.02718
2.41277 1.08678
2.53645 1.03701
2.46096 1.10465
2.60751 1.02002
2.55426 1.06364
2.71611 0.933035
2.71467 0.929414
2.95628 0.71166
3.01873 0.651403
3.19614 0.436598
3.17272 0.456961
3.26313 0.250189
3.1542 0.289651
3.05945 0.25416
3.14777 0.355596
3.03248 0.372184
3.10961 0.602854
3.09868 0.634116
3.18907 0.790713
3.28311 1.10394
3.29378 1.13153
3.29562 1.39776
3.27977 1.50335
3.18698 1.80623
3.15438 1.87132
2.95144 2.14335
2.99541 2.11305
2.85728 2.2115
2.93116 2.1723
2.75129 2.18827
2.74391 2.18631
2.54967 2.06519
2.61011 2.1267
2.57947 1.97797
2.8103 2.02334
2.86999 2.02482
3.13241 2.14507
3.1471 2.1524
3.34664 2.30937
3.37561 2.36383
3.51645 2.46805
3.42968 2.63849
3.53572 2.61862
3.42411 2.78688
3.49245 2.91622
3.44118 2.91988
3.56015 3.05473
3.54657 3.04487
3.79664 3.14555
3.87744 3.16506
4.33042 3.22753
4.41697 3.23174
4.77018 3.19373
4.75137 3.2117
5.00333 3.0174
4.99369 3.02297
5.12014 2.82624
5.09391 2.84943
5.21982 2.73564
5.14703 2.80432
5.31003 2.70441
5.28739 2.68826
5.47508 2.67487
5.4327 2.61483
5.52056 2.65461
5.47661 2.66337
5.73283 2.59904
5.69462 2.63484
5.87411 2.51112
5.84652 2.55999
5.89106 2.3854
5.8783 2.46158
5.73285 2.30619
5.72597 2.31549
5.63723 2.14571
5.65301 2.23597
5.59947 2.07612
5.62324 2.14159
5.61978 1.89634
5.62218 1.92842
5.6762 1.67431
5.64119 1.70843
5.68355 1.57076
5.55988 1.52863
5.31287 1.49586
5.35611 1.48809
5.21355 1.39719
5.28945 1.48609
5.15763 1.41593
5.23473 1.47966
5.06018 1.34117
5.04385 1.32475
4.85625 1.18572
4.77265 1.19467
4.61029 1.08349
4.40457 0.98948
4.42816 1.01398
4.31972 0.909448
4.42598 0.976003
4.32833 0.820539
4.33314 0.755295
4.24998 0.598093
4.2475 0.320354
4.22483 0.299142
4.24372 0.101546
4.1477 0.0643481
4.26896 0.205927
4.19668 0.164126
4.29761 0.325878
4.27841 0.296799
4.42998 0.473589
4.46371 0.563669
4.67545 0.747179
4.89601 1.05029
4.90174 1.05665
5.08135 1.20266
4.97322 1.17313
4.92612 1.26151
4.89225 1.46334
4.80622 1.38588
4.61452 1.51354
4.59925 1.50718
4.40177 1.72807
4.34699 1.8101
4.24002 2.04501
4.22281 2.18302
4.20655 2.23157
4.17666 2.53862
4.14227 2.72415
4.14243 2.76772
4.111 2.99015
3.98861 3.08046
4.02522 3.1226
3.9419 3.17697
3.9991 3.00928
3.99024 3.01191
4.18876 2.83364
4.1888 2.83457
4.39645 2.77471
4.35608 2.839
4.49921 2.78347
4.48677 2.96951
4.5328 2.83354
4.53061 2.88025
4.56519 2.56209
4.585 2.35008
4.58435 2.04486
4.54296 2.02959
4.53901 1.83853
4.44325 1.64246
4.47597 1.68659
4.43192 1.5117
4.45059 1.5663
4.41097 1.26346
4.4128 1.22396
4.46232 0.957592
4.48031 0.913758
4.55434 0.669994
4.50074 0.660028
4.50966 0.552609
4.33668 0.613811
4.34805 0.610126
4.11071 0.693068
4.06326 0.702827
3.85783 0.752065
3.87825 0.745993
3.55136 0.818164
3.6134 0.814397
3.38262 0.945833
3.42692 0.927893
3.14839 1.07299
3.16502 1.05686
2.97038 1.16702
3.02846 1.10268
2.91122 1.27399
2.95536 1.20052
2.86594 1.3706
2.89417 1.3112
2.76134 1.49308
2.74824 1.50169
2.57625 1.64019
2.61242 1.59601
2.46305 1.73161
2.42806 1.76156
2.24083 1.97593
2.35255 2.05968
2.23368 2.14352
2.37076 2.40645
2.38574 2.4262
2.45301 2.6539
2.45409 2.58219
2.46359 2.76159
2.467 2.67252
2.40981 2.83771
2.42596 2.75809
2.32585 2.91244
2.35274 2.92345
2.20807 3.03497
2.32855 3.14918
2.30347 3.10029
2.39349 3.28881
2.36944 3.24283
2.49212 3.43956
2.48242 3.41934
2.61214 3.65387
2.77618 3.77028
2.68218 3.78282
2.89605 3.92448
2.91708 3.93481
3.15601 4.07821
3.16956 4.0888
3.32244 4.21205
3.25704 4.16506
3.40385 4.03685
3.3295 4.06659
3.29874 3.8235
3.29848 3.84344
3.25963 3.58426
3.25697 3.56065
3.159 3.31732
3.22524 3.1396
3.08863 3.08338
3.06151 2.81332
3.06049 2.82759
3.14051 2.58472
3.16244 2.54627
3.30686 2.38467
3.31339 2.38096
3.57187 2.25822
3.57903 2.30336
3.73556 2.23923
3.98238 2.26264
3.99606 2.26104
4.21142 2.31482
4.25059 2.32722
4.46834 2.41383
4.44228 2.3967
4.69477 2.56804
4.65396 2.59748
4.84558 2.69051
4.85341 2.90522
4.8716 2.83705
4.87526 3.03399
4.87782 2.98994
4.8903 3.20257
4.8487 3.22466
4.92716 3.41366
4.79635 3.54322
4.79683 3.54774
4.65251 3.79757
4.69303 3.73656
4.67292 3.90647
4.65303 3.88483
4.71703 3.90062
4.56238 3.86875
4.63561 3.79913
4.46891 3.69623
4.51065 3.69325
4.31539 3.6775
4.3437 3.67067
4.15682 3.69544
3.93026 3.68238
3.96271 3.68043
3.75092 3.67812
3.77783 3.67659
3.55404 3.66799
3.56744 3.66708
3.28593 3.67746
3.29156 3.67876
3.05519 3.69493
3.08612 3.6483
2.94874 3.64468
3.01689 3.445
3.0102 3.43917
3.16188 3.20489
3.2122 3.14086
3.4479 2.83449
3.47794 2.8006
3.64235 2.56035
3.68156 2.49142
3.80101 2.20451
3.80512 2.18316
3.8534 1.93595
3.80657 1.79958
3.82844 1.77604
3.77255 1.53676
3.77368 1.53946
3.72618 1.31058
3.72918 1.31658
3.68845 1.1359
3.67317 1.07185
3.59854 0.872535
3.63356 0.907131
3.45584 0.749031
3.4952 0.758462
3.20172 0.775688
3.15923 0.791414
2.76759 0.944248
2.73511 0.9651
2.47574 1.04128
2.52944 1.01729
2.4022 1.05752
2.5434 0.996727
2.47534 1.05123
2.63256 0.952673
2.59037 0.984344
2.80361 0.826789
2.84364 0.787514
3.08491 0.532813
3.0958 0.528106
3.21226 0.32704
3.17072 0.349704
3.21156 0.166557
3.1798 0.19278
3.04147 0.272218
3.09913 0.489698
3.06145 0.476629
3.16698 0.750679
3.20937 0.924279
3.24277 0.975001
3.28839 1.26652
3.28367 1.26319
3.23143 1.62951
3.21869 1.6749
3.0675 1.97478
3.02763 2.03179
2.87562 2.17552
2.96176 2.12585
2.79798 2.19502
2.88605 2.17865
2.62219 2.12768
2.6519 2.15352
2.52783 2.01955
2.6939 2.0498
2.67852 1.99358
2.99195 2.08295
3.00899 2.09012
3.25029 2.23961
3.23856 2.2283
3.48457 2.4437
3.38925 2.51358
3.50907 2.52918
3.44476 2.71852
3.54567 2.72793
3.38941 2.82884
3.50994 3.03617
3.44945 2.97728
3.66551 3.10894
3.66635 3.10982
4.01035 3.18931
4.19595 3.21449
4.55197 3.22644
4.63734 3.21834
4.86592 3.14006
4.9078 3.11293
5.09186 2.93016
5.06865 2.95114
5.21616 2.79191
5.14512 2.84822
5.26984 2.74802
5.21512 2.80056
5.42249 2.6887
5.34122 2.69309
5.55814 2.665
5.54664 2.65448
5.61002 2.64201
5.60702 2.64827
5.81791 2.57959
5.78957 2.6165
5.9296 2.45345
5.91065 2.51907
5.82569 2.33714
5.83879 2.39002
5.70567 2.18192
5.71795 2.25405
5.65181 2.10088
5.6769 2.18684
5.63874 2.00738
5.64653 2.02877
5.66775 1.80124
5.67038 1.80929
5.72503 1.60249
5.6068 1.64393
5.4282 1.49841
5.44766 1.5051
5.28353 1.37414
5.33792 1.44995
5.20979 1.37697
5.2844 1.46263
5.14057 1.38279
5.17917 1.40514
4.95225 1.22543
4.9722 1.25505
4.69642 1.08313
4.54552 1.03604
4.5316 1.03548
4.35006 0.90374
4.43622 0.977865
4.35251 0.862624
4.4326 0.906448
4.28523 0.628975
4.27977 0.466317
4.24682 0.455453
4.23329 0.164305
4.18069 0.221045
4.27012 0.121493
4.2041 0.0874125
4.30139 0.24949
4.25585 0.197393
4.38832 0.375368
4.36316 0.356167
4.58468 0.623813
4.74737 0.861544
4.82689 0.934209
5.02424 1.11363
4.99007 1.10307
5.10525 1.20174
4.95375 1.39375
4.90488 1.32883
4.72188 1.49142
4.7275 1.43947
4.51285 1.61105
4.49433 1.62965
4.29742 1.93579
4.31241 1.93093
4.25572 2.05199
4.19745 2.36636
4.18719 2.40393
4.17197 2.59235
4.12366 2.90151
4.07416 2.86017
4.12212 3.0598
3.96744 3.23432
4.02574 3.07103
3.95998 3.13859
4.09494 2.92652
4.09584 2.93172
4.32231 2.81387
4.27361 2.83095
4.48652 2.80384
4.44659 2.9079
4.52495 2.83991
4.53444 2.96863
4.55448 2.74727
4.56167 2.69715
4.5945 2.21532
4.59332 2.17966
4.56821 1.89687
4.42777 1.77772
4.51385 1.75764
4.46294 1.55212
4.48077 1.63766
4.43771 1.43182
4.43372 1.39663
4.44104 1.09185
4.45168 1.09227
4.52687 0.786931
4.52377 0.801591
4.56119 0.539206
4.38492 0.604481
4.45098 0.541779
4.21504 0.63382
4.23056 0.630724
3.92817 0.704523
3.9805 0.69546
3.74434 0.763832
3.68041 0.778194
3.48669 0.861284
3.49276 0.867591
3.30274 0.981113
3.26264 1.00089
3.03867 1.10471
3.07226 1.07829
2.931 1.19624
2.96604 1.15051
2.8697 1.305
2.90146 1.24025
2.80093 1.40897
2.8188 1.37081
2.6316 1.56986
2.66097 1.53495
2.49692 1.6661
2.52998 1.61426
2.32683 1.85103
2.33956 1.8837
2.21745 2.05883
2.30873 2.25586
2.2943 2.29507
2.39401 2.56105
2.3963 2.53127
2.42239 2.71351
2.42865 2.63108
2.40671 2.79342
2.41345 2.70266
2.34016 2.86245
2.3643 2.78293
2.23935 2.9969
2.34249 3.04844
2.20601 3.09227
2.32702 3.23333
2.30389 3.18769
2.41389 3.37041
2.39657 3.34405
2.52806 3.54649
2.56511 3.52722
2.64512 3.73749
2.78551 3.86986
2.77036 3.87494
3.01874 4.0238
3.02964 4.03043
3.24428 4.20136
3.19518 4.16671
3.38867 4.13464
3.31605 4.13953
3.32005 3.93182
3.30795 3.95829
3.26867 3.71166
3.27137 3.71885
3.19448 3.44087
3.24727 3.4196
3.12241 3.22723
3.0985 2.94864
3.06027 2.94842
3.08884 2.6955
3.08739 2.70894
3.24344 2.43814
3.20976 2.47861
3.43442 2.32093
3.44902 2.31442
3.69764 2.23868
3.85593 2.30057
3.84794 2.24932
4.12727 2.29324
4.07975 2.28457
4.37631 2.37669
4.34468 2.35943
4.55609 2.46951
4.58527 2.4889
4.77901 2.64861
4.74482 2.78051
4.87128 2.7713
4.89316 2.97042
4.90162 2.90148
4.90242 3.12278
4.9117 3.06918
4.91478 3.3425
4.79389 3.39149
4.92001 3.48882
4.74508 3.67253
4.73465 3.69031
4.69954 3.8715
4.73947 3.7889
4.72403 3.99977
4.59289 3.95393
4.68963 3.91412
4.50094 3.78845
4.57377 3.78142
4.37785 3.71808
4.44351 3.72038
4.22045 3.726
4.03402 3.72781
4.06085 3.717
3.83149 3.7126
3.88196 3.711
3.64488 3.70056
3.68524 3.70019
3.43414 3.68909
3.42037 3.69081
3.16029 3.71069
3.18963 3.70826
2.96078 3.69873
3.0299 3.53667
2.96116 3.56807
3.07958 3.32325
3.08703 3.31736
3.29427 3.03355
3.3657 2.94171
3.55557 2.69002
3.56755 2.67286
3.73373 2.3668
3.74832 2.32891
3.83008 2.05038
3.79575 2.05813
3.85861 1.92426
3.79674 1.64471
3.80387 1.66818
3.74655 1.40711
3.75496 1.44258
3.70117 1.18441
3.72274 1.26658
3.62973 0.943922
3.65509 0.995228
3.54084 0.808871
3.56951 0.822037
3.36057 0.747312
3.33478 0.752311
3.03072 0.833113
2.89045 0.888049
2.6018 0.987037
2.59861 0.985103
2.39435 1.01841
2.50391 0.968585
2.40988 1.01732
2.55927 0.94536
2.50178 0.986589
2.68436 0.8873
2.68147 0.884528
2.92552 0.680056
2.98154 0.619804
3.14005 0.400457
3.12323 0.428654
3.18829 0.215751
3.11328 0.259258
3.04644 0.209415
3.14317 0.360075
3.05585 0.36246
3.10614 0.603378
3.109 0.629435
3.16866 0.796196
3.25365 1.10896
3.26353 1.13444
3.26126 1.3957
3.24588 1.49589
3.15248 1.79186
3.12096 1.85148
2.9145 2.10434
2.96829 2.07819
2.83737 2.17676
2.92124 2.14145
2.75259 2.16274
2.75236 2.16115
2.54123 2.07726
2.63661 2.09847
2.56362 2.01678
2.80722 2.03232
2.86264 2.04629
3.12129 2.16396
3.13469 2.17106
3.33747 2.31929
3.37206 2.37019
3.52135 2.4888
3.42767 2.63612
3.50913 2.60054
3.43037 2.79699
3.50096 2.90382
3.42828 2.92943
3.55513 3.06031
3.54332 3.05298
3.79517 3.14813
3.87768 3.16785
4.32971 3.22755
4.41765 3.23111
4.76965 3.19472
4.74961 3.20741
5.01901 3.03746
5.01435 3.03995
5.1803 2.87632
5.14186 2.9039
5.26696 2.7915
5.20132 2.86364
5.33937 2.74933
5.31065 2.76322
5.47527 2.68345
5.42843 2.70016
5.65245 2.68135
5.68786 2.67322
5.73876 2.62169
5.70166 2.64702
5.89815 2.5373
5.87877 2.57786
5.90439 2.38482
5.90866 2.44286
5.78884 2.26525
5.79113 2.28566
5.71555 2.11967
5.72969 2.21041
5.67741 2.05244
5.70455 2.12456
5.68088 1.89884
5.68587 1.93441
5.72958 1.68863
5.68622 1.73116
5.56107 1.51755
5.54548 1.56404
5.36859 1.39642
5.40251 1.43663
5.27603 1.33066
5.33545 1.42463
5.19291 1.36418
5.26918 1.4218
5.08146 1.31287
5.06598 1.29704
4.86556 1.17326
4.81287 1.15022
4.67981 1.04164
4.43969 0.937414
4.464 0.97502
4.36612 0.863195
4.4698 0.928251
4.37301 0.785985
4.37794 0.726278
4.29035 0.58513
4.24356 0.321095
4.23415 0.2987
4.23737 0.0991808
4.17161 0.0724966
4.31333 0.165718
4.25535 0.123224
4.35779 0.28498
4.3321 0.253295
4.45944 0.449936
4.51424 0.509356
4.69526 0.737661
4.9431 1.00173
4.94287 1.00666
5.12159 1.13072
4.98822 1.26783
5.03529 1.28692
4.81795 1.43133
4.82423 1.40432
4.62564 1.52714
4.61957 1.52936
4.42446 1.74446
4.3713 1.82351
4.27081 2.04787
4.24208 2.18569
4.22573 2.23498
4.18632 2.53832
4.14984 2.72491
4.14522 2.76885
4.10799 2.99024
3.99 3.08447
4.05054 3.12869
3.97646 3.19607
4.03926 3.03006
4.02934 3.04382
4.2203 2.88101
4.2075 2.88374
4.40786 2.82471
4.36348 2.85791
4.55538 2.82899
4.52308 2.9743
4.55479 2.83578
4.56062 2.88153
4.57429 2.56334
4.58949 2.34962
4.59355 2.04527
4.54183 2.02866
4.54691 1.83993
4.47758 1.62823
4.5044 1.67996
4.46175 1.50462
4.47781 1.56009
4.4406 1.26241
4.44128 1.22624
4.48513 0.962105
4.50108 0.91883
4.55144 0.670074
4.50111 0.659424
4.49847 0.532595
4.3219 0.579222
4.33296 0.569332
4.09758 0.650195
4.05526 0.660815
3.84718 0.712433
3.86594 0.706611
3.54792 0.800751
3.59938 0.788037
3.36778 0.917032
3.40947 0.899425
3.13614 1.04628
3.1521 1.03263
2.95266 1.1396
3.0084 1.08637
2.86798 1.24242
2.91206 1.17746
2.81239 1.34089
2.84114 1.28073
2.71778 1.45945
2.71047 1.46104
2.54392 1.60098
2.57677 1.558
2.43262 1.7069
2.40209 1.73968
2.23828 1.97205
2.35057 2.07731
2.22499 2.15074
2.32244 2.42649
2.33196 2.44183
2.37102 2.66327
2.37736 2.58688
2.38051 2.75656
2.38631 2.66058
2.34367 2.81752
2.35343 2.72871
2.28564 2.89191
2.31614 2.8866
2.20927 3.06619
2.30638 3.18165
2.21311 3.16201
2.34064 3.31697
2.31683 3.27744
2.44591 3.46906
2.43441 3.4501
2.58409 3.66027
2.64401 3.6347
2.66126 3.81863
2.87347 3.96115
2.89381 3.97426
3.11905 4.13078
3.12525 4.13894
3.32575 4.19852
3.26697 4.19165
3.33418 4.00637
3.31226 4.06599
3.2776 3.82736
3.28301 3.84529
3.22708 3.59197
3.22429 3.57192
3.15564 3.32128
3.1878 3.10981
3.09511 3.083
3.0612 2.81402
3.05961 2.82668
3.14771 2.58884
3.17067 2.55113
3.31677 2.39729
3.3216 2.39396
3.57617 2.27091
3.58727 2.31537
3.73372 2.24465
3.98055 2.27116
3.99489 2.27005
4.20857 2.3229
4.24861 2.33481
4.466 2.41725
4.44026 2.40133
4.69389 2.56805
4.65805 2.59005
4.86148 2.71378
4.86173 2.90536
4.90523 2.83657
4.91933 3.03471
4.93121 2.9915
4.92713 3.20269
4.89821 3.20913
4.91678 3.44589
4.81239 3.56932
4.85395 3.59372
4.73791 3.82467
4.76593 3.75464
4.7419 3.92327
4.69508 3.86853
4.71214 4.01591
4.55878 3.88346
4.60651 3.87162
4.43953 3.77499
4.49734 3.7796
4.31203 3.74824
4.33555 3.79538
4.1631 3.76524
3.92915 3.74377
3.96274 3.74151
3.74907 3.73105
3.77591 3.73044
3.55182 3.71633
3.56587 3.71575
3.28904 3.71938
3.2943 3.72087
3.05633 3.7254
3.08996 3.66164
2.95923 3.65099
3.01824 3.4464
3.01603 3.44167
3.16452 3.20755
3.21511 3.14215
3.44534 2.83345
3.47594 2.79829
3.63255 2.55522
3.66934 2.48477
3.7846 2.1995
3.78884 2.1783
3.84613 1.93353
3.80646 1.80039
3.82605 1.77587
3.77518 1.53688
3.776 1.53824
3.72792 1.31093
3.73066 1.31553
3.68675 1.13709
3.66983 1.0722
3.59212 0.876495
3.62887 0.91042
3.45312 0.754846
3.4939 0.764206
3.20176 0.771476
3.15618 0.78492
2.75823 0.912126
2.72485 0.932985
2.46433 0.990772
2.51704 0.963549
2.37015 0.981688
2.50096 0.918494
2.42558 0.959115
2.59625 0.890997
2.5535 0.917935
2.77293 0.786046
2.81095 0.750319
3.0391 0.498356
3.04612 0.496585
3.14832 0.29662
3.11829 0.33048
3.15584 0.131776
3.17951 0.222306
3.06489 0.2517
3.08826 0.492167
3.07358 0.473711
3.14539 0.758081
3.19226 0.92779
3.21688 0.980419
3.2559 1.26792
3.25164 1.26236
3.19687 1.62028
3.18483 1.66214
3.03034 1.94976
2.99509 1.99767
2.85004 2.14056
2.94373 2.09575
2.79055 2.16966
2.88552 2.14842
2.62416 2.1232
2.66174 2.13515
2.51244 2.04892
2.69549 2.03874
2.67427 2.01821
2.98427 2.10179
2.99868 2.11065
3.23938 2.2542
3.22812 2.24237
3.47802 2.45172
3.3882 2.50082
3.5063 2.528
3.44537 2.71805
3.51397 2.69266
3.375 2.8619
3.51145 3.0341
3.44253 2.98824
3.66243 3.11369
3.66557 3.11528
4.00938 3.19084
4.19656 3.21551
4.55127 3.22664
4.6381 3.21861
4.86915 3.14753
4.91568 3.1223
5.12807 2.96966
5.10416 2.98622
5.26372 2.84892
5.19599 2.9048
5.31845 2.79918
5.26734 2.86196
5.43868 2.72474
5.3729 2.76944
5.56202 2.69496
5.52234 2.71208
5.79153 2.69252
5.7999 2.68022
5.82589 2.59763
5.80078 2.62892
5.94231 2.46024
5.93264 2.5155
5.86866 2.3153
5.88144 2.36169
5.78203 2.15227
5.79234 2.22911
5.7288 2.07672
5.75291 2.16278
5.71042 1.991
5.72221 2.02598
5.72746 1.80735
5.72885 1.82232
5.64684 1.6034
5.64744 1.6196
5.46975 1.45386
5.48136 1.46824
5.35303 1.31243
5.39434 1.39292
5.2513 1.32074
5.32152 1.40071
5.16415 1.33907
5.20631 1.36069
4.96693 1.20725
4.98884 1.22499
4.74399 1.03564
4.55853 0.985376
4.56561 0.982358
4.39399 0.861125
4.47795 0.936472
4.39984 0.814324
4.48248 0.862728
4.32701 0.602665
4.29295 0.451462
4.27086 0.451973
4.2358 0.165017
4.21512 0.231011
4.30468 0.0853834
4.23592 0.056716
4.3614 0.204639
4.31476 0.158398
4.42795 0.346494
4.41373 0.324301
4.61505 0.59717
4.81855 0.78936
4.86166 0.895704
5.0686 1.05213
4.99007 1.10668
5.08641 1.17709
4.92084 1.35601
4.93033 1.35891
4.71303 1.47854
4.74012 1.45808
4.53339 1.63157
4.51678 1.64777
4.32375 1.94846
4.34078 1.93394
4.28436 2.05886
4.2127 2.36803
4.20294 2.40567
4.18133 2.59498
4.12533 2.90106
4.07947 2.85962
4.12235 3.06553
3.97808 3.24105
4.05703 3.08938
3.9996 3.15774
4.13687 2.96439
4.1261 2.97587
4.33948 2.86241
4.28504 2.87754
4.49704 2.85174
4.45187 2.9136
4.57537 2.85126
4.56377 2.96917
4.57497 2.74861
4.58345 2.69672
4.60521 2.21685
4.59989 2.17881
4.57385 1.89885
4.46635 1.7378
4.52953 1.75142
4.49139 1.5469
4.50802 1.63005
4.46547 1.42697
4.46243 1.39431
4.46677 1.095
4.47597 1.09548
4.5387 0.790541
4.53512 0.802767
4.54229 0.532231
4.38076 0.595989
4.43843 0.513686
4.20104 0.59104
4.21649 0.589076
3.92163 0.664767
3.96845 0.656141
3.73497 0.733441
3.6727 0.752748
3.47445 0.83565
3.4777 0.840924
3.28727 0.953664
3.24825 0.973436
3.02636 1.07804
3.05772 1.05691
2.90227 1.16768
2.93687 1.12784
2.81979 1.2742
2.85406 1.21386
2.74945 1.37802
2.76953 1.33618
2.59622 1.53047
2.62476 1.4945
2.46712 1.63448
2.49413 1.5882
2.31118 1.8377
2.33148 1.87619
2.21798 2.06017
2.28239 2.27149
2.26229 2.30708
2.32293 2.57522
2.32707 2.53701
2.33837 2.71476
2.34843 2.62678
2.33094 2.78227
2.3312 2.68441
2.28323 2.84249
2.29011 2.75829
2.23322 2.99147
2.3216 2.99369
2.18353 3.12891
2.27841 3.27867
2.2309 3.24061
2.36509 3.40213
2.34842 3.37758
2.49173 3.57088
2.49144 3.56388
2.61949 3.76613
2.78932 3.85701
2.74966 3.9107
2.98846 4.06867
2.99702 4.07615
3.23544 4.21465
3.19213 4.20272
3.33508 4.07661
3.29551 4.13434
3.28779 3.93456
3.28795 3.96066
3.24184 3.7181
3.24688 3.72418
3.17764 3.44663
3.23295 3.43035
3.13245 3.23151
3.0771 2.95052
3.06308 2.9477
3.09259 2.69712
3.09085 2.70984
3.254 2.44658
3.21841 2.48784
3.44116 2.33413
3.45502 2.32744
3.69979 2.24316
3.8525 2.30601
3.84769 2.25631
4.12481 2.3016
4.0782 2.29325
4.37351 2.38248
4.34253 2.36599
4.55377 2.47198
4.58458 2.49107
4.77647 2.65209
4.73044 2.74029
4.89409 2.77564
4.92653 2.96856
4.93581 2.90203
4.94651 3.12432
4.96001 3.0731
4.92596 3.33991
4.86105 3.32436
4.93674 3.52022
4.81092 3.72031
4.81648 3.7165
4.77125 3.88823
4.79791 3.80188
4.73368 3.99652
4.62765 3.9123
4.64904 3.98208
4.47554 3.84475
4.54529 3.85677
4.36445 3.79428
4.43273 3.80574
4.20357 3.81671
4.04276 3.82348
4.05785 3.77996
3.83155 3.76727
3.87785 3.76699
3.64369 3.75026
3.68105 3.75059
3.43354 3.73477
3.42192 3.73414
3.16258 3.74376
3.18927 3.73966
2.96844 3.71739
3.03067 3.53798
2.96865 3.57055
3.08335 3.32616
3.09227 3.32004
3.29588 3.03562
3.36542 2.94063
3.54913 2.68641
3.56194 2.66875
3.7201 2.36109
3.7336 2.32309
3.81814 2.04785
3.78729 2.05358
3.84975 1.91841
3.79733 1.6453
3.80359 1.66752
3.74884 1.40734
3.7571 1.4414
3.70089 1.1852
3.72383 1.26554
3.62463 0.946377
3.65153 0.996264
3.53681 0.813473
3.56573 0.826906
3.36101 0.7495
3.33412 0.752643
3.02671 0.818224
2.88326 0.86479
2.59189 0.946976
2.59133 0.948981
2.38334 0.963915
2.48059 0.906343
2.36762 0.928286
2.52084 0.865311
2.46325 0.904603
2.6539 0.829657
2.64684 0.830508
2.88908 0.641827
2.93885 0.586814
3.08242 0.367914
3.06258 0.3992
3.12999 0.1973
3.07918 0.241311
3.05278 0.181965
3.10264 0.379219
3.06814 0.360708
3.10255 0.603506
3.10972 0.629964
3.14622 0.803025
3.22552 1.11313
3.23362 1.13681
3.22793 1.39322
3.21228 1.48818
3.116 1.77593
3.08604 1.829
2.88524 2.07264
2.94006 2.04267
2.8185 2.14052
2.91058 2.11239
2.75258 2.14449
2.75583 2.14191
2.53656 2.09027
2.64142 2.08133
2.56261 2.03339
2.80271 2.05268
2.85552 2.06851
3.111 2.18186
3.12382 2.18839
3.32786 2.33034
3.36768 2.37749
3.5211 2.50571
3.42605 2.63405
3.48767 2.59196
3.4257 2.79213
3.50751 2.8732
3.41357 2.94407
3.55046 3.06594
3.54009 3.06154
3.79348 3.15169
3.87783 3.17134
4.32891 3.22858
4.41838 3.23174
4.76972 3.19954
4.75059 3.20779
5.03437 3.0623
5.03415 3.06381
5.22206 2.92469
5.18115 2.95317
5.31589 2.84726
5.25342 2.91519
5.38253 2.79549
5.34906 2.82299
5.50051 2.73201
5.45051 2.76743
5.65526 2.70771
5.66085 2.71717
5.90811 2.68018
5.89651 2.6813
5.90202 2.54268
5.88919 2.58216
5.93403 2.38251
5.93649 2.42969
5.85154 2.2321
5.8564 2.26253
5.79181 2.09612
5.80469 2.18593
5.75147 2.02979
5.78011 2.10426
5.7485 1.89562
5.75662 1.9371
5.70964 1.69073
5.71839 1.7155
5.56976 1.51166
5.5801 1.52808
5.4309 1.34519
5.45972 1.39182
5.32363 1.28028
5.37781 1.36174
5.2211 1.31351
5.2945 1.36547
5.1007 1.27986
5.08552 1.26743
4.89185 1.13399
4.84307 1.12434
4.6909 0.998118
4.47366 0.886278
4.50715 0.930983
4.41117 0.821463
4.51143 0.886668
4.41743 0.746734
4.41721 0.700389
4.34064 0.545534
4.25878 0.319533
4.25017 0.297228
4.26296 0.106923
4.18175 0.136123
4.35431 0.117285
4.30247 0.0854168
4.41001 0.251212
4.38324 0.221245
4.50373 0.422204
4.60817 0.464358
4.73358 0.687063
4.98758 0.938497
4.96942 0.963529
5.1203 1.07973
4.97688 1.25252
5.01638 1.2635
4.815 1.42514
4.82992 1.41511
4.64074 1.54646
4.63741 1.5487
4.44783 1.76148
4.39681 1.83734
4.29837 2.05999
4.26401 2.19028
4.24626 2.23935
4.19715 2.53853
4.15662 2.72566
4.14737 2.76991
4.10796 2.98952
3.99036 3.08183
4.06324 3.1389
3.99934 3.2092
4.08417 3.05511
4.06932 3.07895
4.24925 2.92568
4.22717 2.93363
4.41796 2.87307
4.37021 2.89177
4.58026 2.87892
4.52359 2.97375
4.58665 2.83817
4.58408 2.88129
4.5926 2.56405
4.60325 2.34983
4.59983 2.04582
4.55548 2.03057
4.55241 1.83919
4.51328 1.61942
4.52675 1.6751
4.49116 1.49813
4.5054 1.55382
4.46806 1.26144
4.46886 1.22798
4.50472 0.96564
4.51917 0.922089
4.54952 0.670559
4.50313 0.659323
4.4879 0.5172
4.31009 0.548553
4.32083 0.533289
4.08507 0.609471
4.04669 0.619535
3.83726 0.677965
3.8534 0.672937
3.5415 0.774496
3.5862 0.763559
3.35336 0.888098
3.39244 0.872268
3.12305 1.01828
3.13857 1.00666
2.9366 1.11184
2.98982 1.06757
2.83222 1.20991
2.87574 1.15355
2.76141 1.30926
2.79199 1.25202
2.67069 1.42516
2.66974 1.41965
2.51209 1.56515
2.54092 1.52385
2.40446 1.68641
2.37706 1.72218
2.23623 1.96901
2.34752 2.09028
2.21449 2.15713
2.27132 2.43977
2.27673 2.45052
2.29075 2.66494
2.30372 2.58637
2.30233 2.75152
2.30418 2.652
2.27312 2.80405
2.26641 2.71056
2.23878 2.88097
2.25704 2.86063
2.21409 3.07197
2.31449 3.15206
2.17234 3.19845
2.28608 3.36161
2.25715 3.32443
2.40501 3.49792
2.39244 3.4824
2.53923 3.68799
2.57954 3.63928
2.6572 3.84189
2.8508 3.99705
2.86696 4.01461
3.09871 4.16186
3.10969 4.17137
3.31546 4.15297
3.25527 4.18299
3.29296 4.00138
3.28524 4.06752
3.25165 3.83272
3.26114 3.84968
3.20833 3.5969
3.20422 3.57694
3.15311 3.32399
3.13682 3.09859
3.08894 3.08298
3.06295 2.81471
3.0629 2.82675
3.15449 2.59306
3.17845 2.55604
3.32488 2.40816
3.3287 2.40512
3.57902 2.27936
3.59244 2.32166
3.73255 2.24858
3.97877 2.27878
3.99388 2.27829
4.2059 2.3304
4.24678 2.34218
4.46335 2.42156
4.43795 2.40662
4.69125 2.57049
4.66824 2.57481
4.86343 2.73997
4.84694 2.89999
4.93139 2.83566
4.95833 3.0331
4.97086 2.99358
4.95997 3.20609
4.95544 3.21023
4.92095 3.4431
4.81443 3.57243
4.90278 3.62414
4.81401 3.84947
4.8452 3.7777
4.77939 3.93357
4.75415 3.86512
4.70642 4.01945
4.53493 3.91378
4.57308 3.93515
4.41251 3.84936
4.48017 3.85982
4.30241 3.83225
4.32932 3.85999
4.16887 3.86569
3.92704 3.80397
3.96037 3.80032
3.74584 3.78313
3.77252 3.78327
3.54875 3.7642
3.5633 3.76387
3.29102 3.75762
3.29457 3.76008
3.05694 3.75295
3.0933 3.67161
2.96967 3.65615
3.02207 3.44877
3.02158 3.44394
3.16772 3.21052
3.21826 3.1436
3.44231 2.83212
3.47385 2.79604
3.62474 2.55152
3.65896 2.47919
3.7713 2.19555
3.77577 2.17391
3.83642 1.93
3.80038 1.79492
3.82263 1.77586
3.7764 1.53734
3.77691 1.53733
3.72915 1.31138
3.73167 1.31458
3.6857 1.13814
3.667 1.07244
3.58802 0.879418
3.62573 0.912368
3.45086 0.759895
3.49263 0.768569
3.20175 0.765501
3.15311 0.77689
2.75142 0.88222
2.71652 0.900566
2.4584 0.944753
2.50963 0.922229
2.34792 0.915575
2.46939 0.842671
2.38811 0.873578
2.56538 0.819419
2.52184 0.845334
2.73998 0.735575
2.77295 0.706634
2.98992 0.464018
2.99214 0.46556
3.08385 0.267923
3.0537 0.306228
3.13065 0.118682
3.12353 0.293743
3.06834 0.251455
3.08277 0.492182
3.07831 0.473459
3.11921 0.761909
3.17308 0.932557
3.19064 0.985521
3.22392 1.26874
3.22009 1.26116
3.16146 1.61032
3.15008 1.64811
2.99582 1.92575
2.96486 1.96699
2.82267 2.10365
2.92674 2.06447
2.78292 2.14706
2.86979 2.121
2.62506 2.12195
2.66514 2.12133
2.51047 2.06258
2.6941 2.04792
2.67145 2.03626
2.97585 2.12347
2.989 2.13072
3.22896 2.26867
3.21807 2.25654
3.46984 2.46152
3.38928 2.49457
3.50467 2.52766
3.43714 2.71422
3.4901 2.67658
3.38001 2.90849
3.52304 3.01834
3.43425 3.00273
3.65927 3.11896
3.66471 3.12141
4.00829 3.19323
4.19709 3.21747
4.55064 3.22908
4.63925 3.22139
4.87355 3.15899
4.92467 3.13624
5.15429 3.00845
5.13151 3.02113
5.30405 2.90423
5.24087 2.95622
5.36871 2.85031
5.31762 2.91076
5.47328 2.7775
5.41119 2.82959
5.58009 2.74084
5.53723 2.76746
5.79272 2.70666
5.78123 2.71761
5.98782 2.58558
5.95702 2.66299
5.95059 2.46498
5.94501 2.51434
5.91916 2.29854
5.92652 2.34109
5.85609 2.13024
5.8642 2.20684
5.80311 2.05365
5.82623 2.13893
5.78243 1.972
5.7988 2.01797
5.75351 1.80485
5.75778 1.81394
5.66095 1.59634
5.66375 1.60474
5.51911 1.4107
5.5347 1.4272
5.40023 1.27367
5.44213 1.33907
5.28067 1.27194
5.35093 1.33891
5.18351 1.29349
5.22847 1.31415
4.99294 1.17295
5.01099 1.19149
4.76595 1.01686
4.57498 0.934383
4.59688 0.934397
4.44795 0.812685
4.52187 0.893889
4.44837 0.770378
4.52343 0.825873
4.37546 0.574863
4.32759 0.413894
4.31499 0.439283
4.25826 0.165189
4.21609 0.230626
4.29806 0.0730909
4.23409 0.0620956
4.41086 0.161262
4.36487 0.126868
4.47456 0.316954
4.47927 0.2922
4.68549 0.571694
4.85879 0.72973
4.90284 0.836917
5.09549 1.00358
4.98974 1.10098
5.06746 1.15611
4.91228 1.34513
4.92061 1.34547
4.72412 1.49452
4.75128 1.47378
4.55384 1.65125
4.53819 1.66487
4.35029 1.96118
4.36389 1.94507
4.31354 2.06762
4.22928 2.37054
4.21934 2.40812
4.19076 2.59785
4.12727 2.90066
4.0775 2.86079
4.1219 3.06781
3.97487 3.23734
4.08928 3.1122
4.03471 3.1778
4.17841 3.00411
4.15678 3.02027
4.3575 2.91096
4.29792 2.92867
4.50246 2.89502
4.45784 2.92905
4.61148 2.87488
4.5682 2.96916
4.59624 2.74956
4.60235 2.69597
4.61497 2.21806
4.60959 2.17774
4.58056 1.90068
4.53873 1.73182
4.54625 1.74753
4.51883 1.54306
4.53117 1.62422
4.49258 1.42216
4.49012 1.39188
4.49048 1.09747
4.49454 1.09753
4.54563 0.792475
4.54522 0.802775
4.52891 0.529574
4.37528 0.586603
4.4285 0.489556
4.18998 0.552712
4.20383 0.551194
3.91471 0.628503
3.95608 0.619809
3.72454 0.702854
3.66361 0.72361
3.46197 0.809015
3.46349 0.814809
3.27168 0.926285
3.23378 0.94591
3.01394 1.05102
3.04296 1.03318
2.87817 1.13853
2.91207 1.10444
2.77708 1.24168
2.8125 1.18724
2.69885 1.34595
2.72126 1.30292
2.55939 1.49261
2.58615 1.45554
2.43797 1.60692
2.45911 1.56594
2.29647 1.82708
2.32308 1.86922
2.21809 2.06295
2.25525 2.28299
2.22845 2.31462
2.2521 2.58049
2.25963 2.53637
2.26032 2.71133
2.27299 2.62253
2.25424 2.7745
2.24377 2.67507
2.21459 2.83228
2.20511 2.75304
2.20788 2.98344
2.25853 2.94737
2.18235 3.15825
2.26668 3.29118
2.18272 3.27905
2.3173 3.44225
2.29932 3.41838
2.4491 3.60194
2.447 3.59316
2.59622 3.77051
2.7872 3.86638
2.73221 3.93843
2.96482 4.10361
2.97583 4.11288
3.23835 4.20213
3.19347 4.20413
3.30146 4.05903
3.26805 4.1313
3.25883 3.9379
3.25986 3.96475
3.22047 3.7238
3.2268 3.72789
3.16775 3.44978
3.17985 3.45355
3.12475 3.23032
3.06293 2.95328
3.06119 2.94699
3.09781 2.69916
3.09596 2.71169
3.26287 2.45418
3.22633 2.4964
3.44621 2.34436
3.45998 2.33707
3.70104 2.24612
3.84982 2.30981
3.84754 2.26205
4.12249 2.30923
4.07695 2.30086
4.37072 2.38842
4.34043 2.37267
4.55065 2.47589
4.58308 2.49435
4.77489 2.65307
4.7386 2.6962
4.91685 2.78769
4.94511 2.96723
4.96284 2.90089
4.98244 3.12535
4.99721 3.07916
4.95599 3.34252
4.91193 3.31112
4.94323 3.54225
4.85652 3.74808
4.88607 3.73853
4.82792 3.90885
4.86801 3.83535
4.74963 3.99733
4.6334 3.90915
4.63568 3.99951
4.44236 3.91486
4.51948 3.92718
4.34894 3.87646
4.422 3.8888
4.20808 3.91292
4.03788 3.8472
4.04907 3.85504
3.8297 3.82091
3.87244 3.8215
3.64123 3.79948
3.67599 3.80039
3.43182 3.77841
3.42205 3.77577
3.16311 3.7749
3.18858 3.76604
2.97776 3.73603
3.03172 3.53932
2.9767 3.57302
3.08729 3.32913
3.0973 3.3225
3.29604 3.0366
3.36513 2.93955
3.54395 2.68385
3.55716 2.66524
3.7087 2.35661
3.7214 2.31806
3.80627 2.04519
3.77666 2.04802
3.84036 1.91651
3.79649 1.64618
3.80215 1.66709
3.7502 1.40777
3.75814 1.44045
3.70083 1.18593
3.72442 1.26463
3.62118 0.948341
3.64842 0.997112
3.53388 0.817166
3.56251 0.830831
3.36146 0.751448
3.33332 0.751667
3.02343 0.803004
2.87754 0.842315
2.58448 0.908603
2.58607 0.910091
2.37808 0.908353
2.46655 0.857029
2.33768 0.854976
2.49199 0.791671
2.43317 0.823923
2.62526 0.762842
2.61197 0.768943
2.84874 0.598214
2.89064 0.551443
3.02227 0.336753
3.0012 0.371213
3.07974 0.176532
3.04404 0.218676
3.05767 0.179827
3.07699 0.382753
3.06864 0.36136
3.09284 0.604238
3.10512 0.631082
3.12202 0.811283
3.19759 1.11692
3.20387 1.13869
3.19455 1.39024
3.17835 1.47982
3.08008 1.75953
3.05232 1.80691
2.85536 2.03995
2.91406 2.00898
2.80333 2.11011
2.89699 2.08146
2.73841 2.12823
2.75658 2.12596
2.536 2.09613
2.64096 2.07952
2.56254 2.04534
2.79811 2.07191
2.84858 2.09006
3.10037 2.2008
3.11355 2.20547
3.31787 2.3423
3.36166 2.38662
3.51456 2.52125
3.42242 2.63036
3.47859 2.58934
3.42717 2.79213
3.48694 2.8318
3.40161 2.96765
3.54647 3.07144
3.53619 3.07241
3.79164 3.15609
3.878 3.17481
4.32794 3.23128
4.41915 3.23404
4.7701 3.2075
4.75343 3.2127
5.04739 3.08875
5.05035 3.08914
5.25361 2.9721
5.21278 2.99901
5.36086 2.90221
5.30047 2.96282
5.43163 2.84507
5.39068 2.87993
5.53448 2.78361
5.48282 2.82945
5.66687 2.7449
5.66888 2.75115
5.90069 2.66244
5.8976 2.68136
5.99835 2.53807
5.98875 2.59091
5.96123 2.38377
5.96384 2.4223
5.9148 2.21003
5.91966 2.24545
5.86599 2.07527
5.87776 2.162
5.82494 2.00736
5.85436 2.08218
5.79737 1.88639
5.80942 1.92396
5.72832 1.6857
5.73609 1.70435
5.60662 1.48621
5.61541 1.50036
5.47939 1.3078
5.5091 1.34757
5.35299 1.24228
5.40824 1.30418
5.24102 1.26656
5.31413 1.30932
5.1222 1.23655
5.11154 1.22993
4.91107 1.10588
4.87323 1.09306
4.70179 0.969501
4.51512 0.831298
4.55495 0.88927
4.46032 0.77759
4.555 0.847476
4.46133 0.709871
4.46852 0.667894
4.39255 0.528321
4.29408 0.309372
4.28246 0.294526
4.26254 0.107515
4.19239 0.151498
4.36426 0.0813453
4.32114 0.0650104
4.45932 0.218476
4.43381 0.19184
4.56772 0.389619
4.6455 0.446338
4.77874 0.625297
5.02488 0.886106
4.98763 0.928213
5.10241 1.03302
4.97458 1.24931
5.0015 1.24841
4.81873 1.42875
4.83106 1.41786
4.65675 1.56532
4.65382 1.5657
4.4701 1.77746
4.42197 1.85083
4.33121 2.06282
4.28533 2.19614
4.26761 2.24466
4.20811 2.53922
4.16386 2.72665
4.15175 2.77137
4.10731 2.98895
3.9904 3.07236
4.06996 3.1464
4.01515 3.22092
4.12931 3.08633
4.10502 3.11333
4.27828 2.96978
4.24771 2.9835
4.42923 2.92019
4.37695 2.93455
4.58813 2.91068
4.51927 2.96875
4.60919 2.84412
4.5943 2.88113
4.60881 2.56455
4.61554 2.34964
4.60812 2.04617
4.60088 2.03069
4.58662 1.85438
4.54379 1.61598
4.54721 1.67154
4.51691 1.49342
4.52952 1.54845
4.49407 1.26035
4.49446 1.22899
4.51855 0.96816
4.53199 0.923349
4.54902 0.671247
4.50514 0.658992
4.47601 0.501938
4.30092 0.521787
4.31112 0.501339
4.07391 0.572058
4.03786 0.582172
3.82688 0.644734
3.84038 0.64044
3.53413 0.747054
3.57232 0.737339
3.33966 0.859317
3.37591 0.845971
3.10948 0.98906
3.1248 0.980138
2.92144 1.08365
2.97153 1.0458
2.80262 1.17748
2.84486 1.12889
2.71564 1.27631
2.74722 1.22359
2.62408 1.39163
2.62794 1.3803
2.47921 1.53221
2.50346 1.4928
2.37764 1.66927
2.35295 1.70824
2.23454 1.96656
2.34447 2.09958
2.20317 2.16215
2.21953 2.4459
2.22201 2.45239
2.21641 2.66065
2.23316 2.58258
2.22562 2.74529
2.22458 2.6463
2.19378 2.79678
2.17494 2.70681
2.17839 2.88188
2.1835 2.85414
2.1974 3.0639
2.2704 3.06047
2.15185 3.22693
2.24784 3.39339
2.21109 3.36456
2.35972 3.53528
2.34683 3.51915
2.50843 3.70952
2.57741 3.67516
2.65618 3.85421
2.83403 4.02178
2.84639 4.04627
3.09115 4.17624
3.10786 4.18522
3.29994 4.12681
3.24087 4.17584
3.26424 3.99977
3.25594 4.06945
3.2268 3.83739
3.23587 3.85448
3.19368 3.60055
3.18789 3.57981
3.13356 3.33038
3.06986 3.11073
3.07805 3.08399
3.06434 2.81544
3.0649 2.82656
3.16136 2.59752
3.18591 2.56092
3.33149 2.41731
3.33482 2.41441
3.58108 2.28559
3.59667 2.32626
3.73196 2.2513
3.97705 2.28531
3.99307 2.2855
4.20339 2.33731
4.24513 2.34915
4.46042 2.42666
4.43529 2.41259
4.6889 2.57255
4.67825 2.56377
4.86034 2.74612
4.80887 2.86289
4.95648 2.83614
4.9884 3.02997
4.99986 2.99493
4.99287 3.21067
4.99238 3.21607
4.94316 3.43895
4.81195 3.55125
4.93297 3.64099
4.87339 3.86951
4.91171 3.8074
4.82025 3.95796
4.79869 3.87523
4.71036 4.01588
4.51145 3.95615
4.5544 3.98385
4.38804 3.93319
4.46443 3.9395
4.29558 3.92531
4.33294 3.87139
4.14568 3.92266
3.91776 3.86351
3.95349 3.86552
3.74151 3.83459
3.76787 3.83519
3.54482 3.81075
3.55943 3.81051
3.29172 3.79385
3.29277 3.79731
3.05766 3.77922
3.09517 3.67661
2.98038 3.66048
3.02636 3.45117
3.02763 3.44641
3.17038 3.21309
3.22057 3.14439
3.43891 2.8306
3.47193 2.79398
3.61736 2.54824
3.65029 2.47451
3.75924 2.19204
3.76384 2.16974
3.82698 1.92644
3.79554 1.7928
3.81777 1.77603
3.77656 1.53802
3.77679 1.53664
3.72994 1.31193
3.73216 1.31373
3.68502 1.13908
3.66491 1.07244
3.58493 0.881862
3.62048 0.916233
3.44884 0.764554
3.49135 0.772462
3.20193 0.758946
3.15034 0.768263
2.74641 0.853239
2.71011 0.869467
2.45515 0.896862
2.50679 0.881006
2.33497 0.855945
2.44883 0.784553
2.3606 0.798731
2.53685 0.742903
2.4939 0.770476
2.7063 0.677203
2.73117 0.657296
2.93738 0.428443
2.93356 0.433936
3.02613 0.242012
2.99798 0.279625
3.07681 0.152567
3.06475 0.310515
3.06009 0.25297
3.07781 0.491917
3.07389 0.474738
3.09318 0.761415
3.1541 0.938169
3.16368 0.990511
3.19186 1.26902
3.18856 1.2595
3.12614 1.59984
3.1155 1.63354
2.96165 1.90131
2.93285 1.93447
2.79791 2.0693
2.9025 2.0247
2.77178 2.11956
2.8627 2.08722
2.62591 2.1185
2.6658 2.11284
2.51034 2.0712
2.69245 2.06126
2.6684 2.05449
2.96565 2.14857
2.97936 2.15094
3.21861 2.28352
3.2079 2.27133
3.4589 2.47421
3.38714 2.49135
3.50545 2.5292
3.43512 2.71279
3.45851 2.66506
3.41322 2.93994
3.53179 2.98116
3.4248 3.02321
3.65573 3.12571
3.66357 3.1291
4.00713 3.19617
4.1975 3.22062
4.55002 3.23377
4.64064 3.22675
4.87821 3.17322
4.93304 3.15242
5.17375 3.04553
5.15285 3.05562
5.33694 2.9576
5.27776 3.00332
5.41677 2.90279
5.36383 2.95701
5.51247 2.83202
5.45312 2.88612
5.60739 2.78929
5.56373 2.82548
5.79505 2.71635
5.78711 2.72748
6.00275 2.60344
5.9749 2.66683
6.01117 2.46196
6.00775 2.5061
5.96568 2.29144
5.97049 2.32847
5.92697 2.11478
5.93327 2.18752
5.87804 2.03113
5.90023 2.11441
5.84319 1.95178
5.86292 1.99967
5.78767 1.7949
5.79061 1.80081
5.68912 1.5822
5.69068 1.58652
5.56285 1.3805
5.5761 1.39599
5.43185 1.24192
5.47498 1.2897
5.30078 1.22948
5.37092 1.28253
5.20085 1.24379
5.25034 1.2632
5.01434 1.14229
5.03148 1.15716
4.78573 0.99573
4.7009 0.873891
4.62782 0.897838
4.50547 0.768102
4.5662 0.854523
4.49527 0.731022
4.56464 0.790212
4.42435 0.544694
4.36482 0.400413
4.36104 0.421829
4.27485 0.163869
4.25141 0.237919
4.29392 0.0689156
4.2337 0.072168
4.43716 0.125574
4.39811 0.102791
4.52945 0.281185
4.52633 0.265459
4.74984 0.525348
4.88862 0.696403
4.94379 0.783376
5.11558 0.955777
4.99798 1.1119
5.04873 1.14147
4.91096 1.34292
4.91556 1.3407
4.73582 1.50762
4.76025 1.48521
4.57333 1.6689
4.55835 1.68082
4.37832 1.97422
4.39356 1.94775
4.34159 2.07797
4.24621 2.37378
4.23663 2.41149
4.20025 2.60094
4.12939 2.90033
4.08082 2.86078
4.12102 3.08059
3.95998 3.21536
4.11772 3.13962
4.06306 3.19921
4.21656 3.04486
4.18632 3.0629
4.37637 2.95946
4.31265 2.97968
4.50781 2.93203
4.46512 2.95538
4.62712 2.89461
4.56481 2.96725
4.60914 2.7511
4.61109 2.69541
4.62577 2.21917
4.62081 2.17643
4.61919 1.90109
4.58056 1.72364
4.57415 1.74329
4.54233 1.54075
4.55219 1.61945
4.51721 1.41815
4.51531 1.3895
4.51045 1.09909
4.51172 1.09886
4.54565 0.793185
4.55415 0.802025
4.51728 0.528677
4.37477 0.584878
4.42033 0.468212
4.1814 0.518707
4.1927 0.517123
3.90753 0.594071
3.94385 0.586017
3.71348 0.672462
3.65348 0.693331
3.44895 0.78102
3.44924 0.787754
3.25611 0.898659
3.2195 0.91818
3.00145 1.02387
3.02809 1.00779
2.85698 1.10911
2.88959 1.07967
2.74106 1.2086
2.77637 1.16037
2.65199 1.31336
2.67573 1.27137
2.52184 1.45693
2.54615 1.41975
2.40824 1.58258
2.424 1.54688
2.28255 1.81857
2.31411 1.86265
2.21786 2.06642
2.22836 2.29058
2.19452 2.31743
2.18575 2.57815
2.19644 2.5313
2.18601 2.70467
2.19918 2.61711
2.17426 2.76712
2.15697 2.67119
2.13863 2.83255
2.12423 2.76273
2.16212 2.98326
2.16832 2.93629
2.18068 3.15575
2.28191 3.24156
2.15064 3.30575
2.2728 3.47998
2.25438 3.45761
2.41199 3.63265
2.41249 3.62051
2.58577 3.80577
2.75994 3.93398
2.72116 3.95552
2.95033 4.12581
2.96633 4.13689
3.23868 4.18931
3.1915 4.2001
3.27748 4.05018
3.24475 4.12919
3.23082 3.94101
3.23096 3.9682
3.19983 3.72866
3.20734 3.73071
3.14999 3.45454
3.09757 3.45621
3.08657 3.24054
3.05562 2.95504
3.05711 2.94612
3.10277 2.70127
3.10058 2.71342
3.27035 2.46092
3.23346 2.50403
3.45008 2.35241
3.46424 2.34456
3.70182 2.24832
3.84745 2.31287
3.84752 2.2666
4.12033 2.31604
4.07598 2.30738
4.36798 2.39428
4.33838 2.3794
4.54745 2.48004
4.58143 2.49785
4.7773 2.64932
4.75247 2.67201
4.92919 2.81139
4.93512 2.96526
4.99005 2.8991
5.01364 3.12508
5.02493 3.08378
4.98516 3.34675
4.92223 3.30975
4.94254 3.56003
4.87529 3.75847
4.93364 3.75332
4.87883 3.93408
4.91271 3.86534
4.77225 4.00341
4.62141 3.91987
4.62762 4.01643
4.42406 3.99572
4.5022 3.9972
4.33716 3.97
4.41927 3.96811
4.21992 3.93739
4.04183 3.843
4.03744 3.91649
3.82314 3.87724
3.86434 3.87976
3.63759 3.84772
3.66993 3.84918
3.42891 3.82026
3.42056 3.81685
3.1622 3.80629
3.18827 3.78755
2.99084 3.75564
3.03124 3.53989
2.98498 3.57534
3.09122 3.33202
3.102 3.32468
3.29539 3.03701
3.36422 2.93808
3.53899 2.68158
3.55269 2.66202
3.69852 2.35285
3.71062 2.31355
3.79503 2.04264
3.76858 2.04356
3.82968 1.90947
3.79446 1.64725
3.79943 1.66689
3.75082 1.40836
3.75836 1.43968
3.70083 1.18666
3.72466 1.26381
3.61866 0.950007
3.64574 0.997753
3.53024 0.821442
3.55822 0.836426
3.36184 0.753563
3.33254 0.75055
3.0209 0.787654
2.87303 0.820099
2.57923 0.869662
2.58347 0.871117
2.37835 0.855832
2.45971 0.816346
2.31826 0.793625
2.46584 0.720923
2.40606 0.747545
2.59781 0.690907
2.57786 0.702388
2.80539 0.549497
2.83764 0.513188
2.96421 0.306697
2.94011 0.340649
3.02283 0.151128
2.95359 0.196661
2.99618 0.199863
3.06702 0.382961
3.06299 0.362588
3.07804 0.604847
3.09719 0.631302
3.10175 0.818986
3.17054 1.12051
3.17377 1.14011
3.16114 1.38675
3.14452 1.47096
3.04437 1.74256
3.01879 1.78434
2.82543 2.00801
2.88592 1.97338
2.78463 2.07996
2.87868 2.04528
2.73413 2.10763
2.75522 2.10354
2.53604 2.10246
2.63996 2.08321
2.56235 2.05682
2.79271 2.09312
2.84055 2.11255
3.09009 2.21939
3.10343 2.22286
3.3068 2.35597
3.35308 2.3984
3.50342 2.53399
3.42019 2.62756
3.47342 2.58837
3.43071 2.79224
3.45887 2.81803
3.40412 3.00659
3.54436 3.07472
3.5314 3.08713
3.78959 3.16174
3.87794 3.1802
4.3268 3.23567
4.41992 3.23818
4.77051 3.21782
4.75701 3.22071
5.05792 3.11566
5.06354 3.1148
5.27743 3.01786
5.23748 3.04159
5.39911 2.9562
5.34051 3.00828
5.47897 2.89629
5.43272 2.9349
5.57324 2.83597
5.52277 2.88821
5.68631 2.78164
5.6858 2.78712
5.90674 2.67616
5.90528 2.68972
6.03276 2.55022
6.02306 2.5916
6.01517 2.37613
6.01583 2.41156
5.97447 2.19835
5.97871 2.23423
5.93995 2.05752
5.95094 2.13897
5.89244 1.98447
5.92132 2.0559
5.84304 1.87103
5.85719 1.90496
5.7577 1.67486
5.76391 1.68874
5.64354 1.46518
5.6506 1.47666
5.51449 1.28132
5.54176 1.31167
5.37396 1.2076
5.42875 1.25332
5.25746 1.2187
5.33057 1.25458
5.14058 1.1932
5.13556 1.18974
4.93008 1.07552
4.90835 1.03942
4.80082 0.957323
4.58447 0.775095
4.60451 0.852592
4.51477 0.734938
4.60152 0.80624
4.50902 0.672518
4.51083 0.641986
4.45038 0.490326
4.32725 0.296116
4.31766 0.286805
4.27566 0.110023
4.22639 0.180206
4.36353 0.0627379
4.32799 0.0546759
4.50161 0.181747
4.47719 0.161963
4.62151 0.354261
4.68205 0.414213
4.83816 0.576407
5.05845 0.845006
4.99351 0.910561
5.08062 1.01133
4.98022 1.25216
4.99129 1.24049
4.82484 1.43405
4.83468 1.42294
4.67168 1.58061
4.66791 1.57947
4.49198 1.7928
4.44771 1.86408
4.35905 2.07327
4.30774 2.20367
4.28864 2.25072
4.21911 2.54048
4.17158 2.72791
4.15742 2.77321
4.1067 2.98836
3.99851 3.03657
4.07392 3.1524
4.0191 3.22458
4.16807 3.12227
4.13603 3.14713
4.30799 3.01661
4.26861 3.03249
4.44182 2.9635
4.38679 2.98
4.59327 2.93249
4.52538 2.97581
4.62004 2.84937
4.59712 2.88071
4.61811 2.56542
4.62575 2.34934
4.63237 2.04677
4.61992 2.03127
4.62581 1.8457
4.57107 1.61315
4.57253 1.66738
4.53982 1.48986
4.55125 1.5438
4.51696 1.25933
4.5167 1.22912
4.52854 0.969777
4.53677 0.923057
4.54503 0.67217
4.50893 0.658585
4.46318 0.489332
4.29477 0.502571
4.3034 0.47331
4.06416 0.537668
4.02916 0.547687
3.81643 0.612673
3.82725 0.609212
3.52574 0.718421
3.55854 0.710778
3.32651 0.831144
3.35932 0.819335
3.09633 0.960301
3.11081 0.953266
2.90673 1.05487
2.95361 1.02188
2.7772 1.14535
2.81764 1.10334
2.67574 1.24295
2.70728 1.19551
2.57961 1.35916
2.58648 1.34394
2.44543 1.50222
2.46524 1.46555
2.35122 1.6548
2.32937 1.69711
2.23272 1.96424
2.31295 2.09393
2.19179 2.16565
2.17027 2.44533
2.17108 2.4488
2.14739 2.65189
2.1662 2.57601
2.14784 2.73673
2.14456 2.64038
2.11123 2.79307
2.09198 2.71102
2.11379 2.89249
2.11298 2.86271
2.15112 3.06533
2.18258 3.02559
2.15221 3.25262
2.24306 3.39742
2.17395 3.39528
2.31937 3.5704
2.30736 3.5552
2.48302 3.72992
2.4808 3.72878
2.63803 3.88833
2.81391 4.04686
2.83451 4.06638
3.08807 4.18298
3.10851 4.19074
3.28509 4.10961
3.22759 4.17041
3.23654 3.99927
3.2292 4.07117
3.20204 3.84128
3.20963 3.85846
3.17413 3.60484
3.16671 3.58364
3.07906 3.32736
3.0369 3.12021
3.05737 3.08521
3.06538 2.81621
3.06582 2.8261
3.16728 2.60164
3.19238 2.56516
3.33686 2.42495
3.34017 2.42216
3.58269 2.29057
3.60031 2.32982
3.7317 2.2533
3.97543 2.29078
3.99247 2.29159
4.20105 2.34348
4.24371 2.35553
4.45756 2.43175
4.43267 2.41862
4.68827 2.57223
4.67962 2.56328
4.86153 2.74307
4.80178 2.7847
4.98363 2.84446
5.01037 3.02768
5.02459 2.99537
5.02039 3.21387
5.01535 3.22012
4.94889 3.43717
4.85212 3.46638
4.94794 3.65045
4.91925 3.88269
4.95447 3.82814
4.85219 3.98059
4.80411 3.8772
4.71147 4.01386
4.49751 4.01233
4.54765 4.0366
4.37574 4.02811
4.45647 4.02207
4.28955 3.97908
4.26421 3.92029
4.13896 3.92967
3.90738 3.91118
3.94412 3.92529
3.73442 3.8878
3.76113 3.88876
3.53992 3.85585
3.55417 3.85568
3.29103 3.82986
3.28978 3.83216
3.05907 3.80343
3.09319 3.67521
2.99192 3.66398
3.03077 3.45348
3.03456 3.44921
3.17315 3.21567
3.22217 3.14464
3.43402 2.8282
3.46867 2.79113
3.61019 2.54523
3.64246 2.47033
3.74808 2.18889
3.75302 2.16585
3.81575 1.92224
3.78752 1.78631
3.81193 1.77624
3.77565 1.5389
3.77564 1.53614
3.73031 1.31257
3.73221 1.31299
3.68451 1.13998
3.66324 1.07231
3.58168 0.884432
3.61499 0.920248
3.44661 0.769427
3.48964 0.778339
3.20238 0.752519
3.14801 0.75953
2.74291 0.823849
2.70551 0.838041
2.45501 0.850072
2.50769 0.841136
2.33069 0.799034
2.43418 0.734392
2.33622 0.733004
2.51067 0.670072
2.46775 0.696392
2.67252 0.61303
2.68661 0.602755
2.88358 0.391389
2.87445 0.400973
2.96736 0.213359
2.9341 0.24638
3.08364 0.202261
3.07824 0.300008
3.02377 0.260926
3.06608 0.492023
3.0637 0.476171
3.07469 0.758803
3.13716 0.943519
3.1388 0.994985
3.15966 1.26881
3.15683 1.25735
3.09088 1.58881
3.08093 1.61835
2.92775 1.8764
2.90186 1.9035
2.773 2.03673
2.8662 1.97941
2.75659 2.08837
2.82813 2.04729
2.62583 2.10787
2.66551 2.10177
2.5105 2.08186
2.69 2.07843
2.66408 2.07835
2.95589 2.17137
2.96982 2.17146
3.20784 2.29942
3.19696 2.28743
3.44604 2.48853
3.38132 2.49092
3.49129 2.54468
3.43566 2.71221
3.44875 2.66403
3.41823 2.94096
3.51057 2.93288
3.41591 3.05845
3.65171 3.13497
3.66202 3.1396
4.00574 3.20094
4.19772 3.22557
4.54938 3.24051
4.64208 3.23422
4.88253 3.18899
4.9403 3.16979
5.1884 3.08057
5.16977 3.08978
5.36264 3.00845
5.30685 3.04703
5.45853 2.95506
5.40545 3.00286
5.55283 2.88656
5.49694 2.94057
5.64147 2.83651
5.60087 2.87892
5.80702 2.74165
5.80132 2.75132
6.01331 2.61836
5.9839 2.67011
6.05317 2.46567
6.04855 2.50123
6.02215 2.28224
6.0245 2.31777
5.99427 2.1057
6.00008 2.17218
5.95026 2.0095
5.97036 2.08787
5.89783 1.92858
5.91942 1.97556
5.82483 1.7796
5.82725 1.78406
5.72163 1.56637
5.7224 1.56786
5.59837 1.35819
5.60842 1.37043
5.45652 1.21422
5.49642 1.24963
5.31811 1.18608
5.38639 1.23053
5.21548 1.19527
5.26847 1.21341
5.03464 1.10863
5.05155 1.12034
4.85423 0.921808
4.71622 0.859315
4.68871 0.851884
4.56529 0.729203
4.61233 0.820052
4.54322 0.690634
4.61669 0.744428
4.48435 0.515251
4.39237 0.374579
4.41321 0.392932
4.29953 0.158609
4.29104 0.238577
4.30067 0.074158
4.23889 0.0977511
4.45164 0.0930596
4.42054 0.0807989
4.57645 0.245087
4.56992 0.235509
4.79588 0.475907
4.93274 0.664825
4.98095 0.741294
5.12284 0.904465
5.00874 1.11901
5.03858 1.13658
4.91227 1.34305
4.91395 1.34013
4.74767 1.51881
4.76962 1.49593
4.5917 1.68413
4.57697 1.69513
4.40483 1.98624
4.41815 1.95807
4.36823 2.0892
4.26292 2.37761
4.25393 2.41578
4.20992 2.60425
4.13203 2.90016
4.1023 2.85896
4.10466 3.11071
3.94486 3.14212
4.1362 3.16937
4.0785 3.21576
4.25139 3.08836
4.21414 3.10581
4.39524 3.00552
4.33027 3.02922
4.51535 2.96463
4.47589 2.98712
4.63345 2.90452
4.57067 2.96906
4.61444 2.75241
4.61484 2.69485
4.64695 2.22162
4.63877 2.17609
4.64963 1.90525
4.58469 1.72293
4.60701 1.73753
4.56493 1.53813
4.57626 1.6141
4.53918 1.41489
4.53763 1.38714
4.5268 1.10004
4.52743 1.09924
4.54456 0.79382
4.55337 0.801373
4.49634 0.529728
4.3835 0.591382
4.41392 0.451913
4.17492 0.489317
4.18313 0.486596
3.90041 0.561348
3.93195 0.554207
3.70208 0.642301
3.64275 0.662989
3.43612 0.752912
3.43516 0.760731
3.24054 0.87084
3.20547 0.890648
2.98878 0.99653
3.01325 0.981278
2.83764 1.07945
2.86867 1.05372
2.71024 1.17565
2.74459 1.1333
2.60999 1.28094
2.63385 1.2416
2.48454 1.42375
2.50603 1.3878
2.37807 1.56128
2.38938 1.53108
2.26892 1.8116
2.28827 1.84729
2.18736 2.06246
2.18962 2.2951
2.16271 2.31608
2.12515 2.56985
2.13778 2.52277
2.11359 2.69431
2.12645 2.60904
2.09173 2.75859
2.0743 2.66897
2.0659 2.83784
2.05452 2.77738
2.10523 2.99195
2.09832 2.94711
2.14678 3.15002
2.2155 3.13968
2.13549 3.32536
2.23844 3.50755
2.21728 3.49077
2.38057 3.66198
2.37598 3.65708
2.54889 3.8389
2.6273 3.97541
2.70043 3.98453
2.94178 4.13888
2.96268 4.15073
3.23733 4.17775
3.18771 4.19493
3.2528 4.04342
3.2225 4.12798
3.20363 3.94425
3.20508 3.97072
3.17722 3.73311
3.18483 3.73387
3.11555 3.4647
3.11398 3.45203
3.04148 3.2496
3.04568 2.95627
3.04865 2.94459
3.10675 2.70327
3.1043 2.71476
3.27648 2.46672
3.2395 2.51029
3.45315 2.35893
3.46799 2.35063
3.70235 2.25013
3.84547 2.31512
3.84759 2.27028
4.11834 2.32194
4.07522 2.31296
4.36543 2.39965
4.33654 2.38574
4.54488 2.48321
4.58034 2.50072
4.77822 2.64719
4.77014 2.65137
4.92747 2.81579
4.89774 2.94135
5.01949 2.89853
5.03966 3.12396
5.04785 3.08734
4.99899 3.34855
4.99225 3.31517
4.93171 3.5685
4.86926 3.75327
4.96142 3.76028
4.91581 3.9517
4.92724 3.87509
4.789 4.00578
4.59342 3.9607
4.62389 4.04045
4.42571 4.08012
4.49813 4.07037
4.32817 4.03942
4.40393 4.03975
4.17561 4.0147
4.01061 3.94665
4.03226 3.94534
3.81484 3.93225
3.85451 3.93617
3.63188 3.8963
3.66225 3.89827
3.42482 3.86114
3.41737 3.8582
3.1604 3.8369
3.18853 3.802
3.00917 3.77371
3.02703 3.53936
2.99399 3.57762
3.09594 3.33522
3.10702 3.32698
3.29408 3.03697
3.36243 2.93608
3.53451 2.67965
3.54756 2.65855
3.68904 2.34953
3.70074 2.30939
3.78338 2.03999
3.7586 2.03841
3.81876 1.90785
3.79127 1.64843
3.79571 1.66681
3.75073 1.40909
3.7578 1.43909
3.70079 1.18739
3.72462 1.26309
3.61623 0.951677
3.64324 0.99833
3.52639 0.825841
3.55375 0.84212
3.36213 0.755859
3.33183 0.750197
3.0192 0.772657
2.86966 0.797469
2.57624 0.830779
2.58331 0.83269
2.38294 0.806496
2.45871 0.779672
2.30473 0.736739
2.44227 0.65873
2.38146 0.678298
2.5698 0.616718
2.54464 0.633273
2.76033 0.496326
2.78223 0.47195
2.906 0.275406
2.87712 0.306197
3.01888 0.148522
2.95694 0.175628
3.00212 0.196147
3.05241 0.386468
3.03988 0.365949
3.06333 0.604939
3.08827 0.630754
3.08799 0.824508
3.14346 1.12367
3.14451 1.14093
3.12755 1.38275
3.1107 1.46157
3.00874 1.72498
2.98561 1.76136
2.79648 1.9775
2.85209 1.93511
2.7576 2.0486
2.84451 1.99429
2.7049 2.08466
2.74779 2.06656
2.53676 2.09967
2.6391 2.08848
2.56124 2.07792
2.78604 2.11967
2.83221 2.13554
3.07997 2.23815
3.09312 2.24094
3.29471 2.37126
3.34242 2.41208
3.4775 2.55262
3.40214 2.6376
3.46391 2.58658
3.42812 2.79113
3.4439 2.81478
3.42334 3.0276
3.544 3.07163
3.52531 3.11041
3.7872 3.1698
3.87748 3.18946
4.32544 3.24202
4.42066 3.24431
4.77077 3.22985
4.76081 3.23099
5.0659 3.1414
5.07426 3.14017
5.29541 3.06159
5.25664 3.08156
5.4295 3.00783
5.37309 3.05139
5.52217 2.94847
5.47385 2.98826
5.61437 2.88774
5.56695 2.94152
5.7161 2.82144
5.71201 2.82856
5.91752 2.69584
5.91773 2.70465
6.05359 2.56184
6.0434 2.59407
6.06426 2.37342
6.06277 2.40444
6.0366 2.18957
6.03995 2.22609
6.00925 2.04374
6.02063 2.11734
5.95439 1.96009
5.98133 2.0266
5.88667 1.85103
5.90252 1.88229
5.79155 1.66034
5.79669 1.671
5.67748 1.44719
5.6827 1.4555
5.5427 1.25969
5.56523 1.28324
5.39398 1.17161
5.44483 1.20897
5.27268 1.17011
5.34402 1.20304
5.15677 1.14934
5.158 1.14555
4.97412 1.01745
4.94747 1.01062
4.84394 0.875774
4.63092 0.736813
4.67034 0.80367
4.57683 0.696273
4.64903 0.764023
4.56391 0.626973
4.56908 0.612213
4.4982 0.447936
4.36797 0.272373
4.36038 0.272089
4.29793 0.109994
4.267 0.181438
4.36081 0.0563427
4.32869 0.0547734
4.53158 0.145996
4.51114 0.134108
4.66881 0.317987
4.71827 0.373154
4.88428 0.545522
5.0934 0.804033
4.99592 0.926248
5.07492 1.00855
4.97807 1.25025
4.98695 1.23814
4.83215 1.43957
4.84002 1.42907
4.68628 1.59409
4.68174 1.59207
4.51312 1.80695
4.47183 1.87628
4.3872 2.08306
4.32851 2.21168
4.30885 2.25731
4.23008 2.54232
4.17971 2.72942
4.16492 2.77567
4.10568 2.98769
4.04609 2.99603
4.07291 3.15573
4.0092 3.19059
4.19413 3.1591
4.1587 3.17775
4.33515 3.06178
4.29044 3.08034
4.45645 3.00356
4.40163 3.02504
4.59916 2.9499
4.53786 2.99079
4.62495 2.85229
4.60241 2.88061
4.62662 2.56663
4.64212 2.3503
4.65664 2.04856
4.62137 2.03088
4.64101 1.83873
4.59813 1.60907
4.60136 1.66164
4.56373 1.48595
4.57459 1.53869
4.53672 1.25838
4.53585 1.22849
4.5374 0.970862
4.53783 0.922412
4.52865 0.675
4.50744 0.658015
4.44532 0.478423
4.29195 0.493181
4.29768 0.450436
4.05587 0.506221
4.02088 0.515876
3.80613 0.581616
3.81429 0.579125
3.51679 0.68974
3.54473 0.683732
3.31357 0.803116
3.34297 0.792817
3.08358 0.932167
3.09665 0.92621
2.89229 1.02543
2.93609 0.996447
2.75464 1.11355
2.79292 1.07693
2.6412 1.21006
2.67163 1.16788
2.53837 1.32801
2.54661 1.31093
2.41156 1.47531
2.42737 1.44233
2.32531 1.64278
2.30576 1.68822
2.21144 1.95063
2.28795 2.07852
2.1614 2.16946
2.12485 2.43915
2.12526 2.44108
2.08225 2.63895
2.10246 2.56602
2.06911 2.72433
2.06527 2.63257
2.03245 2.79075
2.01814 2.71825
2.05153 2.90611
2.04838 2.87641
2.09924 3.07587
2.09604 3.03166
2.14552 3.24777
2.26072 3.35535
2.14834 3.41556
2.28579 3.5998
2.27526 3.58789
2.44697 3.76451
2.42972 3.79011
2.52276 3.90021
2.79484 4.0721
2.82359 4.08777
3.08691 4.1846
3.10921 4.19068
3.25465 4.10734
3.2125 4.16572
3.20719 4.00013
3.20339 4.07302
3.17696 3.84506
3.1838 3.86171
3.14429 3.61165
3.13905 3.59131
3.05205 3.33914
3.07096 3.12425
3.03311 3.08442
3.06405 2.81675
3.06437 2.82486
3.17201 2.60523
3.19768 2.56856
3.3411 2.43119
3.34483 2.42856
3.58405 2.29486
3.6036 2.33277
3.7316 2.25498
3.97389 2.29535
3.99206 2.29673
4.19888 2.34886
4.24253 2.36121
4.45511 2.43597
4.4305 2.42407
4.68728 2.57245
4.68073 2.56307
4.86766 2.73546
4.81842 2.74731
5.00409 2.86874
5.01434 3.02719
5.04985 2.9956
5.03825 3.21575
5.03989 3.22645
4.9789 3.44324
4.98792 3.45265
4.95825 3.6602
4.93611 3.88654
4.97601 3.83787
4.8703 3.99058
4.74922 3.88332
4.70724 4.02092
4.50223 4.08264
4.55397 4.09156
4.37289 4.10034
4.44562 4.0922
4.27545 4.04835
4.30217 4.03841
4.11561 4.02118
3.90508 3.96548
3.93901 3.96635
3.72579 3.93956
3.75249 3.94139
3.5335 3.90049
3.54738 3.90062
3.28882 3.86571
3.28602 3.86519
3.06161 3.82375
3.0831 3.66828
3.00188 3.66565
3.03644 3.45605
3.04189 3.45209
3.17544 3.21789
3.22354 3.1447
3.43076 2.82693
3.4658 2.78855
3.6033 2.54247
3.6348 2.46632
3.73702 2.18584
3.74232 2.16203
3.80525 1.91839
3.78182 1.7845
3.80489 1.77648
3.77383 1.53992
3.77363 1.53581
3.73023 1.3133
3.73182 1.31237
3.68387 1.14094
3.66149 1.07223
3.57839 0.887087
3.61057 0.923281
3.44452 0.773926
3.48718 0.786606
3.2031 0.747163
3.14613 0.750965
2.74093 0.794379
2.70268 0.806432
2.45756 0.804968
2.51166 0.802928
2.33396 0.747764
2.42564 0.692447
2.31431 0.673107
2.48345 0.599694
2.44131 0.62514
2.63841 0.545013
2.64059 0.543675
2.82801 0.351596
2.81364 0.365129
2.93732 0.192368
2.90694 0.212174
3.07963 0.214715
3.06169 0.309512
3.01872 0.262915
3.04793 0.49376
3.04538 0.478138
3.06332 0.756363
3.11899 0.948765
3.11669 0.998434
3.12768 1.26789
3.12555 1.2547
3.05563 1.57719
3.04652 1.60262
2.89479 1.85165
2.87169 1.87385
2.74436 2.00436
2.82596 1.94031
2.73198 2.05542
2.79671 1.99538
2.62086 2.08357
2.66313 2.07889
2.51113 2.09357
2.68658 2.10419
2.65845 2.10868
2.9468 2.19272
2.96041 2.19225
3.19653 2.31647
3.1852 2.30486
3.42306 2.51156
3.36093 2.4996
3.46952 2.5594
3.42798 2.7095
3.44063 2.66368
3.42413 2.94131
3.47903 2.91228
3.41732 3.09043
3.64721 3.14964
3.65987 3.15611
4.00403 3.20908
4.19768 3.23311
4.54864 3.24916
4.64348 3.24386
4.88635 3.20572
4.94633 3.18724
5.19951 3.11346
5.18303 3.123
5.3821 3.05589
5.32925 3.08752
5.4928 3.00591
5.44071 3.04729
5.59278 2.94078
5.54063 2.99244
5.6809 2.88307
5.64367 2.92706
5.82714 2.77249
5.82235 2.78153
6.02394 2.6331
5.99689 2.67667
6.08555 2.47314
6.08008 2.50051
6.07771 2.27725
6.07801 2.31075
6.05862 2.09939
6.06483 2.15911
6.01538 1.98938
6.03403 2.06038
5.94773 1.90303
5.97027 1.94805
5.86331 1.76038
5.86578 1.7647
5.75485 1.54996
5.75475 1.54932
5.62858 1.33943
5.63542 1.34803
5.4801 1.18756
5.51409 1.21605
5.33586 1.1417
5.40013 1.18265
5.22897 1.14678
5.28381 1.16552
5.06825 1.0542
5.08879 1.07447
4.90107 0.891255
4.73663 0.805875
4.74404 0.796843
4.62478 0.683984
4.68445 0.765689
4.59987 0.645769
4.67812 0.68491
4.54622 0.486206
4.43764 0.335094
4.4625 0.358765
4.33211 0.147184
4.34177 0.230323
4.3176 0.0637922
4.25772 0.0945671
4.45602 0.0685072
4.43293 0.0643448
4.61469 0.209465
4.60815 0.205199
4.82772 0.439646
4.97919 0.631506
5.00352 0.712802
5.10663 0.861861
5.01555 1.12203
5.03418 1.13513
4.91526 1.34426
4.9156 1.34243
4.75985 1.52894
4.77973 1.50653
4.60986 1.69806
4.59478 1.7083
4.43099 1.99766
4.44088 1.96679
4.39366 2.10143
4.27907 2.38186
4.27083 2.42091
4.21985 2.60781
4.13518 2.90023
4.1376 2.86366
4.07148 3.12155
4.00886 3.04483
4.13725 3.19241
4.07657 3.2099
4.27742 3.12971
4.23774 3.14491
4.4146 3.04897
4.35121 3.07653
4.52598 2.99444
4.49034 3.01742
4.6369 2.9096
4.58249 2.97311
4.62056 2.75384
4.62404 2.69466
4.66506 2.2243
4.65884 2.17661
4.65875 1.90839
4.59283 1.72007
4.62764 1.73369
4.5892 1.53415
4.60369 1.60762
4.56096 1.41135
4.55914 1.38447
4.54108 1.10054
4.54125 1.09887
4.53729 0.794349
4.53098 0.803043
4.47099 0.53525
4.39995 0.598181
4.406 0.43493
4.17027 0.463321
4.17529 0.459982
3.89361 0.530133
3.92059 0.524178
3.69072 0.612759
3.63204 0.633911
3.42351 0.725051
3.42111 0.733575
3.22528 0.843287
3.19172 0.863578
2.97594 0.968982
2.99854 0.953931
2.81964 1.04975
2.84885 1.0268
2.68351 1.14348
2.71608 1.10616
2.57294 1.2495
2.59567 1.21347
2.44854 1.39329
2.46704 1.35988
2.34814 1.54294
2.35588 1.51842
2.24585 1.8014
2.26519 1.83439
2.1609 2.06246
2.15728 2.29746
2.12446 2.31109
2.06998 2.5566
2.08478 2.51091
2.04255 2.67921
2.05534 2.59701
2.01119 2.74866
1.99834 2.6673
1.99928 2.84492
1.99183 2.79282
2.04905 3.00447
2.03807 2.96337
2.1 3.15967
2.13376 3.12025
2.13323 3.34325
2.23223 3.51232
2.18951 3.51536
2.34608 3.69459
2.34159 3.69174
2.46027 3.91448
2.62612 3.97583
2.67919 4.0171
2.93519 4.15058
2.96084 4.1621
3.23713 4.18454
3.17018 4.20359
3.21221 4.03766
3.19883 4.12792
3.17684 3.94774
3.18074 3.97306
3.1503 3.73811
3.15717 3.73907
3.08797 3.47387
3.13204 3.43915
3.03972 3.24845
3.03644 2.9564
3.03753 2.94204
3.1089 2.70479
3.10633 2.71517
3.28109 2.47139
3.24428 2.51501
3.45555 2.3642
3.47136 2.35569
3.70291 2.25191
3.84382 2.31669
3.84772 2.27341
4.11649 2.32703
4.07464 2.31781
4.36319 2.40412
4.33508 2.39132
4.54245 2.48627
4.57925 2.50367
4.78073 2.64307
4.77829 2.64373
4.9299 2.81033
4.87603 2.86759
5.04795 2.90362
5.05972 3.12328
5.0686 3.09134
5.0252 3.35367
5.03913 3.33023
4.98936 3.5807
5.01248 3.77621
4.97491 3.76449
4.93411 3.95889
4.89369 3.86467
4.79609 4.0025
4.58023 4.03732
4.63016 4.07696
4.4361 4.14163
4.49709 4.13158
4.31863 4.1088
4.38742 4.11051
4.17647 4.06291
4.03781 4.0345
4.021 4.01991
3.81157 3.97896
3.84689 3.9812
3.62446 3.94414
3.65297 3.94661
3.41932 3.90176
3.4125 3.89892
3.15796 3.86388
3.18876 3.80846
3.02772 3.78375
3.01988 3.53886
3.00259 3.57956
3.10066 3.33831
3.11193 3.3291
3.2934 3.03737
3.36151 2.93466
3.53016 2.67784
3.54244 2.65515
3.67962 2.34635
3.69101 2.30535
3.77215 2.03749
3.75103 2.03441
3.80685 1.90013
3.78709 1.64966
3.79089 1.66684
3.74993 1.40996
3.75651 1.43864
3.70047 1.1882
3.7241 1.26252
3.61368 0.953422
3.64076 0.998936
3.52315 0.829695
3.54973 0.846946
3.36221 0.758612
3.33109 0.751503
3.01825 0.75778
2.86749 0.774766
2.57539 0.792382
2.58525 0.795137
2.3906 0.76116
2.46201 0.746387
2.29805 0.681493
2.42214 0.604029
2.35614 0.613549
2.53969 0.543157
2.51171 0.563674
2.71395 0.438709
2.72406 0.426395
2.86261 0.246799
2.83351 0.26737
3.02037 0.152717
2.96051 0.167686
2.99852 0.198926
3.03599 0.389099
3.02746 0.368056
3.04832 0.605465
3.07033 0.629196
3.07687 0.828572
3.11702 1.12579
3.11667 1.141
3.09417 1.37813
3.0771 1.45165
2.97362 1.70705
2.9531 1.73842
2.76733 1.94685
2.81753 1.90012
2.72367 2.01618
2.79952 1.94744
2.6818 2.05029
2.72259 2.00694
2.53601 2.08675
2.63849 2.0937
2.55938 2.11051
2.77811 2.15231
2.82366 2.16023
3.06982 2.25745
3.08251 2.25973
3.27851 2.39155
3.32364 2.43197
3.45627 2.57119
3.37279 2.64225
3.44502 2.58329
3.42651 2.79026
3.43355 2.81429
3.43402 3.03142
3.54258 3.06737
3.52076 3.1345
3.78437 3.18295
3.87687 3.20191
4.32387 3.25039
4.42133 3.25273
4.77084 3.24324
4.76452 3.24284
5.07192 3.16609
5.0829 3.16469
5.30877 3.10276
5.27155 3.11913
5.45271 3.05626
5.39872 3.09175
5.55906 3.00024
5.511 3.03841
5.65619 2.9389
5.61198 2.99017
5.75222 2.86044
5.74506 2.86987
5.9332 2.7188
5.93512 2.72438
6.07159 2.57351
6.0626 2.59842
6.10745 2.37612
6.1046 2.40173
6.09642 2.18473
6.09893 2.22021
6.07234 2.03197
6.08394 2.09672
6.0095 1.93541
6.03475 1.99602
5.92925 1.82747
5.9461 1.85716
5.82683 1.64344
5.83117 1.65192
5.70871 1.43057
5.71198 1.43569
5.56872 1.23954
5.586 1.25832
5.41539 1.13556
5.46028 1.16889
5.28851 1.12132
5.3561 1.15454
5.1782 1.09434
5.18911 1.09438
5.01319 0.971977
4.99069 0.981757
4.85926 0.840246
4.68533 0.683823
4.7316 0.753338
4.63287 0.649243
4.71394 0.702425
4.6202 0.571482
4.65752 0.548125
4.53943 0.411646
4.40921 0.24309
4.4058 0.251065
4.32982 0.103524
4.32396 0.182955
4.37231 0.0389632
4.3321 0.0391064
4.55006 0.114339
4.53584 0.10945
4.70642 0.286215
4.75773 0.333242
4.92004 0.518714
5.11909 0.766313
5.01942 0.954685
5.0646 1.00449
4.9779 1.24938
4.98607 1.2384
4.84072 1.44546
4.84706 1.43612
4.70113 1.60674
4.6968 1.60499
4.5343 1.82039
4.49529 1.88772
4.41413 2.09131
4.34785 2.22027
4.32803 2.26429
4.24095 2.54471
4.18801 2.73113
4.17241 2.77843
4.10878 2.98772
4.09071 2.99565
4.08376 3.14784
4.03318 3.11898
4.20182 3.1868
4.16792 3.19476
4.35878 3.10531
4.31209 3.12454
4.47365 3.04147
4.42177 3.06766
4.60577 2.9636
4.55339 3.00576
4.62952 2.85475
4.61173 2.88089
4.63809 2.56808
4.65789 2.35146
4.67167 2.0499
4.63569 2.03365
4.64691 1.83538
4.62059 1.60652
4.6239 1.65669
4.5887 1.48114
4.60027 1.5325
4.55516 1.25717
4.55358 1.22728
4.54277 0.971517
4.54026 0.921675
4.50674 0.678009
4.49215 0.66084
4.42442 0.473194
4.28932 0.485987
4.29278 0.428523
4.04915 0.477569
4.01334 0.486704
3.79623 0.551656
3.80171 0.55029
3.50771 0.661496
3.53059 0.656102
3.30026 0.773798
3.32688 0.7665
3.07118 0.904689
3.08249 0.89921
2.87822 0.995696
2.91896 0.970023
2.73422 1.08229
2.76997 1.04997
2.61115 1.17834
2.6395 1.14091
2.50075 1.29839
2.50903 1.28121
2.37857 1.4515
2.39084 1.42295
2.29634 1.631
2.2781 1.67819
2.19259 1.93904
2.26949 2.03983
2.1336 2.17232
2.07906 2.43008
2.07965 2.42961
2.02112 2.62122
2.04228 2.55185
1.99269 2.7079
1.99083 2.62293
1.96113 2.78911
1.95229 2.72655
1.99423 2.92016
1.98931 2.89199
2.0469 3.09042
2.03587 3.04963
2.1126 3.24584
2.21214 3.25865
2.13813 3.42649
2.2549 3.62465
2.24547 3.6165
2.38307 3.81216
2.43041 3.79067
2.49876 3.97667
2.78267 4.09134
2.81453 4.10984
3.08437 4.19311
3.11055 4.19868
3.22455 4.08842
3.18568 4.16222
3.17316 4.00317
3.17747 4.0751
3.15034 3.84938
3.15715 3.86528
3.11553 3.61871
3.11312 3.59872
3.05468 3.33798
3.07267 3.12543
3.02689 3.0834
3.06061 2.81679
3.06087 2.82274
3.17501 2.60792
3.20124 2.57061
3.34413 2.43594
3.34883 2.4337
3.58536 2.2989
3.60678 2.33546
3.73151 2.25662
3.97244 2.29923
3.99179 2.30113
4.19693 2.35341
4.24167 2.366
4.45296 2.43954
4.42868 2.42901
4.68695 2.57165
4.68175 2.56292
4.87283 2.72907
4.843 2.71723
5.00223 2.88474
4.99752 3.02057
5.07368 2.99669
5.06053 3.21844
5.06345 3.23219
5.02961 3.45724
5.09356 3.50747
5.02093 3.64913
4.97509 3.89185
4.97033 3.83679
4.87238 3.99024
4.67123 3.97738
4.70733 4.04539
4.52074 4.14213
4.56341 4.13812
4.37384 4.16368
4.43685 4.15618
4.26006 4.10926
4.28548 4.12877
4.14227 4.10737
3.89378 4.0258
3.92938 4.02735
3.71961 3.98548
3.74422 3.98747
3.52562 3.94478
3.53907 3.94515
3.28514 3.89968
3.28176 3.89378
3.06546 3.84035
3.0689 3.66323
3.00844 3.6657
3.04208 3.45848
3.0485 3.4545
3.17775 3.22006
3.22543 3.14507
3.4283 2.82622
3.46344 2.78632
3.59651 2.53984
3.62713 2.46239
3.72599 2.18289
3.73201 2.15836
3.79292 1.91414
3.77267 1.77744
3.79702 1.77663
3.77105 1.54103
3.77072 1.53561
3.72962 1.31415
3.7309 1.31187
3.68291 1.142
3.65947 1.07227
3.57549 0.889571
3.60707 0.925497
3.44267 0.777954
3.48388 0.796244
3.20399 0.743382
3.14474 0.742968
2.74049 0.765191
2.70158 0.775102
2.46221 0.762248
2.51787 0.765989
2.34263 0.702021
2.42341 0.659022
2.29537 0.616273
2.45448 0.532625
2.41304 0.556579
2.60284 0.474704
2.5939 0.481245
2.77899 0.311489
2.76162 0.324392
2.92111 0.174918
2.89714 0.184903
3.06714 0.237343
3.04276 0.317606
3.00832 0.265502
3.03299 0.494592
3.03139 0.479945
3.05373 0.754759
3.09445 0.954002
3.09618 1.00086
3.09645 1.26604
3.09519 1.25148
3.02073 1.56507
3.01259 1.58654
2.86229 1.82671
2.84289 1.8452
2.7141 1.97322
2.78689 1.90643
2.69525 2.01934
2.74827 1.94248
2.60327 2.04943
2.65239 2.03677
2.51265 2.10808
2.68281 2.13887
2.65226 2.13803
2.93794 2.21483
2.95085 2.21397
3.183 2.33684
3.1705 2.32539
3.398 2.53449
3.34184 2.51688
3.45612 2.56851
3.41448 2.70621
3.42708 2.6636
3.42506 2.94067
3.46364 2.90828
3.43002 3.11735
3.64388 3.16419
3.65795 3.17523
4.00219 3.22029
4.19742 3.24304
4.54779 3.25977
4.64476 3.25532
4.8896 3.22291
4.9512 3.20443
5.2078 3.14366
5.1931 3.15434
5.39672 3.09977
5.3467 3.12556
5.51979 3.05457
5.46942 3.08972
5.62953 2.99378
5.58097 3.0408
5.72217 2.92773
5.68811 2.96967
5.85357 2.80453
5.84902 2.81345
6.03727 2.64949
6.01444 2.68654
6.11363 2.4825
6.1086 2.50277
6.1288 2.27741
6.12772 2.30746
6.11803 2.095
6.1244 2.14743
6.07232 1.97059
6.08999 2.0332
5.99406 1.87608
6.01696 1.91884
5.90191 1.73846
5.90463 1.74339
5.78749 1.53303
5.78635 1.53063
5.6564 1.32188
5.6603 1.32703
5.50421 1.16161
5.53173 1.18562
5.35536 1.09795
5.41408 1.13783
5.24692 1.09033
5.30334 1.11383
5.10177 1.00265
5.12797 1.02552
4.92571 0.873036
4.7974 0.729726
4.78888 0.756749
4.67957 0.637862
4.74589 0.706402
4.65922 0.588198
4.73426 0.626536
4.60191 0.434326
4.52552 0.285755
4.50519 0.32574
4.37048 0.129433
4.3965 0.211208
4.34591 0.0582153
4.32087 0.0943071
4.45863 0.0447418
4.44466 0.0441123
4.64218 0.178254
4.63969 0.178566
4.86048 0.407303
5.0225 0.593167
5.01214 0.698468
5.09165 0.850644
5.03099 1.12661
5.02903 1.1335
4.92027 1.34662
4.9195 1.34628
4.77279 1.53872
4.79092 1.51742
4.6287 1.71178
4.6131 1.72123
4.45614 2.00817
4.46256 1.97428
4.41636 2.11374
4.2946 2.38645
4.28693 2.4267
4.22961 2.6115
4.1405 2.901
4.14808 2.86732
4.08843 3.12229
4.06969 3.02196
4.13935 3.18806
4.0759 3.17315
4.29124 3.16588
4.25296 3.1749
4.43398 3.09015
4.37423 3.11994
4.53963 3.02129
4.50838 3.04458
4.64035 2.91367
4.59627 2.97697
4.63023 2.75559
4.63691 2.69473
4.67744 2.22632
4.67414 2.17653
4.66624 1.91073
4.63397 1.72519
4.64056 1.73159
4.61169 1.53063
4.62709 1.60184
4.58389 1.4069
4.58112 1.38113
4.55301 1.10063
4.55312 1.09775
4.52803 0.79561
4.52658 0.803103
4.45711 0.539126
4.41168 0.599209
4.39586 0.417499
4.16657 0.439144
4.16851 0.43518
3.88745 0.500583
3.90998 0.495957
3.67965 0.584107
3.62144 0.605765
3.41059 0.696603
3.40691 0.705467
3.2104 0.816239
3.1783 0.837102
2.96319 0.941736
2.98413 0.926231
2.80264 1.02013
2.82992 0.999332
2.65973 1.11233
2.68994 1.07918
2.53998 1.21926
2.56082 1.18689
2.41459 1.3656
2.43002 1.33577
2.31729 1.52607
2.32238 1.50705
2.22164 1.79157
2.235 1.81969
2.14693 2.07178
2.1344 2.29897
2.08753 2.30371
2.01705 2.53971
2.03386 2.49521
1.97508 2.65921
1.98745 2.58135
1.93742 2.73778
1.93023 2.66628
1.94062 2.85266
1.93469 2.80837
1.99477 3.01853
1.9828 2.98118
2.05434 3.17493
2.05962 3.13079
2.12827 3.35356
2.24284 3.49775
2.16936 3.53124
2.29796 3.73177
2.29347 3.72263
2.44302 3.9167
2.62461 3.99096
2.6602 4.05906
2.92839 4.16531
2.95871 4.17726
3.20269 4.16778
3.15967 4.1972
3.18155 4.03563
3.16705 4.12968
3.14803 3.95191
3.1557 3.97593
3.12381 3.74309
3.12983 3.74455
3.07708 3.4773
3.1063 3.45364
3.03999 3.24779
3.03311 2.9569
3.03307 2.94041
3.10913 2.70564
3.10662 2.71452
3.28414 2.47485
3.24747 2.51779
3.45737 2.36843
3.47443 2.36004
3.70347 2.25365
3.84246 2.31771
3.84789 2.27621
4.1148 2.33132
4.07423 2.32196
4.36123 2.4078
4.33396 2.39615
4.54044 2.48861
4.57858 2.50609
4.78239 2.63982
4.783 2.63978
4.93761 2.80143
4.89513 2.81712
5.07388 2.91951
5.0734 3.12334
5.09028 3.09533
5.06139 3.35883
5.08534 3.3435
5.05813 3.62907
5.03963 3.7744
5.01685 3.77228
4.93575 3.95863
4.79138 3.89287
4.79128 4.01773
4.60426 4.11901
4.6446 4.11564
4.44945 4.19339
4.49904 4.18282
4.31073 4.16775
4.37073 4.17086
4.1649 4.16754
4.0175 4.08555
4.00831 4.07988
3.80277 4.03084
3.8365 4.03423
3.61757 3.98858
3.64345 3.99126
3.41247 3.94122
3.40599 3.93759
3.15534 3.88605
3.18795 3.80812
3.0386 3.78621
3.01352 3.53915
3.00917 3.58078
3.10495 3.34111
3.11648 3.33092
3.29331 3.03815
3.36121 2.93365
3.52594 2.67616
3.53766 2.65199
3.67023 2.34329
3.68136 2.30143
3.76026 2.03489
3.74068 2.02952
3.7947 1.89942
3.78186 1.65088
3.78523 1.66689
3.74843 1.41093
3.75449 1.43834
3.69976 1.1891
3.72311 1.26211
3.61129 0.955131
3.63834 0.999533
3.52057 0.832981
3.54615 0.850995
3.36174 0.762736
3.33016 0.754475
3.01809 0.743414
2.86649 0.752403
2.5765 0.755165
2.58882 0.758939
2.40022 0.719069
2.4685 0.716082
2.30064 0.627887
2.40794 0.558214
2.32935 0.552196
2.50745 0.472147
2.47772 0.494348
2.66988 0.379908
2.67049 0.376817
2.83095 0.218396
2.80708 0.23004
3.02244 0.16642
2.96179 0.167032
2.99057 0.202973
3.02086 0.39083
3.01451 0.370001
3.03643 0.605798
3.04948 0.628878
3.06317 0.831995
3.09091 1.12671
3.09008 1.14024
3.06147 1.37284
3.04412 1.44131
2.93899 1.68876
2.92124 1.7154
2.73945 1.91707
2.78741 1.8708
2.68738 1.98365
2.75031 1.90607
2.64218 2.01037
2.68322 1.95211
2.53301 2.07692
2.63778 2.0937
2.55698 2.13341
2.77133 2.17907
2.81556 2.18505
3.05876 2.27894
3.07025 2.28068
3.26 2.41401
3.30179 2.45321
3.43892 2.58381
3.35301 2.64085
3.43263 2.58157
3.41956 2.78933
3.4259 2.81472
3.44028 3.03204
3.54207 3.05982
3.51814 3.15685
3.78167 3.19884
3.87627 3.21725
4.32205 3.26129
4.42188 3.26325
4.77069 3.2576
4.76812 3.25619
5.07628 3.18958
5.08986 3.18787
5.31833 3.14087
5.28333 3.15459
5.47034 3.10154
5.41934 3.13055
5.58898 3.05012
5.54308 3.08538
5.69525 2.98786
5.65433 3.03385
5.79088 2.89687
5.7821 2.90825
5.95369 2.74339
5.9568 2.74639
6.09044 2.58611
6.08352 2.6048
6.14587 2.38246
6.1427 2.40259
6.15099 2.18368
6.15245 2.21616
6.12801 2.02153
6.13904 2.07742
6.05927 1.91105
6.08251 1.96575
5.97113 1.80152
5.98796 1.83044
5.86204 1.62485
5.86568 1.63178
5.73835 1.41419
5.73969 1.41636
5.59425 1.21978
5.60693 1.2345
5.43832 1.10113
5.47672 1.13165
5.30947 1.06769
5.3721 1.10431
5.20234 1.03858
5.22012 1.04574
5.04038 0.935014
5.04998 0.893547
4.90016 0.802563
4.73906 0.641068
4.78271 0.710157
4.69026 0.593402
4.77343 0.641311
4.67642 0.514652
4.71638 0.486885
4.61451 0.374888
4.45015 0.212449
4.45024 0.226909
4.36893 0.0883094
4.3944 0.149536
4.40403 -0.000290148
4.34194 -0.00267233
4.56362 0.0854919
4.55653 0.0859042
4.73843 0.256761
4.79581 0.299218
4.94923 0.49072
5.13303 0.733821
5.03554 0.963408
5.06568 1.00552
4.9806 1.24977
4.98594 1.23914
4.85057 1.45169
4.85553 1.44375
4.71684 1.61928
4.71192 1.61724
4.55479 1.83287
4.51819 1.89856
4.43797 2.09781
4.36545 2.22894
4.34675 2.2718
4.25177 2.54765
4.19756 2.73331
4.17969 2.7813
4.12204 2.99055
4.11088 2.99835
4.10674 3.14235
4.06766 3.0845
4.20032 3.19275
4.16805 3.19213
4.37533 3.14508
4.33016 3.16146
4.49246 3.0765
4.44504 3.10445
4.61359 2.97534
4.57049 3.01848
4.63673 2.85769
4.62391 2.88139
4.65064 2.56953
4.67049 2.35208
4.6832 2.0509
4.67549 2.03634
4.67415 1.84456
4.64037 1.60564
4.64037 1.65327
4.61137 1.47687
4.62327 1.52654
4.57293 1.25545
4.57024 1.2254
4.54623 0.971986
4.54111 0.920881
4.4989 0.68023
4.48827 0.661164
4.41311 0.473264
4.28749 0.481685
4.28828 0.406719
4.0435 0.450633
4.00646 0.459344
3.78697 0.522995
3.78968 0.522812
3.4985 0.633142
3.51643 0.628326
3.28704 0.744135
3.31079 0.740165
3.0591 0.877809
3.06851 0.872666
2.86465 0.966108
2.90231 0.943121
2.71536 1.05167
2.74837 1.02284
2.58428 1.14774
2.61008 1.11461
2.46663 1.27051
2.47403 1.25456
2.3463 1.42987
2.3556 1.40608
2.26683 1.62009
2.24956 1.66875
2.17537 1.93063
2.21072 1.96317
2.11426 2.17464
2.03532 2.41833
2.03592 2.41518
1.9631 2.5994
1.98449 2.53361
1.92215 2.68906
1.92245 2.61272
1.89912 2.78833
1.89424 2.73556
1.94081 2.93418
1.93448 2.90795
1.99767 3.10625
1.98494 3.06982
2.07508 3.25579
2.10446 3.22988
2.13182 3.43826
2.22702 3.64323
2.21077 3.64087
2.35135 3.8345
2.4 3.79832
2.49873 3.98651
2.77161 4.11782
2.80563 4.13715
3.08287 4.19844
3.0814 4.20172
3.1727 4.09809
3.16269 4.16017
3.14212 4.00622
3.14539 4.07783
3.12354 3.85415
3.13105 3.86884
3.09596 3.62324
3.09415 3.60209
3.04796 3.34201
3.05687 3.12298
3.02509 3.08259
3.05887 2.81713
3.0593 2.82132
3.17627 2.60958
3.20325 2.57139
3.34584 2.43913
3.35184 2.43719
3.58646 2.30248
3.60984 2.3379
3.7315 2.25812
3.97106 2.30254
3.99164 2.30491
4.19516 2.35719
4.24109 2.36998
4.45108 2.4425
4.4273 2.43327
4.68647 2.57108
4.68248 2.56313
4.87829 2.72215
4.85758 2.70417
5.00758 2.87386
4.97487 2.99737
5.09737 2.99969
5.08791 3.22126
5.09234 3.23674
5.08392 3.46944
5.08692 3.50645
5.1102 3.68163
4.99319 3.89599
4.93699 3.83268
4.86982 3.99142
4.67742 4.07157
4.72626 4.08769
4.54206 4.18878
4.57462 4.1793
4.37712 4.21444
4.42995 4.20836
4.24767 4.1977
4.29009 4.15367
4.10996 4.17109
3.88236 4.07976
3.9173 4.08323
3.71055 4.03344
3.73423 4.03606
3.51758 3.98655
3.52979 3.98706
3.28025 3.9303
3.27803 3.91452
3.07164 3.85646
3.05869 3.66187
3.01063 3.66507
3.04681 3.46059
3.05454 3.45654
3.18039 3.22238
3.22764 3.14562
3.42601 2.82564
3.46127 2.78425
3.58982 2.53735
3.61959 2.45862
3.71464 2.17995
3.72124 2.15465
3.78134 1.91031
3.76643 1.77668
3.78814 1.77668
3.76745 1.5422
3.76705 1.5355
3.72842 1.31512
3.72942 1.31151
3.68171 1.14315
3.65735 1.07236
3.57306 0.89182
3.60415 0.927204
3.44068 0.782137
3.48115 0.802812
3.20493 0.741054
3.14382 0.735976
2.7415 0.736869
2.702 0.744579
2.46848 0.721761
2.52567 0.730367
2.35546 0.660529
2.42636 0.635541
2.282 0.560094
2.4261 0.471559
2.38289 0.49079
2.56639 0.404893
2.54958 0.417221
2.7384 0.270745
2.72135 0.28047
2.91452 0.164299
2.89651 0.168568
3.05161 0.25533
3.02675 0.322884
2.9964 0.267991
3.02017 0.495123
3.0187 0.48181
3.04097 0.753838
3.0662 0.957208
3.07496 1.00248
3.06617 1.26319
3.06584 1.24767
2.98639 1.55246
2.97927 1.57016
2.83082 1.80208
2.81609 1.818
2.68531 1.94335
2.74986 1.87509
2.6492 1.97998
2.6931 1.89594
2.57734 2.01902
2.63074 1.99859
2.51421 2.11413
2.67902 2.16157
2.64736 2.16125
2.9291 2.23793
2.94078 2.2369
3.16753 2.35958
3.15378 2.34765
3.37531 2.55461
3.32505 2.53164
3.44149 2.58015
3.40303 2.70327
3.41587 2.66413
3.42429 2.93995
3.45452 2.90761
3.45088 3.14568
3.64222 3.17396
3.65649 3.19459
4.00038 3.23417
4.19693 3.25554
4.54682 3.27212
4.64589 3.26814
4.89237 3.24036
4.95561 3.22316
5.21432 3.17378
5.20062 3.18367
5.4078 3.14068
5.36083 3.16232
5.54103 3.1009
5.49365 3.13135
5.6613 3.044
5.6166 3.08533
5.76142 2.9689
5.73081 3.00677
5.8842 2.83571
5.87978 2.8445
6.05408 2.6675
6.03575 2.69878
6.14019 2.4931
6.13636 2.50735
6.17446 2.28144
6.17268 2.30703
6.17068 2.09224
6.17603 2.13721
6.12265 1.95325
6.13905 2.0076
6.03884 1.84836
6.06051 1.88926
5.9398 1.71482
5.9428 1.72059
5.81936 1.51541
5.81712 1.51157
5.68328 1.30453
5.68456 1.30656
5.52888 1.13654
5.55036 1.15712
5.3803 1.0517
5.43228 1.09227
5.26962 1.03229
5.3256 1.06083
5.12902 0.95979
5.15966 0.973201
4.96986 0.79728
4.88028 0.6789
4.83699 0.719159
4.73531 0.594222
4.79835 0.656687
4.71786 0.529061
4.79052 0.56631
4.66745 0.371587
4.54888 0.268211
4.55238 0.284807
4.41057 0.108107
4.45799 0.176376
4.39415 0.0242862
4.38508 0.0610331
4.46616 0.0133734
4.46115 0.0134696
4.66439 0.149564
4.6674 0.153602
4.89349 0.377616
5.05453 0.558543
5.0153 0.691067
5.09356 0.852408
5.03225 1.12623
5.03044 1.13486
4.92616 1.34921
4.92446 1.35057
4.78674 1.54842
4.80303 1.5284
4.64715 1.72444
4.63121 1.73363
4.47905 2.01754
4.48353 1.98114
4.43551 2.12512
4.30982 2.39148
4.30309 2.43339
4.23951 2.61529
4.15148 2.90333
4.1583 2.87066
4.11115 3.1236
4.08461 3.01907
4.14727 3.18119
4.08529 3.1432
4.29328 3.18992
4.25906 3.19165
4.45068 3.12736
4.39584 3.15621
4.5551 3.04468
4.5283 3.06706
4.646 2.91855
4.61106 2.98028
4.64208 2.75746
4.65083 2.69478
4.68889 2.22819
4.68707 2.17609
4.69801 1.91313
4.66714 1.71951
4.66227 1.72896
4.63065 1.5284
4.64528 1.59744
4.60507 1.40262
4.60145 1.37741
4.56358 1.10032
4.56351 1.09604
4.5249 0.796686
4.52517 0.802692
4.45058 0.541721
4.41742 0.598439
4.38215 0.399672
4.16374 0.420045
4.1624 0.411242
3.8819 0.472524
3.9001 0.469254
3.66896 0.556198
3.61099 0.578066
3.39763 0.668016
3.39277 0.676995
3.1957 0.789587
3.16486 0.8107
2.95016 0.913663
2.97021 0.898681
2.78649 0.990802
2.81179 0.971742
2.63799 1.08204
2.66556 1.05245
2.51035 1.19039
2.52882 1.16179
2.38264 1.34021
2.39514 1.31453
2.28666 1.51065
2.28965 1.49694
2.19815 1.78296
2.19296 1.80662
2.1372 2.06458
2.05008 2.27515
2.05645 2.29488
1.96674 2.5196
1.98516 2.47611
1.91249 2.63609
1.92461 2.56383
1.87265 2.72764
1.86974 2.66657
1.88808 2.86066
1.88259 2.82328
1.9439 3.03284
1.93222 2.99946
2.01141 3.19224
1.99761 3.15738
2.09654 3.35488
2.18599 3.50422
2.15089 3.54377
2.26505 3.75375
2.26286 3.74586
2.42917 3.92013
2.62241 4.00631
2.65266 4.07857
2.92261 4.18189
2.95774 4.19282
3.13609 4.19476
3.1171 4.21032
3.13152 4.05503
3.13905 4.13143
3.1198 3.95523
3.12768 3.97933
3.10321 3.74672
3.10733 3.74797
3.06423 3.48047
3.08453 3.4618
3.03273 3.24588
3.02972 2.95743
3.0315 2.93935
3.10908 2.70639
3.10692 2.71387
3.28581 2.47721
3.24897 2.51853
3.45847 2.37148
3.47699 2.36333
3.70399 2.25529
3.8413 2.31838
3.84811 2.27866
4.11325 2.33488
4.07399 2.3255
4.35952 2.41075
4.33318 2.40022
4.53863 2.49064
4.57801 2.50845
4.78396 2.63653
4.7868 2.63661
4.94852 2.7903
4.90504 2.80195
5.08861 2.94493
5.07673 3.12323
5.1168 3.09939
5.10312 3.36153
5.10913 3.34676
5.1214 3.62686
5.03088 3.77856
5.0618 3.7912
4.93217 3.95784
4.74465 3.98712
4.80124 4.05269
4.63196 4.17011
4.66365 4.15875
4.46244 4.23502
4.50184 4.22602
4.30954 4.24284
4.36754 4.23404
4.17498 4.20304
4.00537 4.10218
3.99141 4.14137
3.79206 4.08163
3.8243 4.08587
3.60902 4.03299
3.63262 4.03607
3.40489 3.97763
3.39805 3.97287
3.15313 3.90519
3.18267 3.79849
3.04289 3.78612
3.0144 3.53987
3.01345 3.58131
3.10943 3.34396
3.12087 3.33258
3.29348 3.03907
3.36113 2.93277
3.52191 2.67466
3.53309 2.64901
3.66075 2.34033
3.67163 2.29758
3.74853 2.03241
3.7329 2.02581
3.78174 1.89055
3.77584 1.65204
3.77864 1.66695
3.74622 1.41199
3.7518 1.43817
3.69869 1.19009
3.72163 1.26187
3.60916 0.956752
3.63603 1.00009
3.51821 0.836093
3.54304 0.854328
3.36146 0.765883
3.32912 0.757259
3.01871 0.730146
2.86661 0.73093
2.57931 0.719423
2.5937 0.724408
2.41124 0.679431
2.47739 0.689197
2.31275 0.582818
2.4025 0.525924
2.30278 0.493451
2.47345 0.404265
2.44303 0.426592
2.63057 0.32168
2.62502 0.323953
2.8102 0.192186
2.79363 0.197072
3.02099 0.182396
2.96009 0.169825
2.98167 0.206779
3.00722 0.392066
3.0021 0.371894
3.02362 0.606258
3.02662 0.630121
3.04501 0.834477
3.06456 1.12659
3.06379 1.13867
3.02961 1.36682
3.01194 1.43057
2.90523 1.6703
2.89027 1.69264
2.71351 1.88864
2.76156 1.84487
2.64977 1.94922
2.70065 1.86656
2.59513 1.97284
2.63236 1.90728
2.52707 2.06762
2.63518 2.08447
2.5558 2.14344
2.7654 2.20096
2.80818 2.20807
3.04669 2.30243
3.05636 2.30343
3.24122 2.43634
3.28064 2.47368
3.42026 2.59904
3.3314 2.6384
3.41444 2.61119
3.41317 2.78865
3.41997 2.81548
3.4487 3.03202
3.52931 3.04893
3.51789 3.18129
3.77923 3.21576
3.87583 3.23326
4.32009 3.27408
4.42232 3.27582
4.77034 3.27279
4.77156 3.27064
5.0798 3.21371
5.0957 3.21176
5.32493 3.17607
5.29239 3.18751
5.48402 3.14395
5.43659 3.16875
5.61361 3.09788
5.57076 3.12952
5.72953 3.03282
5.69252 3.07265
5.82908 2.93025
5.8201 2.94249
5.97823 2.76821
5.98198 2.76905
6.11123 2.59972
6.1066 2.61303
6.18065 2.39095
6.17797 2.40593
6.19903 2.18531
6.19954 2.21339
6.17674 2.01267
6.18669 2.06007
6.10559 1.88763
6.12645 1.93688
6.01145 1.77479
6.02787 1.80288
5.89659 1.60494
5.89955 1.61071
5.76715 1.39749
5.76664 1.39707
5.61973 1.20022
5.62844 1.21136
5.4653 1.06615
5.49729 1.09442
5.33577 1.01355
5.3924 1.05319
5.2249 0.987536
5.24721 0.999089
5.0807 0.876887
5.07977 0.855855
4.98429 0.74741
4.79605 0.601533
4.83362 0.67069
4.74907 0.542302
4.82586 0.591094
4.73735 0.453685
4.74326 0.470401
4.66673 0.308514
4.48954 0.177279
4.49861 0.19621
4.4205 0.0576059
4.45833 0.122158
4.42383 -0.0573285
4.43951 -0.0614884
4.57875 0.0544803
4.57804 0.0598119
4.76661 0.228886
4.82484 0.2737
4.96657 0.470363
5.13935 0.702277
5.03181 0.960568
5.06717 1.00668
4.98512 1.25087
4.9892 1.2418
4.86136 1.45794
4.86501 1.45154
4.73275 1.63122
4.7275 1.62928
4.57447 1.84451
4.53955 1.90867
4.45848 2.10314
4.38167 2.23743
4.36387 2.27928
4.26463 2.55185
4.21102 2.73654
4.1901 2.78493
4.13807 2.99355
4.1268 3.00004
4.12032 3.13838
4.07994 3.07641
4.20038 3.1908
4.16888 3.18391
4.3826 3.17581
4.34171 3.18766
4.51014 3.10674
4.46775 3.13345
4.62314 2.98632
4.5879 3.02871
4.64665 2.86093
4.6376 2.88193
4.66373 2.5709
4.68266 2.35258
4.70503 2.05285
4.68937 2.03738
4.70671 1.8376
4.66175 1.60442
4.66017 1.64939
4.63057 1.47377
4.64209 1.52154
4.58922 1.25346
4.58536 1.22295
4.55132 0.972089
4.54419 0.919728
4.49573 0.681677
4.48639 0.661009
4.40534 0.47448
4.28921 0.482579
4.28356 0.38607
4.03861 0.425003
4.0001 0.43328
3.77834 0.495464
3.77823 0.496435
3.48937 0.604895
3.50289 0.601436
3.27456 0.716209
3.29475 0.714082
3.04683 0.850479
3.05462 0.845838
2.85171 0.937034
2.88627 0.916267
2.6977 1.0217
2.72785 0.995807
2.55985 1.11831
2.58279 1.08907
2.4355 1.24427
2.44142 1.23041
2.31529 1.41011
2.32202 1.39123
2.23809 1.61031
2.22137 1.6606
2.14806 1.9228
2.06235 1.96504
2.07559 2.15325
1.99299 2.40204
1.99648 2.39865
1.9094 2.57496
1.93037 2.51284
1.85984 2.67021
1.86262 2.6035
1.84507 2.78865
1.84219 2.74488
1.89063 2.94757
1.88417 2.92355
1.95207 3.12242
1.93886 3.09101
2.03003 3.27763
2.00051 3.27557
2.08712 3.42849
2.19268 3.66109
2.18596 3.65753
2.33056 3.8504
2.37892 3.80616
2.49855 3.99323
2.76402 4.13435
2.80096 4.15518
3.07007 4.24661
3.02072 4.24168
3.11386 4.12715
3.11599 4.1786
3.10914 4.01053
3.1158 4.07971
3.10051 3.85778
3.10696 3.87121
3.07854 3.6268
3.0765 3.60441
3.03811 3.34623
3.04579 3.12202
3.02021 3.08161
3.05802 2.81766
3.05886 2.82036
3.17684 2.61081
3.20469 2.57171
3.34616 2.44065
3.35377 2.43893
3.58725 2.30542
3.61246 2.33975
3.73157 2.25947
3.96977 2.30528
3.99162 2.30812
4.19358 2.36027
4.24081 2.37308
4.44907 2.44584
4.42627 2.43693
4.68602 2.57046
4.68323 2.56329
4.88436 2.71403
4.86478 2.69811
5.00807 2.87192
4.96407 2.94652
5.11766 3.0056
5.12023 3.22389
5.12516 3.23895
5.12382 3.47044
5.08833 3.50679
5.13058 3.70392
5.00718 3.90314
4.92049 3.83384
4.86719 4.00938
4.70637 4.13338
4.74928 4.12831
4.56076 4.22893
4.58605 4.2198
4.38652 4.27308
4.43213 4.26485
4.24398 4.2497
4.21438 4.17705
4.09829 4.18511
3.86727 4.13131
3.90219 4.1398
3.69985 4.08112
3.72261 4.08407
3.50842 4.02684
3.51903 4.02747
3.27442 3.95779
3.27524 3.92974
3.08303 3.87322
3.05306 3.66199
3.01335 3.66442
3.05138 3.46268
3.05961 3.45811
3.18296 3.22462
3.22995 3.1462
3.42383 2.82516
3.45928 2.78231
3.58319 2.53499
3.61207 2.45497
3.70332 2.17713
3.71066 2.15106
3.76792 1.90629
3.75617 1.76866
3.77851 1.77655
3.76301 1.54339
3.76259 1.53546
3.72669 1.31618
3.72743 1.31128
3.68031 1.14438
3.6552 1.07248
3.57083 0.893971
3.60152 0.928674
3.4392 0.785551
3.47936 0.806051
3.20598 0.73863
3.14325 0.729269
2.74386 0.709871
2.70378 0.715251
2.47614 0.683282
2.5346 0.696625
2.37056 0.625176
2.43193 0.618979
2.27969 0.50517
2.40393 0.420781
2.35111 0.427622
2.53057 0.338004
2.51012 0.353325
2.70743 0.230568
2.69378 0.236448
2.91206 0.158529
2.89851 0.159818
3.0378 0.267148
3.01293 0.326614
2.98489 0.270254
3.00717 0.495633
3.00575 0.483712
3.0235 0.753925
3.03714 0.958069
3.05185 1.0034
3.03648 1.25946
3.03703 1.2432
2.95288 1.53942
2.94679 1.55364
2.8007 1.77816
2.79072 1.79181
2.65769 1.91231
2.7169 1.84514
2.60084 1.93987
2.63821 1.85673
2.54417 1.99422
2.60048 1.96788
2.51427 2.11127
2.67641 2.17155
2.64405 2.17626
2.92002 2.26125
2.9303 2.2601
3.15121 2.38306
3.13661 2.37006
3.35857 2.56993
3.3093 2.54404
3.40977 2.61968
3.38429 2.73131
3.39583 2.66603
3.42554 2.9392
3.43987 2.90849
3.48587 3.16491
3.64173 3.1804
3.65538 3.21558
3.99865 3.24917
4.19633 3.26941
4.54575 3.28591
4.64686 3.28224
4.89481 3.25862
4.95966 3.24378
5.21936 3.20507
5.20646 3.21215
5.41592 3.17865
5.37209 3.19696
5.55815 3.1451
5.5142 3.17173
5.68818 3.09017
5.64786 3.12592
5.79701 3.00618
5.77022 3.03921
5.91669 2.86499
5.91265 2.87327
6.07428 2.68648
6.06007 2.71249
6.16639 2.50457
6.16411 2.51368
6.21479 2.28769
6.2129 2.30837
6.21671 2.09075
6.22057 2.1285
6.16828 1.9376
6.18276 1.9845
6.08112 1.82163
6.10118 1.86015
5.9765 1.6902
5.97971 1.69674
5.85053 1.49698
5.84719 1.49198
5.70979 1.28705
5.70875 1.28632
5.5559 1.11099
5.57226 1.12856
5.41009 1.00648
5.45524 1.04618
5.29365 0.978458
5.34678 1.00949
5.16497 0.906488
5.19484 0.924941
5.04519 0.736939
4.89936 0.657275
4.89988 0.669028
4.79319 0.553631
4.8487 0.615857
4.77856 0.476641
4.83874 0.524797
4.71385 0.350101
4.55354 0.258258
4.59978 0.233702
4.45915 0.0788224
4.50703 0.146204
4.43587 0.000367738
4.46995 0.0576062
4.55874 -0.0280049
4.51478 -0.0515602
4.68562 0.121157
4.69343 0.128977
4.91727 0.356116
5.08149 0.516534
5.01567 0.695859
5.08613 0.849271
5.03329 1.12579
5.03317 1.13673
4.93402 1.35267
4.93145 1.35584
4.80117 1.55766
4.81566 1.53923
4.66542 1.73644
4.64907 1.74565
4.49941 2.02583
4.50354 1.98778
4.4517 2.13529
4.32512 2.3969
4.31905 2.44061
4.25215 2.61972
4.16541 2.90628
4.1712 2.87423
4.12655 3.12389
4.09606 3.01694
4.1517 3.17734
4.09116 3.13243
4.29122 3.20314
4.26113 3.19995
4.46183 3.15752
4.41236 3.18274
4.57055 3.0644
4.54779 3.08461
4.65453 2.92432
4.62631 2.98309
4.65513 2.75933
4.6656 2.69473
4.70952 2.23169
4.70459 2.17669
4.72112 1.91768
4.65485 1.72514
4.68975 1.72505
4.64834 1.52612
4.66472 1.59281
4.623 1.39918
4.61889 1.3737
4.57414 1.09962
4.5738 1.09387
4.52519 0.797352
4.52605 0.801749
4.44636 0.543813
4.42349 0.596986
4.36291 0.383055
4.16114 0.404806
4.15689 0.388306
3.87688 0.445656
3.89084 0.443679
3.65874 0.528959
3.60079 0.550845
3.38543 0.640693
3.37895 0.649575
3.18092 0.762855
3.15075 0.783117
2.93684 0.884118
2.95661 0.871199
2.77117 0.961979
2.79444 0.944388
2.61784 1.05267
2.6426 1.02617
2.48335 1.16289
2.49916 1.13804
2.35272 1.31683
2.36241 1.29558
2.25714 1.49672
2.25843 1.48815
2.17124 1.77384
2.1515 1.799
2.05825 2.08881
1.98192 2.23425
2.01632 2.28041
1.92116 2.49696
1.94065 2.45513
1.85647 2.61221
1.8677 2.54662
1.81751 2.71883
1.81742 2.66794
1.84023 2.8687
1.83445 2.8372
1.89697 3.04673
1.88669 3.01724
1.96667 3.21169
1.9502 3.18295
2.02759 3.39642
2.09839 3.55182
2.12377 3.55819
2.24153 3.76821
2.24338 3.76244
2.4182 3.92361
2.61982 4.01835
2.64803 4.09095
2.91095 4.21209
2.9476 4.22828
3.09532 4.2118
3.05447 4.23583
3.0925 4.05701
3.10097 4.1341
3.09558 3.95753
3.09956 3.98162
3.08177 3.74996
3.08623 3.7504
3.05022 3.48339
3.06721 3.4666
3.02389 3.24391
3.02663 2.95794
3.02916 2.9381
3.10903 2.70713
3.10728 2.71327
3.28594 2.47825
3.24939 2.51792
3.45882 2.37335
3.47894 2.36547
3.70448 2.25688
3.84025 2.31883
3.84838 2.28079
4.11185 2.3378
4.07389 2.32849
4.35784 2.41358
4.33259 2.40379
4.53703 2.49232
4.57768 2.51045
4.78582 2.63266
4.79049 2.63325
4.95229 2.78573
4.92607 2.77912
5.08549 2.97091
5.07103 3.12033
5.14477 3.1025
5.14206 3.36163
5.14184 3.34791
5.12829 3.62401
5.02145 3.76246
5.07 3.79641
4.93264 3.95709
4.74452 4.0264
4.82095 4.0864
4.65544 4.20913
4.68079 4.19843
4.47842 4.28104
4.51036 4.27235
4.31168 4.29366
4.36409 4.27987
4.14793 4.28155
3.97493 4.17412
3.98189 4.1782
3.77855 4.13277
3.80989 4.13793
3.599 4.07644
3.62035 4.07984
3.3962 4.01167
3.38859 4.00577
3.15153 3.92396
3.17163 3.78669
3.05017 3.7858
3.01745 3.54064
3.018 3.58194
3.11357 3.34664
3.12483 3.33397
3.29376 3.04006
3.36112 2.93195
3.51805 2.6733
3.52846 2.64608
3.65118 2.33746
3.66196 2.29387
3.73606 2.02985
3.72148 2.0211
3.76838 1.89165
3.76882 1.65309
3.77127 1.66695
3.74332 1.41312
3.74841 1.4381
3.69727 1.19116
3.71966 1.26181
3.60711 0.958355
3.63372 1.00066
3.51632 0.838796
3.54048 0.856821
3.36178 0.767167
3.32814 0.758949
3.01996 0.717617
2.8677 0.710423
2.58362 0.685309
2.5997 0.691634
2.42283 0.643284
2.48858 0.662682
2.32983 0.548886
2.40335 0.511935
2.28118 0.437222
2.43935 0.340731
2.40895 0.361336
2.5979 0.265968
2.59013 0.270296
2.79758 0.168895
2.78876 0.170061
3.01695 0.196008
2.95724 0.173091
2.9732 0.210061
2.99381 0.393069
2.98983 0.373721
3.00829 0.606825
3.00452 0.632258
3.02277 0.835772
3.03749 1.1257
3.037 1.13632
2.99837 1.36012
2.98052 1.41942
2.8726 1.65193
2.86029 1.6704
2.68798 1.8597
2.73758 1.81861
2.61322 1.91158
2.65648 1.83002
2.54802 1.94056
2.58186 1.877
2.51433 2.05586
2.63036 2.07021
2.55625 2.14465
2.75963 2.21874
2.80145 2.22803
3.03399 2.32653
3.04173 2.32669
3.22443 2.45637
3.2639 2.49119
3.3873 2.63847
3.29147 2.65389
3.38268 2.64891
3.40179 2.78902
3.41059 2.81697
3.4575 3.03036
3.50745 3.04368
3.52163 3.20759
3.77712 3.23409
3.87552 3.25087
4.31807 3.28795
4.42268 3.28974
4.76982 3.28894
4.77484 3.28633
5.08272 3.23929
5.1004 3.23686
5.32955 3.20877
5.29951 3.21881
5.49453 3.18385
5.45064 3.20514
5.63375 3.14223
5.59458 3.17018
5.75922 3.07336
5.72673 3.10729
5.86529 2.96095
5.85704 2.97272
6.00543 2.79231
6.0096 2.79126
6.13406 2.61407
6.13161 2.6227
6.2127 2.40053
6.21092 2.41077
6.24098 2.18848
6.24095 2.21148
6.22031 2.00536
6.22822 2.04517
6.14842 1.86624
6.16674 1.91013
6.04997 1.74816
6.06565 1.77513
5.93024 1.58398
5.93253 1.58885
5.79547 1.38023
5.79324 1.3776
5.64642 1.18012
5.6519 1.18811
5.4957 1.03211
5.52205 1.05776
5.3635 0.964034
5.41418 1.00367
5.25245 0.930341
5.28093 0.947916
5.13389 0.817944
5.12038 0.834456
5.01828 0.689255
4.8483 0.557212
4.89405 0.624274
4.80802 0.499634
4.87441 0.553939
4.78518 0.413913
4.72683 0.435119
4.67334 0.286756
4.53029 0.132045
4.55335 0.158124
4.46543 0.0303046
4.51847 0.0916943
4.51345 -0.0575956
4.49688 -0.0581175
4.61967 0.0129443
4.61786 0.0183381
4.79029 0.205015
4.85697 0.248756
4.96336 0.481762
5.12574 0.640648
5.03642 0.96193
5.06431 1.00663
4.99116 1.25248
4.9942 1.24523
4.87325 1.46436
4.87574 1.45967
4.7489 1.6427
4.74424 1.64184
4.59409 1.85584
4.55916 1.91816
4.47612 2.10783
4.39726 2.24574
4.3807 2.28702
4.28066 2.55761
4.22611 2.74008
4.20338 2.78914
4.15229 2.9959
4.14054 3.00155
4.12952 3.13544
4.08886 3.07145
4.19917 3.19155
4.17004 3.18128
4.38423 3.19699
4.34806 3.20465
4.5239 3.13057
4.48657 3.15445
4.63417 2.99685
4.6049 3.03701
4.65855 2.86425
4.65213 2.88244
4.67997 2.57243
4.70173 2.35458
4.72556 2.05535
4.67645 2.03243
4.70946 1.83551
4.68212 1.60215
4.68346 1.64414
4.64907 1.47067
4.66086 1.51635
4.60386 1.25148
4.59904 1.22021
4.55776 0.971784
4.54882 0.918203
4.49469 0.682671
4.48609 0.660365
4.39791 0.476534
4.29785 0.487599
4.27794 0.365788
4.03436 0.400512
3.99422 0.408312
3.77029 0.468784
3.76732 0.470878
3.48059 0.577576
3.4901 0.575816
3.26242 0.689381
3.27906 0.68848
3.03384 0.821782
3.0406 0.817808
2.8393 0.908648
2.87075 0.889533
2.68109 0.992496
2.70832 0.969142
2.5373 1.09001
2.55721 1.06436
2.40688 1.21958
2.41096 1.20833
2.28592 1.39209
2.29032 1.37813
2.20892 1.6009
2.19214 1.65249
2.10113 1.91137
2.06905 1.96615
1.99977 2.11241
1.9481 2.38293
1.95418 2.37833
1.8616 2.54955
1.88056 2.49145
1.80602 2.65319
1.81009 2.59592
1.79875 2.78965
1.7958 2.75386
1.84394 2.95997
1.838 2.93863
1.90741 3.13862
1.89562 3.11111
1.97119 3.30428
1.9477 3.30271
2.01246 3.46362
2.16388 3.67462
2.1629 3.67344
2.31654 3.86149
2.38652 3.85304
2.4982 3.99909
2.75414 4.15344
2.7926 4.1781
3.05253 4.29272
2.99144 4.27791
3.0836 4.11619
3.06706 4.17749
3.08095 4.0126
3.08323 4.08004
3.07621 3.86072
3.08171 3.8731
3.06083 3.62991
3.05887 3.60622
3.02782 3.34994
3.03897 3.1217
3.0148 3.08051
3.05681 2.8181
3.05802 2.81921
3.17661 2.6115
3.20563 2.5716
3.34541 2.44083
3.35492 2.43943
3.58778 2.30786
3.61456 2.341
3.73163 2.26084
3.96857 2.30757
3.9917 2.31083
4.19209 2.36299
4.24053 2.37614
4.44728 2.44862
4.42551 2.44011
4.68581 2.56937
4.68426 2.56302
4.88723 2.70943
4.87072 2.69349
5.01196 2.86736
4.98403 2.90113
5.14027 3.0185
5.14805 3.22559
5.15807 3.23954
5.1465 3.47096
5.10704 3.50271
5.12985 3.70405
5.00875 3.90324
4.91229 3.87473
4.86766 4.02628
4.72611 4.16493
4.76995 4.16385
4.58015 4.26938
4.60001 4.26159
4.39612 4.31832
4.43368 4.31043
4.24424 4.30816
4.23898 4.19865
4.06793 4.25483
3.85876 4.17922
3.89082 4.18334
3.68714 4.12817
3.70906 4.13166
3.49808 4.06527
3.5068 4.06581
3.26745 3.98369
3.27332 3.94213
3.10265 3.88869
3.04734 3.66269
3.0188 3.66377
3.05623 3.46489
3.06451 3.45958
3.18529 3.2267
3.23215 3.14668
3.42181 2.82481
3.45712 2.78031
3.57622 2.53258
3.60446 2.45139
3.69167 2.17436
3.69953 2.14745
3.75523 1.90267
3.74961 1.76995
3.768 1.77623
3.75776 1.54456
3.75738 1.53546
3.72438 1.31733
3.72488 1.31117
3.67861 1.14571
3.65287 1.07267
3.56888 0.89597
3.5991 0.929957
3.43856 0.787724
3.47794 0.808031
3.20727 0.735451
3.14301 0.722248
2.74739 0.684183
2.70674 0.687231
2.48475 0.64748
2.54408 0.664742
2.3859 0.594709
2.43918 0.605509
2.29248 0.458353
2.39396 0.387769
2.31924 0.367866
2.49827 0.276572
2.47745 0.291571
2.68553 0.192437
2.67731 0.195339
2.91101 0.155304
2.90082 0.155048
3.02328 0.273284
2.99844 0.329864
2.97387 0.272268
2.99279 0.49612
2.99168 0.485522
3.00238 0.754674
3.01052 0.957592
3.0267 1.00374
3.00691 1.255
3.00826 1.23808
2.92034 1.52605
2.91527 1.53716
2.77116 1.75434
2.76558 1.76499
2.63018 1.87738
2.68726 1.81407
2.55741 1.90196
2.59258 1.82653
2.51072 1.97664
2.57007 1.94685
2.51219 2.10225
2.67452 2.17631
2.64188 2.18519
2.91062 2.28345
2.91981 2.28233
3.13565 2.40523
3.12088 2.39104
3.32847 2.59521
3.28805 2.56678
3.37951 2.66678
3.34338 2.76486
3.35052 2.68191
3.4252 2.93853
3.42584 2.91209
3.50607 3.1661
3.64169 3.18359
3.65477 3.23861
3.99706 3.26562
4.19569 3.28439
4.54462 3.30067
4.64768 3.29745
4.89699 3.2781
4.96336 3.26658
5.22283 3.23656
5.21127 3.24038
5.42187 3.21453
5.38116 3.23009
5.57161 3.18623
5.53138 3.20938
5.71089 3.13194
5.67532 3.16253
5.829 3.03997
5.80625 3.06821
5.94924 2.89216
5.94595 2.89932
6.09721 2.70574
6.08653 2.7269
6.19266 2.51657
6.19199 2.5212
6.25067 2.29497
6.24911 2.31064
6.25759 2.09018
6.26024 2.1211
6.20988 1.92411
6.22184 1.96423
6.12083 1.79663
6.13898 1.83223
6.01182 1.66517
6.01509 1.67224
5.88106 1.47776
5.87669 1.47185
5.73678 1.26896
5.73382 1.26586
5.58516 1.08546
5.59748 1.10017
5.44084 0.966131
5.47963 1.00282
5.32237 0.922675
5.37205 0.956563
5.21009 0.848063
5.24155 0.876246
5.0825 0.718028
4.92914 0.621067
4.95238 0.621699
4.85071 0.509766
4.90869 0.569322
4.82878 0.440327
4.87761 0.494213
4.71428 0.31333
4.58617 0.200774
4.62669 0.207518
4.50636 0.0450646
4.55991 0.10818
4.50429 -0.029917
4.52504 0.00199476
4.61645 -0.0844238
4.56196 -0.0950393
4.71785 0.0890018
4.72784 0.099706
4.92372 0.351392
5.02283 0.374742
5.0428 0.730714
5.07431 0.845507
5.03582 1.1257
5.03502 1.13817
4.94326 1.35657
4.93991 1.36166
4.81624 1.56668
4.82916 1.55025
4.68426 1.74857
4.66711 1.75756
4.51725 2.0332
4.52344 1.99491
4.46614 2.14452
4.34173 2.40309
4.33464 2.44772
4.26784 2.62497
4.17948 2.90922
4.18518 2.87797
4.13801 3.12395
4.10783 3.01495
4.15398 3.17512
4.09608 3.12552
4.28842 3.21253
4.26218 3.20666
4.46794 3.17974
4.42354 3.2007
4.58413 3.08048
4.56496 3.09785
4.66546 2.93061
4.6418 2.98553
4.67007 2.76132
4.68414 2.6948
4.72792 2.23498
4.72336 2.17776
4.71886 1.91757
4.66445 1.72164
4.70197 1.72296
4.66691 1.52283
4.68679 1.58715
4.64021 1.39567
4.63544 1.36977
4.5846 1.09863
4.58392 1.09139
4.52734 0.797667
4.52826 0.800413
4.44264 0.545901
4.43396 0.593541
4.33465 0.370825
4.15898 0.394762
4.15179 0.365839
3.87232 0.419761
3.88212 0.418958
3.64905 0.502555
3.59093 0.524518
3.37392 0.614454
3.36537 0.623117
3.16602 0.735526
3.13646 0.754993
2.92374 0.854328
2.94293 0.843453
2.75656 0.933711
2.77775 0.917352
2.59896 1.0242
2.62079 1.00046
2.45841 1.13667
2.47135 1.11549
2.32469 1.29521
2.33162 1.2785
2.22822 1.48365
2.22792 1.47994
2.13584 1.76122
2.12382 1.79105
1.98247 2.05272
1.96819 2.2307
1.95695 2.26082
1.87662 2.47307
1.89501 2.43176
1.80725 2.58951
1.81807 2.53135
1.77129 2.71204
1.77147 2.67029
1.79551 2.87629
1.79025 2.84993
1.8521 3.06026
1.84324 3.03435
1.91468 3.23205
1.9003 3.20446
1.9595 3.42458
2.07505 3.56885
2.07822 3.58713
2.22282 3.78022
2.22719 3.77779
2.41864 3.97119
2.60467 4.05953
2.64186 4.10462
2.89596 4.24374
2.93378 4.26287
3.07207 4.18578
3.03075 4.22663
3.06353 4.0551
3.06087 4.13338
3.06751 3.95862
3.06827 3.98289
3.0581 3.75296
3.06431 3.7523
3.03556 3.48603
3.05314 3.46972
3.01647 3.24205
3.02326 2.95836
3.02633 2.93668
3.10817 2.70752
3.10675 2.71205
3.28465 2.47807
3.24988 2.51742
3.45902 2.37499
3.48047 2.36681
3.70512 2.25861
3.8393 2.31913
3.84867 2.28276
4.11052 2.34037
4.07386 2.33119
4.35624 2.41617
4.33209 2.4071
4.53567 2.49353
4.57765 2.512
4.78654 2.63032
4.79294 2.63134
4.95667 2.78068
4.94274 2.76636
5.08735 2.96684
5.05677 3.10804
5.17295 3.10572
5.17072 3.36132
5.17 3.35081
5.13698 3.62143
5.02357 3.76484
5.07459 3.80001
4.93701 3.99464
4.77273 4.1036
4.83417 4.10738
4.67767 4.24432
4.69795 4.236
4.49332 4.32166
4.5185 4.31449
4.31649 4.34589
4.36667 4.30693
4.15513 4.28787
3.98598 4.16386
3.96566 4.2389
3.76849 4.17827
3.7968 4.18262
3.5873 4.11882
3.60644 4.12226
3.38634 4.04387
3.37794 4.03643
3.15089 3.94317
3.15134 3.77636
3.05965 3.78451
3.02155 3.54137
3.024 3.583
3.1175 3.34921
3.12862 3.33523
3.29408 3.04106
3.36144 2.93132
3.51446 2.67213
3.52348 2.64307
3.64133 2.33464
3.65209 2.29023
3.72372 2.02742
3.71346 2.01776
3.75439 1.88094
3.7611 1.65399
3.76303 1.66688
3.7397 1.4143
3.74432 1.43813
3.6954 1.19233
3.71711 1.26193
3.60511 0.959937
3.63135 1.00127
3.51507 0.840911
3.53842 0.858562
3.36243 0.767422
3.3273 0.759564
3.02174 0.705397
2.86965 0.690665
2.58913 0.653207
2.6065 0.660473
2.43445 0.610239
2.50176 0.634292
2.34791 0.523892
2.40282 0.511425
2.27163 0.382659
2.41238 0.288392
2.37811 0.300075
2.57245 0.214335
2.56597 0.218832
2.79047 0.14859
2.78876 0.148501
3.01254 0.205144
2.95211 0.17366
2.96384 0.213155
2.97967 0.393862
2.97706 0.37541
2.99056 0.607248
2.9853 0.634148
2.99881 0.836426
3.00962 1.12427
3.00937 1.1333
2.96754 1.3528
2.94973 1.40792
2.84082 1.63348
2.83097 1.64831
2.66151 1.82815
2.71246 1.78767
2.58075 1.87301
2.62146 1.79844
2.50916 1.91519
2.54147 1.85886
2.49924 2.04585
2.62686 2.06139
2.55799 2.1411
2.7539 2.23283
2.79513 2.24499
3.02143 2.34935
3.0278 2.34879
3.20332 2.48062
3.23825 2.51349
3.34747 2.67302
3.2578 2.6644
3.3455 2.67926
3.37378 2.8014
3.38801 2.82262
3.45895 3.02923
3.49581 3.0448
3.526 3.22146
3.7755 3.25421
3.87542 3.27021
4.31601 3.30286
4.42296 3.30464
4.7691 3.30618
4.77792 3.30339
5.08509 3.26595
5.10396 3.26281
5.333 3.23975
5.30524 3.24941
5.50257 3.22125
5.46222 3.23966
5.65016 3.18274
5.61507 3.20702
5.78501 3.10973
5.75733 3.13837
5.899 2.98937
5.8921 2.99964
6.03396 2.81522
6.03854 2.8124
6.15856 2.62876
6.15802 2.63327
6.24273 2.41055
6.24205 2.4164
6.2782 2.19244
6.27797 2.21019
6.2598 1.99937
6.26582 2.03223
6.18806 1.84727
6.20362 1.88588
6.08662 1.72234
6.1012 1.74781
5.9629 1.56226
5.96451 1.56638
5.8238 1.36221
5.82007 1.35773
5.67456 1.15953
5.67756 1.16472
5.52677 1.00108
5.54808 1.02374
5.39513 0.915201
5.43982 0.954653
5.2884 0.868119
5.32328 0.892849
5.17228 0.776149
5.18462 0.784287
5.04291 0.66436
4.90522 0.509474
4.95301 0.575755
4.86628 0.455215
4.92768 0.511292
4.81027 0.392801
4.8111 0.387118
4.6966 0.252007
4.56773 0.10102
4.591 0.132556
4.52351 -0.00798225
4.56788 0.0365789
4.5775 -0.107853
4.55008 -0.107749
4.66103 -0.0242918
4.65808 -0.0170494
4.81361 0.186084
4.86805 0.243134
5.0294 0.496296
5.04525 0.609007
5.05677 0.965968
5.06053 1.00651
4.99771 1.25405
4.99962 1.24867
4.88613 1.47087
4.88757 1.46803
4.76588 1.65424
4.76172 1.65466
4.61288 1.86654
4.57718 1.92724
4.49204 2.11252
4.41372 2.25439
4.39758 2.29492
4.29917 2.56417
4.24086 2.74368
4.21802 2.79375
4.16524 2.99806
4.15355 3.00322
4.13681 3.13318
4.09791 3.06708
4.19793 3.19219
4.1712 3.1797
4.38379 3.21214
4.35202 3.2169
4.5335 3.14846
4.50074 3.16916
4.64576 3.0068
4.62071 3.04382
4.67236 2.8677
4.6679 2.88304
4.69828 2.57389
4.72023 2.35647
4.73426 2.05652
4.70448 2.03845
4.7111 1.83408
4.69655 1.60135
4.69863 1.64036
4.66822 1.46684
4.6812 1.51029
4.61797 1.2493
4.61225 1.21718
4.5649 0.971156
4.55432 0.916369
4.49464 0.683418
4.4859 0.659686
4.39187 0.479318
4.31955 0.491617
4.27038 0.345681
4.03056 0.376972
3.98872 0.384135
3.76279 0.443014
3.75693 0.446159
3.47217 0.551257
3.47793 0.551209
3.25027 0.662738
3.26377 0.66298
3.02071 0.792694
3.02681 0.789557
2.82711 0.880916
2.85546 0.86273
2.66533 0.964042
2.68958 0.942925
2.51624 1.0628
2.53299 1.04047
2.3803 1.19629
2.3823 1.18797
2.2578 1.3753
2.26005 1.36615
2.17668 1.59036
2.15919 1.64174
2.05458 1.89118
2.04637 1.94911
1.94019 2.11223
1.89567 2.366
1.90135 2.35387
1.81624 2.52457
1.83297 2.47053
1.76063 2.63868
1.76481 2.59048
1.75637 2.79108
1.75335 2.7621
1.79988 2.97129
1.79483 2.95283
1.85937 3.15501
1.84902 3.12955
1.91192 3.32564
1.95303 3.30302
1.97488 3.49968
2.1337 3.69549
2.13392 3.69706
2.29982 3.87547
2.34242 3.87627
2.48499 4.03731
2.74011 4.17649
2.78138 4.20261
3.04187 4.25795
2.98769 4.27352
3.05541 4.10742
3.03732 4.17398
3.05026 4.01211
3.04835 4.07884
3.04921 3.86266
3.05202 3.87454
3.04038 3.63294
3.04018 3.60767
3.01857 3.353
3.03264 3.1214
3.00976 3.07934
3.05481 2.81833
3.05633 2.81766
3.17503 2.61127
3.20595 2.57095
3.34472 2.4411
3.35605 2.43992
3.58818 2.3101
3.61615 2.34169
3.73165 2.26228
3.9674 2.30963
3.99184 2.31329
4.19067 2.36543
4.24028 2.37912
4.44565 2.45096
4.42496 2.44292
4.68531 2.56882
4.6851 2.56303
4.88972 2.70518
4.87534 2.6901
5.02203 2.85873
4.99414 2.88853
5.15652 3.03827
5.16226 3.22698
5.18634 3.24059
5.16669 3.47249
5.12253 3.50056
5.12963 3.70508
5.01797 3.90777
4.98191 3.8815
4.8885 4.06596
4.75861 4.20282
4.78656 4.1899
4.59846 4.30614
4.61318 4.30041
4.40702 4.36339
4.43802 4.35293
4.24657 4.32682
4.2344 4.20008
4.06689 4.25482
3.84594 4.21682
3.87546 4.23638
3.67554 4.17193
3.69536 4.17487
3.48635 4.10233
3.49316 4.10225
3.25946 4.00847
3.2724 3.95055
3.12344 3.89485
3.04435 3.66374
3.02635 3.66301
3.0619 3.46732
3.06984 3.46122
3.18752 3.22869
3.23434 3.14712
3.42007 2.82464
3.45485 2.77827
3.56867 2.53004
3.59654 2.44783
3.68029 2.17181
3.68856 2.14397
3.74077 1.89913
3.7384 1.76026
3.75663 1.77563
3.7517 1.54568
3.75141 1.53547
3.72149 1.31856
3.72177 1.31117
3.67658 1.14715
3.65036 1.07295
3.56731 0.897747
3.59687 0.931062
3.43846 0.789087
3.47673 0.809322
3.20882 0.731639
3.1431 0.714819
2.75189 0.659844
2.71063 0.660633
2.4939 0.614218
2.5538 0.63421
2.40061 0.566575
2.4487 0.592168
2.31136 0.431086
2.39336 0.381811
2.29305 0.31249
2.47143 0.221908
2.45233 0.234085
2.67117 0.157584
2.66918 0.158879
2.91043 0.152388
2.90323 0.151572
3.0102 0.280636
2.9841 0.332475
2.9621 0.274116
2.97675 0.496437
2.97639 0.487053
2.98015 0.755066
2.98599 0.956773
3.00038 1.00359
2.97716 1.24996
2.97925 1.23234
2.88853 1.51233
2.88447 1.5206
2.74119 1.72947
2.73985 1.73589
2.60357 1.84049
2.65962 1.78121
2.52316 1.86904
2.55756 1.80426
2.48369 1.9652
2.54898 1.93552
2.50936 2.09039
2.67225 2.18101
2.64064 2.19019
2.90113 2.3034
2.90982 2.30254
3.11785 2.42965
3.10289 2.41307
3.29456 2.62062
3.25934 2.59008
3.33027 2.70712
3.29972 2.7913
3.31714 2.7314
3.41417 2.94079
3.41241 2.91751
3.50612 3.16539
3.6425 3.18869
3.65448 3.25556
3.9957 3.28364
4.195 3.30056
4.54342 3.31634
4.64831 3.31377
4.89886 3.29882
4.96643 3.28977
5.22494 3.26631
5.21543 3.26849
5.42627 3.2489
5.38867 3.26216
5.58227 3.22426
5.54596 3.24432
5.73012 3.16946
5.69948 3.19537
5.85788 3.071
5.83904 3.0945
5.98088 2.91739
5.97867 2.92288
6.12199 2.72474
6.11428 2.7414
6.21906 2.52876
6.21991 2.5294
6.28325 2.3026
6.28227 2.3134
6.29444 2.09029
6.29618 2.1148
6.24817 1.9125
6.25767 1.94628
6.15813 1.77373
6.17405 1.80602
6.04571 1.64026
6.04881 1.64751
5.91113 1.45776
5.90585 1.45117
5.7646 1.25017
5.76015 1.24509
5.61511 1.06105
5.62409 1.07302
5.47421 0.927865
5.50686 0.961703
5.35897 0.864592
5.40456 0.902093
5.24819 0.797928
5.2829 0.825241
5.11717 0.683796
5.07578 0.560585
4.99799 0.587203
4.90719 0.463734
4.96787 0.521003
4.86624 0.407021
4.91978 0.444344
4.75495 0.279903
4.67656 0.143648
4.65959 0.179819
4.55562 0.0168141
4.60385 0.082527
4.56767 -0.0844487
4.57383 -0.0584682
4.6699 -0.124793
4.61399 -0.135804
4.74912 0.0627042
4.75861 0.0782766
4.94583 0.335866
4.97431 0.388532
5.05707 0.729455
5.05804 0.844947
5.03906 1.12561
5.03676 1.13949
4.95313 1.36041
4.94915 1.36754
4.83221 1.57565
4.84299 1.56095
4.70228 1.76009
4.68505 1.76939
4.53384 2.04024
4.54462 2.00351
4.48008 2.15317
4.35949 2.4098
4.34977 2.45422
4.28519 2.63106
4.19329 2.91223
4.19945 2.88196
4.14755 3.1241
4.12067 3.01449
4.1561 3.17319
4.10145 3.11911
4.28568 3.21895
4.26276 3.21162
4.47124 3.19607
4.43137 3.2134
4.59528 3.0936
4.57924 3.1079
4.67774 2.93706
4.65712 2.98776
4.68662 2.76346
4.70304 2.69483
4.73799 2.23675
4.73671 2.17753
4.72942 1.92002
4.722 1.73348
4.71021 1.72161
4.68533 1.52006
4.70329 1.58267
4.65823 1.39146
4.65244 1.36532
4.59514 1.09737
4.59403 1.08862
4.53039 0.797731
4.53127 0.798769
4.43975 0.547803
4.44843 0.586316
4.30807 0.371134
4.15841 0.391631
4.1469 0.343587
3.86817 0.394829
3.87391 0.395055
3.63992 0.477068
3.58141 0.499158
3.36287 0.58875
3.35216 0.597416
3.15141 0.70796
3.12225 0.726833
2.91103 0.824815
2.92925 0.815997
2.74238 0.905872
2.7615 0.89056
2.58112 0.996627
2.59996 0.975402
2.43513 1.11168
2.44511 1.09408
2.29821 1.27502
2.30251 1.26283
2.19852 1.47037
2.19674 1.47101
2.0972 1.74569
2.08555 1.77418
1.95849 2.03232
1.93616 2.2332
1.90071 2.24508
1.82695 2.44934
1.84314 2.40657
1.7631 2.56935
1.7725 2.51824
1.73094 2.70667
1.7305 2.67285
1.75335 2.88312
1.74893 2.8615
1.80644 3.0733
1.79852 3.05039
1.86062 3.25002
1.85206 3.22045
1.94029 3.42338
2.07843 3.56233
2.0436 3.61468
2.20003 3.79843
2.20414 3.80136
2.39904 3.98324
2.59776 4.08124
2.62684 4.13384
2.89408 4.24674
2.92085 4.25651
3.04356 4.16616
3.013 4.22077
3.03222 4.05306
3.02858 4.13118
3.03637 3.9584
3.03638 3.98301
3.03197 3.75518
3.03656 3.75391
3.01962 3.4884
3.0336 3.47024
3.00971 3.24023
3.01965 2.95872
3.02318 2.93515
3.10605 2.70731
3.10524 2.71015
3.2848 2.47913
3.25027 2.51677
3.45922 2.37664
3.48191 2.36802
3.70586 2.26045
3.8384 2.31932
3.84898 2.28465
4.10925 2.34265
4.07389 2.33366
4.35474 2.41845
4.33171 2.41015
4.53434 2.49472
4.57757 2.51368
4.78696 2.62838
4.79504 2.62979
4.96278 2.77379
4.95023 2.7613
5.08929 2.96333
5.03737 3.05952
5.19173 3.10959
5.19158 3.36151
5.19396 3.35458
5.14428 3.61962
5.02968 3.77332
5.09322 3.81298
4.95054 3.99839
4.88979 4.04094
4.86422 4.14371
4.69867 4.27309
4.71284 4.2666
4.50843 4.36102
4.52779 4.35538
4.31859 4.37253
4.3676 4.3257
4.16048 4.29591
3.95585 4.20666
3.95935 4.2591
3.75495 4.22518
3.78139 4.23062
3.57542 4.15871
3.59185 4.16164
3.37532 4.07466
3.36657 4.06482
3.15164 3.95869
3.13332 3.77422
3.06986 3.78205
3.0322 3.54212
3.03142 3.58445
3.12163 3.35183
3.13262 3.33655
3.29453 3.04212
3.3624 2.93105
3.50899 2.67002
3.51831 2.64009
3.63145 2.33195
3.64228 2.28671
3.71071 2.02498
3.70093 2.01342
3.73977 1.88128
3.75235 1.65468
3.75401 1.66668
3.73543 1.4155
3.73957 1.43823
3.69315 1.19358
3.71412 1.26221
3.60332 0.961436
3.629 1.00187
3.51431 0.842571
3.5367 0.85977
3.36333 0.767019
3.32678 0.75869
3.02398 0.693419
2.87234 0.671657
2.59556 0.623142
2.61388 0.630051
2.44603 0.579123
2.51504 0.60597
2.36356 0.506144
2.40262 0.510581
2.28212 0.334118
2.40104 0.257837
2.35248 0.244233
2.5539 0.168274
2.551 0.171969
2.78687 0.130673
2.79132 0.130914
3.00504 0.217015
2.94802 0.176805
2.95459 0.215824
2.96422 0.394422
2.96304 0.376896
2.97172 0.607287
2.96986 0.635182
2.97499 0.836953
2.98121 1.12238
2.98112 1.1297
2.93681 1.34493
2.91933 1.39601
2.80917 1.61445
2.80174 1.6255
2.63478 1.79454
2.68754 1.75431
2.55292 1.83683
2.59318 1.77119
2.47954 1.89585
2.5123 1.84833
2.48489 2.03735
2.6272 2.06606
2.56037 2.13672
2.74833 2.24386
2.78925 2.25911
3.0078 2.37238
3.01271 2.37114
3.17933 2.50599
3.20898 2.53603
3.29545 2.70486
3.22249 2.66433
3.29233 2.7536
3.35419 2.84587
3.3586 2.83407
3.4519 3.03117
3.48937 3.04624
3.52964 3.23041
3.77397 3.26971
3.87542 3.287
4.31392 3.31891
4.42317 3.32055
4.76815 3.32451
4.7807 3.32152
5.08674 3.29187
5.10653 3.28768
5.33575 3.26923
5.30993 3.27959
5.50886 3.25643
5.47208 3.27258
5.66371 3.21956
5.63298 3.24047
5.80772 3.1428
5.78474 3.16654
5.9301 3.01585
5.92496 3.02393
6.06281 2.83687
6.06795 2.83225
6.18416 2.64345
6.18527 2.64425
6.27136 2.42063
6.27182 2.42238
6.31188 2.19678
6.31169 2.20937
6.29601 1.99448
6.30037 2.02091
6.22501 1.83047
6.23781 1.86388
6.12144 1.69781
6.13454 1.72142
5.99464 1.54007
5.99554 1.54351
5.85242 1.34337
5.84745 1.33742
5.70342 1.13898
5.70436 1.14174
5.55934 0.97161
5.57617 0.991765
5.43315 0.8666
5.47205 0.905735
5.32454 0.81224
5.36072 0.840539
5.2078 0.731235
5.23491 0.708569
5.13547 0.637496
4.98787 0.467305
5.00165 0.538264
4.91244 0.414204
4.97304 0.46244
4.8465 0.348907
4.87012 0.314721
4.7609 0.229464
4.61166 0.0694532
4.63353 0.108511
4.57816 -0.0350217
4.60747 0.029101
4.63233 -0.163615
4.60822 -0.16867
4.70396 -0.0559061
4.70013 -0.0471957
4.84055 0.166392
4.88675 0.231045
5.01316 0.502413
5.03159 0.61186
5.05731 0.965269
5.05568 1.00644
5.00443 1.25539
5.00533 1.252
4.89972 1.47725
4.90002 1.47626
4.78248 1.66495
4.77668 1.66553
4.62958 1.87616
4.59432 1.93622
4.50753 2.11797
4.43182 2.26339
4.41488 2.30299
4.3187 2.57047
4.25508 2.74756
4.23316 2.7987
4.1774 3.00025
4.16625 3.00523
4.14398 3.13254
4.10736 3.06319
4.19737 3.19176
4.17274 3.17747
4.38254 3.22302
4.35465 3.22582
4.54032 3.16233
4.5115 3.17996
4.65703 3.01611
4.6349 3.04951
4.68737 2.8713
4.68419 2.88376
4.7146 2.57506
4.73272 2.35696
4.74622 2.05758
4.7549 2.03761
4.74937 1.85065
4.71195 1.6013
4.71045 1.63774
4.68523 1.46371
4.69775 1.50511
4.63237 1.24668
4.62563 1.21377
4.57239 0.970263
4.56025 0.914293
4.49538 0.683921
4.48654 0.658656
4.38984 0.481221
4.3416 0.486693
4.26275 0.331705
4.02704 0.354175
3.98352 0.360585
3.75582 0.41811
3.74704 0.42228
3.46403 0.525607
3.46627 0.527216
3.23826 0.63622
3.24906 0.637648
3.00776 0.763857
3.01333 0.761467
2.815 0.853739
2.84042 0.836119
2.65019 0.936252
2.67144 0.917125
2.49637 1.03661
2.50993 1.01743
2.35537 1.17422
2.35517 1.16903
2.23015 1.35897
2.2304 1.35435
2.14255 1.57844
2.1238 1.62834
2.02016 1.87518
2.02272 1.93057
1.91942 2.11404
1.84173 2.34995
1.84714 2.33072
1.76911 2.50142
1.7826 2.45062
1.72062 2.6268
1.72356 2.58658
1.71679 2.7924
1.71409 2.76938
1.75658 2.98158
1.75232 2.96583
1.80944 3.17021
1.80023 3.14594
1.87804 3.33794
1.93356 3.3325
1.97252 3.50523
2.10863 3.71592
2.10728 3.72179
2.27932 3.8953
2.32345 3.88962
2.48041 4.05463
2.73118 4.19377
2.77736 4.2175
3.00625 4.24255
2.96896 4.26057
3.02352 4.10091
3.01068 4.17144
3.01741 4.01138
3.0165 4.07707
3.02084 3.8637
3.02051 3.87496
3.01608 3.63534
3.01717 3.6087
3.00526 3.3533
3.01638 3.12009
3.00482 3.07813
3.05184 2.81829
3.05368 2.81564
3.17347 2.61104
3.2067 2.57066
3.34523 2.44288
3.35711 2.4403
3.58856 2.31231
3.61745 2.34207
3.73169 2.26371
3.96628 2.31148
3.99202 2.31555
4.18933 2.3676
4.24013 2.38182
4.4441 2.45314
4.42452 2.44556
4.68466 2.56855
4.68585 2.56316
4.89273 2.70003
4.8796 2.68684
5.02703 2.85393
5.01119 2.8718
5.15758 3.06475
5.15763 3.22499
5.20602 3.24205
5.18358 3.47445
5.13798 3.49946
5.13332 3.7122
5.03003 3.91538
5.03961 3.91749
4.93043 4.15419
4.77793 4.22756
4.80844 4.22383
4.61607 4.3381
4.62591 4.33502
4.41393 4.39429
4.43837 4.38394
4.24826 4.34109
4.15244 4.26686
4.05673 4.27225
3.8391 4.26325
3.86664 4.26993
3.662 4.21566
3.68 4.21822
3.47403 4.13721
3.47868 4.13627
3.25141 4.02995
3.27197 3.95823
3.13264 3.89455
3.05002 3.66337
3.03936 3.66223
3.06911 3.47018
3.07592 3.46314
3.18996 3.23077
3.2368 3.14769
3.41761 2.82414
3.45174 2.77585
3.561 2.5276
3.58855 2.44437
3.66886 2.16936
3.67706 2.14051
3.72658 1.89586
3.73018 1.76134
3.74463 1.77476
3.74488 1.54671
3.74475 1.53547
3.71805 1.31984
3.71816 1.31128
3.67433 1.14865
3.6478 1.07324
3.56608 0.899311
3.59485 0.931961
3.43875 0.789884
3.47572 0.81
3.2107 0.727012
3.14337 0.708379
2.75716 0.636857
2.71525 0.635415
2.50336 0.582472
2.56377 0.603931
2.41356 0.541328
2.46614 0.569041
2.32683 0.417125
2.38516 0.396249
2.2808 0.262249
2.45064 0.174651
2.43441 0.182392
2.66237 0.12642
2.66659 0.127353
2.90962 0.152909
2.90414 0.151457
2.99405 0.284285
2.96732 0.334766
2.94987 0.275665
2.9597 0.49647
2.96023 0.48822
2.95866 0.754276
2.9656 0.956204
2.97378 1.00299
2.94718 1.24441
2.94985 1.22602
2.85681 1.498
2.85395 1.50352
2.71084 1.70325
2.71381 1.70474
2.57895 1.80448
2.63321 1.74816
2.497 1.84232
2.52958 1.78721
2.46374 1.95765
2.54177 1.93212
2.50815 2.07776
2.66796 2.18901
2.63984 2.19347
2.89101 2.322
2.89948 2.32162
3.09792 2.45509
3.08249 2.43578
3.24852 2.64893
3.22341 2.60935
3.27571 2.77146
3.25118 2.78787
3.27702 2.81368
3.39629 2.94759
3.39302 2.92704
3.50587 3.16472
3.64297 3.19213
3.65436 3.26787
3.99433 3.30004
4.19432 3.31676
4.54213 3.33302
4.64872 3.3312
4.90031 3.31995
4.96895 3.31271
5.226 3.29367
5.21903 3.2954
5.42952 3.28194
5.39509 3.29339
5.59098 3.25948
5.55873 3.27691
5.74675 3.2035
5.72098 3.22518
5.88392 3.09968
5.86887 3.11861
6.01111 2.94095
6.01024 2.94432
6.14779 2.74317
6.1426 2.75562
6.24552 2.5409
6.24774 2.5379
6.31348 2.31024
6.31321 2.31639
6.32814 2.09089
6.32921 2.1094
6.2837 1.90246
6.29094 1.93029
6.19328 1.75286
6.20681 1.7816
6.0782 1.61589
6.08089 1.62296
5.94092 1.43709
5.93488 1.43002
5.79298 1.23092
5.78732 1.22424
5.64602 1.03731
5.6523 1.0469
5.51187 0.890896
5.53911 0.922108
5.39695 0.812625
5.43777 0.85081
5.28365 0.749058
5.31943 0.774216
5.19743 0.602172
5.09312 0.525626
5.07899 0.544804
4.96519 0.424337
5.01182 0.480785
4.90641 0.363093
4.95733 0.393918
4.80822 0.212363
4.70827 0.122046
4.70351 0.146091
4.60537 -0.00774752
4.64355 0.0651467
4.6153 -0.0902634
4.61469 -0.0453018
4.72533 -0.144289
4.66724 -0.169754
4.7832 0.0388722
4.79236 0.0569054
4.95032 0.332371
4.97246 0.389928
5.04535 0.730687
5.05378 0.8457
5.04063 1.12511
5.0382 1.14064
4.96345 1.36405
4.95891 1.3733
4.84803 1.58399
4.8563 1.57083
4.71785 1.76968
4.70066 1.77995
4.5497 2.04721
4.56712 2.01426
4.49484 2.16172
4.37793 2.41676
4.36518 2.46025
4.30277 2.63785
4.20682 2.91539
4.2137 2.88627
4.15678 3.12448
4.13383 3.01459
4.1588 3.17118
4.10749 3.11282
4.28351 3.22262
4.26321 3.21469
4.473 3.20846
4.43709 3.22278
4.6045 3.10473
4.59123 3.11601
4.69058 2.94363
4.67189 2.98992
4.70274 2.76559
4.71946 2.69458
4.75212 2.23892
4.75015 2.17713
4.77387 1.91951
4.74136 1.7313
4.73499 1.71868
4.7016 1.51844
4.71632 1.57922
4.67407 1.38786
4.66771 1.36096
4.60597 1.09577
4.60438 1.08553
4.53408 0.797569
4.53472 0.796889
4.43923 0.548788
4.45603 0.580857
4.303 0.37347
4.15799 0.389436
4.14292 0.324486
3.86432 0.370685
3.86613 0.371838
3.63126 0.452346
3.5722 0.474533
3.35224 0.563366
3.33942 0.572376
3.13745 0.680697
3.1089 0.699985
2.89948 0.798183
2.91558 0.788983
2.72855 0.878471
2.74561 0.864112
2.56406 0.96984
2.57987 0.950964
2.41318 1.08777
2.42018 1.07369
2.27273 1.25571
2.27453 1.24788
2.16818 1.45652
2.16486 1.46092
2.06237 1.73098
2.05109 1.75963
1.94369 2.02037
1.87692 2.22586
1.86262 2.23217
1.77584 2.42677
1.78967 2.38358
1.7197 2.55237
1.72639 2.50732
1.69329 2.7023
1.69232 2.6753
1.71282 2.889
1.70929 2.87171
1.76002 3.08521
1.75297 3.06476
1.81997 3.26393
1.81199 3.23821
1.92512 3.45182
2.03986 3.60409
2.0283 3.62729
2.17611 3.81962
2.18285 3.82457
2.38559 3.99183
2.59284 4.0955
2.6194 4.15116
2.89054 4.25621
2.88782 4.25942
3.01109 4.15283
2.98637 4.21462
2.99959 4.05234
2.9982 4.12945
3.00607 3.95791
3.00646 3.98245
3.00512 3.75633
3.00469 3.75442
2.9978 3.49066
2.99634 3.46623
2.99585 3.23794
3.01503 2.95894
3.01942 2.93343
3.10338 2.70684
3.10383 2.7083
3.28838 2.48327
3.25153 2.51724
3.45952 2.37849
3.48332 2.36917
3.70667 2.26238
3.83752 2.31949
3.84931 2.28644
4.10804 2.34468
4.07399 2.33588
4.35332 2.42052
4.33143 2.41294
4.53302 2.49593
4.5775 2.51538
4.78759 2.62608
4.79729 2.62792
4.96654 2.769
4.9565 2.75732
5.09121 2.96071
5.05853 2.99768
5.20291 3.11427
5.20721 3.36167
5.21164 3.35817
5.15264 3.61818
5.03127 3.77461
5.10391 3.8213
5.00244 4.03119
4.95544 4.03722
4.89682 4.2144
4.71896 4.30322
4.72945 4.29998
4.52026 4.39113
4.53334 4.38728
4.31899 4.3915
4.36115 4.38064
4.17936 4.38341
3.93916 4.29432
3.95516 4.29221
3.74711 4.2654
3.76929 4.26855
3.56219 4.19747
3.57598 4.19978
3.36391 4.10254
3.35616 4.08772
3.15335 3.97368
3.13158 3.77493
3.08047 3.77906
3.05013 3.5431
3.04234 3.58677
3.12627 3.35463
3.13709 3.33807
3.29492 3.04314
3.36206 2.93008
3.50252 2.66754
3.51266 2.63702
3.62147 2.32936
3.63239 2.28328
3.69762 2.02267
3.69164 2.01026
3.72502 1.87578
3.74307 1.65515
3.74431 1.66633
3.73052 1.41669
3.73423 1.43837
3.69057 1.19488
3.71071 1.26261
3.60172 0.962848
3.62674 1.00241
3.5139 0.843889
3.53526 0.860559
3.3645 0.76595
3.32664 0.756464
3.02658 0.682549
2.87556 0.653852
2.60278 0.594678
2.62148 0.601371
2.45706 0.549884
2.52815 0.575658
2.37956 0.486497
2.40738 0.505562
2.302 0.310268
2.4001 0.253533
2.33266 0.194358
2.54111 0.128323
2.54283 0.130744
2.78574 0.11667
2.79511 0.118333
2.98201 0.214422
2.94065 0.177241
2.94345 0.218268
2.94883 0.394577
2.94834 0.378097
2.9529 0.606911
2.95767 0.635363
2.95342 0.837913
2.95277 1.12004
2.95261 1.12561
2.90583 1.33649
2.88886 1.38348
2.77735 1.59449
2.77248 1.60156
2.6089 1.76073
2.66179 1.71917
2.52867 1.80484
2.56765 1.74666
2.45833 1.88241
2.49346 1.8425
2.47273 2.02895
2.62678 2.086
2.5625 2.13405
2.74251 2.25347
2.78321 2.27179
2.99273 2.39542
2.99626 2.39339
3.14902 2.53434
3.171 2.55876
3.24241 2.72674
3.21907 2.6669
3.23157 2.82021
3.33737 2.91615
3.30637 2.86978
3.44024 3.03618
3.47893 3.04889
3.5328 3.23688
3.77245 3.28185
3.87542 3.30109
4.31182 3.33502
4.42329 3.33708
4.767 3.34352
4.78315 3.34035
5.0878 3.31659
5.10831 3.3107
5.33794 3.29666
5.31367 3.30877
5.51395 3.28983
5.48077 3.30414
5.6753 3.25336
5.649 3.27123
5.82791 3.17314
5.80944 3.19238
5.95864 3.04063
5.95554 3.04608
6.09129 2.8573
6.09717 2.85077
6.21033 2.65787
6.21288 2.65525
6.29897 2.43058
6.30054 2.42845
6.34293 2.20125
6.34292 2.20888
6.32951 1.99048
6.33246 2.01092
6.25964 1.81556
6.2698 1.84389
6.15458 1.67477
6.16594 1.69617
6.02554 1.51771
6.02571 1.52046
5.88125 1.32388
5.87526 1.31678
5.73303 1.11844
5.73233 1.11913
5.59455 0.942941
5.60804 0.960844
5.4723 0.823733
5.50591 0.860247
5.36003 0.760825
5.39507 0.79062
5.26924 0.666409
5.28385 0.683861
5.20982 0.548475
5.03226 0.435453
5.06306 0.491876
4.95858 0.374455
5.00934 0.422652
4.89382 0.293377
4.89804 0.290297
4.82024 0.162091
4.65577 0.0371768
4.68096 0.0840509
4.62143 -0.0516957
4.64913 0.00899336
4.67521 -0.147667
4.61992 -0.141567
4.74662 -0.0812044
4.74373 -0.0733009
4.86307 0.152515
4.9023 0.223582
5.00584 0.504065
5.02441 0.613629
5.05451 0.964615
5.05478 1.00704
5.01114 1.25643
5.01125 1.25516
4.91345 1.48318
4.9126 1.48413
4.79751 1.6742
4.79086 1.67581
4.64539 1.88524
4.61019 1.94483
4.52406 2.1251
4.45165 2.27251
4.4329 2.3113
4.33842 2.57611
4.26911 2.75191
4.24826 2.80392
4.1894 3.00268
4.17881 3.00762
4.15142 3.1322
4.11732 3.05973
4.19781 3.19018
4.17482 3.17436
4.38103 3.2308
4.35649 3.23225
4.54537 3.17361
4.52004 3.18844
4.66781 3.02502
4.64792 3.05463
4.70229 2.87495
4.69974 2.88447
4.7303 2.57616
4.74745 2.35775
4.77382 2.0606
4.75296 2.03657
4.78326 1.84259
4.73209 1.59979
4.73089 1.6337
4.69985 1.46145
4.71131 1.5008
4.64592 1.24406
4.63834 1.2102
4.58032 0.969068
4.56655 0.911968
4.4974 0.683979
4.48806 0.657218
4.39234 0.480436
4.34798 0.483555
4.25727 0.323983
4.0245 0.335348
3.97888 0.338761
3.74928 0.393931
3.73758 0.39907
3.45614 0.50042
3.45503 0.503562
3.22662 0.610039
3.23501 0.612702
2.99596 0.737205
3.00045 0.735357
2.80286 0.82687
2.82565 0.809822
2.63553 0.9091
2.65378 0.891793
2.47743 1.01134
2.4878 0.995178
2.33166 1.15308
2.32922 1.15106
2.20273 1.34268
2.20103 1.34222
2.10955 1.56619
2.0903 1.61539
1.99266 1.8632
1.96735 1.90383
1.88986 2.10765
1.79638 2.33093
1.80273 2.31093
1.72153 2.48104
1.73176 2.43406
1.6812 2.61731
1.68261 2.58387
1.67897 2.79347
1.67663 2.77572
1.71369 2.99054
1.70997 2.97734
1.76658 3.1829
1.75839 3.16219
1.84963 3.35101
1.85168 3.35829
1.94505 3.53232
2.08511 3.73175
2.08855 3.73916
2.2624 3.91297
2.30063 3.90863
2.47744 4.06678
2.72455 4.20672
2.77433 4.23099
2.98944 4.21923
2.93983 4.24803
2.9893 4.09574
2.97985 4.1696
2.98597 4.01116
2.98629 4.07517
2.99306 3.86429
2.99196 3.87452
2.98877 3.63657
2.98899 3.60925
2.97868 3.34863
2.98715 3.11934
2.99643 3.0764
3.04815 2.81804
3.05041 2.8133
3.17346 2.6119
3.20937 2.57214
3.34675 2.446
3.35857 2.44133
3.58896 2.31456
3.61858 2.34227
3.7317 2.26524
3.96517 2.31319
3.99223 2.31765
4.18804 2.36954
4.24005 2.3843
4.44254 2.45533
4.42417 2.44804
4.68408 2.56812
4.68666 2.56319
4.89482 2.69595
4.88309 2.68429
5.03098 2.85001
5.03255 2.85727
5.15702 3.06432
5.15659 3.22379
5.21917 3.24335
5.19736 3.47623
5.14587 3.49946
5.13566 3.71766
5.05752 3.93079
5.07059 3.93374
4.94261 4.15544
4.78315 4.17949
4.83534 4.27879
4.6316 4.36756
4.63659 4.36646
4.41812 4.4167
4.43608 4.41226
4.24796 4.41708
4.07215 4.33198
4.04497 4.34859
3.83677 4.3034
3.85925 4.30498
3.6513 4.2537
3.66587 4.25571
3.46087 4.16993
3.46337 4.16773
3.24396 4.04832
3.27158 3.96096
3.13605 3.89376
3.06359 3.66134
3.05672 3.66183
3.07875 3.47356
3.08374 3.46568
3.1927 3.23296
3.23933 3.14827
3.41612 2.82416
3.44763 2.77304
3.55312 2.52519
3.58035 2.44095
3.65746 2.16704
3.66564 2.1372
3.71204 1.89311
3.72086 1.75693
3.73207 1.77355
3.73738 1.54761
3.73743 1.53541
3.71411 1.32116
3.71408 1.31145
3.67187 1.15021
3.64519 1.07354
3.56509 0.900721
3.59299 0.932698
3.43939 0.790204
3.47492 0.810101
3.21284 0.721973
3.14394 0.701706
2.76304 0.615372
2.72047 0.611716
2.5129 0.552883
2.57355 0.57376
2.42633 0.514218
2.48411 0.543159
2.34072 0.407085
2.37765 0.402019
2.28658 0.218114
2.44063 0.144531
2.42252 0.137028
2.65768 0.0998871
2.66778 0.10155
2.91056 0.14684
2.88973 0.139421
2.96374 0.279327
2.944 0.33648
2.93711 0.276947
2.94295 0.496187
2.94394 0.489038
2.93974 0.752208
2.94509 0.955832
2.94802 1.00192
2.91691 1.23831
2.92011 1.21914
2.82484 1.48286
2.82336 1.48559
2.68082 1.6762
2.68773 1.67264
2.55538 1.77066
2.60534 1.71486
2.47629 1.82168
2.50525 1.77391
2.4498 1.95236
2.54838 1.93811
2.50982 2.06885
2.66033 2.20041
2.63865 2.19701
2.87988 2.33983
2.88826 2.3401
3.0735 2.48289
3.05605 2.46132
3.1933 2.67485
3.18282 2.62465
3.21671 2.78509
3.28753 2.78273
3.23164 2.86328
3.36905 2.97001
3.35763 2.95162
3.50314 3.1646
3.64287 3.19376
3.65433 3.27731
3.99287 3.31446
4.19364 3.33224
4.54076 3.35027
4.64893 3.3493
4.90136 3.34102
4.971 3.33482
5.22628 3.31828
5.22211 3.32028
5.4318 3.31324
5.40063 3.32348
5.5984 3.29247
5.57029 3.30766
5.76145 3.23476
5.74044 3.25266
5.90749 3.12634
5.89612 3.14095
6.0397 2.96306
6.04038 2.96399
6.17394 2.76089
6.17095 2.76933
6.2719 2.55283
6.27534 2.54641
6.34199 2.31775
6.34247 2.31946
6.35937 2.09182
6.35995 2.10471
6.31689 1.89373
6.32209 1.91593
6.22655 1.73388
6.23763 1.75889
6.10949 1.5923
6.11153 1.59882
5.97042 1.41598
5.96376 1.40854
5.82191 1.21129
5.8153 1.20333
5.67867 1.01379
5.68303 1.02134
5.55029 0.857695
5.5729 0.885821
5.43421 0.766262
5.47028 0.803457
5.3364 0.68799
5.37307 0.722924
5.26329 0.567449
5.108 0.488415
5.14189 0.479665
5.02444 0.38015
5.06134 0.432886
4.95435 0.318009
4.99362 0.356735
4.86407 0.17707
4.72789 0.0882923
4.75917 0.0944758
4.6498 -0.0299803
4.68965 0.0406002
4.65782 -0.1089
4.6454 -0.0691933
4.73399 -0.172614
4.68507 -0.182131
4.8171 0.0193867
4.8247 0.0407016
4.9554 0.329201
4.96764 0.392192
5.03859 0.730987
5.04963 0.846502
5.04367 1.12473
5.04135 1.14214
4.97388 1.36732
4.96889 1.37877
4.86287 1.59138
4.86912 1.58014
4.73273 1.77875
4.71549 1.79006
4.56617 2.05454
4.58618 2.02687
4.51164 2.17066
4.39688 2.4239
4.38133 2.46597
4.31984 2.64513
4.22021 2.91876
4.22778 2.89087
4.16606 3.12514
4.14698 3.0157
4.16233 3.16904
4.1141 3.10671
4.282 3.22422
4.26374 3.21609
4.47386 3.21815
4.44142 3.2299
4.61236 3.11461
4.60169 3.12302
4.70314 2.95011
4.6859 2.99202
4.71817 2.7677
4.73658 2.6942
4.77783 2.24351
4.77161 2.17879
4.79199 1.92499
4.72799 1.7381
4.76243 1.71405
4.71948 1.51604
4.73465 1.57443
4.68764 1.38498
4.68107 1.35692
4.61668 1.09399
4.61456 1.08221
4.53863 0.797099
4.53883 0.794696
4.44168 0.548481
4.45789 0.578807
4.30389 0.37387
4.15662 0.385983
4.14011 0.310684
3.86102 0.347881
3.85891 0.349709
3.62301 0.42819
3.56326 0.450425
3.34203 0.53828
3.32716 0.54785
3.12454 0.654786
3.09646 0.674954
2.88827 0.772637
2.90238 0.763074
2.71504 0.851534
2.73003 0.838078
2.54761 0.943773
2.5604 0.927146
2.39223 1.06476
2.3963 1.05411
2.24793 1.23689
2.24733 1.2332
2.13846 1.44252
2.13371 1.45047
2.03186 1.71815
2.01933 1.74804
1.90514 2.00435
1.78853 2.16852
1.82544 2.21635
1.73114 2.40501
1.74326 2.36484
1.67599 2.53829
1.68049 2.4991
1.65589 2.69902
1.6546 2.6778
1.67332 2.89389
1.67045 2.88052
1.71763 3.0953
1.71172 3.07819
1.78581 3.27718
1.77611 3.25844
1.88146 3.47269
1.98795 3.64247
2.00193 3.64776
2.1573 3.83532
2.16686 3.84335
2.37176 4.00305
2.58363 4.11872
2.6143 4.16407
2.89054 4.25265
2.87724 4.25647
2.97488 4.15698
2.95335 4.20835
2.96608 4.0522
2.96682 4.12781
2.97728 3.9573
2.97744 3.98147
2.97748 3.7572
2.97524 3.75401
2.96997 3.49258
2.96479 3.46603
2.96841 3.23606
3.00775 2.95873
3.0138 2.93115
3.10121 2.70656
3.10542 2.70857
3.29253 2.48812
3.25402 2.51932
3.46003 2.38067
3.4849 2.37065
3.70754 2.26442
3.83665 2.31964
3.84963 2.28823
4.10687 2.34652
4.07413 2.33795
4.35191 2.42251
4.33121 2.41558
4.53178 2.49697
4.57756 2.51687
4.78791 2.6242
4.79916 2.6265
4.96939 2.76507
4.96204 2.75399
5.10236 2.95267
5.07291 2.98125
5.20676 3.11675
5.21732 3.36155
5.224 3.36106
5.15724 3.61712
5.06833 3.78577
5.11837 3.82945
5.02499 4.0428
4.97542 4.04187
4.89154 4.22666
4.72581 4.32325
4.74742 4.34388
4.52929 4.41605
4.53629 4.41345
4.32369 4.4489
4.26614 4.36369
4.16627 4.4035
3.92676 4.34763
3.94545 4.34991
3.74108 4.30156
3.75837 4.30382
3.54999 4.23233
3.56042 4.23369
3.3522 4.12753
3.34673 4.10673
3.1565 3.98797
3.14019 3.77562
3.09103 3.77633
3.06584 3.54397
3.05657 3.58968
3.13187 3.35771
3.14247 3.33997
3.29575 3.04439
3.36091 2.92869
3.49546 2.66493
3.50651 2.63383
3.61141 2.32689
3.62242 2.27994
3.68447 2.0205
3.68058 2.00706
3.70996 1.87464
3.7331 1.65535
3.73399 1.66578
3.72499 1.41785
3.72827 1.43853
3.68764 1.19623
3.7068 1.26315
3.60019 0.964218
3.62449 1.00293
3.51377 0.844952
3.53404 0.861026
3.36589 0.764407
3.32679 0.753415
3.02954 0.671926
2.87927 0.63696
2.61055 0.568218
2.62909 0.574659
2.46819 0.520167
2.54037 0.545343
2.39436 0.466223
2.42498 0.489996
2.31386 0.302492
2.3938 0.267898
2.32266 0.15207
2.5329 0.0947114
2.53954 0.0956689
2.786 0.101642
2.80009 0.104755
2.95259 0.210358
2.91941 0.169745
2.9234 0.22079
2.9336 0.394404
2.93364 0.379047
2.93541 0.606238
2.94233 0.634727
2.93357 0.838888
2.92456 1.11707
2.92435 1.12103
2.87445 1.32742
2.85815 1.37017
2.74553 1.57364
2.74334 1.57671
2.58401 1.72788
2.63464 1.68391
2.50557 1.77694
2.54023 1.72309
2.44252 1.87328
2.4846 1.84012
2.46327 2.01913
2.61964 2.11064
2.5627 2.13503
2.73589 2.26298
2.77638 2.28418
2.97473 2.41967
2.97654 2.4165
3.11113 2.56512
3.12514 2.57913
3.18767 2.74206
3.18816 2.6711
3.20436 2.85994
3.32909 2.92893
3.26441 2.91653
3.41792 3.05249
3.45696 3.05654
3.53531 3.24109
3.77098 3.29144
3.87537 3.3131
4.3097 3.35067
4.4233 3.35367
4.76566 3.36277
4.78533 3.35959
5.08841 3.33981
5.10981 3.3339
5.33951 3.32531
5.31656 3.3362
5.51812 3.32159
5.4886 3.33431
5.68556 3.28479
5.66371 3.29999
5.84611 3.20125
5.832 3.2164
5.98488 3.06394
5.98402 3.06654
6.11899 2.87665
6.12578 2.86807
6.23663 2.67189
6.24047 2.66606
6.32581 2.44029
6.32839 2.43447
6.37201 2.20572
6.37225 2.20862
6.36079 1.9872
6.36255 2.00201
6.29224 1.80228
6.29993 1.82566
6.18626 1.6532
6.1957 1.67215
6.05569 1.49542
6.0551 1.49745
5.91027 1.3039
5.90346 1.2959
5.76382 1.0977
5.76196 1.09669
5.63063 0.916157
5.64147 0.931822
5.51051 0.786242
5.53869 0.820054
5.40756 0.70409
5.44221 0.739102
5.32778 0.614493
5.27677 0.631698
5.2223 0.515709
5.08813 0.375177
5.1341 0.422379
5.01316 0.325706
5.06246 0.364052
4.94222 0.251065
4.92868 0.275223
4.8396 0.124759
4.69835 -0.00607249
4.7405 0.0447275
4.66428 -0.0741387
4.69174 -0.0199663
4.6933 -0.176498
4.66578 -0.170839
4.76963 -0.100538
4.77104 -0.0887213
4.88501 0.141556
4.91253 0.219789
4.99428 0.506642
5.01863 0.615186
5.05369 0.963942
5.05483 1.00775
5.01858 1.25743
5.01803 1.25842
4.92666 1.48843
4.92485 1.49154
4.81206 1.68287
4.805 1.68609
4.66165 1.89451
4.62612 1.95347
4.54108 2.13538
4.47112 2.28096
4.45134 2.31977
4.35656 2.58083
4.2832 2.75678
4.26309 2.80936
4.20133 3.00536
4.19129 3.01038
4.15929 3.13256
4.12726 3.05689
4.19914 3.18781
4.17746 3.17056
4.3795 3.23627
4.35783 3.23673
4.54921 3.18311
4.52703 3.1954
4.6778 3.03349
4.65994 3.05939
4.71657 2.87859
4.71488 2.88516
4.74965 2.57742
4.77084 2.36081
4.79463 2.06356
4.74902 2.03436
4.78453 1.84111
4.75104 1.59709
4.75429 1.62827
4.71588 1.45843
4.72772 1.49544
4.65831 1.24164
4.6501 1.20665
4.58855 0.96762
4.57326 0.909391
4.50114 0.683396
4.49101 0.655136
4.39424 0.480032
4.3484 0.482623
4.25316 0.318988
4.02299 0.320275
3.97514 0.319859
3.74328 0.370629
3.7286 0.376623
3.44848 0.475621
3.44415 0.480152
3.21559 0.584757
3.22164 0.588601
2.98489 0.711841
2.98782 0.710205
2.79062 0.799389
2.81141 0.784299
2.62127 0.882562
2.63653 0.866956
2.4592 0.98687
2.46642 0.973629
2.30884 1.1326
2.30415 1.1337
2.17595 1.32654
2.17233 1.33
2.07884 1.55439
2.05953 1.60394
1.95893 1.84884
1.90246 1.88688
1.83862 2.06222
1.75185 2.30796
1.76231 2.29171
1.67866 2.463
1.68661 2.42126
1.64138 2.60992
1.64176 2.58236
1.64153 2.79458
1.63947 2.78136
1.67336 2.998
1.67024 2.98777
1.7293 3.19437
1.72245 3.17822
1.81014 3.37091
1.79854 3.38943
1.90383 3.56042
2.06068 3.74953
2.06828 3.75861
2.24778 3.92856
2.30431 3.95912
2.47161 4.08325
2.72097 4.21336
2.77433 4.23523
2.93271 4.24391
2.91129 4.25579
2.95268 4.10249
2.94566 4.16792
2.95663 4.01075
2.95636 4.07293
2.96524 3.86459
2.96426 3.87396
2.96069 3.6374
2.96025 3.60968
2.94957 3.34951
2.98586 3.11985
2.98155 3.07328
3.04396 2.81758
3.04714 2.81089
3.17562 2.61433
3.21316 2.57478
3.34847 2.4494
3.36058 2.44327
3.58943 2.31696
3.61974 2.34252
3.73174 2.26669
3.9641 2.31478
3.99248 2.31962
4.18679 2.37135
4.24 2.38668
4.44095 2.45759
4.42393 2.45031
4.68347 2.56776
4.68744 2.56326
4.89635 2.69255
4.88595 2.68232
5.03807 2.84359
5.04161 2.85208
5.16343 3.05619
5.16226 3.22551
5.22598 3.24436
5.20688 3.47731
5.18664 3.50335
5.15678 3.70841
5.08263 3.94139
5.08785 3.94352
4.94912 4.1564
4.82126 4.15622
4.84012 4.296
4.64437 4.40036
4.64584 4.40111
4.42743 4.45769
4.44017 4.43344
4.25021 4.48011
4.0504 4.38393
4.03624 4.39032
3.82795 4.34859
3.84783 4.35068
3.64187 4.28844
3.65252 4.28973
3.44806 4.19926
3.44813 4.1954
3.23715 4.06429
3.27027 3.95856
3.14216 3.89312
3.07612 3.65977
3.07057 3.66138
3.08955 3.47689
3.0933 3.46871
3.1961 3.23542
3.24217 3.14897
3.41393 2.82382
3.44312 2.77014
3.54514 2.52285
3.57193 2.43757
3.64607 2.16483
3.65407 2.13401
3.69736 1.89075
3.71166 1.75715
3.71927 1.77204
3.72923 1.54836
3.72952 1.53528
3.70966 1.3225
3.70952 1.31169
3.66911 1.15184
3.64245 1.07387
3.56429 0.90201
3.59124 0.93331
3.44031 0.790156
3.4743 0.809749
3.21522 0.716524
3.14479 0.694861
2.76938 0.595338
2.7261 0.58961
2.52287 0.524394
2.58299 0.545239
2.43849 0.486788
2.50052 0.513317
2.35561 0.395147
2.38047 0.399301
2.30654 0.189193
2.43892 0.134994
2.41545 0.0987102
2.65536 0.0758063
2.67082 0.0783537
2.91176 0.14133
2.8727 0.124184
2.93909 0.285593
2.92513 0.337583
2.91992 0.278401
2.92704 0.495666
2.92808 0.489662
2.92157 0.749672
2.92079 0.954993
2.92308 1.00027
2.88654 1.23155
2.89034 1.2117
2.79265 1.46688
2.79269 1.46677
2.65152 1.64891
2.66171 1.64066
2.53179 1.73927
2.575 1.68301
2.45696 1.80501
2.48132 1.7631
2.44142 1.94865
2.56292 1.95819
2.51125 2.06712
2.65082 2.2117
2.63603 2.20239
2.86677 2.35817
2.87488 2.35906
3.04255 2.51286
3.02321 2.48823
3.13494 2.69552
3.13369 2.63848
3.18591 2.78789
3.25156 2.75309
3.2153 2.90256
3.34378 3.00222
3.32213 2.98564
3.49369 3.16743
3.64236 3.19436
3.65439 3.28432
3.99132 3.32721
4.19296 3.34683
4.53928 3.36756
4.64896 3.3676
4.90212 3.36177
4.97276 3.35623
5.22622 3.34349
5.22446 3.34546
5.4332 3.34246
5.4053 3.35184
5.60489 3.32345
5.58095 3.33676
5.77477 3.26383
5.75838 3.27837
5.92899 3.15132
5.92124 3.16189
6.06661 2.98394
6.06901 2.98222
6.19995 2.77784
6.19894 2.78245
6.29806 2.56443
6.30258 2.55477
6.36923 2.32503
6.37045 2.32252
6.38864 2.09297
6.38888 2.10058
6.34808 1.8861
6.35146 1.90296
6.25817 1.71657
6.26683 1.73778
6.13973 1.56962
6.14094 1.57528
5.99967 1.39464
5.99249 1.38688
5.85158 1.19124
5.84435 1.18231
5.71227 0.990978
5.71521 0.996717
5.58787 0.828039
5.60625 0.853154
5.47986 0.719142
5.51212 0.756148
5.39216 0.633562
5.42817 0.674209
5.28431 0.515136
5.16211 0.4156
5.18739 0.436745
5.0784 0.31971
5.12357 0.363821
5.00384 0.26302
5.0473 0.302075
4.89069 0.164767
4.77383 0.0653977
4.79522 0.059194
4.69777 -0.063983
4.74024 -0.0128706
4.68797 -0.136712
4.6948 -0.100724
4.76819 -0.207321
4.73049 -0.210589
4.84093 0.00487297
4.84672 0.031203
4.95266 0.329484
4.96766 0.39291
5.03359 0.73103
5.04729 0.847312
5.04759 1.12433
5.0454 1.14374
4.98442 1.37028
4.97901 1.38401
4.87733 1.59824
4.88161 1.58903
4.74775 1.7879
4.73041 1.80009
4.58344 2.0622
4.60223 2.03586
4.53 2.18008
4.41537 2.4309
4.39845 2.4718
4.33545 2.65231
4.2335 2.92235
4.2416 2.89572
4.17556 3.12612
4.15947 3.01663
4.16647 3.16692
4.12277 3.10329
4.28113 3.22439
4.26444 3.2162
4.47413 3.22588
4.44479 3.23545
4.61911 3.12352
4.6109 3.12924
4.71505 2.95641
4.69909 2.99408
4.73471 2.77005
4.75499 2.69411
4.79649 2.24685
4.79266 2.18034
4.79189 1.9257
4.74185 1.73238
4.77357 1.7117
4.73986 1.51236
4.75572 1.56823
4.70246 1.3814
4.69518 1.35247
4.62702 1.09214
4.62436 1.0788
4.54423 0.796248
4.54391 0.792089
4.4445 0.547992
4.46005 0.576531
4.30328 0.374884
4.15531 0.382776
4.13808 0.300346
3.85855 0.327034
3.85253 0.329307
3.6152 0.404637
3.55461 0.426837
3.33229 0.51376
3.3154 0.524074
3.11243 0.630045
3.0847 0.651162
2.87708 0.747342
2.8896 0.737365
2.70205 0.825312
2.71491 0.812746
2.53165 0.918367
2.54144 0.903918
2.37204 1.04245
2.37322 1.03513
2.22382 1.2185
2.22089 1.21873
2.11009 1.42884
2.10402 1.44033
2.00041 1.70468
1.98403 1.73476
1.83939 1.98519
1.77439 2.15978
1.7766 2.19381
1.69112 2.38431
1.70182 2.34851
1.63548 2.52629
1.6385 2.49315
1.61809 2.69675
1.61671 2.68044
1.63518 2.89809
1.63285 2.88844
1.67948 3.10421
1.67486 3.09103
1.74797 3.2922
1.73919 3.27812
1.83614 3.50002
1.9589 3.66343
1.97269 3.6727
2.1391 3.8515
2.15139 3.86258
2.37704 4.05053
2.56889 4.1479
2.61061 4.17509
2.87095 4.30086
2.82418 4.28709
2.93294 4.1683
2.91971 4.21455
2.9366 4.05146
2.93541 4.12561
2.94965 3.95632
2.94867 3.98022
2.94984 3.75805
2.9486 3.75358
2.94158 3.49438
2.97382 3.46377
2.95458 3.23239
2.99868 2.95773
3.00562 2.92791
3.10071 2.7071
3.1077 2.70936
3.29372 2.4902
3.25717 2.52226
3.46083 2.38332
3.48672 2.3726
3.70843 2.26651
3.83577 2.31981
3.84997 2.28992
4.10572 2.34825
4.07429 2.33993
4.3505 2.42454
4.33101 2.41814
4.5306 2.49792
4.57774 2.51811
4.78808 2.62255
4.80077 2.62541
4.97308 2.76012
4.96715 2.75078
5.11062 2.94632
5.07283 2.98246
5.20626 3.11731
5.2251 3.36117
5.23337 3.36355
5.18837 3.62014
5.12826 3.82168
5.13459 3.83677
5.0379 4.0491
5.00475 4.05369
4.89453 4.24719
4.72887 4.33162
4.75662 4.36806
4.5409 4.4524
4.54395 4.44951
4.33778 4.48964
4.2182 4.36778
4.14679 4.4499
3.91945 4.39191
3.93591 4.39318
3.73144 4.34084
3.74536 4.3426
3.53866 4.26369
3.54536 4.26389
3.34079 4.14933
3.33903 4.12143
3.16383 4.00668
3.14458 3.77633
3.10037 3.77403
3.07609 3.54471
3.06944 3.59195
3.13861 3.36105
3.14899 3.3423
3.29659 3.04562
3.3604 2.92764
3.48888 2.66267
3.50013 2.63064
3.60127 2.3245
3.61234 2.27667
3.6712 2.01847
3.67013 2.00434
3.6951 1.86902
3.72269 1.65528
3.72324 1.66502
3.71888 1.41896
3.72176 1.43868
3.68432 1.19763
3.70246 1.26379
3.59872 0.965556
3.62222 1.00344
3.51387 0.845805
3.533 0.861233
3.3675 0.762466
3.32716 0.749895
3.03283 0.661555
2.88334 0.620967
2.61887 0.543285
2.63686 0.549905
2.47926 0.491544
2.55175 0.515354
2.40793 0.442103
2.44625 0.468828
2.32878 0.294552
2.3822 0.278179
2.32306 0.120176
2.52764 0.0661944
2.53901 0.0654397
2.78724 0.0877647
2.8055 0.0928326
2.93117 0.225301
2.90113 0.175128
2.90477 0.223279
2.91703 0.394467
2.91739 0.379966
2.9185 0.605369
2.92139 0.63357
2.91265 0.839176
2.89645 1.11328
2.89646 1.11587
2.84288 1.31766
2.82734 1.35608
2.71396 1.5521
2.71442 1.55132
2.55985 1.69638
2.60653 1.65043
2.48188 1.75235
2.51066 1.70207
2.42937 1.86693
2.4842 1.84072
2.45744 2.0067
2.60773 2.1317
2.56001 2.13935
2.72769 2.27365
2.76771 2.29761
2.95215 2.44572
2.95172 2.44055
3.06741 2.59559
3.07358 2.59696
3.14937 2.75352
3.14596 2.67887
3.20755 2.86053
3.33102 2.89306
3.23949 2.95122
3.39513 3.07593
3.4329 3.06851
3.53623 3.24144
3.76957 3.29898
3.87528 3.32328
4.30752 3.36568
4.4232 3.36996
4.76417 3.38192
4.78728 3.37889
5.08866 3.36305
5.11124 3.3596
5.34013 3.35548
5.31892 3.36296
5.5214 3.35134
5.4956 3.36261
5.69484 3.31421
5.67736 3.32699
5.86276 3.22753
5.85283 3.23895
6.00908 3.08597
6.01059 3.08563
6.14565 2.89501
6.15351 2.88425
6.26272 2.68544
6.26775 2.67651
6.35196 2.44969
6.35548 2.44032
6.39954 2.21012
6.40008 2.20851
6.39019 1.98449
6.39096 1.994
6.32308 1.79038
6.32849 1.80895
6.21669 1.63306
6.22412 1.64936
6.0852 1.47343
6.08379 1.47465
5.93958 1.28353
5.93215 1.27483
5.79548 1.077
5.79278 1.07463
5.6664 0.891373
5.67483 0.904969
5.55369 0.74963
5.57763 0.781758
5.46031 0.652248
5.49373 0.689817
5.36789 0.57498
5.38244 0.577185
5.27005 0.45837
5.14261 0.329626
5.18315 0.369783
5.06802 0.26187
5.11531 0.295514
4.9784 0.208628
5.00174 0.198648
4.87975 0.112964
4.73711 -0.0413163
4.78987 0.00670889
4.70658 -0.123985
4.73668 -0.0947628
4.73215 -0.210652
4.72024 -0.205746
4.80316 -0.120041
4.80567 -0.105746
4.89746 0.135633
4.91711 0.218959
4.99295 0.506224
5.01588 0.616287
5.05416 0.96321
5.05618 1.00855
5.02641 1.25828
5.02532 1.26162
4.93971 1.49326
4.93699 1.49864
4.82664 1.69129
4.81886 1.69613
4.67768 1.90352
4.64244 1.96221
4.55947 2.1438
4.48889 2.28866
4.46902 2.32794
4.37231 2.58492
4.29758 2.76207
4.27726 2.81481
4.21324 3.0083
4.20327 3.01337
4.16714 3.13248
4.13797 3.05437
4.20301 3.1872
4.18 3.16736
4.37806 3.24007
4.35887 3.2398
4.55217 3.19131
4.53289 3.20128
4.68692 3.04149
4.67093 3.0638
4.73098 2.88244
4.73019 2.88607
4.76811 2.57875
4.78955 2.36275
4.80561 2.06497
4.77801 2.04097
4.78813 1.83886
4.76631 1.59583
4.76958 1.6246
4.73393 1.45419
4.74627 1.48892
4.671 1.23891
4.66197 1.20286
4.59696 0.965978
4.5804 0.906575
4.50561 0.682484
4.49457 0.652738
4.39575 0.479863
4.34948 0.481397
4.24973 0.31521
4.0222 0.307438
3.97224 0.303491
3.73803 0.348544
3.72027 0.355239
3.44113 0.451374
3.43368 0.457204
3.20513 0.560414
3.20882 0.565317
2.97415 0.686644
2.97547 0.685708
2.77892 0.772418
2.79753 0.759257
2.60746 0.856724
2.61975 0.842747
2.44152 0.963045
2.44564 0.952658
2.28677 1.11263
2.27982 1.1168
2.15012 1.31077
2.14466 1.318
2.0487 1.5424
2.02873 1.59209
1.91556 1.82852
1.89059 1.88099
1.78485 2.04415
1.70978 2.28876
1.71656 2.27103
1.63973 2.44662
1.64602 2.41066
1.60302 2.6037
1.60286 2.58165
1.60431 2.79588
1.60257 2.78666
1.6358 3.00451
1.63347 2.99762
1.69203 3.20586
1.68664 3.19362
1.76874 3.3904
1.78996 3.39349
1.87026 3.58844
2.03679 3.76951
2.04724 3.78049
2.23152 3.9466
2.28759 3.97651
2.45623 4.11984
2.70743 4.23917
2.7597 4.26767
2.91691 4.23657
2.86768 4.26432
2.91752 4.09847
2.91507 4.16555
2.92888 4.00969
2.92694 4.07018
2.93734 3.86467
2.93641 3.87337
2.9334 3.63848
2.93436 3.61026
2.94513 3.35127
3.00884 3.12975
2.97073 3.07042
3.03984 2.81697
3.04457 2.80872
3.17764 2.61669
3.21541 2.57592
3.3502 2.4528
3.36304 2.44591
3.59007 2.31969
3.62105 2.34297
3.73178 2.26818
3.96304 2.31627
3.99274 2.3215
4.18555 2.37311
4.23989 2.38927
4.43956 2.45932
4.42375 2.45249
4.68286 2.5674
4.68821 2.56335
4.89807 2.68876
4.88893 2.68013
5.04378 2.838
5.04822 2.84841
5.16281 3.05584
5.16778 3.22685
5.2295 3.24515
5.22536 3.47937
5.225 3.50997
5.18472 3.72023
5.10206 3.94823
5.10206 3.95234
4.96537 4.16291
4.88601 4.1314
4.84351 4.31326
4.65696 4.42762
4.65503 4.43109
4.43804 4.49709
4.43016 4.41932
4.25998 4.4761
4.03481 4.41924
4.02622 4.43751
3.81987 4.38941
3.83619 4.39091
3.63091 4.32306
3.63825 4.32337
3.43592 4.22514
3.43341 4.21934
3.23036 4.08055
3.26072 3.94271
3.14828 3.89238
3.0852 3.65892
3.08065 3.66072
3.09961 3.47984
3.10298 3.47155
3.20028 3.23814
3.24543 3.14984
3.41169 2.82348
3.43917 2.7676
3.53708 2.52057
3.56339 2.43426
3.63459 2.16272
3.64242 2.13094
3.68275 1.88893
3.70184 1.75312
3.70609 1.77019
3.72057 1.54894
3.72112 1.53504
3.70472 1.32383
3.70451 1.31196
3.66608 1.15353
3.6396 1.07423
3.56362 0.903209
3.58957 0.933836
3.44146 0.789822
3.47383 0.809077
3.2178 0.710902
3.14581 0.688283
2.77608 0.576518
2.73214 0.568794
2.53313 0.497744
2.59231 0.517974
2.45063 0.45831
2.50786 0.479881
2.37335 0.378461
2.38837 0.394195
2.32398 0.177733
2.43835 0.133892
2.41155 0.0675918
2.6546 0.0544827
2.67499 0.0581113
2.9025 0.156633
2.86687 0.128634
2.92001 0.289685
2.90763 0.338642
2.90279 0.279949
2.91083 0.495178
2.91128 0.490197
2.90089 0.747134
2.89235 0.952774
2.8978 0.997887
2.85623 1.22403
2.86069 1.20364
2.76047 1.45013
2.7621 1.44722
2.623 1.62175
2.63568 1.6094
2.50778 1.71013
2.54456 1.65546
2.43758 1.79138
2.45933 1.75549
2.43507 1.94514
2.57241 1.99678
2.51002 2.07031
2.64206 2.2205
2.63131 2.21019
2.8504 2.3781
2.85776 2.37933
3.00515 2.54283
2.98582 2.51398
3.09582 2.71019
3.08852 2.65547
3.16476 2.79273
3.20631 2.74514
3.21881 2.92
3.33571 3.01492
3.29723 3.01482
3.48212 3.17289
3.64332 3.19844
3.65468 3.28809
3.98969 3.33842
4.19224 3.36048
4.53767 3.38459
4.64884 3.38574
4.90262 3.38256
4.97423 3.37794
5.22608 3.37098
5.22599 3.3725
5.43409 3.37014
5.40938 3.37903
5.61054 3.35234
5.59073 3.36399
5.78702 3.29105
5.77506 3.30254
5.94878 3.17484
5.94454 3.18164
6.09188 3.00373
6.09614 2.99925
6.22547 2.79403
6.2263 2.79494
6.32383 2.57565
6.32935 2.56285
6.39543 2.33206
6.39735 2.3255
6.41632 2.09426
6.41631 2.09689
6.37753 1.87938
6.37931 1.89115
6.28835 1.70076
6.29466 1.71813
6.16908 1.54793
6.16929 1.55247
6.02874 1.37323
6.02113 1.36518
5.88186 1.17097
5.87422 1.16135
5.746 0.969137
5.74764 0.973329
5.62804 0.799481
5.6431 0.822592
5.52984 0.676721
5.55826 0.713252
5.43659 0.589554
5.47246 0.623773
5.33414 0.472381
5.28857 0.385177
5.24247 0.387456
5.13267 0.266011
5.17488 0.305435
5.0458 0.203397
5.0915 0.231541
4.94085 0.100624
4.84462 0.00304215
4.82377 0.0348796
4.74273 -0.0986204
4.79292 -0.0474244
4.726 -0.209666
4.74355 -0.215486
4.79936 -0.235238
4.78432 -0.233893
4.86435 -0.00638289
4.86467 0.0249917
4.95033 0.329473
4.96902 0.393335
5.03217 0.73053
5.04679 0.848047
5.0522 1.12388
5.05022 1.14536
4.995 1.37297
4.98924 1.38904
4.89167 1.60477
4.89386 1.59749
4.76241 1.79677
4.74525 1.80997
4.60155 2.07012
4.6175 2.04406
4.54777 2.18941
4.43238 2.43736
4.41596 2.4781
4.34952 2.65902
4.24659 2.92606
4.25498 2.90072
4.18504 3.12732
4.17218 3.01935
4.17203 3.16462
4.13452 3.10244
4.28043 3.2242
4.2652 3.216
4.47401 3.23214
4.44748 3.23985
4.6249 3.13163
4.61908 3.13484
4.72666 2.96275
4.7118 2.99623
4.75098 2.77256
4.76953 2.69414
4.80872 2.24895
4.80731 2.18035
4.80424 1.9286
4.77902 1.72382
4.78337 1.70996
4.75784 1.5098
4.77173 1.56322
4.71879 1.37684
4.71046 1.34736
4.63754 1.09008
4.63433 1.07516
4.55047 0.795123
4.5496 0.789172
4.44747 0.547391
4.46261 0.573922
4.30325 0.375667
4.15452 0.380426
4.13654 0.291883
3.85693 0.308118
3.84703 0.310632
3.608 0.381939
3.54636 0.403998
3.32302 0.489932
3.30413 0.501114
3.1008 0.605913
3.0734 0.627775
2.86608 0.722461
2.87736 0.712207
2.68949 0.799805
2.70014 0.787975
2.51615 0.893589
2.52296 0.881287
2.35245 1.02072
2.35079 1.01662
2.20046 1.20058
2.19525 1.20456
2.0825 1.41523
2.07499 1.43004
1.96485 1.6882
1.94995 1.71836
1.80857 1.96216
1.75427 2.15543
1.72877 2.17493
1.64994 2.36525
1.65825 2.33271
1.59798 2.51559
1.59987 2.48834
1.58105 2.69496
1.57971 2.68313
1.59843 2.90199
1.59664 2.89595
1.64265 3.11265
1.63908 3.10332
1.70892 3.30685
1.70403 3.29486
1.81086 3.50699
1.97089 3.64493
1.94636 3.69782
2.11967 3.87033
2.13492 3.88347
2.3564 4.06915
2.56428 4.16035
2.59684 4.20618
2.87069 4.29926
2.81849 4.29682
2.90527 4.15522
2.88241 4.20839
2.90578 4.05053
2.90608 4.12282
2.92145 3.95491
2.91988 3.97874
2.92233 3.75883
2.92165 3.75328
2.92641 3.49513
2.97111 3.46371
2.96169 3.23508
2.99506 2.95762
2.9995 2.92508
3.10091 2.70801
3.10813 2.70881
3.2949 2.49226
3.25942 2.52405
3.46189 2.38636
3.48881 2.37503
3.70931 2.26861
3.83492 2.31994
3.85032 2.29155
4.10461 2.34984
4.07448 2.34181
4.34918 2.42632
4.33088 2.42052
4.52947 2.49875
4.57805 2.51913
4.78849 2.62045
4.80246 2.62413
4.97628 2.75554
4.97177 2.74782
5.11368 2.94344
5.07848 2.97706
5.20458 3.11748
5.23628 3.36035
5.2439 3.36547
5.22026 3.62527
5.15364 3.83136
5.15779 3.84718
5.05322 4.05689
5.03279 4.06926
4.89124 4.24668
4.72814 4.31542
4.76596 4.38973
4.55329 4.48556
4.55127 4.47481
4.34317 4.49514
4.16399 4.41205
4.14066 4.46522
3.91086 4.43481
3.92517 4.43662
3.72153 4.3779
3.73196 4.37878
3.52686 4.29319
3.53007 4.29186
3.32943 4.16929
3.3352 4.12877
3.18546 4.03019
3.13973 3.7773
3.10779 3.77209
3.08545 3.54542
3.07986 3.59353
3.14575 3.36437
3.15595 3.34469
3.29768 3.04695
3.36037 2.92684
3.48292 2.66081
3.49401 2.62763
3.59104 2.32222
3.60216 2.27346
3.65797 2.0166
3.65879 2.00181
3.68045 1.86651
3.71179 1.65494
3.71207 1.66403
3.71227 1.41998
3.71479 1.43879
3.68069 1.19905
3.69776 1.2645
3.5973 0.966856
3.61996 1.00392
3.51416 0.846482
3.53211 0.861226
3.36925 0.760284
3.32768 0.746177
3.03638 0.651674
2.88769 0.605835
2.62756 0.520008
2.64477 0.526984
2.4906 0.46346
2.55635 0.483807
2.41523 0.411047
2.46399 0.445437
2.3417 0.288658
2.37913 0.2791
2.3303 0.0933668
2.52493 0.0461306
2.54011 0.0400033
2.78684 0.0865256
2.8054 0.094272
2.91373 0.234088
2.88803 0.178807
2.88947 0.225394
2.90051 0.394621
2.9009 0.380914
2.89984 0.60432
2.89647 0.632524
2.88851 0.838144
2.86797 1.10864
2.86849 1.10999
2.81133 1.30717
2.79662 1.34128
2.68283 1.53012
2.68575 1.52574
2.53607 1.66626
2.5778 1.61929
2.45852 1.73131
2.48206 1.68566
2.41827 1.86258
2.49217 1.84567
2.45774 1.99421
2.59094 2.15159
2.5556 2.14514
2.71716 2.28625
2.75602 2.31293
2.9241 2.47289
2.92104 2.46485
3.02954 2.62002
3.02812 2.61762
3.11541 2.76696
3.09827 2.69928
3.20256 2.85977
3.29646 2.83631
3.2315 2.96701
3.3781 3.09615
3.41636 3.07891
3.53551 3.23758
3.76811 3.30508
3.87522 3.33122
4.30527 3.37994
4.42298 3.38574
4.76252 3.40094
4.789 3.39816
5.08853 3.38737
5.1125 3.38692
5.33985 3.38634
5.32119 3.39031
5.52407 3.37946
5.50202 3.38948
5.70325 3.34175
5.69006 3.35231
5.87816 3.25229
5.87225 3.26027
6.03154 3.10689
6.03548 3.1036
6.17117 2.9125
6.18024 2.89943
6.28836 2.69848
6.29451 2.68654
6.37748 2.45874
6.38185 2.44594
6.42584 2.2144
6.42669 2.20848
6.41804 1.98221
6.41796 1.98671
6.3524 1.77966
6.35572 1.79358
6.24602 1.61426
6.25141 1.62779
6.11419 1.45187
6.11193 1.45219
5.96915 1.26294
5.96127 1.25372
5.8275 1.0566
5.82409 1.05314
5.70355 0.867451
5.71025 0.879457
5.59994 0.716327
5.6208 0.746584
5.50642 0.610942
5.53648 0.645926
5.41384 0.525193
5.43513 0.526735
5.36284 0.394958
5.20318 0.279702
5.23385 0.320027
5.11382 0.208345
5.15469 0.239434
5.02313 0.13945
5.05219 0.128137
4.95095 0.0460429
4.77871 -0.0705899
4.82561 -0.0193365
4.75489 -0.155632
4.78781 -0.11305
4.7552 -0.301667
4.80989 -0.319187
4.84286 -0.13526
4.84097 -0.118669
4.90436 0.132598
4.92342 0.21798
4.99361 0.505362
5.01568 0.617027
5.05612 0.962362
5.05867 1.00937
5.03448 1.25898
5.03297 1.26474
4.95264 1.49773
4.94896 1.50541
4.84076 1.69915
4.83089 1.70477
4.69354 1.91235
4.65921 1.97097
4.57739 2.15151
4.50522 2.29592
4.48517 2.33554
4.38626 2.58888
4.31227 2.7675
4.29065 2.82016
4.2249 3.0114
4.2152 3.01666
4.17569 3.13399
4.15005 3.05205
4.2095 3.18924
4.1824 3.16465
4.37667 3.243
4.35975 3.24215
4.55444 3.19845
4.53788 3.20635
4.69542 3.04923
4.68124 3.06806
4.74503 2.88646
4.74456 2.88707
4.78218 2.58015
4.8025 2.36348
4.8192 2.06628
4.81536 2.04275
4.80763 1.83489
4.78149 1.59528
4.78256 1.6218
4.7504 1.45053
4.76193 1.48311
4.6845 1.23564
4.67445 1.19867
4.60574 0.964084
4.58797 0.903514
4.51055 0.681328
4.49855 0.650082
4.39777 0.479311
4.35094 0.479975
4.24684 0.312358
4.02194 0.296415
3.97003 0.289009
3.73363 0.327835
3.71268 0.335058
3.43417 0.427866
3.42365 0.434901
3.1951 0.536726
3.19635 0.542479
2.96374 0.66139
2.96341 0.661784
2.76781 0.746159
2.78402 0.734864
2.59402 0.831471
2.60335 0.819083
2.42431 0.939799
2.4254 0.932218
2.26536 1.09315
2.25619 1.10033
2.12503 1.29525
2.11774 1.30608
2.01728 1.52916
1.9961 1.57784
1.88172 1.81056
1.86949 1.86499
1.75798 2.04079
1.66649 2.27125
1.67081 2.25247
1.6006 2.43187
1.60512 2.40112
1.56664 2.59812
1.56605 2.58125
1.56803 2.79723
1.56664 2.79179
1.59954 3.01061
1.59791 3.00704
1.65453 3.21697
1.65048 3.20816
1.73824 3.40433
1.81305 3.39327
1.86942 3.59146
2.01609 3.78889
2.02645 3.80352
2.21352 3.967
2.27759 3.98582
2.45196 4.13715
2.70005 4.25621
2.75762 4.28003
2.89218 4.21532
2.85164 4.2566
2.88475 4.09372
2.88058 4.16242
2.89957 4.00831
2.89817 4.06722
2.90943 3.86452
2.90839 3.87268
2.91235 3.63896
2.91511 3.60927
2.94671 3.35164
2.9862 3.12303
2.97166 3.0699
3.03744 2.81685
3.04548 2.80842
3.17989 2.61933
3.2169 2.57635
3.35143 2.45557
3.36528 2.44817
3.59084 2.32265
3.62251 2.34359
3.73189 2.26954
3.96201 2.31762
3.99304 2.32324
4.18436 2.37469
4.23989 2.39152
4.43828 2.46077
4.42366 2.45448
4.68242 2.56669
4.68903 2.56333
4.89955 2.6852
4.89181 2.67796
5.04715 2.83427
5.05289 2.84619
5.16441 3.05302
5.17858 3.22918
5.23477 3.24566
5.24526 3.48016
5.20682 3.52128
5.21036 3.73167
5.12206 3.95617
5.12072 3.96417
4.97793 4.16998
4.93492 4.14063
4.84267 4.32155
4.66537 4.44482
4.66466 4.45813
4.44301 4.51268
4.41455 4.41882
4.25595 4.4806
4.02598 4.46715
4.02042 4.46874
3.81071 4.42925
3.82368 4.43005
3.61963 4.35566
3.62363 4.35476
3.42361 4.24919
3.41896 4.24098
3.22449 4.09882
3.22368 3.92205
3.15459 3.89102
3.09259 3.6584
3.08933 3.66005
3.10862 3.4825
3.11188 3.47395
3.20489 3.24095
3.24932 3.15095
3.40886 2.8229
3.43573 2.76535
3.52916 2.51846
3.55487 2.43106
3.62305 2.16069
3.63067 2.12799
3.66832 1.88751
3.69163 1.75237
3.69307 1.76809
3.71142 1.54934
3.71227 1.53467
3.69935 1.32514
3.69912 1.31225
3.66283 1.15525
3.63666 1.07459
3.56308 0.904321
3.58798 0.934262
3.44278 0.789284
3.47348 0.808157
3.22049 0.705351
3.1471 0.681613
2.783 0.558996
2.73847 0.549234
2.5438 0.472579
2.60164 0.49218
2.45742 0.425785
2.51468 0.450259
2.38695 0.360471
2.40767 0.382481
2.33282 0.17417
2.43642 0.13687
2.41031 0.0420099
2.65479 0.041852
2.67888 0.0478012
2.89311 0.168174
2.85803 0.133828
2.90258 0.292575
2.89042 0.339382
2.88746 0.281379
2.89349 0.494664
2.89295 0.490538
2.87746 0.744919
2.86256 0.949143
2.87102 0.994685
2.8259 1.21573
2.83103 1.1949
2.72853 1.4327
2.73171 1.42714
2.59513 1.59489
2.60936 1.57894
2.48369 1.68361
2.51472 1.63213
2.41995 1.78124
2.44485 1.75174
2.42828 1.94007
2.56197 2.04037
2.50636 2.07516
2.63214 2.22961
2.62455 2.21978
2.82984 2.39979
2.83579 2.40081
2.96922 2.56816
2.95057 2.53782
3.06009 2.72703
3.04704 2.67575
3.14328 2.804
3.15029 2.75847
3.22428 2.92455
3.33936 3.00388
3.28517 3.03014
3.47415 3.17717
3.64593 3.20927
3.65534 3.28848
3.98799 3.34783
4.19149 3.37299
4.53592 3.4012
4.64856 3.40362
4.90285 3.40368
4.97527 3.40019
5.22579 3.39949
5.22682 3.4011
5.43494 3.39763
5.41327 3.40623
5.61558 3.37964
5.59985 3.38974
5.79833 3.31666
5.79064 3.32532
5.96717 3.19714
5.96635 3.2004
6.11567 3.02258
6.12186 3.01528
6.2503 2.80951
6.25288 2.80681
6.3491 2.58647
6.35554 2.5706
6.42077 2.3388
6.42333 2.32836
6.44269 2.09562
6.4425 2.09355
6.40551 1.8734
6.40587 1.88033
6.31727 1.68627
6.32136 1.69981
6.1977 1.52725
6.1968 1.53042
6.0577 1.35193
6.04973 1.34357
5.9125 1.15069
5.90458 1.14059
5.7806 0.947774
5.78136 0.950753
5.67035 0.77268
5.68336 0.794008
5.57572 0.641886
5.60034 0.675545
5.48261 0.545465
5.51486 0.577998
5.41472 0.414587
5.27291 0.324918
5.30728 0.326149
5.18077 0.219146
5.21795 0.254733
5.08995 0.145606
5.13284 0.170413
5.0065 0.0237045
4.8809 -0.0438889
4.87851 -0.0155215
4.78515 -0.125907
4.83066 -0.0801994
4.76799 -0.225307
4.7979 -0.195973
4.84426 -0.210501
4.84193 -0.249247
4.88509 -0.0135605
4.88114 0.0209967
4.955 0.327509
4.97229 0.393383
5.03283 0.72972
5.04813 0.848651
5.05747 1.12335
5.05569 1.14697
5.00565 1.37541
4.99955 1.39384
4.90557 1.61082
4.90567 1.60545
4.77615 1.80475
4.75922 1.81918
4.6194 2.07779
4.63285 2.05237
4.56438 2.19849
4.4478 2.44323
4.43304 2.48493
4.36272 2.66528
4.25933 2.92977
4.26777 2.90578
4.19513 3.12887
4.18547 3.02042
4.17927 3.16224
4.14526 3.0981
4.2798 3.22387
4.26598 3.21574
4.47364 3.23739
4.44974 3.24353
4.62996 3.13916
4.62651 3.14004
4.7378 2.96909
4.724 2.99849
4.76506 2.77494
4.78233 2.69414
4.82271 2.25129
4.82146 2.18024
4.82939 1.92963
4.81482 1.72881
4.80064 1.70765
4.77352 1.50816
4.7854 1.55901
4.73379 1.37265
4.72477 1.34228
4.64859 1.08765
4.64477 1.07118
4.55717 0.793764
4.55569 0.786002
4.45094 0.546511
4.46552 0.570983
4.30362 0.376272
4.15408 0.378618
4.13534 0.284859
3.85605 0.290911
3.84232 0.293465
3.60151 0.360258
3.53857 0.382078
3.3142 0.466745
3.29329 0.478816
3.08946 0.582061
3.06223 0.60399
2.85511 0.697349
2.86565 0.687671
2.67733 0.774989
2.68575 0.763796
2.50105 0.869356
2.5049 0.859183
2.33339 0.999509
2.32896 0.998552
2.17776 1.18305
2.17031 1.19064
2.05474 1.40109
2.04561 1.41874
1.93194 1.67206
1.91729 1.70226
1.79108 1.94772
1.71157 2.14491
1.6931 2.1604
1.60843 2.34788
1.61471 2.31875
1.56083 2.50615
1.5617 2.48423
1.5454 2.69336
1.54409 2.68578
1.5627 2.90571
1.56141 2.90318
1.6062 3.12073
1.60342 3.11508
1.67542 3.31939
1.68011 3.30627
1.81207 3.50726
1.95887 3.66212
1.93437 3.70941
2.0995 3.89103
2.11787 3.90499
2.34516 4.07762
2.56165 4.16816
2.5908 4.22366
2.83319 4.28336
2.81012 4.29443
2.87274 4.14458
2.85538 4.20386
2.87393 4.04862
2.87404 4.1194
2.89334 3.95333
2.89135 3.97707
2.89818 3.75915
2.89804 3.75205
2.91769 3.49531
2.91283 3.46047
2.95406 3.2324
2.99091 2.95755
2.99903 2.92417
3.10277 2.70988
3.10982 2.70924
3.29581 2.49409
3.26106 2.52505
3.46286 2.38925
3.49088 2.37744
3.7102 2.27075
3.83407 2.32008
3.85071 2.29302
4.10353 2.35126
4.07471 2.34353
4.34795 2.4278
4.3309 2.42252
4.52848 2.49929
4.57848 2.51988
4.78882 2.61842
4.80411 2.62287
4.97851 2.75196
4.97546 2.74564
5.11685 2.94054
5.08093 2.97541
5.20296 3.11783
5.24983 3.35865
5.252 3.36637
5.22407 3.63396
5.13634 3.81836
5.18014 3.85808
5.06951 4.06601
5.05431 4.08537
4.90345 4.25019
4.73519 4.31536
4.77111 4.40224
4.56106 4.50567
4.55433 4.48818
4.34332 4.50782
4.1435 4.46193
4.13694 4.49327
3.90646 4.47177
3.91655 4.4716
3.71091 4.41345
3.71799 4.41326
3.51483 4.32078
3.51473 4.31768
3.31764 4.18874
3.33441 4.129
3.20904 4.0351
3.12614 3.78064
3.11457 3.77025
3.09419 3.54616
3.08912 3.59481
3.1527 3.36752
3.16273 3.34686
3.29891 3.04831
3.36029 2.92602
3.47751 2.65929
3.48825 2.62485
3.58086 2.32007
3.59194 2.27035
3.64481 2.01488
3.64765 1.99961
3.66613 1.86347
3.70072 1.65436
3.70078 1.66283
3.70521 1.4209
3.7074 1.43885
3.67677 1.20047
3.69149 1.2607
3.59593 0.968122
3.6177 1.00437
3.5146 0.847028
3.53135 0.861045
3.37112 0.758005
3.32831 0.742374
3.04017 0.642106
2.89227 0.591457
2.63659 0.4981
2.653 0.505286
2.50239 0.436126
2.56617 0.459953
2.42227 0.383525
2.45775 0.40567
2.35601 0.280867
2.3878 0.274026
2.34348 0.0708753
2.52422 0.0376144
2.54253 0.0220489
2.7855 0.088134
2.80367 0.0975092
2.8961 0.236079
2.87477 0.182028
2.87454 0.227212
2.88417 0.394619
2.88438 0.381743
2.87895 0.602957
2.8699 0.631884
2.86206 0.835856
2.83866 1.10325
2.83981 1.10329
2.77981 1.29595
2.76606 1.32581
2.6522 1.50784
2.65726 1.50016
2.51251 1.63772
2.54908 1.5911
2.43648 1.71406
2.45574 1.67376
2.4093 1.8593
2.50588 1.85753
2.45994 1.99113
2.56986 2.16899
2.5495 2.15212
2.70389 2.30065
2.74066 2.32993
2.89432 2.49781
2.88958 2.48759
2.99391 2.64249
2.987 2.64047
3.08211 2.78347
3.06015 2.72704
3.18523 2.86624
3.21549 2.82036
3.23014 2.97381
3.36934 3.10597
3.40998 3.08381
3.53478 3.23116
3.76655 3.31005
3.87525 3.33672
4.30295 3.39325
4.42263 3.40087
4.76067 3.41993
4.79041 3.41748
5.0879 3.41231
5.11362 3.41535
5.33881 3.41821
5.32362 3.41863
5.52655 3.40696
5.50825 3.41588
5.71099 3.36775
5.70198 3.37625
5.89249 3.27572
5.89046 3.28051
6.05251 3.12684
6.05893 3.12064
6.19553 2.92921
6.20593 2.91375
6.31339 2.71103
6.32062 2.69612
6.40238 2.46745
6.40753 2.45131
6.45113 2.21854
6.45227 2.2085
6.44458 1.98028
6.44377 1.98004
6.38041 1.76994
6.38183 1.77936
6.27445 1.59669
6.27782 1.60734
6.14278 1.43084
6.13965 1.43015
5.99889 1.24233
5.99067 1.23269
5.86017 1.03637
5.8563 1.03206
5.74225 0.844429
5.74799 0.855175
5.64413 0.68773
5.66209 0.7152
5.55207 0.573053
5.5785 0.605794
5.47709 0.471192
5.43629 0.482296
5.38147 0.357304
5.24873 0.229162
5.28533 0.262765
5.15859 0.158238
5.19525 0.187395
5.07799 0.0712886
5.09564 0.0936221
4.99403 -0.0378463
4.83449 -0.119907
4.87931 -0.0629098
4.79303 -0.187055
4.83298 -0.145756
4.80489 -0.289751
4.86202 -0.303701
4.87864 -0.142072
4.87257 -0.126155
4.91218 0.129949
4.93268 0.216441
4.99601 0.504158
5.01754 0.617469
5.05944 0.961373
5.06234 1.01017
5.04288 1.25954
5.04097 1.26777
4.96533 1.50184
4.96058 1.51178
4.85397 1.70625
4.84251 1.71294
4.70884 1.92066
4.67551 1.97937
4.59446 2.15895
4.52051 2.30293
4.50019 2.34278
4.39947 2.59313
4.32687 2.77274
4.30344 2.82542
4.23657 3.01468
4.22674 3.02008
4.18537 3.13371
4.16222 3.05024
4.21422 3.18799
4.18623 3.16001
4.37531 3.24545
4.36055 3.2441
4.55623 3.20486
4.54227 3.21089
4.7033 3.05675
4.69096 3.07225
4.75771 2.89034
4.75768 2.88799
4.79544 2.58161
4.81623 2.36439
4.83851 2.06825
4.83812 2.04258
4.83801 1.8397
4.79883 1.59438
4.79874 1.61861
4.76492 1.44759
4.7756 1.47794
4.69767 1.23228
4.68676 1.19431
4.615 0.961879
4.59594 0.900209
4.5159 0.67993
4.50286 0.647203
4.40009 0.478499
4.35252 0.47846
4.24432 0.310127
4.02207 0.28681
3.96836 0.276065
3.73002 0.30844
3.70581 0.316034
3.42765 0.405121
3.41407 0.41327
3.18542 0.513429
3.18415 0.519874
2.95348 0.635745
2.9514 0.637661
2.75732 0.720814
2.77091 0.711137
2.58092 0.806768
2.58733 0.795944
2.40752 0.917072
2.40565 0.912254
2.24455 1.07411
2.23317 1.08424
2.10023 1.27965
2.09105 1.29377
1.9867 1.51551
1.96472 1.56362
1.85404 1.79624
1.82591 1.83992
1.73149 2.03338
1.62872 2.25362
1.6323 2.23713
1.56144 2.41874
1.56447 2.39292
1.53089 2.59325
1.52996 2.58113
1.5329 2.79852
1.5318 2.79672
1.56389 3.01644
1.56281 3.01608
1.61991 3.22716
1.61771 3.2219
1.7258 3.40994
1.7546 3.43489
1.86476 3.59906
1.99841 3.80286
2.01087 3.82046
2.19915 3.9839
2.26372 3.99887
2.4503 4.1473
2.69541 4.26717
2.71996 4.27971
2.85039 4.20671
2.83061 4.24974
2.85338 4.09059
2.85022 4.1594
2.87042 4.00617
2.86819 4.06379
2.88377 3.86403
2.88249 3.87134
2.89626 3.63877
2.89865 3.60699
2.91971 3.3474
2.9189 3.1247
2.9666 3.0682
3.03835 2.81793
3.04803 2.80906
3.1808 2.62095
3.21864 2.57702
3.35228 2.45787
3.36722 2.44997
3.59163 2.32564
3.62393 2.34419
3.73203 2.27087
3.96103 2.31879
3.99338 2.32481
4.18324 2.37604
4.24001 2.39341
4.43716 2.4618
4.42376 2.45607
4.68202 2.56586
4.68983 2.56334
4.90055 2.6823
4.89432 2.67617
5.05001 2.83095
5.05685 2.84445
5.16454 3.05184
5.19098 3.23048
5.24204 3.24563
5.25213 3.47966
5.20632 3.52207
5.21149 3.73359
5.13953 3.96384
5.13903 3.97656
4.99423 4.18141
4.95299 4.14831
4.84773 4.32836
4.67148 4.45618
4.66985 4.4741
4.44706 4.52461
4.38354 4.47981
4.2465 4.50911
4.02392 4.50115
4.01583 4.50132
3.80348 4.46445
3.81217 4.46424
3.60789 4.38659
3.60866 4.38425
3.41103 4.27206
3.40539 4.2604
3.22266 4.1104
3.19901 3.92225
3.15563 3.89002
3.09895 3.65805
3.09725 3.65941
3.11687 3.48498
3.12008 3.47601
3.20941 3.24364
3.25322 3.15198
3.40618 2.82244
3.43256 2.76328
3.52149 2.51655
3.54646 2.42801
3.61148 2.15876
3.61893 2.12518
3.65421 1.88652
3.68136 1.75121
3.68013 1.76576
3.70197 1.54955
3.70312 1.53417
3.6936 1.3264
3.69324 1.31256
3.65803 1.15247
3.63379 1.07489
3.56261 0.905386
3.58643 0.934636
3.44421 0.788655
3.47322 0.807078
3.22329 0.699882
3.14862 0.674851
2.79014 0.542422
2.74509 0.530695
2.55495 0.448529
2.61029 0.470624
2.46919 0.401393
2.52509 0.426099
2.37891 0.324322
2.40732 0.357298
2.34757 0.168119
2.43321 0.140026
2.41199 0.0221451
2.65515 0.0343036
2.68189 0.0423061
2.87933 0.169057
2.84725 0.133865
2.88359 0.287738
2.87287 0.339783
2.87253 0.282638
2.87487 0.493924
2.87337 0.490512
2.85341 0.743254
2.83272 0.94455
2.8428 0.990745
2.79522 1.20667
2.80099 1.18537
2.69694 1.41468
2.70157 1.40666
2.56784 1.56856
2.58243 1.54948
2.46027 1.66029
2.48609 1.613
2.40498 1.77425
2.43798 1.75043
2.42268 1.93338
2.54429 2.0657
2.49807 2.08226
2.61992 2.23996
2.61545 2.23098
2.80665 2.42114
2.81134 2.42172
2.93441 2.59087
2.91656 2.56068
3.025 2.74645
3.00954 2.6974
3.12074 2.82193
3.10219 2.79022
3.21241 2.9329
3.33688 3.00962
3.28081 3.03641
3.47167 3.17799
3.64703 3.2225
3.65641 3.28672
3.9863 3.35526
4.19073 3.38417
4.534 3.41735
4.64809 3.42127
4.90274 3.42504
4.97582 3.42292
5.22535 3.4292
5.22695 3.43099
5.43599 3.42547
5.41726 3.43397
5.6204 3.40602
5.60866 3.41471
5.80887 3.34091
5.80531 3.34695
5.98434 3.21837
5.98684 3.2183
6.13812 3.04061
6.1463 3.03046
6.27434 2.82433
6.27861 2.81811
6.37379 2.59688
6.38111 2.57801
6.44536 2.34528
6.44851 2.33109
6.46798 2.09702
6.46765 2.09047
6.43225 1.86804
6.43136 1.87033
6.34515 1.67292
6.34715 1.68265
6.22574 1.50752
6.22367 1.50915
6.08659 1.33085
6.07829 1.32215
5.94361 1.13042
5.93556 1.11998
5.81639 0.926784
5.81672 0.928862
5.71208 0.748471
5.72338 0.767696
5.62048 0.610586
5.64198 0.640823
5.53999 0.500001
5.5682 0.537338
5.43695 0.369714
5.3141 0.267098
5.34699 0.284127
5.2274 0.166225
5.26331 0.199574
5.14131 0.0885762
5.18066 0.117487
5.05335 -0.0107189
4.95169 -0.0506341
4.94023 -0.0812552
4.83063 -0.164425
4.88161 -0.125813
4.81114 -0.256201
4.85511 -0.238635
4.88739 -0.209653
4.88723 -0.254328
4.90215 -0.0175268
4.90017 0.0180079
4.9613 0.325326
4.97773 0.393069
5.03521 0.728657
5.05107 0.849101
5.06348 1.12275
5.0619 1.14857
5.01631 1.37762
5.00986 1.39843
4.91872 1.6163
4.91686 1.61287
4.78933 1.81217
4.77261 1.82787
4.63638 2.08493
4.64559 2.06375
4.57995 2.20732
4.4623 2.4488
4.44918 2.49211
4.37562 2.67126
4.27187 2.93349
4.28016 2.91088
4.20657 3.12864
4.19777 3.02495
4.18628 3.16022
4.15822 3.09915
4.27995 3.22239
4.26718 3.21409
4.47312 3.24201
4.45175 3.2468
4.63446 3.14626
4.63337 3.14498
4.74795 2.97515
4.73533 3.00067
4.77805 2.77726
4.79504 2.69419
4.84046 2.25445
4.83877 2.18083
4.85679 1.93155
4.81779 1.72895
4.82301 1.70433
4.78934 1.50642
4.80049 1.55441
4.7474 1.36894
4.73792 1.33743
4.65977 1.08501
4.65527 1.06701
4.56425 0.792177
4.56206 0.782618
4.45466 0.545459
4.46855 0.567881
4.30412 0.376812
4.1539 0.377206
4.13438 0.278888
3.85578 0.275212
3.8383 0.277603
3.59571 0.339578
3.53125 0.361065
3.30579 0.444082
3.28283 0.456984
3.07828 0.558165
3.05095 0.579401
2.8441 0.671758
2.85418 0.663438
2.66554 0.750806
2.67171 0.740184
2.4863 0.845616
2.48725 0.837582
2.31482 0.978782
2.30768 0.980896
2.15549 1.16573
2.14584 1.17672
2.02747 1.38669
2.01678 1.40702
1.90251 1.65745
1.88689 1.68856
1.75918 1.9306
1.64425 2.10455
1.66088 2.14573
1.57119 2.33169
1.57597 2.30709
1.52375 2.49788
1.52392 2.48088
1.51054 2.69202
1.50932 2.68843
1.52782 2.90923
1.527 2.91008
1.57149 3.12833
1.56979 3.12635
1.65342 3.32868
1.65214 3.3248
1.79282 3.54079
1.88097 3.71047
1.92221 3.71999
2.0835 3.90649
2.10472 3.9226
2.33554 4.08557
2.55642 4.18451
2.58758 4.23478
2.80238 4.27698
2.77186 4.28738
2.83546 4.1447
2.82807 4.2003
2.84602 4.0469
2.84426 4.11567
2.86624 3.95122
2.86364 3.9748
2.87784 3.75885
2.87821 3.7499
2.89663 3.49442
2.8664 3.44656
2.90931 3.23688
2.98373 2.95692
2.99823 2.92312
3.10532 2.71214
3.11153 2.7097
3.29661 2.49581
3.26277 2.52615
3.46371 2.39196
3.49286 2.37967
3.71106 2.27289
3.83322 2.32022
3.85111 2.29441
4.1025 2.35249
4.07499 2.34508
4.34684 2.42893
4.33107 2.42411
4.52761 2.49954
4.57902 2.52041
4.78894 2.61673
4.80552 2.62194
4.98029 2.74885
4.97869 2.74383
5.11882 2.93845
5.08735 2.96989
5.20425 3.11869
5.25757 3.35714
5.25618 3.36715
5.22535 3.63303
5.1509 3.82848
5.1892 3.8628
5.08746 4.07664
5.07029 4.09841
4.9156 4.2545
4.76218 4.32403
4.7748 4.41145
4.56644 4.5186
4.55911 4.51359
4.31325 4.56775
4.13473 4.52269
4.13381 4.52567
3.90332 4.50529
3.90871 4.50448
3.70109 4.4459
3.70445 4.44448
3.50242 4.34699
3.49929 4.34196
3.30823 4.20352
3.33205 4.137
3.20522 4.03467
3.12433 3.78188
3.1187 3.76889
3.10255 3.54695
3.09759 3.5959
3.1592 3.37044
3.16914 3.34878
3.30022 3.04967
3.35976 2.92502
3.47187 2.65778
3.48272 2.62225
3.57076 2.31808
3.58177 2.26735
3.63182 2.01333
3.63647 1.99769
3.65248 1.86003
3.68952 1.65357
3.68939 1.66143
3.69778 1.42171
3.69964 1.43882
3.67212 1.20197
3.68614 1.26148
3.59468 0.969323
3.61547 1.00479
3.51509 0.847538
3.53064 0.860799
3.37305 0.755699
3.32903 0.738531
3.0442 0.632767
2.89711 0.577555
2.64604 0.477166
2.66162 0.484539
2.51359 0.412976
2.57629 0.436084
2.43379 0.360226
2.47229 0.387214
2.35684 0.256664
2.38706 0.273553
2.36331 0.0517773
2.52396 0.0338914
2.54537 0.00936422
2.78513 0.0872074
2.7956 0.0937937
2.8747 0.222283
2.85932 0.1778
2.85927 0.228733
2.86761 0.39441
2.86713 0.382312
2.85712 0.601206
2.84303 0.631856
2.83512 0.832695
2.80847 1.09723
2.81028 1.09581
2.74818 1.284
2.73559 1.30968
2.62214 1.48544
2.62885 1.47478
2.48916 1.61127
2.52042 1.56596
2.4166 1.70068
2.43232 1.66576
2.40321 1.85677
2.52047 1.87904
2.45618 1.99675
2.5544 2.17892
2.54038 2.16128
2.68832 2.31587
2.72263 2.34727
2.86379 2.52055
2.8582 2.50896
2.95891 2.66424
2.95347 2.66043
3.05695 2.79874
3.03176 2.75411
3.15399 2.88938
3.17582 2.86149
3.22863 2.98135
3.36585 3.10911
3.40532 3.08791
3.53519 3.2257
3.7651 3.31324
3.87542 3.34035
4.30057 3.40548
4.42214 3.41527
4.75858 3.43886
4.79149 3.4369
5.08669 3.43791
5.11418 3.4418
5.33775 3.44651
5.32632 3.44757
5.52914 3.43425
5.51456 3.44228
5.71835 3.39268
5.71341 3.39926
5.9059 3.29798
5.90761 3.29979
6.07217 3.14593
6.08108 3.13686
6.21877 2.94522
6.23059 2.9273
6.3377 2.72311
6.34602 2.70526
6.42664 2.47581
6.43252 2.45642
6.47555 2.22253
6.47697 2.20854
6.47002 1.97862
6.46858 1.97386
6.40732 1.76107
6.40702 1.76614
6.30211 1.58024
6.30352 1.58795
6.17107 1.41041
6.16704 1.4086
6.02883 1.22179
6.02038 1.2118
5.8937 1.01623
5.88965 1.01135
5.7812 0.82277
5.78613 0.832337
5.68726 0.661807
5.7025 0.686681
5.60456 0.535385
5.62891 0.567905
5.51718 0.437766
5.5223 0.442052
5.41748 0.309882
5.29478 0.185173
5.32708 0.217035
5.20827 0.102168
5.24438 0.132096
5.12352 0.0212969
5.15034 0.0450506
5.05757 -0.0868001
4.89094 -0.18169
4.93652 -0.128317
4.84019 -0.229746
4.88233 -0.208415
4.85898 -0.322677
4.90732 -0.312278
4.90789 -0.144373
4.89579 -0.129226
4.92447 0.127217
4.94371 0.214838
5.00033 0.502642
5.02122 0.617655
5.06386 0.960247
5.0671 1.01092
5.05155 1.25997
5.04934 1.27072
4.97757 1.50555
4.97191 1.51787
4.86671 1.71288
4.8543 1.72109
4.7238 1.92854
4.69104 1.98731
4.60957 2.16968
4.53475 2.30967
4.51431 2.34975
4.41216 2.59769
4.34115 2.7777
4.3159 2.83064
4.24836 3.01815
4.2397 3.02178
4.19494 3.1368
4.17496 3.05696
4.2214 3.19148
4.18889 3.15739
4.37414 3.2469
4.36128 3.2451
4.55768 3.21081
4.54628 3.21512
4.71043 3.06387
4.69997 3.07622
4.7694 2.89411
4.76995 2.88885
4.80961 2.58327
4.83271 2.36606
4.86055 2.07109
4.82736 2.03949
4.85321 1.83507
4.81606 1.59267
4.81809 1.61454
4.77957 1.4445
4.78968 1.47253
4.7102 1.22903
4.69857 1.18995
4.62446 0.959459
4.60414 0.896706
4.52154 0.678332
4.50739 0.644131
4.40256 0.477534
4.35429 0.476813
4.24208 0.308344
4.0225 0.278352
3.96714 0.264407
3.72714 0.290287
3.69962 0.298096
3.42156 0.383109
3.40494 0.392254
3.17602 0.490287
3.17223 0.497418
2.94314 0.609312
2.94014 0.614372
2.74778 0.698009
2.75806 0.687896
2.56819 0.782618
2.57169 0.77333
2.39114 0.894858
2.38635 0.892749
2.22423 1.05541
2.21066 1.0684
2.07587 1.26402
2.06481 1.28122
1.95792 1.50216
1.93549 1.55055
1.82345 1.78072
1.76615 1.81894
1.68799 2.00157
1.59321 2.23483
1.59798 2.22306
1.52523 2.40681
1.527 2.38605
1.4955 2.58909
1.49439 2.58132
1.49859 2.79979
1.49777 2.80146
1.52955 3.02193
1.52909 3.0248
1.59226 3.23595
1.5917 3.23536
1.69964 3.42609
1.7004 3.47774
1.8071 3.62644
1.98026 3.81563
1.99798 3.83435
2.18762 3.99774
2.24729 4.01682
2.44743 4.15926
2.69036 4.27898
2.69074 4.28425
2.81122 4.21347
2.79177 4.2477
2.82388 4.09283
2.82243 4.15626
2.84425 4.00379
2.83979 4.05993
2.86049 3.86296
2.85922 3.86918
2.87613 3.63804
2.87731 3.60462
2.87559 3.33505
2.92845 3.12665
2.94808 3.06297
3.03939 2.81909
3.04992 2.80935
3.18192 2.62274
3.22031 2.57764
3.35307 2.46009
3.36914 2.45174
3.59239 2.32857
3.62529 2.34472
3.7334 2.27283
3.96006 2.31986
3.99374 2.32625
4.18218 2.37715
4.24024 2.39498
4.43618 2.46244
4.42404 2.45725
4.6816 2.56505
4.69054 2.5635
4.90119 2.67995
4.89646 2.67476
5.05211 2.82825
5.06029 2.8431
5.16693 3.04853
5.19918 3.23045
5.24562 3.2459
5.25481 3.47902
5.21903 3.52133
5.21498 3.73677
5.15393 3.96898
5.15146 3.98486
5.00801 4.19135
4.99084 4.1717
4.8732 4.33792
4.67874 4.46881
4.67336 4.48567
4.45496 4.55446
4.41744 4.527
4.23429 4.57373
4.02233 4.53522
4.01151 4.53378
3.7971 4.49668
3.80131 4.49563
3.59644 4.4153
3.59389 4.41141
3.39934 4.29169
3.39335 4.27613
3.22221 4.11577
3.19927 3.92294
3.15306 3.89001
3.10506 3.65784
3.10378 3.65882
3.12442 3.48728
3.12767 3.47778
3.21371 3.24615
3.25668 3.15273
3.40323 2.82193
3.42907 2.76115
3.51401 2.51483
3.53817 2.42511
3.59998 2.15697
3.60729 2.12249
3.6407 1.88589
3.671 1.74969
3.66748 1.76325
3.69227 1.54959
3.69374 1.53352
3.68728 1.32763
3.68696 1.31287
3.65435 1.15421
3.63072 1.07524
3.56217 0.90642
3.58491 0.934959
3.44568 0.788002
3.47302 0.80592
3.22618 0.694488
3.15045 0.667812
2.79775 0.526128
2.75208 0.512844
2.56574 0.426884
2.61982 0.448075
2.48093 0.37757
2.53483 0.401234
2.39322 0.308057
2.42513 0.345283
2.35784 0.165556
2.42272 0.146574
2.41634 0.00331656
2.65571 0.0278577
2.68501 0.0372928
2.84911 0.138693
2.83053 0.119491
2.86559 0.289505
2.85757 0.339897
2.85744 0.2837
2.85549 0.492878
2.85358 0.490086
2.82919 0.742168
2.80286 0.939086
2.81385 0.986183
2.76406 1.19693
2.77043 1.17508
2.66573 1.39617
2.67163 1.38589
2.54118 1.54314
2.55546 1.52203
2.43802 1.64059
2.45877 1.59781
2.39249 1.76956
2.43807 1.7512
2.41986 1.92634
2.53238 2.07771
2.48829 2.08954
2.60587 2.25112
2.60362 2.24387
2.7817 2.44145
2.78544 2.44167
2.89988 2.61202
2.88326 2.58276
2.997 2.76273
2.97697 2.72152
3.0914 2.84793
3.0693 2.81736
3.19694 2.97064
3.31435 3.05215
3.27775 3.04131
3.47074 3.17779
3.64617 3.23237
3.6576 3.2849
3.98466 3.361
4.18997 3.39413
4.5319 3.43297
4.6474 3.43866
4.90223 3.4467
4.97582 3.44617
5.22437 3.45659
5.22723 3.45855
5.43733 3.45366
5.4215 3.46206
5.62525 3.4319
5.61741 3.43928
5.81888 3.36407
5.81928 3.36767
6.00045 3.23863
6.00619 3.23541
6.15933 3.05789
6.16955 3.04491
6.29752 2.83853
6.30345 2.82888
6.39783 2.60689
6.406 2.58506
6.46924 2.35148
6.47293 2.33367
6.49234 2.09843
6.49189 2.08762
6.45792 1.8632
6.45592 1.86106
6.37212 1.66059
6.37217 1.66656
6.2533 1.48876
6.25002 1.48868
6.11543 1.31013
6.10683 1.30102
5.97527 1.11019
5.96725 1.09959
5.85273 0.906478
5.85274 0.907873
5.75314 0.726169
5.76267 0.743504
5.66876 0.580746
5.68775 0.609135
5.58442 0.466017
5.61132 0.496903
5.48153 0.33862
5.43908 0.270918
5.39123 0.240479
5.27538 0.11861
5.30842 0.15045
5.18905 0.0356648
5.22603 0.064337
5.11178 -0.0592241
4.98031 -0.12815
4.99716 -0.148874
4.8907 -0.229611
4.93011 -0.20361
4.86718 -0.318555
4.89708 -0.321559
4.92004 -0.21498
4.91419 -0.25537
4.91176 -0.0192025
4.91723 0.0162767
4.96957 0.322966
4.98498 0.39253
5.03917 0.727373
5.05534 0.849398
5.07011 1.12206
5.06874 1.15013
5.02686 1.3796
5.0201 1.40283
4.93147 1.62143
4.92785 1.62003
4.80249 1.81945
4.78581 1.83627
4.65231 2.09153
4.65876 2.06997
4.59523 2.21638
4.47612 2.45415
4.4642 2.49945
4.38827 2.677
4.28435 2.93724
4.29213 2.91594
4.21622 3.13045
4.21436 3.03119
4.19571 3.16618
4.17139 3.11016
4.27969 3.22154
4.26817 3.21327
4.47246 3.24585
4.45344 3.24948
4.63843 3.15293
4.63969 3.14963
4.75724 2.98093
4.74585 3.00276
4.79082 2.77965
4.80844 2.69444
4.8599 2.25826
4.85764 2.18223
4.86047 1.93336
4.80495 1.73492
4.83966 1.70131
4.80648 1.50397
4.81776 1.54891
4.761 1.36511
4.75092 1.33249
4.67077 1.0823
4.66562 1.06274
4.57162 0.790391
4.56867 0.779024
4.45861 0.544226
4.47176 0.564544
4.30487 0.377222
4.15402 0.376217
4.13358 0.273704
3.85602 0.260893
3.8349 0.262922
3.59059 0.31987
3.52442 0.340917
3.29777 0.421819
3.27273 0.435441
3.06722 0.533947
3.03977 0.55433
2.83409 0.647746
2.84319 0.640932
2.65408 0.727239
2.658 0.717088
2.47193 0.822412
2.47001 0.816498
2.29669 0.958495
2.2869 0.963583
2.13366 1.14859
2.12185 1.1628
2.00124 1.37243
1.98911 1.39545
1.8733 1.6427
1.85384 1.67377
1.70456 1.91149
1.61837 2.08825
1.62076 2.12712
1.53769 2.31648
1.5411 2.29677
1.48855 2.49037
1.48815 2.47816
1.47622 2.691
1.47515 2.69111
1.49398 2.91257
1.49362 2.91672
1.54095 3.13534
1.54084 3.13738
1.62712 3.34074
1.62623 3.3426
1.73972 3.58173
1.86757 3.71973
1.89436 3.74506
2.07021 3.91887
2.09392 3.9379
2.32459 4.09672
2.51263 4.19636
2.58375 4.24744
2.75867 4.28964
2.73529 4.29468
2.80648 4.14931
2.79412 4.19994
2.82143 4.04509
2.81732 4.11166
2.84132 3.94876
2.83807 3.97186
2.85647 3.75803
2.85706 3.74757
2.86591 3.49403
2.89195 3.44502
2.88946 3.23076
2.97824 2.95596
2.99408 2.92061
3.10914 2.71526
3.11333 2.71024
3.29754 2.49767
3.26438 2.52714
3.4645 2.39459
3.4948 2.38183
3.71144 2.27655
3.83345 2.32131
3.8515 2.2959
4.10152 2.35353
4.07532 2.34646
4.34585 2.42971
4.33138 2.42533
4.52685 2.49956
4.57963 2.52077
4.78887 2.61538
4.8067 2.62136
4.98157 2.7463
4.98139 2.74246
5.12163 2.93582
5.09029 2.97074
5.20697 3.11955
5.26091 3.35602
5.2597 3.36795
5.23133 3.63183
5.17022 3.83854
5.19781 3.86683
5.10109 4.08398
5.08323 4.10948
4.94572 4.27331
4.76776 4.37319
4.78073 4.42456
4.57494 4.53737
4.56507 4.5391
4.3219 4.58384
4.16907 4.52218
4.12631 4.57459
3.90038 4.53702
3.90122 4.53567
3.69192 4.47581
3.6914 4.47312
3.49053 4.37046
3.48446 4.36321
3.30143 4.21359
3.3295 4.14488
3.20477 4.03399
3.12664 3.78201
3.12101 3.76787
3.10992 3.54782
3.10482 3.59672
3.16515 3.37312
3.17523 3.35046
3.30129 3.0509
3.35898 2.92392
3.4661 2.65632
3.47708 2.6197
3.56076 2.31625
3.57165 2.26447
3.61913 2.01195
3.62532 1.996
3.63971 1.85637
3.67829 1.6526
3.67802 1.65984
3.6899 1.42241
3.6915 1.43873
3.66747 1.20341
3.68027 1.26233
3.5932 0.970584
3.61313 1.00523
3.51561 0.848025
3.52998 0.860492
3.37503 0.753402
3.32986 0.73464
3.04856 0.623337
2.90238 0.563691
2.65557 0.457657
2.67013 0.46514
2.52514 0.389793
2.58662 0.412092
2.44412 0.336955
2.48795 0.366255
2.37025 0.248597
2.38885 0.272318
2.38059 0.0436902
2.52297 0.0347962
2.54873 -0.00240123
2.79202 0.0674184
2.76857 0.0620571
2.85631 0.227637
2.84431 0.180385
2.84467 0.23018
2.85039 0.393947
2.8493 0.382578
2.83528 0.599034
2.81917 0.63215
2.80801 0.828733
2.77765 1.09056
2.78014 1.08763
2.71632 1.27139
2.70509 1.29295
2.59266 1.46314
2.6005 1.44995
2.46646 1.58747
2.49239 1.54442
2.3987 1.69052
2.41172 1.66077
2.40064 1.85514
2.52969 1.9144
2.45318 2.00068
2.54098 2.18663
2.52959 2.17121
2.67055 2.33175
2.70239 2.36455
2.83259 2.54157
2.8267 2.52926
2.92814 2.68371
2.92455 2.67933
3.02759 2.81971
3.00404 2.78031
3.12716 2.91147
3.12491 2.88688
3.20957 3.01712
3.36143 3.11342
3.39909 3.09371
3.53603 3.22387
3.76398 3.31468
3.87562 3.34327
4.29811 3.41672
4.4215 3.42894
4.75622 3.45772
4.79219 3.45644
5.08504 3.46275
5.11429 3.46585
5.33683 3.47236
5.32895 3.47507
5.53197 3.46141
5.52108 3.46867
5.72559 3.41687
5.72458 3.42163
5.91858 3.31925
5.9239 3.31828
6.09067 3.16422
6.10207 3.15236
6.24093 2.96059
6.25423 2.94017
6.36125 2.73473
6.37064 2.71397
6.45026 2.48384
6.45683 2.46125
6.4992 2.22637
6.50086 2.20857
6.4945 1.97718
6.49251 1.96811
6.43325 1.75294
6.4314 1.7538
6.3291 1.56483
6.32865 1.56955
6.1991 1.39064
6.19417 1.38762
6.05904 1.20142
6.05046 1.19112
5.9278 0.996404
5.92369 0.991148
5.81999 0.802368
5.82412 0.810824
5.73202 0.637368
5.74554 0.660174
5.64999 0.505316
5.67134 0.534207
5.56007 0.399037
5.57138 0.402894
5.49615 0.253586
5.34668 0.139385
5.37174 0.172639
5.25562 0.0534096
5.28923 0.0822253
5.17526 -0.0337801
5.14781 -0.0448083
5.09026 -0.11742
4.94709 -0.247351
4.99127 -0.210617
4.89875 -0.309537
4.92783 -0.310351
4.91654 -0.340945
4.91707 -0.325413
4.91989 -0.145044
4.91476 -0.129635
4.93843 0.124697
4.95529 0.213419
5.00644 0.5009
5.0265 0.61763
5.06924 0.958992
5.07275 1.01162
5.06039 1.26029
5.05795 1.2736
4.98954 1.509
4.98305 1.52373
4.87938 1.7193
4.86634 1.7293
4.7384 1.93605
4.70578 1.99485
4.62546 2.17531
4.5479 2.3162
4.52792 2.35658
4.42423 2.60244
4.355 2.78235
4.32812 2.83581
4.25931 3.02143
4.25138 3.02572
4.20566 3.14132
4.19224 3.06922
4.23013 3.20372
4.18682 3.16172
4.37294 3.2483
4.36198 3.24621
4.55876 3.21613
4.54984 3.21892
4.71686 3.07059
4.7083 3.07997
4.78053 2.89787
4.78184 2.88975
4.82469 2.58516
4.85064 2.36835
4.87257 2.07277
4.83362 2.04052
4.84928 1.83611
4.83037 1.59123
4.83505 1.61069
4.79549 1.44071
4.80514 1.46638
4.7226 1.2257
4.71022 1.18549
4.63396 0.956897
4.61244 0.893046
4.52747 0.676521
4.51218 0.640842
4.40528 0.476314
4.35629 0.475001
4.24008 0.30694
4.02314 0.270921
3.96627 0.253861
3.72491 0.273312
3.69407 0.281171
3.41594 0.361759
3.39625 0.371768
3.16688 0.467091
3.16068 0.475033
2.93364 0.58499
2.92936 0.591812
2.73839 0.6759
2.74582 0.665697
2.55577 0.758976
2.5564 0.751216
2.37516 0.873127
2.36748 0.873683
2.20436 1.037
2.18862 1.05276
2.05218 1.24853
2.03931 1.26873
1.93 1.48878
1.90676 1.53742
1.7855 1.76057
1.75223 1.81184
1.64343 1.98066
1.55765 2.21779
1.5604 2.20836
1.49183 2.39565
1.49253 2.37997
1.46128 2.58532
1.46007 2.58171
1.46499 2.80112
1.46448 2.80611
1.49774 3.02711
1.49825 3.03345
1.56457 3.24527
1.5658 3.24885
1.66061 3.44759
1.69595 3.4803
1.7747 3.65991
1.95998 3.83392
1.98068 3.85415
2.1766 4.01116
2.22598 4.04691
2.40461 4.17322
2.67494 4.3098
2.64897 4.30269
2.78465 4.21233
2.76039 4.24971
2.80034 4.08968
2.79402 4.15211
2.81977 4.00121
2.81386 4.05577
2.8373 3.86139
2.83615 3.86662
2.85044 3.6373
2.85285 3.60373
2.87066 3.33662
2.95057 3.13873
2.93803 3.05886
3.03975 2.82002
3.05089 2.80912
3.18323 2.62469
3.22209 2.57836
3.35376 2.46222
3.371 2.45342
3.59339 2.332
3.62628 2.34693
3.73571 2.2769
3.9591 2.32091
3.99413 2.32763
4.18119 2.37803
4.24057 2.39624
4.43532 2.46277
4.4245 2.45797
4.68117 2.56429
4.69118 2.56379
4.90144 2.67819
4.89827 2.67372
5.05422 2.82553
5.06347 2.84189
5.16893 3.04833
5.20219 3.22992
5.24811 3.24629
5.25876 3.47842
5.23328 3.52137
5.22324 3.74162
5.16569 3.97253
5.16151 3.99149
5.02952 4.20602
4.92888 4.23332
4.87476 4.34569
4.69262 4.49119
4.67962 4.50208
4.46098 4.57611
4.4273 4.55076
4.25204 4.59513
4.0159 4.57069
4.00482 4.57302
3.79108 4.52703
3.79088 4.52491
3.58556 4.44147
3.57962 4.43579
3.3891 4.30744
3.38229 4.28886
3.22234 4.11806
3.20128 3.92357
3.154 3.88905
3.11018 3.65793
3.10907 3.65829
3.13114 3.48942
3.13453 3.47926
3.21777 3.24851
3.26014 3.15342
3.40007 2.82137
3.42539 2.75902
3.5065 2.51321
3.52983 2.4223
3.58862 2.15531
3.59582 2.11993
3.62797 1.88556
3.66061 1.74789
3.65528 1.76065
3.68237 1.54946
3.68414 1.53273
3.68073 1.32878
3.68048 1.31311
3.65025 1.15601
3.62734 1.07565
3.56169 0.907462
3.58336 0.93528
3.4472 0.787331
3.47288 0.804692
3.22923 0.689054
3.15298 0.659384
2.80577 0.510117
2.75926 0.495779
2.57677 0.406079
2.62918 0.426951
2.49273 0.353872
2.54715 0.376826
2.40687 0.291215
2.43852 0.325357
2.36655 0.164121
2.41579 0.148406
2.42143 -0.00873699
2.65824 0.0121653
2.69181 0.0209177
2.83336 0.151537
2.81373 0.125702
2.84784 0.286221
2.84074 0.339879
2.84216 0.284487
2.8357 0.491502
2.83401 0.489272
2.80546 0.74106
2.77506 0.933438
2.78442 0.980998
2.73245 1.1865
2.73943 1.16408
2.63484 1.37729
2.6418 1.36499
2.51527 1.51913
2.52859 1.49698
2.41722 1.62442
2.43317 1.58631
2.38288 1.76668
2.44393 1.75427
2.41998 1.91808
2.51409 2.092
2.48008 2.09531
2.59015 2.26276
2.5897 2.25751
2.75527 2.46074
2.75832 2.46074
2.86811 2.63092
2.85286 2.60382
2.96666 2.7807
2.9451 2.74729
3.05845 2.87565
3.04045 2.84416
3.16741 2.98809
3.28681 3.03046
3.2627 3.06546
3.4687 3.17859
3.64485 3.23824
3.6584 3.28465
3.98304 3.36584
4.18917 3.40324
4.5296 3.44803
4.64647 3.45577
4.90134 3.46812
4.97546 3.46907
5.2229 3.48175
5.2277 3.48413
5.43853 3.48158
5.42577 3.48918
5.63028 3.45752
5.62625 3.46357
5.82856 3.38645
5.83277 3.38771
6.01566 3.25804
6.02455 3.25185
6.17942 3.07447
6.1917 3.05871
6.31984 2.85217
6.32739 2.83915
6.42117 2.61652
6.43018 2.59175
6.49245 2.35742
6.49664 2.33611
6.51587 2.09983
6.51534 2.08495
6.48267 1.85879
6.47968 1.8524
6.39829 1.64915
6.39656 1.65142
6.28045 1.47093
6.27597 1.469
6.1443 1.28983
6.13543 1.28024
6.00738 1.09016
5.99951 1.07951
5.88927 0.886916
5.88901 0.887723
5.79496 0.704997
5.80344 0.720725
5.7134 0.555217
5.72987 0.580608
5.62775 0.433464
5.65085 0.460754
5.54899 0.295433
5.43985 0.231702
5.4462 0.185699
5.32237 0.0745992
5.35293 0.104204
5.23848 -0.0151104
5.27505 0.0119486
5.15236 -0.13803
5.03038 -0.209418
5.04225 -0.192635
4.95153 -0.312937
4.98482 -0.291597
4.93103 -0.398791
4.93199 -0.419323
4.92836 -0.216225
4.91911 -0.254811
4.92712 -0.020564
4.93341 0.0150423
4.97917 0.320558
4.99349 0.391897
5.04453 0.725908
5.06077 0.84955
5.07728 1.1213
5.07609 1.15165
5.03738 1.38142
5.03033 1.40708
4.94411 1.62636
4.93903 1.62715
4.81592 1.82681
4.79899 1.84451
4.66775 2.09782
4.67166 2.07669
4.60857 2.22472
4.48938 2.45936
4.47835 2.50693
4.40053 2.68246
4.29623 2.94085
4.30333 2.92088
4.22671 3.13268
4.23339 3.04533
4.20782 3.17788
4.18328 3.12124
4.27672 3.22471
4.2678 3.21678
4.47171 3.2492
4.45501 3.25197
4.64187 3.15909
4.64543 3.15394
4.76592 2.98654
4.75579 3.00482
4.80365 2.78217
4.8222 2.69491
4.8715 2.26058
4.87175 2.18254
4.86188 1.93445
4.83511 1.72725
4.84554 1.69995
4.8231 1.50157
4.83398 1.54351
4.77546 1.3607
4.76449 1.32717
4.68174 1.07948
4.6759 1.05834
4.57923 0.788423
4.57547 0.775242
4.46287 0.542771
4.47515 0.560978
4.30585 0.377508
4.15444 0.37561
4.13289 0.269093
3.85666 0.24791
3.83203 0.249305
3.58612 0.301063
3.51808 0.321556
3.29013 0.399823
3.26299 0.414054
3.05687 0.510718
3.02918 0.530946
2.82475 0.625079
2.83232 0.619087
2.64302 0.704174
2.64478 0.694731
2.4579 0.799662
2.45313 0.795866
2.27895 0.938583
2.26656 0.946559
2.11232 1.13168
2.0984 1.14897
1.97576 1.35823
1.96213 1.38382
1.84144 1.62564
1.823 1.65741
1.67603 1.89085
1.60642 2.084
1.58066 2.11046
1.50342 2.30218
1.50533 2.28671
1.45546 2.48328
1.45448 2.47576
1.4428 2.69011
1.44188 2.69381
1.46167 2.91584
1.46193 2.92335
1.51174 3.14239
1.51305 3.14835
1.59402 3.35493
1.59618 3.35872
1.71479 3.58844
1.86873 3.71655
1.87021 3.77075
2.05513 3.93481
2.08154 3.95627
2.2999 4.12806
2.49858 4.22996
2.57113 4.27414
2.75559 4.27659
2.70776 4.29067
2.7828 4.14225
2.76801 4.19458
2.79596 4.04236
2.79079 4.10709
2.81679 3.94604
2.81366 3.96858
2.83204 3.75693
2.83267 3.74562
2.85022 3.49399
2.88779 3.44504
2.89495 3.23336
2.97769 2.9565
2.99264 2.91917
3.11153 2.71762
3.11488 2.71058
3.29849 2.49954
3.26601 2.52816
3.46539 2.39738
3.49687 2.38427
3.71306 2.28168
3.83476 2.32422
3.85169 2.29826
4.10059 2.35439
4.07569 2.34771
4.34496 2.43019
4.33181 2.42623
4.52618 2.49932
4.58031 2.52096
4.78861 2.61436
4.80764 2.62116
4.98261 2.74398
4.98388 2.74126
5.12349 2.9338
5.09606 2.969
5.20922 3.12037
5.26397 3.35491
5.26221 3.3687
5.24124 3.63085
5.18516 3.84235
5.2077 3.87112
5.11674 4.09172
5.09005 4.11445
4.96757 4.33604
4.79364 4.41964
4.78916 4.43896
4.58354 4.55516
4.56929 4.55829
4.334 4.6086
4.14423 4.57445
4.12195 4.59903
3.89507 4.57121
3.89247 4.56911
3.68322 4.5035
3.67881 4.49938
3.47955 4.39067
3.47062 4.38095
3.29613 4.22085
3.32618 4.15363
3.20525 4.03326
3.13015 3.7819
3.12422 3.7668
3.11631 3.54876
3.11113 3.59735
3.17071 3.37562
3.18103 3.35194
3.30239 3.05211
3.35805 2.92278
3.46029 2.65495
3.47134 2.6172
3.55083 2.31456
3.56161 2.2617
3.60694 2.01073
3.61432 1.99448
3.62797 1.8527
3.66717 1.65153
3.66682 1.65812
3.68178 1.42299
3.68315 1.43852
3.66249 1.20483
3.67318 1.25853
3.59156 0.971878
3.61059 1.00574
3.51612 0.848516
3.52932 0.860169
3.37709 0.751084
3.33085 0.730545
3.05345 0.613089
2.90813 0.549761
2.66521 0.43917
2.67872 0.446756
2.53677 0.367706
2.59657 0.389465
2.45675 0.314557
2.5004 0.34057
2.37848 0.233461
2.3949 0.270164
2.38838 0.0421129
2.52402 0.0303141
2.55249 -0.017279
2.78672 0.0760803
2.76605 0.0648212
2.83915 0.225754
2.82682 0.178483
2.82859 0.231493
2.83288 0.393157
2.83151 0.382517
2.81424 0.59653
2.79759 0.632279
2.78198 0.824593
2.74646 1.08324
2.74952 1.07878
2.68428 1.25818
2.67454 1.27571
2.56385 1.44127
2.57221 1.42611
2.44457 1.56652
2.4654 1.52657
2.38295 1.68313
2.39626 1.65844
2.39863 1.85348
2.51748 1.96696
2.44789 2.00533
2.52665 2.19393
2.51849 2.18054
2.65101 2.34771
2.68037 2.38146
2.80236 2.56052
2.79679 2.5484
2.89745 2.70336
2.89469 2.69875
2.99491 2.84431
2.97483 2.80563
3.10019 2.93541
3.10229 2.90059
3.17775 3.03192
3.35276 3.12698
3.37539 3.12212
3.53653 3.22554
3.76292 3.31581
3.87567 3.34667
4.29555 3.4273
4.4207 3.44202
4.75359 3.47625
4.79254 3.47578
5.08313 3.48645
5.11407 3.48898
5.33592 3.49762
5.33124 3.50122
5.53483 3.48786
5.52761 3.49434
5.73287 3.44058
5.73564 3.44356
5.93072 3.33974
5.93951 3.33612
6.10815 3.1818
6.12203 3.16722
6.26207 2.97537
6.2769 2.95243
6.384 2.74593
6.39447 2.72227
6.47323 2.49154
6.48045 2.46583
6.52213 2.23006
6.52403 2.20859
6.51814 1.97592
6.51568 1.96274
6.45835 1.74544
6.45511 1.74224
6.35552 1.55037
6.35333 1.55207
6.22696 1.37157
6.22116 1.36722
6.08952 1.18131
6.08088 1.17074
5.96227 0.977002
5.95816 0.971475
5.85925 0.782794
5.86293 0.790295
5.77506 0.615417
5.78696 0.635738
5.6932 0.477893
5.71146 0.503373
5.61414 0.35805
5.61377 0.383176
5.5488 0.236768
5.39044 0.0919659
5.42086 0.121447
5.3035 0.00698432
5.33569 0.0343513
5.22433 -0.0846059
5.23507 -0.0669428
5.13853 -0.195331
5.00613 -0.295545
5.05122 -0.268699
4.96917 -0.399534
4.98308 -0.403851
4.93504 -0.3103
4.92792 -0.32529
4.92093 -0.14576
4.92617 -0.129626
4.95231 0.122458
4.96735 0.212135
5.01384 0.499048
5.03311 0.617441
5.07555 0.95761
5.07923 1.01225
5.06946 1.26051
5.0668 1.2764
5.00143 1.51225
4.99412 1.52944
4.89224 1.72567
4.87785 1.73703
4.75243 1.94314
4.72018 2.00219
4.63952 2.18091
4.56058 2.32266
4.54053 2.36304
4.43704 2.60787
4.36819 2.78662
4.33973 2.84083
4.27019 3.02479
4.26414 3.03024
4.21882 3.15342
4.20778 3.08487
4.23417 3.2177
4.20211 3.18081
4.37105 3.25192
4.36265 3.24955
4.55958 3.22098
4.5531 3.22245
4.72271 3.07698
4.71605 3.08354
4.79136 2.90171
4.79348 2.89076
4.83786 2.58697
4.86295 2.36931
4.88046 2.07382
4.88172 2.0417
4.86142 1.8331
4.84308 1.59091
4.8456 1.60829
4.81125 1.43684
4.82019 1.46017
4.73535 1.22207
4.72209 1.18081
4.64353 0.954188
4.62084 0.889239
4.53365 0.67451
4.51716 0.637365
4.40819 0.474888
4.35843 0.473059
4.23818 0.305738
4.02393 0.264395
3.96566 0.244297
3.72326 0.257405
3.6891 0.265149
3.41075 0.340958
3.388 0.351694
3.15826 0.444501
3.14968 0.453437
2.92474 0.562364
2.91918 0.570502
2.7291 0.65432
2.73395 0.64396
2.54379 0.735912
2.54155 0.729675
2.3595 0.851809
2.349 0.85498
2.18491 1.01888
2.16703 1.03733
2.0291 1.23319
2.01443 1.25625
1.90144 1.47444
1.87703 1.52254
1.75516 1.74281
1.73625 1.79992
1.61972 1.97575
1.5225 2.20272
1.52246 2.19479
1.45853 2.38522
1.45833 2.37426
1.42855 2.5817
1.42719 2.58217
1.43253 2.80248
1.4324 2.81078
1.46738 3.03228
1.46891 3.04208
1.53399 3.25539
1.53628 3.2624
1.63284 3.46144
1.68644 3.48312
1.77106 3.66801
1.94119 3.85356
1.96355 3.87558
2.15821 4.03384
2.2128 4.06242
2.39247 4.20473
2.6754 4.3061
2.65114 4.30798
2.76758 4.19947
2.7359 4.24072
2.77345 4.08771
2.76755 4.14765
2.79397 3.99807
2.78825 4.05131
2.81276 3.85952
2.81173 3.86409
2.83024 3.63658
2.83482 3.60196
2.87001 3.33744
2.94453 3.13622
2.94014 3.0589
3.04037 2.8211
3.05188 2.80893
3.18407 2.62627
3.22379 2.57901
3.3545 2.4644
3.37293 2.45524
3.59488 2.33641
3.62795 2.34987
3.73905 2.28233
3.95805 2.32243
3.99445 2.32928
4.18026 2.3787
4.24098 2.39726
4.43456 2.46281
4.42496 2.45872
4.68071 2.56358
4.69177 2.56419
4.9014 2.67688
4.89983 2.67297
5.05586 2.82321
5.06632 2.84092
5.17216 3.04712
5.20695 3.22941
5.25063 3.24666
5.26409 3.47775
5.23555 3.5362
5.23339 3.74452
5.17862 3.97623
5.17275 3.99813
5.04977 4.2158
4.97515 4.22724
4.90083 4.39953
4.70377 4.5068
4.68622 4.51838
4.46784 4.59832
4.43445 4.5661
4.24423 4.61799
4.01299 4.60385
3.99952 4.6026
3.78404 4.55731
3.77993 4.55392
3.57536 4.46482
3.56605 4.45711
3.38012 4.32008
3.37194 4.29926
3.22319 4.11776
3.20373 3.92421
3.15607 3.88784
3.11519 3.6581
3.11422 3.6578
3.13717 3.49144
3.14086 3.48053
3.22174 3.25076
3.26438 3.15434
3.39704 2.82092
3.42165 2.75694
3.49902 2.5117
3.52145 2.4196
3.57752 2.15381
3.58467 2.1175
3.6162 1.88543
3.65028 1.74594
3.64371 1.75804
3.67245 1.5492
3.67452 1.53181
3.6739 1.32985
3.67367 1.31332
3.64484 1.15321
3.62398 1.07601
3.56111 0.908542
3.58171 0.935656
3.44875 0.786661
3.47278 0.803416
3.23258 0.683245
3.15589 0.65054
2.81417 0.49439
2.76665 0.479239
2.58783 0.386479
2.63823 0.407733
2.50452 0.330955
2.55638 0.350437
2.41785 0.269291
2.44621 0.297042
2.37275 0.163372
2.41823 0.147016
2.42533 -0.0161045
2.65824 0.00940909
2.69256 0.0210419
2.82424 0.15707
2.80225 0.123118
2.83189 0.287431
2.82326 0.339724
2.82571 0.285033
2.81613 0.489781
2.81511 0.488171
2.78361 0.739736
2.74768 0.927381
2.75518 0.975232
2.70049 1.17541
2.70806 1.15245
2.60436 1.35827
2.61208 1.34423
2.49013 1.49686
2.50191 1.47457
2.3979 1.61135
2.40996 1.57818
2.37568 1.76483
2.4543 1.76051
2.42251 1.91477
2.48649 2.10658
2.47039 2.10132
2.57337 2.27398
2.57459 2.27088
2.72851 2.47854
2.73132 2.47869
2.83694 2.64905
2.82328 2.62435
2.93358 2.7999
2.91216 2.77435
3.02699 2.90061
3.01409 2.86961
3.13758 3.00305
3.28411 3.05263
3.25275 3.08524
3.45918 3.19083
3.63926 3.26002
3.65862 3.28644
3.98133 3.37074
4.18826 3.41208
4.52709 3.46259
4.64529 3.47249
4.9001 3.48897
4.97487 3.4911
5.22111 3.50584
5.22817 3.50914
5.43935 3.50871
5.42992 3.51501
5.63533 3.48249
5.63506 3.48723
5.83808 3.40822
5.84595 3.40724
6.03015 3.27673
6.0421 3.2677
6.19849 3.09043
6.21285 3.07191
6.3413 2.86528
6.35045 2.84897
6.44382 2.6258
6.45365 2.59812
6.51502 2.36313
6.51968 2.33839
6.53869 2.10123
6.53808 2.08244
6.50662 1.85475
6.50275 1.84429
6.42379 1.63851
6.42043 1.63714
6.30729 1.45397
6.30164 1.45009
6.17326 1.27001
6.16415 1.25988
6.03987 1.07044
6.03217 1.0598
5.92626 0.867913
5.92588 0.868255
5.83614 0.685297
5.84365 0.699305
5.75603 0.531884
5.77017 0.554171
5.67713 0.400594
5.69642 0.428568
5.59834 0.275918
5.46623 0.166597
5.4821 0.149763
5.37044 0.0255309
5.40063 0.0550343
5.28706 -0.0624841
5.32099 -0.0356179
5.19597 -0.168002
5.13001 -0.225938
5.10929 -0.262358
5.01848 -0.371997
5.06837 -0.355943
4.96584 -0.424273
4.95635 -0.416548
4.91835 -0.217352
4.92632 -0.253989
4.93967 -0.0221074
4.94635 0.0142596
4.98951 0.318208
5.00287 0.391242
5.05103 0.724311
5.06725 0.849566
5.08493 1.12046
5.08392 1.15312
5.04793 1.3831
5.04056 1.4112
4.9567 1.63114
4.95013 1.63407
4.82868 1.83359
4.81176 1.85247
4.68249 2.10378
4.68269 2.0896
4.62071 2.23251
4.50242 2.46447
4.49051 2.51362
4.41304 2.68798
4.30775 2.94437
4.31385 2.92561
4.23886 3.13561
4.2494 3.04946
4.21736 3.19281
4.20105 3.145
4.29033 3.24373
4.26504 3.22946
4.47094 3.2533
4.45682 3.25537
4.64487 3.16483
4.65073 3.15798
4.77414 2.99206
4.7653 3.0069
4.81561 2.78469
4.83351 2.69525
4.88075 2.26242
4.88261 2.18216
4.8883 1.93353
4.8944 1.73097
4.85781 1.69827
4.83665 1.5003
4.8459 1.53951
4.78986 1.35614
4.77801 1.32168
4.69285 1.07647
4.68627 1.05376
4.58698 0.786304
4.58235 0.771312
4.4673 0.541154
4.47862 0.557242
4.30694 0.377713
4.15524 0.375468
4.13229 0.26497
3.85762 0.236013
3.82961 0.236615
3.58222 0.28304
3.51219 0.302847
3.28296 0.378339
3.25369 0.393164
3.0472 0.48864
3.01921 0.509281
2.81606 0.603807
2.82152 0.597749
2.63214 0.681062
2.63191 0.672855
2.44426 0.777377
2.43664 0.775704
2.26158 0.919011
2.24662 0.9298
2.09146 1.11499
2.07546 1.13524
1.95037 1.34365
1.93505 1.37142
1.81183 1.60909
1.79376 1.64155
1.66086 1.87775
1.57401 2.074
1.55066 2.09808
1.46878 2.28893
1.4694 2.27741
1.42298 2.47669
1.42153 2.47356
1.41063 2.68926
1.40984 2.69652
1.43062 2.91913
1.43157 2.93
1.48178 3.14968
1.48402 3.15923
1.56504 3.36688
1.57007 3.37311
1.70709 3.5895
1.85579 3.73556
1.85717 3.78513
2.03648 3.95572
2.06503 3.97853
2.28238 4.14549
2.49943 4.22208
2.56929 4.28413
2.73719 4.26527
2.70108 4.28503
2.75614 4.13874
2.7407 4.191
2.76793 4.03929
2.76454 4.10236
2.79167 3.943
2.78852 3.96513
2.80985 3.75574
2.81096 3.74321
2.84002 3.49373
2.8696 3.4458
2.89388 3.23202
2.97764 2.95724
2.99522 2.91961
3.11173 2.71859
3.11617 2.71072
3.29934 2.50133
3.26761 2.52915
3.46655 2.40067
3.49923 2.38735
3.71555 2.28806
3.83714 2.32839
3.85174 2.30142
4.09965 2.35528
4.07604 2.34903
4.34415 2.43041
4.33232 2.42689
4.52551 2.49912
4.58098 2.52119
4.7882 2.61362
4.8084 2.62126
4.9833 2.74207
4.986 2.74037
5.12572 2.93155
5.10181 2.97133
5.21254 3.1212
5.2677 3.35367
5.26468 3.36939
5.24907 3.64371
5.19899 3.84728
5.21854 3.87549
5.13208 4.09857
5.11102 4.12641
4.96091 4.33466
4.79252 4.40274
4.80709 4.47415
4.59238 4.57257
4.57414 4.57729
4.34071 4.62046
4.14668 4.58992
4.11857 4.62824
3.89117 4.60111
3.88442 4.59813
3.6743 4.52971
3.66624 4.52384
3.4695 4.4079
3.45791 4.39552
3.29213 4.22595
3.32143 4.16348
3.2065 4.03254
3.13406 3.78174
3.12791 3.76572
3.12225 3.54974
3.11704 3.59792
3.17591 3.37799
3.18653 3.35324
3.3036 3.05332
3.35749 2.92181
3.4546 2.65371
3.46561 2.61479
3.54105 2.31302
3.55172 2.25905
3.59536 2.00966
3.60353 1.99305
3.61723 1.84914
3.65633 1.65042
3.65596 1.6563
3.67349 1.42345
3.67464 1.43821
3.6569 1.20626
3.66703 1.25927
3.58997 0.973127
3.60802 1.00622
3.51658 0.849051
3.52864 0.859877
3.37929 0.74863
3.33207 0.726195
3.05868 0.602646
2.91418 0.536104
2.67471 0.421886
2.6873 0.429467
2.54823 0.347378
2.60161 0.367369
2.46709 0.289048
2.50545 0.310748
2.38013 0.211161
2.39257 0.229414
2.39315 0.041596
2.52384 0.0290404
2.55463 -0.0223441
2.7829 0.0808826
2.76253 0.0679945
2.82468 0.229134
2.81373 0.180602
2.81377 0.232484
2.81471 0.392128
2.81353 0.382154
2.7946 0.593857
2.7756 0.632376
2.75718 0.820143
2.71515 1.07517
2.71878 1.06932
2.65214 1.24445
2.64395 1.25816
2.53571 1.42011
2.54401 1.40365
2.42345 1.54829
2.43966 1.51212
2.36941 1.67791
2.38843 1.65793
2.39567 1.85081
2.48695 2.00102
2.43682 2.01107
2.51076 2.20112
2.50615 2.18988
2.63065 2.36279
2.65779 2.39737
2.77249 2.57817
2.76756 2.56674
2.86565 2.72332
2.86281 2.71876
2.96262 2.86945
2.9447 2.8312
3.0754 2.9581
3.11512 2.92469
3.17673 3.04499
3.34308 3.14382
3.37071 3.15498
3.53356 3.23957
3.76134 3.31865
3.87549 3.35104
4.29285 3.43759
4.41972 3.45473
4.75074 3.49421
4.79259 3.49463
5.081 3.50916
5.1136 3.51147
5.33499 3.52257
5.3332 3.5267
5.53756 3.51327
5.53403 3.51896
5.74011 3.46369
5.74657 3.46492
5.9425 3.35961
5.95462 3.35345
6.12478 3.19875
6.14111 3.18152
6.28226 2.98962
6.29867 2.96413
6.40598 2.75673
6.41753 2.73019
6.49556 2.49895
6.50341 2.47016
6.54444 2.23362
6.54656 2.2086
6.54108 1.97482
6.5382 1.95768
6.48275 1.73851
6.47826 1.73137
6.3815 1.53677
6.37767 1.53544
6.25475 1.35318
6.24809 1.34742
6.12025 1.16158
6.11159 1.15073
5.99717 0.957991
5.99313 0.952287
5.89844 0.764152
5.90168 0.770702
5.81667 0.595081
5.82689 0.612935
5.73916 0.451075
5.7553 0.474618
5.66148 0.326737
5.61101 0.294942
5.56487 0.209722
5.43585 0.0525425
5.46283 0.0807885
5.35237 -0.0412018
5.38327 -0.0141701
5.26727 -0.128918
5.29188 -0.119099
5.19071 -0.256329
5.07491 -0.364381
5.12019 -0.336715
5.01953 -0.451883
5.0499 -0.447262
4.92946 -0.312301
4.9355 -0.323636
4.93246 -0.146506
4.93675 -0.129726
4.9643 0.120412
4.9787 0.211093
5.02219 0.497153
5.04074 0.617146
5.08259 0.956126
5.08639 1.01281
5.07871 1.26065
5.07581 1.27912
5.01319 1.51532
5.00483 1.53484
4.90423 1.73145
4.88868 1.7442
4.76582 1.94983
4.73399 2.00924
4.65115 2.19254
4.57363 2.32933
4.55327 2.36958
4.45007 2.6134
4.38006 2.79046
4.35119 2.84586
4.2815 3.02829
4.27564 3.03443
4.23094 3.15552
4.22791 3.08567
4.24976 3.241
4.21975 3.2072
4.36796 3.26104
4.36339 3.25806
4.56035 3.22584
4.55638 3.22615
4.72806 3.08307
4.72335 3.08699
4.80149 2.90551
4.80416 2.89173
4.8486 2.58865
4.87284 2.36978
4.89815 2.07563
4.9204 2.03629
4.90242 1.83833
4.85885 1.59061
4.85791 1.60584
4.82451 1.434
4.83246 1.45501
4.74812 1.21825
4.73397 1.17596
4.6532 0.951311
4.6293 0.885294
4.53994 0.67236
4.52219 0.633769
4.41116 0.473338
4.36069 0.470992
4.23623 0.304538
4.02482 0.25865
3.96528 0.235522
3.72211 0.242415
3.68465 0.249885
3.40603 0.320767
3.3802 0.33212
3.15017 0.422736
3.13922 0.432769
2.91635 0.541057
2.90968 0.550641
2.71984 0.633112
2.72236 0.622318
2.53212 0.713253
2.52706 0.708569
2.3442 0.830888
2.3309 0.836645
2.16588 1.00102
2.14588 1.0221
2.00633 1.21777
1.98981 1.24347
1.87371 1.45989
1.84844 1.50785
1.73055 1.7287
1.69812 1.77675
1.59731 1.9689
1.49157 2.18808
1.49022 2.18342
1.42526 2.3756
1.42431 2.36904
1.3967 2.57832
1.39523 2.58271
1.40128 2.80383
1.40157 2.81546
1.43731 3.03751
1.43962 3.05062
1.50482 3.26486
1.50846 3.27528
1.61463 3.47111
1.65275 3.49656
1.76446 3.67856
1.92426 3.86933
1.94814 3.89418
2.14132 4.05449
2.21483 4.06166
2.39209 4.21387
2.67006 4.29248
2.63987 4.31131
2.73526 4.20551
2.7167 4.23892
2.74444 4.08341
2.73964 4.14317
2.76791 3.99475
2.76257 4.04665
2.78932 3.85748
2.78834 3.86123
2.81406 3.6356
2.81953 3.59942
2.8644 3.33826
2.93643 3.13313
2.94031 3.05821
3.04247 2.82287
3.05336 2.80906
3.18461 2.62762
3.22534 2.57952
3.35536 2.46678
3.37502 2.45735
3.59679 2.34182
3.63024 2.35373
3.74275 2.28884
3.95691 2.32444
3.9947 2.33126
4.17935 2.37931
4.24144 2.39813
4.43383 2.46274
4.42557 2.45908
4.68018 2.56302
4.69232 2.56466
4.90115 2.67593
4.90112 2.67253
5.05739 2.82095
5.06902 2.84004
5.17686 3.04851
5.21288 3.22885
5.25414 3.24687
5.26802 3.477
5.24769 3.53606
5.24635 3.7506
5.19184 3.97979
5.18544 4.00507
5.05988 4.22115
4.99956 4.23418
4.90018 4.40313
4.71426 4.52867
4.69645 4.54499
4.47308 4.61439
4.44183 4.58353
4.24621 4.63095
4.011 4.63247
3.99439 4.63171
3.77758 4.58492
3.76939 4.5802
3.56548 4.48593
3.55301 4.47585
3.37235 4.33018
3.36216 4.30773
3.22501 4.11558
3.20548 3.92488
3.1587 3.88654
3.12015 3.65834
3.11927 3.65735
3.14275 3.49337
3.1467 3.48161
3.22549 3.25288
3.26705 3.15458
3.39386 2.82048
3.41809 2.75499
3.4916 2.51031
3.51309 2.41699
3.56674 2.15245
3.57391 2.11516
3.60527 1.8854
3.63998 1.74391
3.63282 1.75548
3.66263 1.54885
3.66496 1.53077
3.66669 1.33084
3.66658 1.31349
3.64048 1.15494
3.62043 1.07639
3.56045 0.909645
3.58 0.936051
3.45034 0.785987
3.47273 0.802095
3.23618 0.677252
3.159 0.641729
2.82236 0.479894
2.77405 0.463375
2.59871 0.368282
2.64674 0.390803
2.51258 0.306849
2.55586 0.32402
2.42223 0.242448
2.44801 0.261916
2.36756 0.124702
2.43023 0.142668
2.42891 -0.0217502
2.65738 0.00981805
2.69251 0.0223996
2.81324 0.162964
2.79318 0.126186
2.81455 0.284787
2.80501 0.339079
2.80888 0.285332
2.79675 0.487785
2.79712 0.486932
2.76213 0.738479
2.71957 0.920267
2.72635 0.968802
2.66841 1.16367
2.67653 1.14032
2.5743 1.33933
2.58243 1.3239
2.46566 1.47645
2.47543 1.45481
2.38007 1.60094
2.38942 1.57285
2.37092 1.76344
2.44586 1.77861
2.41595 1.92103
2.46291 2.11479
2.45756 2.10834
2.55586 2.28459
2.55849 2.28385
2.70167 2.49491
2.70449 2.49561
2.80534 2.6668
2.79332 2.64453
2.90033 2.81892
2.88482 2.79606
3.0007 2.92231
2.98961 2.89423
3.13731 3.02932
3.27748 3.08088
3.24564 3.09973
3.45873 3.21573
3.63371 3.27709
3.65676 3.29623
3.97942 3.37629
4.18719 3.42105
4.52438 3.47674
4.64392 3.48874
4.89856 3.50912
4.97409 3.51244
5.21902 3.52954
5.2286 3.53358
5.43985 3.53476
5.434 3.53998
5.64027 3.50663
5.64373 3.51006
5.84746 3.42942
5.85885 3.42626
6.04408 3.29483
6.05899 3.28308
6.21668 3.10584
6.23311 3.08461
6.36195 2.87791
6.37269 2.85837
6.46578 2.63474
6.47642 2.60418
6.53699 2.36861
6.5421 2.34055
6.56088 2.10261
6.56021 2.08005
6.52989 1.85104
6.52525 1.83665
6.44873 1.62857
6.44391 1.62363
6.33391 1.43785
6.32714 1.43191
6.20234 1.25074
6.19301 1.23997
6.07272 1.05109
6.06526 1.04047
5.96345 0.849534
5.96299 0.849433
5.87646 0.666764
5.883 0.678988
5.79951 0.509544
5.81207 0.52932
5.7233 0.372564
5.7415 0.397706
5.63637 0.21497
5.5156 0.114793
5.519 0.119814
5.41767 -0.0161639
5.44522 0.0118857
5.33243 -0.108271
5.36447 -0.084284
5.25029 -0.217638
5.21665 -0.270357
5.17472 -0.325941
5.07633 -0.434263
5.12139 -0.419275
4.9581 -0.392389
4.98765 -0.402039
4.93125 -0.216766
4.93677 -0.253374
4.95151 -0.0237946
4.95795 0.0136453
4.99967 0.315972
5.01249 0.390639
5.05844 0.722625
5.07456 0.849473
5.09302 1.11956
5.09214 1.15454
5.05847 1.38466
5.05074 1.41518
4.96856 1.63545
4.96021 1.64032
4.84028 1.83958
4.82373 1.85991
4.69643 2.10939
4.69647 2.09566
4.63391 2.24098
4.5156 2.46968
4.50193 2.51985
4.42526 2.69353
4.31934 2.94796
4.32484 2.93051
4.25067 3.13843
4.26172 3.05309
4.23348 3.19248
4.21978 3.13834
4.30469 3.27219
4.26128 3.25333
4.47033 3.2599
4.45947 3.26138
4.64766 3.17041
4.65584 3.16196
4.78176 2.99739
4.77426 3.00893
4.82609 2.78705
4.8436 2.69549
4.89703 2.2656
4.8981 2.18258
4.92818 1.92962
4.89581 1.73158
4.88331 1.69473
4.84959 1.4992
4.85792 1.5356
4.80254 1.35233
4.79026 1.31656
4.70404 1.07328
4.69667 1.04903
4.59482 0.784048
4.58927 0.76726
4.47179 0.539438
4.48204 0.553438
4.30809 0.377868
4.15683 0.376202
4.13174 0.261185
3.85883 0.225056
3.82759 0.224706
3.57888 0.265758
3.50675 0.284785
3.2763 0.357531
3.24484 0.372952
3.03811 0.467636
3.00979 0.489021
2.80796 0.583701
2.81058 0.576496
2.62135 0.657479
2.61925 0.651224
2.43094 0.755483
2.42051 0.755946
2.24457 0.899779
2.2271 0.913315
2.07096 1.09843
2.05289 1.12149
1.92546 1.3289
1.90853 1.35876
1.78533 1.5942
1.7662 1.62786
1.63311 1.86167
1.51614 2.03855
1.52371 2.08607
1.43744 2.27645
1.43683 2.26927
1.39082 2.47062
1.38906 2.47164
1.37949 2.6885
1.37888 2.69925
1.40036 2.92241
1.40192 2.93658
1.45255 3.15679
1.45582 3.16979
1.54172 3.37694
1.54833 3.38719
1.68872 3.59728
1.82012 3.76883
1.84414 3.79848
2.01937 3.97397
2.05145 3.9965
2.27743 4.14839
2.49793 4.1985
2.56384 4.27998
2.69455 4.28161
2.6759 4.29448
2.72645 4.13419
2.71602 4.18652
2.74115 4.03622
2.73772 4.09736
2.76756 3.93981
2.76403 3.9614
2.79033 3.75429
2.79205 3.74026
2.8291 3.49289
2.85417 3.44473
2.88952 3.22924
2.97767 2.958
2.99605 2.91923
3.11159 2.71934
3.11745 2.71086
3.30012 2.50306
3.26915 2.53008
3.468 2.40449
3.50188 2.39113
3.71802 2.29551
3.84001 2.33334
3.85168 2.30532
4.09869 2.35628
4.07635 2.35049
4.34339 2.43048
4.33289 2.42738
4.5249 2.49874
4.58167 2.52136
4.78767 2.6131
4.80904 2.62157
4.98379 2.74038
4.98789 2.73965
5.12768 2.92947
5.10768 2.96694
5.21774 3.12201
5.27138 3.35243
5.27054 3.37007
5.25879 3.64244
5.20564 3.8495
5.23172 3.88055
5.14411 4.10371
5.12404 4.13557
4.96726 4.33614
4.79557 4.42541
4.81274 4.48694
4.60113 4.5935
4.57886 4.59859
4.34721 4.63337
4.15047 4.63048
4.11663 4.64925
3.88746 4.62924
3.87656 4.62543
3.6658 4.55356
3.65411 4.54579
3.4602 4.42269
3.44623 4.40751
3.28921 4.22951
3.31486 4.17362
3.20806 4.03181
3.13791 3.78162
3.13181 3.76466
3.12777 3.55074
3.12258 3.59841
3.18068 3.3802
3.19118 3.35419
3.30375 3.05412
3.35635 2.92064
3.44902 2.6526
3.45999 2.61249
3.53146 2.31162
3.54203 2.25651
3.58437 2.00872
3.59293 1.99164
3.60727 1.84574
3.64583 1.64932
3.64551 1.65442
3.66502 1.42382
3.666 1.4378
3.65141 1.20761
3.66037 1.26003
3.58806 0.974446
3.60528 1.00675
3.51699 0.849623
3.52793 0.859598
3.38159 0.746126
3.33344 0.721731
3.06399 0.592612
2.92014 0.523234
2.68367 0.406181
2.696 0.412731
2.55932 0.329178
2.60999 0.351003
2.46866 0.262097
2.49986 0.280337
2.38251 0.177363
2.40814 0.20818
2.39968 0.0401696
2.52478 0.0256677
2.55622 -0.0249253
2.77771 0.0870471
2.75737 0.0717623
2.80678 0.219402
2.80011 0.178811
2.79879 0.23301
2.79662 0.390873
2.79535 0.381543
2.77548 0.590957
2.7541 0.632531
2.73239 0.814792
2.68392 1.06622
2.68817 1.05927
2.62012 1.23036
2.61344 1.24055
2.50822 1.39994
2.51601 1.38289
2.40314 1.53269
2.4154 1.50073
2.35832 1.67445
2.37424 1.65724
2.38186 1.86342
2.4542 2.02015
2.42149 2.01695
2.49398 2.20815
2.49196 2.1997
2.60967 2.37696
2.63486 2.41229
2.74242 2.59486
2.73817 2.58447
2.83348 2.7429
2.83078 2.7386
2.93479 2.88982
2.91733 2.85645
3.05796 2.97558
3.06924 2.94774
3.17147 3.07377
3.334 3.15874
3.36638 3.1632
3.5287 3.26096
3.75849 3.32692
3.87443 3.35995
4.29001 3.44783
4.41855 3.46727
4.74769 3.5116
4.79238 3.51296
5.07865 3.53132
5.11284 3.53345
5.33403 3.54677
5.33493 3.55149
5.54023 3.53784
5.54035 3.54275
5.74725 3.48613
5.75729 3.48564
5.95398 3.37894
5.96931 3.37032
6.1407 3.21517
6.15943 3.19535
6.30159 3.00337
6.3196 2.97535
6.42719 2.76717
6.43984 2.73778
6.51727 2.5061
6.52573 2.47427
6.56615 2.23706
6.56848 2.20859
6.5634 1.97385
6.56014 1.9529
6.50655 1.73206
6.50095 1.72111
6.4071 1.52396
6.40178 1.5196
6.2825 1.33549
6.27504 1.32823
6.15125 1.14227
6.1426 1.13112
6.03237 0.939437
6.02843 0.933596
5.93725 0.746346
5.94002 0.751904
5.85832 0.575642
5.86728 0.591375
5.78365 0.426941
5.7981 0.448023
5.70556 0.297718
5.69137 0.305883
5.61384 0.155246
5.48103 0.0205826
5.50328 0.0467723
5.39799 -0.0832928
5.42611 -0.0581484
5.31636 -0.17902
5.34294 -0.165618
5.24155 -0.33054
5.13985 -0.426308
5.17915 -0.407468
5.01933 -0.44883
5.05193 -0.44224
4.94426 -0.305053
4.95789 -0.319624
4.94478 -0.147425
4.94839 -0.13
4.97548 0.118441
4.98952 0.210207
5.03101 0.495264
5.04903 0.616792
5.0903 0.954552
5.09417 1.01331
5.08815 1.26072
5.08504 1.28178
5.02455 1.51815
5.01545 1.54011
4.91563 1.73676
4.8991 1.75109
4.77879 1.95619
4.74701 2.01595
4.66532 2.19724
4.58639 2.33601
4.5665 2.37642
4.46273 2.61861
4.39168 2.79433
4.36269 2.85096
4.29301 3.03188
4.28729 3.03869
4.24521 3.15805
4.24617 3.09022
4.26208 3.23581
4.23054 3.19609
4.36476 3.27746
4.36494 3.27343
4.56152 3.23181
4.56034 3.23093
4.73303 3.08895
4.73031 3.09035
4.81065 2.90911
4.81386 2.8926
4.8602 2.59054
4.88758 2.37143
4.92359 2.07943
4.89952 2.03193
4.92538 1.83363
4.87562 1.58876
4.87742 1.60175
4.8371 1.43141
4.84423 1.45006
4.76018 1.21465
4.74533 1.17118
4.66296 0.948271
4.63782 0.881212
4.54629 0.670089
4.52723 0.630078
4.41414 0.471713
4.3632 0.468709
4.23391 0.303073
4.02575 0.253759
3.96506 0.227409
3.7214 0.228265
3.68068 0.235316
3.40179 0.301287
3.37285 0.313163
3.14259 0.40185
3.12923 0.412989
2.90841 0.520813
2.90085 0.53212
2.71047 0.612104
2.71097 0.600405
2.52069 0.690899
2.51283 0.687786
2.32926 0.81037
2.31319 0.818661
2.14724 0.983395
2.12513 1.00702
1.98396 1.20234
1.9656 1.23052
1.8476 1.44581
1.82178 1.4944
1.70337 1.71355
1.6422 1.75581
1.55862 1.94116
1.46213 2.17265
1.4613 2.17291
1.39414 2.36657
1.39233 2.36438
1.36551 2.57525
1.36402 2.58338
1.37098 2.80521
1.37165 2.82012
1.40795 3.04266
1.41102 3.05899
1.47882 3.27352
1.48432 3.28752
1.59445 3.48291
1.60476 3.53217
1.74044 3.69854
1.90714 3.88404
1.93388 3.91088
2.13128 4.06662
2.20961 4.06659
2.39216 4.20854
2.58439 4.2922
2.60095 4.3319
2.70702 4.19289
2.69152 4.23454
2.71776 4.08524
2.71363 4.13885
2.74351 3.99127
2.73728 4.04166
2.76781 3.85522
2.76685 3.85792
2.799 3.63424
2.80561 3.59651
2.85615 3.3385
2.93094 3.1314
2.93997 3.05734
3.0447 2.82477
3.05396 2.80861
3.1851 2.62892
3.22685 2.58
3.35633 2.46935
3.37726 2.45976
3.59896 2.34795
3.63262 2.35873
3.74601 2.29619
3.9557 2.32695
3.99489 2.33361
4.17843 2.37996
4.24192 2.39896
4.43318 2.46248
4.42627 2.45922
4.67965 2.56247
4.69287 2.56513
4.90077 2.67519
4.90222 2.6723
5.05868 2.81889
5.07164 2.8392
5.18005 3.04474
5.21509 3.22823
5.2588 3.24692
5.27527 3.47622
5.24813 3.53672
5.25286 3.75432
5.20458 3.98327
5.19724 4.0117
5.07023 4.22719
5.00995 4.23885
4.90034 4.40777
4.72432 4.54586
4.70268 4.56226
4.47807 4.63222
4.45344 4.63512
4.25337 4.65696
4.01071 4.65767
3.99025 4.65614
3.77137 4.61046
3.75915 4.60432
3.55615 4.50464
3.54071 4.49203
3.36562 4.33829
3.35307 4.31443
3.2277 4.11285
3.20569 3.92558
3.16142 3.88524
3.12492 3.65863
3.12416 3.65693
3.14787 3.49521
3.15207 3.48252
3.22832 3.25464
3.26863 3.1544
3.39043 2.82
3.41435 2.75304
3.48433 2.50907
3.50482 2.41448
3.55629 2.15122
3.56354 2.11291
3.59495 1.88541
3.62968 1.74188
3.62251 1.75298
3.65294 1.54843
3.65551 1.52964
3.65941 1.33175
3.65946 1.31356
3.63566 1.15669
3.61651 1.07682
3.55965 0.910799
3.57816 0.936498
3.45195 0.785327
3.47272 0.800756
3.23988 0.671374
3.16216 0.633261
2.82998 0.467009
2.78109 0.448599
2.60941 0.351157
2.65608 0.373073
2.52322 0.289685
2.56373 0.309536
2.42006 0.210193
2.44129 0.230625
2.37476 0.107307
2.45079 0.133316
2.43273 -0.0273973
2.65617 0.0111169
2.69121 0.0253518
2.79296 0.140641
2.77984 0.116625
2.7965 0.283721
2.78719 0.337919
2.7912 0.285465
2.77705 0.485493
2.77983 0.485499
2.73714 0.736706
2.69246 0.912497
2.69755 0.961552
2.63653 1.15132
2.6451 1.12781
2.54478 1.32071
2.55294 1.30433
2.4419 1.45804
2.44963 1.43793
2.36411 1.59298
2.37067 1.56962
2.36029 1.76186
2.40787 1.76113
2.39275 1.93434
2.44523 2.11979
2.4426 2.11595
2.53747 2.29493
2.54121 2.29662
2.67455 2.51009
2.67752 2.51163
2.77353 2.68392
2.7632 2.66416
2.87028 2.83648
2.8583 2.81709
2.98028 2.94117
2.96901 2.91875
3.11749 3.04161
3.2387 3.07048
3.23524 3.1215
3.45002 3.22758
3.63333 3.27479
3.65391 3.31266
3.9769 3.38525
4.18578 3.43121
4.52149 3.49059
4.64237 3.5046
4.89674 3.52871
4.97312 3.5332
5.21666 3.55244
5.229 3.5572
5.44014 3.55987
5.43801 3.56415
5.64513 3.53003
5.65226 3.53214
5.85666 3.45004
5.87147 3.44475
6.05755 3.31241
6.07531 3.29802
6.23409 3.12074
6.25257 3.09685
6.38182 2.8901
6.39413 2.8674
6.48705 2.64338
6.49852 2.60996
6.55838 2.3739
6.56392 2.34258
6.5825 2.10397
6.58177 2.07778
6.55258 1.84762
6.54726 1.82944
6.4732 1.61927
6.46704 1.61083
6.36035 1.42252
6.35253 1.41446
6.23156 1.23205
6.22201 1.22059
6.10589 1.03217
6.09864 1.02158
6.00059 0.831785
5.99998 0.831227
5.9166 0.648988
5.92228 0.659602
5.84229 0.488828
5.8533 0.506249
5.76723 0.347089
5.78267 0.369786
5.66954 0.202616
5.57847 0.116013
5.5696 0.0779811
5.46178 -0.0502741
5.48594 -0.0249375
5.38001 -0.153095
5.40983 -0.129993
5.30436 -0.263862
5.31114 -0.264721
5.24342 -0.405952
5.09484 -0.47097
5.12394 -0.462933
4.96525 -0.382015
4.99805 -0.395864
4.94654 -0.214689
4.95491 -0.252485
4.96327 -0.0255073
4.96963 0.0130553
5.00975 0.313798
5.02222 0.390083
5.06652 0.72088
5.08252 0.849292
5.10151 1.11861
5.10075 1.15592
5.06892 1.38609
5.06087 1.41905
4.98013 1.63957
4.97016 1.64639
4.85167 1.84539
4.8351 1.86692
4.71003 2.1148
4.70936 2.10132
4.64581 2.24878
4.52884 2.47502
4.51392 2.5263
4.43713 2.69907
4.33107 2.95166
4.33598 2.93548
4.26434 3.14171
4.27566 3.06089
4.2483 3.19575
4.23531 3.13822
4.30345 3.27241
4.26352 3.24762
4.47047 3.27128
4.46364 3.2713
4.65071 3.1764
4.66119 3.16627
4.78875 3.00246
4.78263 3.01087
4.83624 2.78945
4.85546 2.69598
4.9182 2.27042
4.91815 2.18484
4.93232 1.93161
4.87603 1.74033
4.90275 1.69076
4.8653 1.4969
4.87429 1.53019
4.81462 1.34875
4.80188 1.31161
4.71499 1.07009
4.70684 1.04426
4.60276 0.781657
4.59621 0.763086
4.47629 0.537634
4.48541 0.549557
4.30932 0.377951
4.16028 0.378691
4.13123 0.257555
3.86025 0.214937
3.8259 0.213482
3.57605 0.249213
3.50175 0.267406
3.27014 0.337476
3.2364 0.353477
3.02951 0.447551
3.00086 0.469893
2.80037 0.564429
2.80005 0.556275
2.6108 0.633674
2.60668 0.629697
2.41792 0.733963
2.4047 0.73655
2.22793 0.880876
2.20798 0.897076
2.05083 1.08199
2.03072 1.10772
1.90145 1.31434
1.88306 1.3464
1.7591 1.57932
1.73542 1.61298
1.58392 1.84381
1.49173 2.0228
1.48926 2.07065
1.40894 2.26456
1.40708 2.26182
1.3601 2.46488
1.35796 2.46997
1.34913 2.68787
1.34874 2.70203
1.3709 2.92566
1.37305 2.94305
1.42516 3.16358
1.42984 3.18003
1.51922 3.38714
1.52641 3.40221
1.65515 3.62491
1.77305 3.79893
1.82584 3.81673
2.00621 3.98775
2.04191 4.01046
2.27378 4.15039
2.3345 4.16159
2.47973 4.27851
2.66932 4.25149
2.6509 4.28228
2.69595 4.14659
2.68932 4.18688
2.71719 4.03336
2.71285 4.09226
2.74495 3.93639
2.74092 3.95728
2.77237 3.75251
2.77469 3.73695
2.81774 3.49167
2.84327 3.44325
2.88489 3.22637
2.97813 2.95893
2.99732 2.91908
3.11176 2.7203
3.1184 2.71073
3.30112 2.505
3.27075 2.53113
3.46968 2.4088
3.50473 2.39549
3.71984 2.30386
3.84262 2.33871
3.85153 2.30999
4.09769 2.35751
4.0766 2.3522
4.34266 2.43046
4.33351 2.42775
4.52435 2.49823
4.5824 2.52143
4.78711 2.61266
4.80958 2.62203
4.98405 2.73896
4.98958 2.7391
5.13032 2.92693
5.10792 2.97394
5.2202 3.1228
5.27688 3.35091
5.27656 3.37068
5.26262 3.64127
5.2099 3.84973
5.24126 3.88431
5.15583 4.10878
5.13402 4.1431
4.97302 4.33772
4.8131 4.4439
4.81814 4.49751
4.6085 4.60992
4.58265 4.61795
4.35393 4.67029
4.15161 4.68502
4.11508 4.67343
3.88472 4.65395
3.86943 4.6495
3.6577 4.5752
3.64248 4.56536
3.45171 4.43529
3.43564 4.41727
3.28702 4.2321
3.30703 4.18247
3.20957 4.03106
3.14138 3.78161
3.13569 3.76363
3.13299 3.55175
3.12789 3.59885
3.18479 3.38217
3.19526 3.35487
3.3033 3.05471
3.35465 2.9193
3.44339 2.65157
3.45437 2.61027
3.52212 2.31036
3.53257 2.25406
3.57388 2.00787
3.58247 1.99022
3.59779 1.84249
3.63565 1.64825
3.63544 1.65252
3.65655 1.4241
3.6574 1.43728
3.64559 1.20893
3.65278 1.2559
3.58588 0.975813
3.60226 1.00736
3.51733 0.850243
3.52719 0.859349
3.38393 0.743684
3.3349 0.717322
3.06917 0.583317
2.92584 0.511196
2.69208 0.391876
2.70465 0.396634
2.56998 0.312034
2.61445 0.331004
2.47943 0.246023
2.50774 0.268944
2.37677 0.147096
2.40711 0.164849
2.41091 0.0355928
2.52746 0.019161
2.55773 -0.0269496
2.75961 0.0542439
2.74075 0.0489124
2.78966 0.221714
2.78528 0.178771
2.78365 0.233135
2.77817 0.389494
2.77591 0.380655
2.75476 0.587302
2.73514 0.631882
2.70605 0.808537
2.65295 1.05644
2.65769 1.04864
2.58846 1.21604
2.58317 1.22315
2.48141 1.38099
2.48833 1.36404
2.38398 1.51968
2.39272 1.49211
2.34501 1.67128
2.35061 1.65747
2.37508 1.86072
2.43172 1.97132
2.40035 2.02504
2.47668 2.21511
2.47627 2.2098
2.58793 2.39049
2.61135 2.42644
2.71218 2.61057
2.70867 2.60155
2.80291 2.76119
2.80081 2.75795
2.91129 2.90756
2.89336 2.88254
3.03673 2.9988
3.03951 2.97152
3.13509 3.08653
3.32519 3.17536
3.36173 3.17103
3.52869 3.26837
3.75504 3.34029
3.87272 3.37346
4.28684 3.4591
4.41718 3.48011
4.74444 3.52857
4.79192 3.53086
5.07612 3.55281
5.11185 3.55482
5.33305 3.57014
5.33647 3.5755
5.54283 3.56168
5.54657 3.56578
5.75427 3.50791
5.76782 3.50571
5.96518 3.39774
5.98361 3.38673
6.15602 3.2311
6.1771 3.20874
6.32014 3.01668
6.33976 2.98613
6.44768 2.77726
6.46142 2.74504
6.53836 2.51299
6.54743 2.47817
6.58732 2.24038
6.58984 2.20856
6.58516 1.97299
6.58158 1.94838
6.52983 1.72606
6.52324 1.7114
6.43238 1.51188
6.4257 1.50451
6.31025 1.31852
6.30202 1.30969
6.18248 1.12348
6.17386 1.11199
6.06771 0.921403
6.06384 0.915402
5.97595 0.729175
5.9783 0.733756
5.89959 0.557243
5.90749 0.570936
5.82665 0.404847
5.8393 0.42324
5.74219 0.273073
5.74519 0.275212
5.68048 0.140248
5.52758 -0.0180733
5.54929 0.00747136
5.44354 -0.120828
5.4687 -0.0971813
5.36705 -0.225712
5.3929 -0.207707
5.28972 -0.367352
5.18758 -0.394891
5.19968 -0.470991
5.02007 -0.448666
5.04616 -0.448685
4.95909 -0.298527
4.97214 -0.316359
4.9603 -0.14778
4.9632 -0.130351
4.98665 0.116508
5.00029 0.209381
5.04011 0.493389
5.05776 0.616403
5.0985 0.95291
5.10245 1.01377
5.09771 1.26072
5.09444 1.2844
5.03579 1.52085
5.02599 1.54529
4.92703 1.74195
4.90953 1.75796
4.79129 1.96217
4.75961 2.02243
4.67842 2.20149
4.599 2.34259
4.57921 2.38307
4.47547 2.62384
4.40373 2.79846
4.37412 2.85606
4.30541 3.03576
4.30014 3.04317
4.25973 3.16452
4.25969 3.09783
4.26824 3.23775
4.23781 3.19079
4.36312 3.28036
4.36573 3.2759
4.56382 3.24038
4.56563 3.23767
4.73787 3.09478
4.73713 3.09372
4.8193 2.91265
4.82352 2.89352
4.87426 2.59284
4.90641 2.3746
4.93694 2.08169
4.90306 2.03229
4.91986 1.83557
4.88954 1.58675
4.89526 1.59737
4.8518 1.42778
4.85839 1.44402
4.77178 1.21118
4.75627 1.16647
4.67261 0.945164
4.64627 0.877047
4.55268 0.667704
4.53225 0.626297
4.41713 0.469998
4.36633 0.465935
4.23047 0.300809
4.02666 0.250003
3.96498 0.219823
3.72107 0.214895
3.67714 0.221401
3.39801 0.282565
3.36594 0.294876
3.13545 0.381772
3.11963 0.393981
2.90083 0.501301
2.89267 0.514708
2.70142 0.591833
2.70015 0.578817
2.50938 0.668747
2.49878 0.667226
2.31463 0.790211
2.29583 0.800988
2.12897 0.965988
2.10475 0.992075
1.96216 1.18704
1.94202 1.21767
1.8223 1.43184
1.79555 1.48101
1.66902 1.69413
1.63085 1.75005
1.51948 1.92169
1.43172 2.1583
1.42935 2.16172
1.36517 2.35792
1.36247 2.36006
1.33536 2.57235
1.33384 2.58415
1.34143 2.80662
1.34251 2.82473
1.37984 3.04767
1.38385 3.06722
1.45431 3.28198
1.46163 3.29953
1.56642 3.49912
1.58134 3.55045
1.6989 3.72481
1.88936 3.90014
1.92037 3.92754
2.12397 4.07571
2.1781 4.10754
2.38954 4.25083
2.49565 4.17488
2.57307 4.29307
2.66568 4.22391
2.6595 4.24489
2.69391 4.08214
2.68922 4.13441
2.72081 3.98772
2.71383 4.03651
2.74769 3.85266
2.74699 3.85424
2.78457 3.63257
2.79233 3.59338
2.84913 3.33857
2.92911 3.13131
2.94003 3.0566
3.0462 2.82633
3.05485 2.80835
3.18547 2.63015
3.22837 2.5805
3.35746 2.47218
3.37964 2.46251
3.60123 2.35452
3.63454 2.36483
3.74857 2.30432
3.95444 2.33002
3.995 2.3364
4.17748 2.38075
4.24239 2.39982
4.43256 2.46212
4.42703 2.45923
4.67913 2.56187
4.69343 2.56558
4.90024 2.67469
4.90319 2.67223
5.06008 2.81671
5.07392 2.83855
5.18178 3.04835
5.21989 3.22765
5.26298 3.24699
5.28049 3.47545
5.25533 3.53668
5.25609 3.7556
5.21508 3.98583
5.20707 4.01731
5.07872 4.23217
5.03307 4.25178
4.91338 4.4133
4.7335 4.55937
4.70778 4.57621
4.48585 4.65822
4.44738 4.66829
4.25545 4.69953
4.0107 4.68332
3.98631 4.6799
3.76586 4.63325
3.74955 4.62574
3.54742 4.52114
3.52922 4.50589
3.35977 4.34491
3.34543 4.31917
3.22937 4.11203
3.2041 3.92636
3.16394 3.884
3.12952 3.65896
3.12896 3.65652
3.15261 3.49697
3.15708 3.48329
3.23065 3.25618
3.27052 3.1543
3.38697 2.81956
3.41041 2.75108
3.4772 2.50794
3.49668 2.41207
3.54617 2.15011
3.55355 2.11072
3.58504 1.88541
3.61939 1.7399
3.61263 1.75054
3.64345 1.54798
3.64624 1.52844
3.652 1.33257
3.65216 1.31356
3.62973 1.15362
3.61258 1.0772
3.55865 0.912018
3.57615 0.937034
3.45355 0.784726
3.47273 0.799434
3.24358 0.665821
3.16526 0.625274
2.83704 0.455448
2.7877 0.434877
2.61994 0.334865
2.66533 0.355629
2.52928 0.269865
2.5677 0.288807
2.43031 0.198255
2.45248 0.21962
2.36877 0.0672652
2.4405 0.0575944
2.43818 -0.0358076
2.6609 -0.00831369
2.67184 -0.00310609
2.77688 0.147334
2.76581 0.119619
2.77837 0.277883
2.76893 0.33527
2.77153 0.285566
2.75482 0.482637
2.76102 0.48335
2.71162 0.73333
2.66707 0.905107
2.66826 0.953428
2.60496 1.13844
2.61383 1.11504
2.51588 1.30263
2.5237 1.28583
2.41897 1.44172
2.42473 1.42384
2.34779 1.58606
2.3515 1.56734
2.34568 1.76149
2.3581 1.75797
2.35084 1.90571
2.42792 2.12546
2.42462 2.12491
2.51812 2.30516
2.52278 2.30924
2.64707 2.52426
2.65026 2.52685
2.74272 2.69996
2.73412 2.68301
2.84371 2.85284
2.83446 2.83726
2.95834 2.96392
2.94825 2.94387
3.08591 3.06476
3.23566 3.11358
3.22717 3.14018
3.44516 3.23336
3.63102 3.28769
3.65244 3.32248
3.97394 3.39795
4.18391 3.44328
4.51842 3.50451
4.64063 3.5203
4.89468 3.54779
4.97198 3.5534
5.21411 3.57452
5.22935 3.57974
5.44027 3.58388
5.44195 3.58753
5.64989 3.55273
5.66065 3.55353
5.86567 3.47009
5.8838 3.46272
6.07061 3.3295
6.09114 3.31256
6.25082 3.13519
6.27133 3.10867
6.40097 2.90188
6.41484 2.87609
6.50767 2.65173
6.51995 2.61549
6.57922 2.379
6.58516 2.3445
6.60359 2.10533
6.60283 2.07563
6.57475 1.84446
6.56883 1.82262
6.49726 1.61056
6.48992 1.59869
6.38666 1.40796
6.37787 1.39772
6.26093 1.214
6.25117 1.20176
6.13926 1.01377
6.13222 1.00316
6.03775 0.814583
6.037 0.813544
5.95651 0.631921
5.96147 0.641002
5.88412 0.469451
5.89369 0.48454
5.80603 0.324557
5.81963 0.342708
5.7308 0.172071
5.61365 0.0603836
5.61115 0.0440593
5.50795 -0.0881122
5.53066 -0.0637708
5.42806 -0.193065
5.45577 -0.171189
5.35396 -0.304296
5.35285 -0.28453
5.27129 -0.456839
5.09568 -0.476372
5.11606 -0.489055
4.97546 -0.372221
5.00252 -0.393178
4.96297 -0.212623
4.97034 -0.251435
4.97661 -0.0270784
4.9826 0.0124469
5.01987 0.311664
5.0321 0.389557
5.07503 0.719102
5.09096 0.849043
5.11032 1.11761
5.10967 1.15727
5.07938 1.38745
5.07104 1.42285
4.99172 1.64363
4.98059 1.65264
4.86335 1.8513
4.84635 1.87378
4.72293 2.11989
4.72085 2.11146
4.65708 2.25615
4.54182 2.48026
4.52574 2.53264
4.44914 2.70474
4.34333 2.95555
4.34756 2.94053
4.27867 3.14507
4.2904 3.06759
4.25875 3.20197
4.24767 3.15111
4.30396 3.27123
4.26575 3.24341
4.46986 3.27711
4.46603 3.27618
4.65456 3.18349
4.66726 3.17132
4.79542 3.00741
4.79073 3.01279
4.84716 2.7921
4.86906 2.69685
4.9299 2.27314
4.93298 2.18576
4.93306 1.93256
4.89714 1.73394
4.90824 1.6892
4.8813 1.49417
4.89051 1.52446
4.82802 1.34441
4.81432 1.30624
4.72566 1.06693
4.71672 1.0395
4.61068 0.779176
4.60309 0.758835
4.4808 0.535754
4.48876 0.545589
4.31065 0.377933
4.169 0.384874
4.13073 0.253753
3.86182 0.205595
3.82451 0.202853
3.57369 0.2334
3.49717 0.250726
3.26444 0.318165
3.22836 0.334732
3.02127 0.428196
2.99235 0.451604
2.79339 0.54614
2.78973 0.536648
2.60096 0.610523
2.59433 0.608506
2.40509 0.712687
2.3891 0.717417
2.21161 0.862246
2.1892 0.881038
2.03111 1.06571
2.00899 1.09402
1.87812 1.2999
1.85821 1.33409
1.73047 1.56232
1.7078 1.59747
1.55893 1.82537
1.48522 2.02004
1.45459 2.0567
1.37946 2.25313
1.37657 2.25441
1.33101 2.45934
1.32842 2.46844
1.31966 2.68732
1.31947 2.70482
1.34241 2.92887
1.34522 2.94946
1.39919 3.17023
1.40531 3.19008
1.4935 3.39867
1.50206 3.41726
1.62164 3.64648
1.77979 3.79039
1.80407 3.84039
1.99477 4.00041
2.03174 4.02736
2.25396 4.17888
2.30799 4.18606
2.46635 4.27481
2.53335 4.2067
2.60246 4.30667
2.67387 4.14175
2.66538 4.1823
2.69629 4.03474
2.68992 4.08718
2.72414 3.93288
2.71953 3.95292
2.7555 3.75045
2.75841 3.73337
2.80727 3.49032
2.83495 3.44174
2.88224 3.2243
2.97858 2.95986
2.99858 2.91895
3.1121 2.72135
3.11943 2.71066
3.30222 2.50707
3.27244 2.53232
3.47151 2.41347
3.50769 2.40028
3.72102 2.31288
3.84467 2.34444
3.85133 2.31545
4.09665 2.35903
4.07677 2.35424
4.34193 2.43043
4.33413 2.4281
4.52383 2.49762
4.58317 2.52143
4.78649 2.61233
4.80999 2.62273
4.98418 2.73769
4.99119 2.73861
5.13075 2.92581
5.11761 2.96632
5.22361 3.12357
5.28138 3.34949
5.28226 3.37132
5.26789 3.64006
5.22932 3.84785
5.24768 3.88692
5.16558 4.11283
5.14327 4.15045
4.98948 4.34636
4.82897 4.47429
4.82439 4.50855
4.61723 4.62764
4.58814 4.63868
4.35169 4.70939
4.15142 4.69477
4.11251 4.7052
3.88221 4.67704
3.86264 4.6717
3.65022 4.59445
3.63158 4.58249
3.44398 4.44607
3.42612 4.42518
3.28463 4.23462
3.30031 4.18827
3.20996 4.03033
3.14444 3.7817
3.13942 3.76263
3.13793 3.55276
3.13302 3.59925
3.1885 3.384
3.19902 3.3554
3.30284 3.0553
3.35302 2.91801
3.43778 2.65061
3.44877 2.60813
3.51305 2.30922
3.52337 2.25172
3.56379 2.00709
3.57217 1.98875
3.5886 1.83938
3.62578 1.64723
3.62571 1.6506
3.64811 1.42431
3.64883 1.43667
3.63935 1.21022
3.64619 1.25645
3.58374 0.977132
3.59916 1.00796
3.51755 0.850946
3.52637 0.859174
3.38625 0.741402
3.33637 0.713099
3.07417 0.574785
2.93122 0.499904
2.70192 0.375831
2.7131 0.381397
2.58039 0.295365
2.62418 0.312742
2.48401 0.22683
2.51784 0.246493
2.39232 0.134617
2.42084 0.157456
2.38312 -0.0293107
2.54215 -0.0298691
2.56251 -0.0424377
2.74645 0.0695452
2.72902 0.0548408
2.76967 0.208211
2.76899 0.174165
2.76827 0.231836
2.75742 0.388037
2.75288 0.379219
2.73216 0.582679
2.71499 0.629949
2.67994 0.802475
2.62208 1.04598
2.62709 1.0374
2.55726 1.20163
2.55317 1.20615
2.45535 1.36346
2.46121 1.3473
2.36505 1.50832
2.37123 1.48532
2.32966 1.66844
2.3321 1.65895
2.32377 1.85554
2.39012 2.0014
2.38303 2.03228
2.45782 2.22287
2.45861 2.22056
2.5654 2.40348
2.5872 2.43991
2.68247 2.62514
2.67982 2.61785
2.77474 2.77813
2.77391 2.7765
2.88738 2.92614
2.87066 2.90904
3.00637 3.02943
3.05258 3.00355
3.13248 3.10632
3.3185 3.18874
3.34877 3.19583
3.52818 3.2766
3.75195 3.35071
3.8714 3.38436
4.2833 3.47191
4.41555 3.49365
4.74101 3.54523
4.79124 3.54847
5.07342 3.57364
5.11068 3.57568
5.33199 3.59257
5.33786 3.59844
5.54534 3.58475
5.55267 3.58806
5.76115 3.52906
5.77813 3.52519
5.9761 3.41603
5.99754 3.4027
6.1708 3.24658
6.19418 3.22174
6.33799 3.02957
6.35921 2.99652
6.46747 2.78704
6.4823 2.75201
6.55886 2.51965
6.56853 2.48188
6.60797 2.24361
6.61069 2.20852
6.60643 1.97225
6.60257 1.94408
6.55265 1.72045
6.5452 1.70221
6.4574 1.50049
6.4495 1.49012
6.33801 1.30227
6.32909 1.2918
6.21391 1.10526
6.20531 1.09337
6.10317 0.903885
6.09935 0.897677
6.01452 0.712579
6.01651 0.71618
5.94025 0.539767
5.94721 0.551418
5.86632 0.384791
5.87683 0.399967
5.79115 0.243268
5.76139 0.229216
5.70665 0.105657
5.57258 -0.0519137
5.59227 -0.028204
5.49067 -0.159164
5.51494 -0.136918
5.4156 -0.266505
5.4402 -0.247179
5.32543 -0.384265
5.22045 -0.366755
5.19683 -0.49801
5.02283 -0.444245
5.04312 -0.450464
4.97297 -0.294055
4.9837 -0.313961
4.9752 -0.148112
4.9777 -0.130509
4.99864 0.114633
5.01155 0.208563
5.04948 0.491523
5.06685 0.615989
5.10712 0.95121
5.11112 1.01418
5.10743 1.26069
5.10399 1.28698
5.04704 1.52347
5.0365 1.55039
4.93868 1.74721
4.9199 1.76469
4.80326 1.96781
4.77172 2.02868
4.68986 2.21014
4.61194 2.34922
4.5914 2.38948
4.48825 2.62905
4.41604 2.80273
4.38594 2.86129
4.31835 3.03976
4.31371 3.04775
4.27238 3.16944
4.27509 3.10818
4.27453 3.251
4.2567 3.21847
4.3623 3.28054
4.36643 3.27646
4.56524 3.24693
4.56983 3.24282
4.74302 3.10089
4.74424 3.0973
4.82815 2.91636
4.83359 2.89464
4.88702 2.59498
4.91883 2.37599
4.94508 2.08303
4.93223 2.036
4.92775 1.83274
4.9013 1.586
4.90555 1.59472
4.86703 1.42373
4.87289 1.43761
4.78378 1.20741
4.76738 1.16158
4.68209 0.942034
4.65457 0.872837
4.55905 0.665238
4.5372 0.622459
4.42015 0.468185
4.3712 0.461795
4.22351 0.296967
4.02744 0.248372
3.96502 0.212616
3.72108 0.20226
3.67399 0.208112
3.39467 0.264613
3.35946 0.277296
3.1287 0.362449
3.11039 0.375684
2.89366 0.48257
2.88494 0.497992
2.6926 0.572217
2.68989 0.557712
2.49828 0.646912
2.48494 0.646933
2.30022 0.770322
2.27873 0.783545
2.11104 0.948784
2.08474 0.977265
1.94087 1.17186
1.91897 1.20487
1.79642 1.41704
1.76843 1.4661
1.6422 1.67745
1.61934 1.74141
1.50045 1.91773
1.40166 2.14557
1.39684 2.15116
1.33623 2.34966
1.33291 2.35592
1.30644 2.56951
1.30484 2.58495
1.31277 2.80804
1.31428 2.82934
1.3529 3.05261
1.35794 3.07537
1.42898 3.29078
1.43752 3.31169
1.53761 3.51439
1.60115 3.54509
1.69113 3.73712
1.87333 3.91721
1.90672 3.94613
2.10884 4.09632
2.16175 4.13202
2.37541 4.26451
2.37164 4.23321
2.51742 4.3089
2.60405 4.20324
2.63377 4.23709
2.67383 4.09484
2.66682 4.13389
2.7009 3.98432
2.69232 4.0313
2.72898 3.84992
2.72847 3.85029
2.77104 3.63071
2.78006 3.59011
2.84398 3.3387
2.92703 3.13107
2.94066 3.0561
3.04762 2.82787
3.05592 2.8082
3.18599 2.63149
3.22999 2.58112
3.3587 2.47524
3.38212 2.46551
3.60352 2.36135
3.63593 2.3717
3.75055 2.31305
3.95314 2.3337
3.99504 2.33968
4.17649 2.38174
4.24283 2.40079
4.43196 2.46171
4.4278 2.45919
4.67863 2.56125
4.69399 2.56603
4.89959 2.67441
4.90402 2.67232
5.06065 2.81525
5.07597 2.83807
5.18646 3.04352
5.22701 3.22695
5.26714 3.24704
5.28601 3.47469
5.27989 3.53732
5.26812 3.75197
5.22359 3.98751
5.2145 4.02169
5.09103 4.23973
5.04736 4.26063
4.92276 4.43067
4.74309 4.57249
4.71402 4.59118
4.49459 4.6828
4.44176 4.65853
4.25049 4.72449
4.00917 4.70958
3.9815 4.70601
3.76071 4.65407
3.74046 4.64501
3.53937 4.53562
3.51863 4.51767
3.35437 4.35068
3.33909 4.32256
3.22911 4.11324
3.20287 3.92714
3.16581 3.88291
3.13386 3.65935
3.13351 3.6561
3.15702 3.49863
3.16174 3.48392
3.23277 3.25763
3.2707 3.15362
3.3832 2.81907
3.40643 2.74918
3.47016 2.50693
3.48872 2.40976
3.53636 2.1491
3.54389 2.10859
3.57535 1.88536
3.60915 1.73801
3.60305 1.74814
3.63415 1.54751
3.63715 1.52717
3.6444 1.33332
3.64471 1.31351
3.62483 1.15524
3.60854 1.07755
3.55752 0.913271
3.57403 0.937602
3.45503 0.784268
3.47266 0.798254
3.24719 0.660695
3.16822 0.617837
2.84474 0.443156
2.79497 0.420989
2.63013 0.319638
2.67388 0.339623
2.53954 0.253286
2.57809 0.269814
2.44066 0.17763
2.47013 0.201145
2.38306 0.0611668
2.45556 0.0445248
2.44635 -0.0688928
2.65969 -0.00701032
2.66899 0.000998802
2.75753 0.131646
2.74819 0.107029
2.76065 0.275874
2.74969 0.331123
2.75055 0.285534
2.73075 0.479541
2.73662 0.480043
2.68523 0.728275
2.64027 0.897237
2.63913 0.944675
2.5737 1.12517
2.58265 1.10208
2.48772 1.28533
2.49491 1.26865
2.39658 1.42715
2.40059 1.41194
2.33098 1.57984
2.33338 1.56578
2.3106 1.75941
2.3571 1.75837
2.32805 1.91954
2.40659 2.13227
2.40735 2.13339
2.49762 2.3156
2.503 2.32187
2.61969 2.53737
2.62313 2.54128
2.71373 2.71482
2.70692 2.70096
2.81801 2.86929
2.81124 2.85717
2.93098 2.9922
2.92318 2.96915
3.0855 3.10087
3.23024 3.1379
3.22039 3.15826
3.43716 3.24819
3.62331 3.31538
3.651 3.33163
3.97111 3.40909
4.18186 3.45571
4.51514 3.51888
4.63869 3.53604
4.8924 3.56639
4.97069 3.57304
5.21143 3.59573
5.22967 3.60176
5.44024 3.607
5.44576 3.60999
5.65454 3.57475
5.66889 3.57424
5.8745 3.48959
5.89585 3.48018
6.08329 3.34614
6.10652 3.32671
6.26695 3.14922
6.28946 3.12012
6.41945 2.91329
6.43485 2.88446
6.52765 2.65983
6.54075 2.62077
6.59952 2.38394
6.60587 2.34632
6.6242 2.10668
6.62343 2.07357
6.59647 1.84153
6.59003 1.81615
6.52097 1.60238
6.51259 1.58714
6.41288 1.39414
6.40321 1.38166
6.29043 1.19662
6.28049 1.1835
6.17282 0.99591
6.16595 0.985206
6.07491 0.797893
6.07404 0.796317
5.99608 0.615498
6.00046 0.623004
5.92393 0.451359
5.93205 0.46374
5.85025 0.300731
5.86189 0.317768
5.75936 0.126503
5.65124 0.0191481
5.65252 0.0126101
5.55398 -0.123536
5.57529 -0.100903
5.47646 -0.232176
5.50281 -0.212198
5.39469 -0.339281
5.39143 -0.305535
5.2592 -0.461899
5.11116 -0.441317
5.1108 -0.49731
4.98606 -0.365034
5.00825 -0.390537
4.97825 -0.211373
4.98395 -0.250471
4.99009 -0.0285263
4.99579 0.0119397
5.03039 0.309555
5.04233 0.389039
5.0839 0.717297
5.0998 0.848738
5.11942 1.11657
5.11885 1.15859
5.08993 1.38875
5.08123 1.42659
5.00331 1.64761
4.99097 1.65878
4.8745 1.85684
4.85746 1.88053
4.73571 2.1249
4.73375 2.11726
4.66913 2.26388
4.5545 2.48536
4.53728 2.53876
4.46123 2.71047
4.356 2.95957
4.3594 2.94558
4.29087 3.14791
4.30342 3.07354
4.26957 3.21077
4.26164 3.16237
4.31692 3.3017
4.2994 3.28021
4.46907 3.28061
4.46772 3.27923
4.65787 3.18987
4.67287 3.17595
4.80232 3.01257
4.79911 3.0149
4.85787 2.79482
4.88013 2.69749
4.93919 2.27529
4.94365 2.18576
4.94807 1.93449
4.92686 1.73001
4.91819 1.68733
4.8943 1.49261
4.90228 1.52022
4.84185 1.33968
4.82711 1.30056
4.73637 1.06364
4.72657 1.03464
4.61851 0.776642
4.60983 0.754547
4.48528 0.533812
4.49215 0.541468
4.31212 0.377753
4.19478 0.395602
4.13017 0.249111
3.86346 0.197085
3.82337 0.192741
3.57176 0.21831
3.49296 0.234753
3.25918 0.299609
3.2207 0.316725
3.01341 0.409596
2.98431 0.434236
2.78691 0.528727
2.78064 0.519264
2.592 0.588853
2.58233 0.587829
2.39248 0.69172
2.37372 0.69855
2.19557 0.843862
2.17074 0.865179
2.0118 1.04961
1.98769 1.08042
1.85487 1.28515
1.83325 1.32114
1.70395 1.54607
1.68196 1.58273
1.54705 1.8144
1.45909 2.01177
1.42922 2.0466
1.3495 2.24234
1.34576 2.24737
1.3025 2.45405
1.29958 2.46701
1.29119 2.68677
1.29118 2.7076
1.31489 2.93207
1.31841 2.95584
1.37343 3.17693
1.38065 3.20012
1.46668 3.4102
1.48008 3.42928
1.62063 3.64596
1.78219 3.78469
1.79117 3.85555
1.9794 4.01874
2.01824 4.04788
2.23932 4.19937
2.28086 4.22433
2.43628 4.31307
2.44274 4.23834
2.54874 4.28981
2.64109 4.1632
2.64114 4.19224
2.67914 4.03251
2.66966 4.08219
2.70376 3.9292
2.69966 3.94838
2.73953 3.74815
2.74321 3.7296
2.79812 3.48898
2.82542 3.43974
2.88013 3.22247
2.97855 2.9606
2.9999 2.91885
3.11243 2.72241
3.12056 2.71069
3.30342 2.50927
3.2742 2.53367
3.4734 2.41836
3.51067 2.40533
3.72172 2.3223
3.84622 2.35048
3.85112 2.3216
4.09555 2.36091
4.07687 2.35664
4.34119 2.43044
4.33474 2.4285
4.52332 2.49699
4.58394 2.52141
4.78581 2.61211
4.81035 2.62352
4.98393 2.73688
4.99241 2.73846
5.13362 2.92311
5.11921 2.97477
5.22808 3.12423
5.28603 3.34802
5.28949 3.37202
5.2856 3.6399
5.25381 3.8537
5.25603 3.89004
5.17549 4.11673
5.15266 4.15753
5.00306 4.35332
4.85276 4.46352
4.83364 4.52396
4.6267 4.6453
4.59403 4.65703
4.35553 4.71438
4.15605 4.68405
4.10962 4.73114
3.87892 4.70047
3.85548 4.69374
3.64328 4.6117
3.62136 4.59751
3.43686 4.45547
3.41745 4.43176
3.28164 4.23739
3.29567 4.1915
3.20931 4.02967
3.14724 3.78187
3.14269 3.7617
3.14237 3.55375
3.13775 3.59954
3.19186 3.3857
3.20196 3.35563
3.30177 3.05569
3.35066 2.91652
3.43218 2.64972
3.44325 2.60607
3.50423 2.3082
3.51441 2.24946
3.55397 2.00635
3.56204 1.98723
3.5795 1.83637
3.61613 1.64624
3.61622 1.64867
3.63964 1.42447
3.64028 1.43597
3.63328 1.21142
3.63912 1.25698
3.58127 0.978505
3.59593 1.00855
3.51761 0.851748
3.52543 0.859088
3.38846 0.739404
3.33776 0.709192
3.07926 0.566461
2.93711 0.488123
2.71377 0.358063
2.72134 0.366901
2.59068 0.279359
2.63284 0.29629
2.49598 0.208083
2.52963 0.227503
2.40725 0.119906
2.44232 0.137419
2.40376 -0.0441929
2.54348 -0.0354206
2.56844 -0.0542013
2.73225 0.0482895
2.71396 0.0386094
2.75345 0.209627
2.75284 0.173438
2.75048 0.229097
2.73471 0.386328
2.72763 0.377559
2.70586 0.577324
2.68953 0.626337
2.6528 0.795981
2.59141 1.03486
2.59664 1.02575
2.52655 1.18731
2.52342 1.18975
2.42991 1.34729
2.43453 1.33245
2.34604 1.49816
2.35015 1.47963
2.30417 1.66354
2.30809 1.65741
2.31496 1.85129
2.38708 2.00276
2.36059 2.0412
2.43826 2.23063
2.44047 2.23108
2.54216 2.41609
2.56262 2.4528
2.6539 2.63856
2.65228 2.63338
2.74789 2.79441
2.74851 2.79459
2.85988 2.94686
2.8469 2.93441
2.98783 3.04809
3.01611 3.02607
3.12821 3.13731
3.31109 3.20499
3.34925 3.23248
3.52319 3.29572
3.74885 3.36054
3.8701 3.39476
4.27971 3.48459
4.41373 3.50759
4.73743 3.56174
4.79037 3.56587
5.07059 3.59376
5.10941 3.59655
5.33078 3.6154
5.33913 3.62069
5.54774 3.60697
5.55861 3.60952
5.76789 3.54959
5.78824 3.54408
5.98675 3.43384
6.01112 3.41825
6.1851 3.26164
6.21074 3.23437
6.35519 3.04209
6.37802 3.00654
6.4866 2.79653
6.50254 2.75872
6.57879 2.5261
6.58906 2.48543
6.62814 2.24675
6.63106 2.20848
6.62725 1.97161
6.62317 1.94001
6.5751 1.71522
6.5669 1.69348
6.48222 1.48974
6.47324 1.4764
6.36582 1.28673
6.35627 1.27457
6.24551 1.08766
6.23693 1.07528
6.13873 0.886876
6.13494 0.880397
6.05295 0.696491
6.0546 0.699082
5.97974 0.523102
5.98563 0.532617
5.90801 0.364585
5.91736 0.377587
5.82883 0.221241
5.81411 0.212598
5.74325 0.0632357
5.61706 -0.0830608
5.6351 -0.0616472
5.53813 -0.195925
5.56156 -0.17588
5.46002 -0.304823
5.48231 -0.287014
5.34162 -0.394584
5.29383 -0.365924
5.19934 -0.492631
5.02927 -0.435969
5.04458 -0.448615
4.98507 -0.291176
4.99488 -0.312038
4.98899 -0.148566
4.99144 -0.130547
5.01086 0.112849
5.0231 0.207785
5.0592 0.489666
5.07629 0.615552
5.11605 0.949465
5.12012 1.01455
5.1173 1.26061
5.11368 1.28952
5.05824 1.526
5.04695 1.55539
4.94994 1.75219
4.92998 1.77122
4.81515 1.97338
4.78364 2.03483
4.70277 2.21447
4.6242 2.35548
4.60445 2.3964
4.50199 2.6345
4.4284 2.80708
4.39802 2.86659
4.3304 3.04341
4.32552 3.05194
4.28398 3.1737
4.2882 3.1135
4.28602 3.26144
4.26629 3.21871
4.39692 3.3102
4.37022 3.30586
4.56598 3.25173
4.57319 3.24679
4.74794 3.10685
4.75115 3.10084
4.83698 2.92016
4.84323 2.89579
4.89737 2.59692
4.92871 2.37678
4.95755 2.08468
4.95582 2.03623
4.94745 1.82995
4.91376 1.5854
4.91657 1.59218
4.88006 1.42064
4.88493 1.43216
4.79604 1.20338
4.77864 1.1565
4.69153 0.938817
4.66278 0.868566
4.56534 0.662728
4.54206 0.618586
4.42325 0.466214
4.38076 0.453241
4.20779 0.294405
4.02816 0.251243
3.96514 0.205562
3.72137 0.190307
3.67119 0.195412
3.39172 0.247428
3.35338 0.260418
3.12235 0.343876
3.1015 0.358108
2.88691 0.464612
2.87724 0.481282
2.68423 0.552678
2.68077 0.538564
2.48755 0.625595
2.47139 0.627041
2.28603 0.750703
2.26189 0.766324
2.09345 0.931777
2.06509 0.962601
1.91987 1.15665
1.89614 1.19184
1.77131 1.40222
1.74242 1.45157
1.62094 1.6645
1.58598 1.72009
1.48191 1.91232
1.37549 2.13334
1.36913 2.14222
1.30726 2.34185
1.30347 2.35202
1.27831 2.5668
1.27665 2.58578
1.28506 2.80945
1.28702 2.83392
1.32658 3.05754
1.33255 3.08345
1.40307 3.29966
1.41271 3.32361
1.52385 3.52144
1.58003 3.55236
1.69114 3.73863
1.86055 3.93035
1.89343 3.9638
2.09411 4.1161
2.14809 4.15369
2.34712 4.30191
2.33921 4.28164
2.47342 4.33565
2.53665 4.19202
2.58759 4.25007
2.65622 4.09133
2.64913 4.13003
2.67992 3.98068
2.672 4.02616
2.71097 3.84698
2.71107 3.84613
2.75857 3.62873
2.76895 3.58675
2.83853 3.33856
2.92237 3.1296
2.94146 3.05565
3.04698 2.82833
3.057 2.80807
3.1866 2.63292
3.23172 2.58186
3.36001 2.47848
3.38465 2.46869
3.60576 2.36833
3.63692 2.37904
3.75216 2.32221
3.95183 2.33797
3.99503 2.34344
4.17543 2.38301
4.24323 2.40192
4.43135 2.46132
4.42856 2.45917
4.6781 2.56069
4.69457 2.56645
4.89884 2.6743
4.90468 2.67262
5.06183 2.81323
5.07812 2.83749
5.19016 3.0481
5.23091 3.22622
5.27198 3.24697
5.29697 3.47377
5.29277 3.53812
5.28618 3.75694
5.23351 3.98955
5.22294 4.02641
5.10235 4.2463
5.06016 4.26877
4.95008 4.43287
4.75301 4.58649
4.72179 4.60829
4.4996 4.69566
4.44464 4.66468
4.2498 4.72432
4.00759 4.73063
3.9766 4.72994
3.75537 4.67401
3.73147 4.66301
3.53191 4.54845
3.50884 4.52778
3.3491 4.35601
3.33302 4.32554
3.22865 4.11456
3.20328 3.92782
3.16711 3.88194
3.13765 3.65979
3.13753 3.65567
3.16097 3.50019
3.16596 3.48439
3.23414 3.25881
3.27082 3.15292
3.37923 2.81857
3.4022 2.74725
3.46328 2.50603
3.48099 2.40755
3.52682 2.14819
3.53449 2.10651
3.56577 1.88527
3.59903 1.73623
3.59364 1.74576
3.62498 1.54701
3.62817 1.52585
3.63687 1.334
3.63733 1.31337
3.61947 1.15686
3.60414 1.07794
3.55621 0.914575
3.57178 0.93821
3.45636 0.783992
3.4725 0.797255
3.25076 0.655882
3.1713 0.6105
2.85352 0.429607
2.80375 0.406168
2.64071 0.304388
2.68193 0.325011
2.55026 0.236373
2.58744 0.253307
2.45343 0.159653
2.4775 0.175892
2.4037 0.0429813
2.4661 0.0365791
2.45506 -0.0863344
2.66594 -0.0241308
2.65861 -0.0223329
2.74288 0.136453
2.73461 0.109353
2.74223 0.265643
2.7285 0.32801
2.72928 0.285148
2.70572 0.476487
2.70827 0.476027
2.65602 0.721959
2.61082 0.8882
2.6097 0.935198
2.54287 1.11163
2.55169 1.08915
2.46011 1.26886
2.46645 1.25279
2.37436 1.41397
2.3769 1.40164
2.30923 1.57232
2.31046 1.56241
2.29378 1.75772
2.34036 1.77418
2.32519 1.92253
2.38677 2.13908
2.38732 2.14304
2.47638 2.32582
2.4825 2.33419
2.59269 2.54956
2.5966 2.55499
2.68605 2.72891
2.68113 2.71818
2.79064 2.88674
2.78587 2.87765
2.91025 3.01349
2.90288 2.99284
3.07212 3.11051
3.22164 3.138
3.21192 3.18422
3.43939 3.27876
3.61623 3.33586
3.64837 3.34744
3.96828 3.41979
4.17976 3.46795
4.51169 3.53352
4.63659 3.55184
4.88995 3.58461
4.96927 3.5922
5.20863 3.61706
5.22973 3.6229
5.44013 3.6288
5.44947 3.63163
5.65903 3.596
5.67693 3.59423
5.88313 3.50854
5.90764 3.49715
6.09562 3.36234
6.12147 3.34049
6.28253 3.16286
6.307 3.13122
6.4373 2.92436
6.45422 2.89254
6.54702 2.66768
6.56095 2.62584
6.61932 2.38873
6.62607 2.34806
6.64437 2.10803
6.6436 2.07161
6.61779 1.83882
6.61091 1.81
6.54439 1.59469
6.5351 1.57617
6.43902 1.38102
6.42857 1.36629
6.32006 1.17993
6.30994 1.16586
6.20651 0.978627
6.19978 0.967743
6.11203 0.781694
6.11101 0.779531
6.03497 0.599676
6.03862 0.605565
5.96418 0.433587
5.97124 0.44376
5.88946 0.280178
5.89956 0.293799
5.79656 0.112803
5.70372 0.0043475
5.69779 -0.0218255
5.59992 -0.156672
5.62003 -0.136263
5.52275 -0.269479
5.54691 -0.252691
5.42208 -0.368493
5.4358 -0.357209
5.26088 -0.461742
5.14554 -0.406772
5.11465 -0.490528
4.99642 -0.359464
5.01556 -0.387805
4.99236 -0.210743
4.99683 -0.249588
5.00328 -0.0299148
5.00876 0.0115448
5.04121 0.30748
5.05288 0.388537
5.0931 0.715472
5.10896 0.848388
5.12874 1.1155
5.12824 1.15987
5.10049 1.38998
5.09142 1.43026
5.0146 1.65141
5.00084 1.66458
4.88503 1.86203
4.86831 1.88712
4.74846 2.12985
4.74505 2.12486
4.68022 2.27105
4.56798 2.49093
4.54934 2.54492
4.47387 2.71653
4.36825 2.96345
4.37122 2.95067
4.30271 3.15067
4.3165 3.08142
4.28254 3.21467
4.2765 3.16084
4.3321 3.29576
4.30207 3.27456
4.47129 3.29861
4.47433 3.29494
4.66046 3.19529
4.67785 3.18003
4.80905 3.01768
4.80736 3.01706
4.86746 2.7974
4.8903 2.698
4.95123 2.27799
4.95557 2.18598
4.96838 1.93568
4.94317 1.72871
4.93339 1.68481
4.90638 1.49137
4.91356 1.51627
4.85426 1.33559
4.83892 1.29518
4.74717 1.06018
4.73645 1.02964
4.62626 0.77405
4.61644 0.750222
4.48976 0.531796
4.49585 0.536894
4.31387 0.377128
4.24552 0.388446
4.12917 0.243239
3.86506 0.189727
3.82243 0.183021
3.57022 0.20391
3.48911 0.219463
3.25433 0.281795
3.21342 0.299447
3.00592 0.391754
2.97641 0.417106
2.78056 0.511624
2.77247 0.502862
2.58402 0.568657
2.57116 0.56837
2.38014 0.671084
2.35861 0.679999
2.17978 0.825706
2.15257 0.849491
1.99279 1.03359
1.9667 1.06679
1.83205 1.27032
1.80879 1.30808
1.68031 1.53163
1.657 1.5698
1.5236 1.79994
1.40848 1.98214
1.40637 2.03683
1.32238 2.23212
1.31751 2.24105
1.27431 2.44906
1.27118 2.46572
1.26358 2.68626
1.26378 2.71038
1.28817 2.93524
1.29239 2.96216
1.34769 3.18364
1.35582 3.21002
1.44673 3.41906
1.46179 3.44135
1.61195 3.64852
1.75801 3.81476
1.78367 3.86435
1.96453 4.03599
2.00525 4.06741
2.2181 4.22694
2.25691 4.25577
2.40145 4.3616
2.41523 4.2527
2.50305 4.28762
2.60905 4.15105
2.61615 4.1844
2.65769 4.03446
2.65032 4.07759
2.68443 3.9256
2.68078 3.9437
2.7246 3.74571
2.72912 3.72569
2.78943 3.48751
2.81464 3.43703
2.87683 3.22011
2.97728 2.96087
3.00027 2.91825
3.11289 2.72355
3.12182 2.71083
3.30484 2.51171
3.27608 2.53524
3.4753 2.42343
3.51365 2.41056
3.72212 2.33206
3.84739 2.35681
3.85096 2.32833
4.09441 2.36321
4.07689 2.35943
4.34042 2.43057
4.33532 2.42898
4.5228 2.49639
4.58469 2.52144
4.7851 2.61195
4.81071 2.62431
4.98383 2.73589
4.99374 2.7382
5.13429 2.92182
5.12776 2.96827
5.23272 3.12491
5.29307 3.34607
5.29778 3.37245
5.30147 3.63907
5.25307 3.8527
5.26945 3.89481
5.18557 4.12059
5.16192 4.16433
5.02184 4.36257
4.86379 4.48599
4.84117 4.53654
4.63445 4.65966
4.59789 4.67104
4.35842 4.71791
4.14895 4.71451
4.1081 4.74342
3.87556 4.72232
3.84832 4.71437
3.63653 4.6276
3.61161 4.61101
3.43019 4.46389
3.40934 4.43748
3.27865 4.24003
3.2918 4.1938
3.20908 4.02898
3.14985 3.7821
3.14541 3.76082
3.1463 3.55472
3.14194 3.59971
3.19459 3.38719
3.20417 3.3556
3.30098 3.05618
3.34812 2.915
3.42653 2.64889
3.43777 2.60409
3.49568 2.30729
3.50572 2.2473
3.54437 2.00566
3.55215 1.98567
3.57048 1.83345
3.60663 1.64527
3.60691 1.64671
3.63127 1.42457
3.63183 1.4352
3.62699 1.21257
3.63155 1.25322
3.57851 0.979908
3.59241 1.00921
3.5175 0.852649
3.52438 0.8591
3.39055 0.737661
3.33911 0.7055
3.0847 0.557881
2.94387 0.475487
2.72619 0.340957
2.73041 0.351503
2.60164 0.263202
2.63813 0.279712
2.50741 0.19115
2.53533 0.207453
2.41756 0.0942009
2.43276 0.103164
2.42422 -0.0556847
2.5491 -0.048595
2.57647 -0.0716918
2.72031 0.0580436
2.70509 0.0424383
2.73417 0.192036
2.73714 0.164445
2.72675 0.227403
2.70867 0.383634
2.70287 0.375906
2.67709 0.571698
2.66032 0.621429
2.62304 0.788323
2.56074 1.0231
2.56624 1.01376
2.49636 1.1732
2.49396 1.17411
2.40484 1.33234
2.4083 1.31925
2.32476 1.48771
2.3272 1.47331
2.285 1.65975
2.28841 1.65724
2.29973 1.86624
2.35905 2.01729
2.34788 2.04628
2.41723 2.23911
2.42056 2.24211
2.51864 2.4281
2.53803 2.46508
2.62631 2.65112
2.62586 2.64827
2.72074 2.81068
2.72248 2.81273
2.83613 2.96482
2.82826 2.95516
2.97313 3.06489
3.00036 3.03997
3.12124 3.14474
3.30236 3.22833
3.34348 3.24831
3.5166 3.32178
3.74525 3.37464
3.86826 3.40884
4.27607 3.4971
4.41177 3.52165
4.7337 3.57819
4.78934 3.5831
5.06758 3.61364
5.10801 3.6173
5.32929 3.63746
5.34038 3.64203
5.55004 3.62848
5.56441 3.63024
5.77447 3.56952
5.79812 3.56238
5.99715 3.45118
6.02437 3.43339
6.19897 3.27632
6.22681 3.24665
6.37182 3.05426
6.39624 3.01622
6.50513 2.80575
6.52217 2.76518
6.59818 2.53237
6.60905 2.48882
6.64785 2.24982
6.65098 2.20844
6.64768 1.97107
6.64341 1.93613
6.59721 1.71032
6.58837 1.6852
6.50685 1.4796
6.49693 1.46331
6.39366 1.27191
6.38354 1.258
6.27726 1.07069
6.26867 1.05775
6.17432 0.870394
6.17053 0.863563
6.091 0.680919
6.09223 0.682416
6.01909 0.506856
6.02415 0.514387
5.94739 0.346005
5.95526 0.3563
5.86586 0.198989
5.86256 0.18876
5.79423 0.0483048
5.66327 -0.116339
5.68033 -0.0961798
5.58437 -0.230357
5.60599 -0.212952
5.49531 -0.339077
5.51433 -0.328303
5.36292 -0.426584
5.34135 -0.40134
5.20179 -0.490201
5.05032 -0.413153
5.0518 -0.443472
4.99729 -0.288856
5.00606 -0.310429
5.00217 -0.149108
5.00469 -0.130527
5.02308 0.111143
5.03478 0.207064
5.06923 0.487821
5.08604 0.615098
5.12525 0.947683
5.12938 1.01488
5.12726 1.26049
5.12345 1.29202
5.06926 1.52841
5.05729 1.56029
4.96083 1.7569
4.93965 1.77752
4.82696 1.97885
4.79545 2.04088
4.71434 2.22068
4.63707 2.36195
4.61783 2.40352
4.5167 2.6401
4.44063 2.8115
4.41012 2.87195
4.34235 3.04706
4.33755 3.05627
4.29685 3.1801
4.30013 3.12203
4.30104 3.25843
4.28087 3.22057
4.39397 3.31553
4.3712 3.30895
4.56983 3.26326
4.57995 3.25566
4.75245 3.1125
4.75773 3.10423
4.84528 2.92386
4.85233 2.89688
4.90771 2.5989
4.94037 2.37802
4.97312 2.0869
4.96175 2.03609
4.96454 1.82704
4.92679 1.5844
4.93001 1.58917
4.89209 1.41797
4.89613 1.42709
4.80773 1.19952
4.78951 1.15146
4.70097 0.935482
4.67092 0.86422
4.57156 0.660168
4.54683 0.614674
4.42666 0.463841
4.39335 0.438833
4.20038 0.298514
4.02903 0.253093
3.96528 0.198713
3.72189 0.178969
3.66869 0.183237
3.38916 0.230996
3.34768 0.244237
3.11638 0.326068
3.09294 0.341225
2.88028 0.446865
2.86918 0.463958
2.67638 0.532713
2.67251 0.520763
2.4775 0.605128
2.45845 0.607906
2.27209 0.731372
2.24532 0.749353
2.07614 0.914937
2.04574 0.948031
1.89922 1.14143
1.87367 1.17871
1.74765 1.388
1.71815 1.4384
1.59691 1.65051
1.53304 1.69976
1.44732 1.88932
1.35048 2.12051
1.34415 2.13388
1.28002 2.33442
1.27552 2.34845
1.25078 2.56425
1.24914 2.58668
1.2582 2.81085
1.2606 2.83847
1.30069 3.06243
1.30743 3.09142
1.38023 3.30764
1.39189 3.33469
1.5095 3.52994
1.53604 3.58247
1.6788 3.75271
1.84635 3.94307
1.88227 3.97803
2.07697 4.13798
2.12989 4.17852
2.31377 4.33879
2.31831 4.30492
2.41843 4.35327
2.53701 4.1929
2.55294 4.23457
2.63119 4.09174
2.62521 4.1297
2.66112 3.97754
2.65285 4.02114
2.69416 3.84397
2.69474 3.8418
2.74687 3.62664
2.75851 3.58327
2.8318 3.33788
2.91607 3.12745
2.93862 3.05377
3.04642 2.82883
3.05776 2.80772
3.18737 2.63449
3.23364 2.58281
3.36139 2.48189
3.3872 2.47204
3.60795 2.37544
3.6376 2.38666
3.75358 2.33163
3.95055 2.34276
3.995 2.34765
4.17432 2.38457
4.24358 2.40324
4.43072 2.46098
4.42931 2.4592
4.67754 2.56021
4.69514 2.56687
4.89817 2.67406
4.90538 2.67288
5.0623 2.81185
5.08005 2.83708
5.19463 3.04346
5.23888 3.22534
5.27805 3.24658
5.30791 3.47256
5.27636 3.54163
5.29342 3.76053
5.24531 3.99249
5.23373 4.03224
5.11565 4.25368
5.0619 4.27026
4.9561 4.44594
4.76274 4.59958
4.72785 4.62223
4.50326 4.70524
4.45697 4.69758
4.24696 4.73728
4.00767 4.74959
3.97302 4.74733
3.75008 4.69258
3.72269 4.67958
3.52483 4.56008
3.49963 4.53672
3.34408 4.36089
3.32731 4.32811
3.2284 4.11567
3.20368 3.9285
3.16849 3.88098
3.14099 3.6603
3.14104 3.65521
3.16431 3.50161
3.16952 3.48464
3.23511 3.25986
3.27105 3.15225
3.37539 2.81815
3.39788 2.74535
3.45655 2.50524
3.47348 2.40544
3.51755 2.14737
3.52533 2.10447
3.55632 1.88514
3.58806 1.73991
3.58435 1.7434
3.61594 1.5465
3.61932 1.52448
3.62929 1.33461
3.62988 1.31315
3.61341 1.15425
3.59975 1.07826
3.55465 0.915943
3.56932 0.938899
3.45755 0.783876
3.47225 0.796397
3.25442 0.651166
3.17465 0.602981
2.8627 0.416011
2.81412 0.389885
2.65393 0.286114
2.6876 0.307573
2.55777 0.219144
2.58686 0.231338
2.46236 0.138169
2.47994 0.153319
2.40158 0.00749283
2.47574 0.0307471
2.46672 -0.106379
2.66317 -0.0206325
2.65823 -0.0211436
2.72235 0.10819
2.71871 0.0926099
2.72196 0.263917
2.70417 0.321585
2.70355 0.283847
2.67753 0.472558
2.67828 0.471787
2.6244 0.714666
2.5801 0.878543
2.57924 0.92491
2.51247 1.09798
2.52096 1.07635
2.43298 1.25326
2.43838 1.23822
2.3513 1.40131
2.35249 1.39171
2.28923 1.56574
2.28954 1.55994
2.27882 1.7567
2.30313 1.76638
2.30317 1.93445
2.36839 2.14407
2.37069 2.15069
2.45424 2.33617
2.46103 2.34646
2.56625 2.56093
2.57073 2.56809
2.65864 2.74266
2.65544 2.73505
2.76521 2.90305
2.76262 2.89714
2.89321 3.03108
2.8874 3.01356
3.06256 3.11817
3.20683 3.17084
3.20714 3.19805
3.42989 3.29849
3.61456 3.34147
3.64549 3.36904
3.96515 3.43326
4.17745 3.48107
4.50815 3.54801
4.63434 3.56765
4.88733 3.60261
4.9677 3.61117
5.20575 3.63809
5.22953 3.64301
5.44004 3.64924
5.45303 3.65241
5.66339 3.61655
5.68478 3.61356
5.89156 3.52697
5.91915 3.51363
6.10761 3.37813
6.13602 3.35392
6.29761 3.17614
6.32402 3.142
6.45458 2.9351
6.473 2.90036
6.56583 2.67531
6.58058 2.63072
6.63862 2.39338
6.64578 2.34972
6.66413 2.10939
6.66339 2.06975
6.63875 1.83632
6.63151 1.80417
6.56756 1.58747
6.55748 1.56573
6.4651 1.3686
6.45397 1.35158
6.34978 1.16396
6.33951 1.14885
6.24029 0.961948
6.23366 0.950784
6.14897 0.765999
6.14775 0.763158
6.07356 0.584256
6.07659 0.588573
6.00325 0.416678
6.00912 0.424579
5.92707 0.260442
5.93565 0.27049
5.84612 0.0902032
5.74437 -0.038287
5.7385 -0.0505817
5.64625 -0.190107
5.66533 -0.171795
5.56281 -0.303058
5.58277 -0.290758
5.44856 -0.403527
5.45829 -0.396763
5.27921 -0.479582
5.20274 -0.390287
5.12572 -0.478716
5.00939 -0.353005
5.02558 -0.384686
5.00508 -0.210515
5.00939 -0.248766
5.01618 -0.0312716
5.02154 0.0112368
5.05225 0.305443
5.06365 0.388058
5.10261 0.713633
5.1184 0.848
5.13825 1.11441
5.13779 1.16113
5.111 1.39115
5.10158 1.43386
5.02566 1.65507
5.01047 1.67019
4.8954 1.8671
4.87886 1.89347
4.76063 2.13453
4.75791 2.1316
4.69171 2.2783
4.58201 2.4968
4.56146 2.55076
4.48693 2.72296
4.38047 2.96737
4.38291 2.95574
4.31547 3.15372
4.32798 3.08712
4.29612 3.22187
4.28884 3.17908
4.3385 3.3022
4.30226 3.27587
4.47109 3.3065
4.4776 3.30169
4.66516 3.20347
4.68455 3.1858
4.8154 3.02263
4.81523 3.01915
4.8767 2.79998
4.90123 2.6986
4.96508 2.28121
4.9695 2.18676
4.97954 1.93776
4.94273 1.73678
4.94792 1.68206
4.91899 1.48986
4.92591 1.51199
4.86592 1.33185
4.85004 1.29003
4.75776 1.05672
4.74611 1.02462
4.63397 0.771384
4.62295 0.745854
4.49438 0.529624
4.4999 0.531805
4.31899 0.372091
4.2685 0.371617
4.12824 0.241262
3.86663 0.182838
3.82167 0.173694
3.56902 0.190166
3.48559 0.204834
3.24989 0.264735
3.20649 0.28289
2.99868 0.374372
2.96845 0.399842
2.77348 0.492707
2.76464 0.485879
2.57688 0.549728
2.56082 0.549981
2.36831 0.651019
2.34397 0.661969
2.16428 0.807801
2.13471 0.833986
1.97411 1.01769
1.94605 1.05316
1.81004 1.25575
1.7853 1.29544
1.65685 1.5173
1.62859 1.55575
1.47908 1.78386
1.38257 1.96542
1.37653 2.02404
1.2976 2.22229
1.2915 2.23517
1.24724 2.44428
1.24381 2.46458
1.2367 2.68582
1.23714 2.71318
1.2621 2.93837
1.26695 2.96838
1.3235 3.19004
1.33307 3.21955
1.42856 3.42764
1.44406 3.45443
1.58605 3.66898
1.70088 3.84668
1.77061 3.8779
1.94956 4.0519
1.99118 4.08676
2.19264 4.25628
2.22854 4.28663
2.34539 4.39381
2.44794 4.25781
2.48074 4.27546
2.59877 4.14579
2.58525 4.18047
2.63916 4.03076
2.63017 4.07255
2.66681 3.9222
2.6631 3.93894
2.71053 3.74314
2.71594 3.72165
2.78051 3.4858
2.80398 3.43385
2.87161 3.21694
2.97484 2.96065
2.99923 2.91691
3.11317 2.72458
3.12302 2.71093
3.30634 2.51426
3.27805 2.53701
3.47718 2.4286
3.5166 2.41592
3.7224 2.34188
3.84833 2.36335
3.85089 2.33547
4.09324 2.36586
4.07685 2.36258
4.33962 2.43082
4.33586 2.42957
4.52226 2.49586
4.58541 2.52153
4.78442 2.61174
4.81114 2.62498
4.98352 2.73516
4.99483 2.73815
5.13692 2.91923
5.12654 2.97033
5.23772 3.12543
5.30095 3.34384
5.30252 3.37279
5.29912 3.63892
5.24074 3.84543
5.279 3.89843
5.19786 4.1255
5.17281 4.17173
5.02742 4.36404
4.86572 4.48854
4.84931 4.54968
4.64063 4.67099
4.60108 4.68491
4.36471 4.73595
4.17831 4.75708
4.10705 4.75992
3.87336 4.74026
3.84209 4.73154
3.63 4.64227
3.60228 4.62321
3.42389 4.47154
3.40173 4.4425
3.27594 4.2424
3.28801 4.19586
3.20901 4.02828
3.15228 3.78238
3.14791 3.75998
3.14958 3.55613
3.14551 3.59974
3.19675 3.3885
3.20554 3.3553
3.30017 3.05667
3.3457 2.91355
3.42096 2.64813
3.43243 2.6022
3.48736 2.30649
3.49727 2.24521
3.53496 2.00501
3.54206 1.98403
3.55971 1.83572
3.59723 1.64431
3.59771 1.64474
3.62293 1.42463
3.62343 1.43436
3.62044 1.21368
3.62472 1.25353
3.57576 0.981265
3.58881 1.00984
3.51718 0.853667
3.52316 0.859234
3.3926 0.736073
3.34051 0.701874
3.09044 0.549212
2.95087 0.463034
2.73932 0.323638
2.74174 0.333797
2.6097 0.245001
2.63967 0.259507
2.50949 0.168106
2.52645 0.179237
2.42297 0.0712344
2.45124 0.0941954
2.43566 -0.0607813
2.54979 -0.0508502
2.58114 -0.0776854
2.69632 0.013013
2.68994 0.0136728
2.7156 0.19248
2.7205 0.164009
2.69863 0.222526
2.67651 0.379306
2.67597 0.373355
2.64692 0.565916
2.62976 0.615597
2.59137 0.77997
2.52982 1.01094
2.53551 1.00148
2.46671 1.15942
2.46483 1.15929
2.37964 1.31818
2.382 1.30697
2.30375 1.47813
2.30481 1.46775
2.26779 1.65674
2.26955 1.65792
2.27984 1.86282
2.34293 2.02535
2.32759 2.05364
2.39737 2.24625
2.40158 2.25209
2.49481 2.43975
2.51347 2.47691
2.5992 2.66313
2.59987 2.66273
2.69466 2.82618
2.69778 2.83027
2.8156 2.98102
2.81177 2.97442
2.96212 3.07883
2.97482 3.07186
3.10839 3.15854
3.29466 3.24477
3.34376 3.24924
3.51547 3.33647
3.74171 3.39323
3.86615 3.42675
4.27215 3.51065
4.40967 3.53591
4.72987 3.59445
4.78814 3.60022
5.06443 3.63323
5.10653 3.63753
5.3276 3.65801
5.34168 3.66222
5.55219 3.64921
5.57005 3.65018
5.78087 3.58884
5.80777 3.58011
6.00728 3.46807
6.03729 3.44812
6.21242 3.29062
6.24243 3.2586
6.3879 3.06609
6.41391 3.0256
6.52308 2.81471
6.54121 2.77142
6.61705 2.53845
6.62851 2.49208
6.66712 2.25282
6.67047 2.2084
6.66773 1.97063
6.66332 1.93245
6.61901 1.70574
6.60963 1.67732
6.53132 1.47003
6.52059 1.45085
6.42152 1.25782
6.4109 1.24211
6.30909 1.05441
6.30049 1.04081
6.20985 0.854469
6.20601 0.847179
6.12877 0.665775
6.1296 0.66613
6.05771 0.49117
6.06191 0.496698
5.98528 0.328271
5.99157 0.335826
5.90812 0.175172
5.89335 0.150066
5.82642 0.0175042
5.70801 -0.144996
5.72321 -0.12748
5.62738 -0.263465
5.64635 -0.249527
5.52701 -0.372822
5.54063 -0.366554
5.38086 -0.458796
5.3655 -0.43062
5.21357 -0.488909
5.08683 -0.387443
5.06423 -0.435683
5.01017 -0.286675
5.01771 -0.308923
5.01502 -0.149712
5.01759 -0.130476
5.03521 0.109504
5.0465 0.206395
5.07952 0.485996
5.09607 0.614635
5.13467 0.945871
5.13885 1.0152
5.13728 1.26034
5.13329 1.29448
5.08016 1.53074
5.0675 1.56511
4.97158 1.76147
4.94915 1.78371
4.83835 1.98404
4.80683 2.04673
4.72673 2.22578
4.65089 2.36872
4.63147 2.4108
4.53042 2.645
4.45267 2.81607
4.42236 2.87743
4.35465 3.05085
4.34954 3.06054
4.30966 3.18463
4.31372 3.12796
4.31101 3.27579
4.29538 3.24795
4.39098 3.32029
4.37204 3.31237
4.57203 3.27125
4.58515 3.26214
4.7578 3.11889
4.765 3.1081
4.85316 2.92748
4.86131 2.89799
4.91899 2.60099
4.95359 2.37976
4.9859 2.0889
4.96632 2.03609
4.97114 1.83184
4.93858 1.58329
4.94349 1.586
4.90439 1.41513
4.90765 1.42186
4.81892 1.19583
4.79996 1.14652
4.71027 0.932105
4.67893 0.85983
4.57777 0.657521
4.55159 0.610685
4.43178 0.459668
4.39905 0.43069
4.20787 0.293079
4.02911 0.245136
3.96526 0.193624
3.72261 0.168166
3.66647 0.171571
3.38693 0.215309
3.34235 0.228743
3.11073 0.308858
3.08463 0.324823
2.87337 0.42819
2.86073 0.445468
2.66924 0.513136
2.66468 0.503531
2.46824 0.585647
2.44623 0.589605
2.25857 0.712482
2.22916 0.732737
2.05915 0.898278
2.02671 0.933567
1.87908 1.12636
1.85179 1.16575
1.72473 1.37402
1.69425 1.42541
1.56579 1.63256
1.52156 1.6942
1.41164 1.87056
1.32359 2.10795
1.31661 2.12491
1.25453 2.32724
1.2492 2.34508
1.22412 2.56182
1.22247 2.58764
1.23202 2.81226
1.23487 2.84297
1.2758 3.0672
1.28352 3.09923
1.35928 3.31524
1.37304 3.34541
1.48765 3.54356
1.50374 3.61359
1.63478 3.77269
1.8282 3.95869
1.86921 3.9937
2.0577 4.16037
2.10829 4.20404
2.26918 4.37714
2.32487 4.29675
2.39222 4.3399
2.55247 4.20693
2.53814 4.22432
2.61523 4.0859
2.60189 4.1227
2.64262 3.97412
2.63406 4.01586
2.67831 3.8409
2.6794 3.83735
2.73547 3.62438
2.74829 3.57964
2.82386 3.33665
2.91055 3.12568
2.93504 3.05153
3.0453 2.82904
3.05788 2.80696
3.18813 2.63607
3.23558 2.58381
3.3628 2.48543
3.38975 2.4755
3.61005 2.38262
3.63817 2.39431
3.75498 2.34112
3.94932 2.34797
3.99497 2.35222
4.17316 2.38642
4.24389 2.40476
4.43006 2.46073
4.42975 2.46001
4.67696 2.55978
4.69573 2.56727
4.89748 2.67386
4.90606 2.67316
5.06327 2.80997
5.08209 2.83654
5.19445 3.04266
5.24032 3.22461
5.28455 3.24599
5.31016 3.47171
5.2784 3.5419
5.29012 3.75938
5.25406 3.99446
5.24412 4.03773
5.12472 4.25851
5.06518 4.28697
4.95754 4.45095
4.7704 4.60982
4.73307 4.63495
4.50849 4.72054
4.46392 4.73717
4.27636 4.77226
4.00817 4.76799
3.96968 4.76405
3.74553 4.70875
3.71462 4.69406
3.51808 4.57073
3.49091 4.5447
3.33941 4.3653
3.32204 4.33026
3.22817 4.11672
3.20382 3.9292
3.16982 3.88003
3.14385 3.66084
3.14405 3.65519
3.16707 3.5029
3.17248 3.4847
3.23557 3.26074
3.27078 3.15143
3.37158 2.81777
3.39364 2.74351
3.45 2.50455
3.46621 2.40342
3.50851 2.14663
3.51637 2.10247
3.54558 1.88488
3.57833 1.73827
3.57492 1.74098
3.60697 1.54596
3.61055 1.52307
3.62162 1.33516
3.62236 1.31288
3.60808 1.15572
3.59528 1.07854
3.55292 0.917344
3.56672 0.939627
3.45858 0.783917
3.47191 0.795683
3.25818 0.64651
3.17818 0.595524
2.87277 0.401846
2.8261 0.37172
2.67002 0.265239
2.69794 0.288044
2.56156 0.198334
2.58822 0.211447
2.45657 0.108812
2.4636 0.117258
2.41633 0.00132823
2.47895 0.0209002
2.47385 -0.114693
2.65031 -0.0704293
2.6378 -0.0671062
2.70545 0.111667
2.70371 0.0939805
2.69823 0.252274
2.67041 0.312588
2.67122 0.280937
2.64602 0.467201
2.64661 0.467406
2.59206 0.706608
2.54878 0.868799
2.54786 0.914098
2.48227 1.08436
2.49029 1.06377
2.40605 1.23835
2.41047 1.22462
2.32826 1.38952
2.32828 1.38272
2.27033 1.56003
2.26988 1.55825
2.25944 1.75591
2.2943 1.7781
2.29035 1.94204
2.34838 2.14993
2.35137 2.15914
2.43246 2.34564
2.43979 2.35803
2.54006 2.57177
2.54516 2.58077
2.63206 2.75583
2.63058 2.75137
2.74219 2.9182
2.74204 2.91551
2.87934 3.04611
2.87467 3.03349
3.046 3.13996
3.19358 3.208
3.20157 3.21256
3.42545 3.3043
3.61342 3.34696
3.64353 3.38519
3.96189 3.44994
4.17474 3.49593
4.50447 3.5627
4.63198 3.5834
4.88455 3.62046
4.96597 3.62991
5.20286 3.65814
5.2292 3.66256
5.43996 3.66901
5.45643 3.67233
5.6676 3.63643
5.69243 3.63223
5.89977 3.54488
5.93039 3.52964
6.11929 3.39351
6.1502 3.36699
6.31222 3.18907
6.34054 3.15247
6.47132 2.94555
6.49121 2.90793
6.58409 2.68273
6.59966 2.63542
6.65746 2.39792
6.66503 2.35131
6.68349 2.11075
6.68281 2.06797
6.65939 1.83401
6.65184 1.79862
6.59048 1.58069
6.57976 1.55581
6.49112 1.35685
6.4794 1.33754
6.37958 1.14871
6.36916 1.13249
6.27409 0.945904
6.26752 0.934339
6.18572 0.75078
6.18428 0.74716
6.11167 0.569265
6.11408 0.571963
6.04118 0.400392
6.04587 0.405944
5.96673 0.240499
5.97426 0.248177
5.87953 0.0525281
5.78848 -0.0734088
5.78068 -0.0784849
5.68975 -0.220136
5.70678 -0.205157
5.59929 -0.336071
5.61464 -0.327831
5.47137 -0.436607
5.47591 -0.432948
5.29232 -0.496571
5.25134 -0.397929
5.14907 -0.463798
5.02512 -0.345266
5.03808 -0.38115
5.0167 -0.210417
5.0218 -0.247989
5.02874 -0.0325989
5.0341 0.0109998
5.06338 0.30345
5.07459 0.387608
5.11237 0.711787
5.12807 0.847581
5.14789 1.11329
5.14747 1.16236
5.12148 1.39228
5.1117 1.43741
5.03661 1.65865
5.0204 1.6759
4.90615 1.87234
4.88909 1.8996
4.77285 2.13919
4.7689 2.14239
4.70366 2.28554
4.59578 2.50262
4.57429 2.55679
4.4992 2.72924
4.39288 2.97143
4.39485 2.96091
4.32803 3.15667
4.33934 3.09268
4.30848 3.22634
4.30004 3.17789
4.34763 3.33147
4.33402 3.31406
4.47056 3.31248
4.48016 3.30682
4.66912 3.21063
4.69079 3.19109
4.82191 3.02769
4.82325 3.02134
4.88612 2.80266
4.91277 2.69931
4.97676 2.28401
4.98223 2.18735
4.98605 1.93958
4.95569 1.73455
4.95682 1.68009
4.93172 1.4882
4.93844 1.50757
4.8776 1.32804
4.86102 1.28489
4.76806 1.05331
4.75548 1.01963
4.64162 0.768656
4.62937 0.741439
4.49999 0.526771
4.50393 0.526748
4.32547 0.365197
4.26976 0.369723
4.1274 0.238648
3.8685 0.175132
3.82108 0.165376
3.56812 0.177066
3.48235 0.190851
3.24581 0.248349
3.19988 0.266942
2.99146 0.356807
2.96046 0.382154
2.76625 0.473342
2.75701 0.468396
2.57051 0.532438
2.55105 0.532305
2.35714 0.631642
2.32993 0.64456
2.14915 0.790205
2.11722 0.8187
1.95579 1.00194
1.9258 1.03964
1.78867 1.24138
1.76241 1.283
1.63115 1.50105
1.60358 1.54159
1.45527 1.76707
1.37835 1.96327
1.34554 2.01192
1.27187 2.21268
1.26501 2.22929
1.22149 2.43961
1.21765 2.46352
1.21058 2.68543
1.21125 2.71596
1.23684 2.94146
1.24239 2.97453
1.30078 3.19622
1.31198 3.22883
1.40784 3.43757
1.4227 3.46949
1.55183 3.69956
1.69647 3.8495
1.74949 3.89944
1.93273 4.06899
1.97486 4.10707
2.1608 4.28739
2.19942 4.30758
2.29282 4.3899
2.46543 4.27399
2.4821 4.27586
2.5866 4.14489
2.56873 4.17274
2.61913 4.02571
2.6091 4.06675
2.64936 3.91854
2.64608 3.93399
2.69703 3.74042
2.70334 3.7175
2.77114 3.48381
2.79573 3.43106
2.86576 3.21342
2.97207 2.96024
2.99761 2.91524
3.11315 2.72542
3.12395 2.7108
3.30789 2.51691
3.28005 2.53887
3.47901 2.43381
3.51948 2.42137
3.72269 2.35165
3.84915 2.37003
3.85094 2.34286
4.09206 2.36887
4.07678 2.36604
4.33878 2.43123
4.33635 2.43035
4.52152 2.49581
4.58599 2.52197
4.78373 2.61155
4.81161 2.62557
4.98339 2.73418
4.99611 2.7379
5.13768 2.91787
5.13207 2.97197
5.23859 3.12611
5.30537 3.34227
5.30695 3.37325
5.29935 3.63815
5.25807 3.85253
5.28164 3.89988
5.20815 4.12944
5.18083 4.17754
5.03127 4.37946
4.8778 4.50881
4.85408 4.55783
4.64742 4.68362
4.60491 4.70036
4.37433 4.77815
4.17789 4.77504
4.10575 4.78148
3.87144 4.75669
3.83631 4.74701
3.62401 4.65541
3.59356 4.63404
3.41795 4.47852
3.39462 4.44689
3.27346 4.24456
3.28438 4.19762
3.20888 4.02758
3.15444 3.78273
3.15014 3.75915
3.15217 3.56004
3.14867 3.59968
3.19841 3.38967
3.20649 3.35486
3.29873 3.05697
3.34313 2.91209
3.41552 2.64746
3.42735 2.60042
3.47926 2.30578
3.48905 2.2432
3.5251 2.00435
3.5332 1.98261
3.54996 1.83261
3.58785 1.64333
3.58848 1.64272
3.61457 1.42464
3.61503 1.43345
3.61405 1.21472
3.61746 1.25301
3.57271 0.982651
3.58509 1.01045
3.51667 0.854777
3.52181 0.859456
3.3946 0.734632
3.34196 0.69833
3.0965 0.540449
2.9586 0.450195
2.75444 0.304127
2.75578 0.313713
2.62256 0.224619
2.65069 0.240293
2.51263 0.148274
2.53494 0.166478
2.40856 0.0355564
2.4154 0.0297857
2.4458 -0.071864
2.56115 -0.0690678
2.56541 -0.120386
2.68115 0.0213548
2.67684 0.0174039
2.69089 0.176475
2.69633 0.153781
2.66686 0.214846
2.6438 0.374822
2.64508 0.369399
2.61548 0.560127
2.59775 0.608966
2.55901 0.771528
2.4986 0.998596
2.50436 0.989084
2.43727 1.14597
2.43573 1.14515
2.35454 1.30486
2.35583 1.29568
2.28317 1.46951
2.28306 1.46306
2.24898 1.6538
2.25105 1.65846
2.26716 1.87207
2.32482 2.03358
2.31036 2.05982
2.37646 2.25368
2.38158 2.2621
2.47122 2.45065
2.4892 2.48822
2.57269 2.67462
2.57452 2.67674
2.67025 2.84077
2.67508 2.84705
2.79809 2.99566
2.79787 2.99198
2.94767 3.09857
2.96053 3.10177
3.09914 3.18255
3.28906 3.25628
3.33782 3.26086
3.51571 3.3425
3.73839 3.40901
3.86437 3.44246
4.26795 3.52558
4.40737 3.55094
4.72591 3.61068
4.7868 3.61729
5.06118 3.65231
5.10506 3.65723
5.3258 3.67788
5.34297 3.68168
5.55418 3.6691
5.57549 3.66934
5.78707 3.60755
5.81718 3.59727
6.01716 3.4845
6.0499 3.46244
6.22549 3.30456
6.25763 3.27022
6.40349 3.07761
6.43105 3.03468
6.54048 2.82344
6.55971 2.77745
6.63542 2.54438
6.64749 2.49522
6.68597 2.25577
6.68956 2.20837
6.68743 1.97028
6.68293 1.92895
6.64053 1.70147
6.63071 1.66984
6.55563 1.46103
6.54422 1.43898
6.44938 1.24445
6.43834 1.2269
6.34096 1.03884
6.33234 1.02447
6.24528 0.839094
6.24134 0.831229
6.1662 0.651038
6.16661 0.650184
6.09551 0.475934
6.09878 0.479441
6.02366 0.310692
6.02894 0.31597
5.94564 0.154652
5.9369 0.131746
5.86856 -0.017257
5.75152 -0.171845
5.76476 -0.157371
5.66675 -0.294398
5.68231 -0.284367
5.55509 -0.405416
5.56322 -0.402977
5.39449 -0.487133
5.38394 -0.462316
5.23289 -0.49398
5.11392 -0.372527
5.08301 -0.424107
5.02264 -0.284568
5.02992 -0.307327
5.02752 -0.150349
5.03022 -0.130395
5.04724 0.10792
5.05821 0.205779
5.09 0.484195
5.1063 0.614168
5.14428 0.944035
5.1485 1.01549
5.14734 1.26017
5.14317 1.2969
5.09098 1.533
5.07763 1.56986
4.98254 1.76609
4.95888 1.78997
4.84952 1.98904
4.81813 2.0525
4.73827 2.23528
4.6645 2.37516
4.64434 2.41771
4.54386 2.64975
4.46526 2.82097
4.43445 2.88289
4.36698 3.05466
4.36192 3.06492
4.32182 3.1889
4.3248 3.13868
4.319 3.27384
4.30664 3.24267
4.42357 3.35339
4.38269 3.35286
4.57346 3.27747
4.58949 3.26742
4.76293 3.12505
4.7721 3.11186
4.8612 2.93119
4.8706 2.89923
4.93013 2.60305
4.96539 2.38115
4.99577 2.09048
4.98568 2.03739
4.97932 1.82946
4.94953 1.58256
4.95406 1.58342
4.91677 1.4122
4.91926 1.41654
4.82993 1.19215
4.81017 1.14159
4.71938 0.92873
4.68677 0.855418
4.58435 0.65461
4.55688 0.606328
4.43759 0.454875
4.4034 0.424295
4.20969 0.292534
4.02962 0.240824
3.96548 0.187809
3.72354 0.158183
3.66454 0.160653
3.38501 0.200307
3.33734 0.21388
3.10531 0.291888
3.07652 0.308527
2.86653 0.40943
2.85221 0.426687
2.66278 0.494619
2.65721 0.487175
2.45963 0.567067
2.43464 0.571968
2.24559 0.694096
2.21349 0.71654
2.04252 0.881837
2.00805 0.919263
1.85942 1.11147
1.83044 1.15294
1.70135 1.35942
1.66957 1.41111
1.54138 1.61706
1.51312 1.68821
1.39462 1.86683
1.2972 2.09695
1.28803 2.11622
1.22914 2.32028
1.22327 2.34182
1.19845 2.55942
1.19674 2.5886
1.2066 2.81366
1.2099 2.84744
1.25201 3.07186
1.26088 3.10692
1.33805 3.3231
1.35316 3.35647
1.45987 3.55996
1.51118 3.6106
1.61573 3.7943
1.81053 3.97586
1.85214 4.01357
2.03482 4.18434
2.08148 4.23017
2.22062 4.40306
2.3526 4.31249
2.3898 4.33601
2.54947 4.20495
2.53061 4.22508
2.59457 4.08216
2.58252 4.11641
2.6229 3.96992
2.61494 4.01009
2.66303 3.83766
2.66469 3.83273
2.72415 3.62194
2.73813 3.57588
2.81644 3.33547
2.90819 3.12593
2.93132 3.04916
3.04391 2.82908
3.05765 2.80595
3.18877 2.63755
3.23749 2.58481
3.36421 2.48903
3.39227 2.47902
3.61207 2.38983
3.63876 2.40188
3.75642 2.35056
3.94817 2.3535
3.99497 2.35707
4.17196 2.38856
4.24415 2.40648
4.42928 2.46084
4.43025 2.46067
4.67627 2.55961
4.69624 2.56782
4.89688 2.67348
4.90683 2.67332
5.06374 2.80856
5.08372 2.8363
5.19824 3.044
5.24939 3.22332
5.28741 3.24613
5.31309 3.47086
5.29909 3.54035
5.29438 3.76171
5.26173 3.99564
5.25036 4.04121
5.13329 4.26302
5.08509 4.29779
4.96577 4.46605
4.77827 4.61963
4.73772 4.64605
4.51796 4.74514
4.45986 4.73071
4.27229 4.80062
4.00807 4.7865
3.96595 4.78189
3.7414 4.72338
3.70711 4.70699
3.51178 4.58038
3.48276 4.55176
3.33506 4.3693
3.31717 4.33206
3.2279 4.11777
3.2038 3.9299
3.17101 3.87913
3.14609 3.66143
3.14651 3.65768
3.16942 3.5041
3.17509 3.48465
3.23563 3.26149
3.27007 3.15048
3.36763 2.8174
3.38942 2.74172
3.44371 2.504
3.4592 2.40151
3.49946 2.14595
3.50732 2.10053
3.53601 1.88484
3.5701 1.73689
3.5653 1.7385
3.59799 1.54537
3.60177 1.5216
3.61401 1.33565
3.6149 1.31252
3.60231 1.15639
3.59053 1.07882
3.551 0.918781
3.56397 0.940387
3.45947 0.784088
3.47149 0.795084
3.26206 0.641923
3.18198 0.587977
2.8848 0.386002
2.83908 0.353136
2.6875 0.243684
2.71173 0.264818
2.57455 0.178898
2.59992 0.192403
2.46614 0.0969621
2.4756 0.10677
2.3857 -0.0634033
2.45945 -0.0779854
2.48555 -0.131113
2.6394 -0.0564218
2.63089 -0.0625522
2.68074 0.0971033
2.6831 0.0789787
2.66421 0.243657
2.63109 0.305124
2.63763 0.277915
2.6128 0.460981
2.61514 0.463024
2.55949 0.698214
2.51636 0.858762
2.516 0.903065
2.45201 1.07087
2.45945 1.05143
2.37923 1.22412
2.38265 1.21191
2.30543 1.37868
2.30445 1.37476
2.2509 1.55468
2.24989 1.5567
2.2449 1.75537
2.26749 1.77497
2.27481 1.95034
2.32903 2.15511
2.33271 2.16699
2.41032 2.35486
2.41822 2.36929
2.51435 2.58201
2.52011 2.59299
2.6067 2.76836
2.60701 2.76708
2.72168 2.93224
2.7242 2.93265
2.8638 3.06328
2.86089 3.055
3.0334 3.16595
3.18012 3.22119
3.19526 3.23115
3.42059 3.31163
3.60899 3.36949
3.64232 3.39489
3.95875 3.46529
4.17193 3.51109
4.50061 3.57808
4.62946 3.5994
4.88165 3.6381
4.96416 3.6483
5.20001 3.67757
5.22877 3.68154
5.43986 3.68809
5.45971 3.69153
5.67162 3.65562
5.69985 3.65024
5.90776 3.56228
5.94135 3.54518
6.13065 3.40851
6.16401 3.37972
6.32641 3.20168
6.35659 3.16264
6.48755 2.95571
6.5089 2.91526
6.60184 2.68996
6.61823 2.63995
6.67586 2.40235
6.68384 2.35285
6.70249 2.11213
6.70189 2.0663
6.67972 1.8319
6.67195 1.79335
6.61319 1.57433
6.60193 1.54638
6.51706 1.34576
6.50486 1.32414
6.40941 1.13421
6.39886 1.11679
6.30784 0.930508
6.30129 0.918413
6.22223 0.736026
6.22052 0.731525
6.14917 0.554659
6.15089 0.555697
6.07894 0.384387
6.08266 0.387813
6.00435 0.22203
6.01049 0.226928
5.92057 0.0360253
5.83639 -0.0847552
5.82529 -0.108698
5.73058 -0.24826
5.74504 -0.236953
5.6319 -0.367362
5.64245 -0.363021
5.49026 -0.467062
5.48933 -0.466302
5.30513 -0.519055
5.2638 -0.401929
5.16928 -0.4523
5.04355 -0.342949
5.05376 -0.376552
5.02863 -0.210232
5.03432 -0.247214
5.0411 -0.0339027
5.04648 0.0108194
5.07457 0.301495
5.08563 0.387189
5.12233 0.709939
5.13793 0.847139
5.15765 1.11216
5.15725 1.16357
5.13194 1.39336
5.12176 1.4409
5.04755 1.66219
5.03029 1.68153
4.91702 1.87758
4.89943 1.90574
4.78536 2.14391
4.78057 2.14787
4.71651 2.29316
4.60901 2.50816
4.58695 2.56273
4.5114 2.73552
4.40535 2.97553
4.40685 2.96613
4.34036 3.1596
4.35293 3.09896
4.31816 3.23555
4.31558 3.19812
4.3616 3.32272
4.33914 3.30543
4.47833 3.3361
4.49042 3.3278
4.67237 3.21683
4.69643 3.19581
4.82838 3.03273
4.83127 3.02357
4.89567 2.80542
4.92372 2.69994
4.98664 2.2864
4.9931 2.18755
4.9988 1.94117
4.9777 1.73237
4.96652 1.67816
4.94322 1.48693
4.94931 1.50369
4.88928 1.32417
4.87191 1.27971
4.77814 1.04992
4.76461 1.01466
4.64935 0.765813
4.63591 0.736893
4.50623 0.523483
4.50837 0.52135
4.32926 0.36159
4.27514 0.364267
4.12664 0.236831
3.87038 0.168196
3.82064 0.15721
3.56752 0.164725
3.47941 0.177553
3.24203 0.232447
3.19355 0.251364
2.98441 0.339279
2.95261 0.364482
2.75911 0.454286
2.75021 0.452361
2.56461 0.51638
2.54181 0.515337
2.34656 0.61286
2.31644 0.627688
2.13445 0.772949
2.10014 0.803677
1.93787 0.986378
1.90598 1.02626
1.76745 1.22684
1.73946 1.2701
1.60719 1.48553
1.5806 1.52823
1.44503 1.75744
1.35795 1.95674
1.32287 2.00329
1.24547 2.2035
1.23805 2.22358
1.1963 2.43511
1.19217 2.46252
1.18529 2.68503
1.18616 2.71873
1.21245 2.94451
1.21878 2.98062
1.27858 3.2024
1.2911 3.2381
1.38385 3.4486
1.40253 3.48159
1.53894 3.70365
1.6974 3.84681
1.73196 3.91881
1.91258 4.08957
1.95444 4.12985
2.12565 4.31664
2.18738 4.31183
2.28126 4.37836
2.46929 4.28023
2.48016 4.27297
2.56716 4.14337
2.55334 4.17008
2.59708 4.02181
2.58918 4.06098
2.63209 3.91451
2.62927 3.92871
2.68385 3.73754
2.69103 3.71322
2.76199 3.48176
2.79065 3.42908
2.86092 3.21076
2.9697 2.95996
2.99579 2.91342
3.11287 2.72607
3.12468 2.71051
3.30943 2.51959
3.28203 2.54077
3.48074 2.43898
3.5223 2.42686
3.72298 2.36131
3.84993 2.37673
3.85111 2.3504
4.09089 2.37218
4.07668 2.36979
4.33785 2.43196
4.33676 2.43138
4.52078 2.49579
4.58653 2.52251
4.78302 2.6114
4.81216 2.62604
4.9832 2.73329
4.99723 2.73781
5.13869 2.91634
5.13911 2.96698
5.24411 3.12636
5.30833 3.34095
5.31268 3.37376
5.31014 3.63682
5.28392 3.852
5.28754 3.90203
5.21573 4.13193
5.1888 4.18335
5.04513 4.38629
4.88397 4.51838
4.86182 4.57016
4.65618 4.69877
4.61106 4.71755
4.37963 4.78541
4.17885 4.77419
4.10366 4.8036
3.86924 4.77307
3.8305 4.76199
3.61848 4.66732
3.58543 4.64367
3.4124 4.48485
3.38801 4.4507
3.27114 4.24656
3.28094 4.19911
3.20867 4.02689
3.1562 3.78316
3.15193 3.75836
3.15475 3.56108
3.15167 3.59956
3.19973 3.39073
3.20735 3.35439
3.29693 3.05717
3.34032 2.91058
3.4102 2.64686
3.42255 2.59877
3.47128 2.30516
3.48091 2.24127
3.5157 2.00379
3.52478 1.9813
3.54138 1.82965
3.57844 1.64229
3.57913 1.64063
3.60623 1.4246
3.60666 1.43247
3.60745 1.2157
3.61007 1.25015
3.56942 0.984041
3.58112 1.0111
3.51599 0.855967
3.52032 0.85976
3.39655 0.733326
3.34347 0.694844
3.10324 0.531155
2.96799 0.436087
2.77116 0.283744
2.77423 0.287365
2.64073 0.198568
2.66337 0.21417
2.5242 0.131606
2.54423 0.140291
2.42318 0.0250336
2.43584 0.0197548
2.39549 -0.151055
2.58194 -0.119433
2.56648 -0.120545
2.66606 0.0225036
2.65755 0.00280871
2.65683 0.172463
2.66054 0.146623
2.62769 0.208784
2.60608 0.369008
2.61302 0.364581
2.58398 0.55425
2.56543 0.601997
2.52611 0.762856
2.46711 0.986146
2.47291 0.976759
2.40788 1.13288
2.40656 1.13168
2.32961 1.29241
2.32992 1.28544
2.26244 1.46153
2.26139 1.45886
2.23221 1.65147
2.23361 1.65963
2.2508 1.86991
2.29833 2.02534
2.29237 2.06595
2.35577 2.26059
2.36162 2.27166
2.44765 2.46109
2.46515 2.49912
2.5471 2.68553
2.55014 2.69029
2.64773 2.85445
2.65459 2.86302
2.7806 3.01083
2.78363 3.00974
2.93283 3.11918
2.9517 3.11479
3.08538 3.20339
3.28355 3.26985
3.3256 3.29522
3.51355 3.3559
3.7353 3.42033
3.86294 3.45464
4.26375 3.54048
4.40491 3.56647
4.7218 3.62708
4.78532 3.63437
5.05786 3.67094
5.10362 3.67625
5.32399 3.69655
5.34426 3.70049
5.55605 3.68826
5.58077 3.68783
5.79307 3.62568
5.82633 3.61389
6.02677 3.50051
6.06219 3.47639
6.23819 3.31816
6.27242 3.28154
6.41861 3.08884
6.44772 3.04349
6.55738 2.83194
6.5777 2.78329
6.65332 2.55016
6.666 2.49824
6.70443 2.25868
6.70827 2.20836
6.70681 1.97002
6.70226 1.92562
6.66181 1.69748
6.65164 1.66273
6.5798 1.45255
6.56784 1.4277
6.47723 1.23179
6.46583 1.21237
6.37283 1.02397
6.36417 1.00874
6.28055 0.824271
6.27648 0.815707
6.2032 0.636695
6.20312 0.634546
6.13292 0.460988
6.13537 0.462545
6.06104 0.293869
6.06516 0.296837
5.98388 0.134271
5.97809 0.113387
5.91747 -0.0326077
5.79425 -0.199963
5.80605 -0.188281
5.70274 -0.323573
5.7144 -0.317481
5.57935 -0.4359
5.58178 -0.436759
5.40658 -0.515756
5.39315 -0.479726
5.25813 -0.498162
5.11718 -0.37119
5.10309 -0.418759
5.0357 -0.281857
5.0437 -0.305447
5.03983 -0.150971
5.04278 -0.130288
5.05918 0.10638
5.06989 0.205209
5.10061 0.482418
5.11669 0.613704
5.15404 0.942184
5.15828 1.01576
5.15742 1.25997
5.15305 1.2993
5.10173 1.5352
5.08769 1.57454
4.99346 1.77062
4.96867 1.79619
4.8609 1.99411
4.82959 2.05825
4.75142 2.23976
4.67682 2.38102
4.65727 2.42471
4.55718 2.65442
4.47783 2.82589
4.44654 2.88837
4.37923 3.05849
4.37382 3.0692
4.33339 3.19336
4.33807 3.14225
4.33466 3.29261
4.32299 3.26853
4.42038 3.35732
4.38468 3.35057
4.58011 3.29247
4.5984 3.27864
4.7677 3.13089
4.7789 3.11546
4.86928 2.93498
4.87982 2.9005
4.94038 2.605
4.97568 2.38218
5.00733 2.09221
5.00639 2.03727
4.99511 1.82718
4.96087 1.58193
4.96434 1.58098
4.92821 1.40962
4.92992 1.41159
4.84081 1.18847
4.8202 1.13666
4.72838 0.925325
4.69457 0.850952
4.59125 0.651463
4.5626 0.601686
4.44249 0.450982
4.40658 0.419162
4.21312 0.290469
4.03026 0.235107
3.96568 0.182726
3.72462 0.148661
3.66282 0.150204
3.38337 0.185939
3.33264 0.199547
3.10013 0.275159
3.06866 0.292429
2.85999 0.391232
2.84383 0.408285
2.65715 0.477542
2.6508 0.473206
2.45166 0.549469
2.42361 0.554925
2.23312 0.676181
2.19829 0.700722
2.02628 0.865634
1.98978 0.905145
1.84008 1.09661
1.80931 1.14
1.67858 1.34484
1.64581 1.3972
1.52252 1.60517
1.48546 1.66992
1.37911 1.86269
1.27417 2.08649
1.26329 2.10876
1.2036 2.31362
1.1974 2.33871
1.1735 2.5571
1.17175 2.58958
1.18198 2.81504
1.18577 2.85187
1.22895 3.07648
1.23889 3.11455
1.31548 3.33136
1.33138 3.36773
1.44232 3.5694
1.50321 3.61412
1.61269 3.80081
1.79349 3.99301
1.83359 4.03431
2.0084 4.20973
2.05181 4.25467
2.19756 4.40173
2.35668 4.31832
2.38929 4.33401
2.52925 4.21059
2.51691 4.22564
2.57185 4.07918
2.56319 4.11205
2.60378 3.9657
2.59663 4.00416
2.64809 3.83416
2.65031 3.82791
2.71307 3.61937
2.7284 3.57212
2.81088 3.33483
2.9059 3.13235
2.92834 3.04704
3.04232 2.829
3.05718 2.80477
3.18925 2.63893
3.23933 2.58576
3.36554 2.49261
3.39473 2.48251
3.61397 2.39703
3.63937 2.40928
3.75789 2.35987
3.9471 2.35926
3.99501 2.36215
4.17072 2.391
4.24436 2.40848
4.42846 2.46109
4.43068 2.46151
4.67554 2.55952
4.69673 2.56842
4.89631 2.67306
4.90756 2.67353
5.06417 2.80718
5.08559 2.83588
5.20243 3.03966
5.2522 3.22242
5.29192 3.24596
5.32049 3.46984
5.31763 3.54071
5.31176 3.75971
5.26925 3.99668
5.25663 4.04463
5.14376 4.26858
5.08222 4.29922
4.9705 4.47588
4.78765 4.63174
4.74468 4.66054
4.52375 4.75841
4.46323 4.73741
4.26979 4.80619
4.00726 4.80281
3.96183 4.79993
3.73732 4.73727
3.69988 4.71897
3.50592 4.58915
3.47517 4.55801
3.33101 4.37296
3.31265 4.33356
3.22757 4.11883
3.2035 3.93062
3.17191 3.87827
3.14832 3.66203
3.1489 3.6573
3.1715 3.50523
3.17746 3.48452
3.23555 3.2622
3.26921 3.1495
3.36362 2.81704
3.38519 2.73996
3.43767 2.50356
3.45239 2.39969
3.49065 2.14536
3.49856 2.09865
3.52734 1.88493
3.56014 1.74079
3.55626 1.7361
3.58892 1.54473
3.59294 1.52008
3.60632 1.33607
3.60735 1.3121
3.59624 1.15475
3.58574 1.07905
3.54884 0.920263
3.561 0.941215
3.46023 0.784378
3.47098 0.794592
3.26617 0.63725
3.18638 0.57995
2.89846 0.36932
2.85292 0.334816
2.70677 0.218501
2.72923 0.236802
2.58883 0.153046
2.60958 0.161923
2.47456 0.0736691
2.49108 0.0818895
2.3989 -0.0692891
2.47414 -0.0953004
2.49483 -0.160712
2.63796 -0.0558627
2.62236 -0.0634206
2.64824 0.098758
2.6515 0.0762101
2.62103 0.231298
2.59238 0.297728
2.59821 0.273635
2.57969 0.454286
2.58403 0.458554
2.5271 0.689685
2.48369 0.848639
2.48375 0.891908
2.42167 1.05758
2.42846 1.03942
2.35248 1.21063
2.35493 1.20012
2.28264 1.36865
2.28079 1.36761
2.23232 1.55003
2.23097 1.55578
2.22797 1.75516
2.24027 1.7748
2.2507 1.94234
2.30916 2.16016
2.31383 2.17457
2.38827 2.36357
2.39668 2.38009
2.48924 2.59173
2.49572 2.6048
2.58283 2.78023
2.58506 2.78214
2.70207 2.9461
2.70712 2.94952
2.84765 3.08087
2.84774 3.07538
3.01876 3.18306
3.17832 3.22621
3.18973 3.25103
3.41271 3.33483
3.59671 3.40326
3.64042 3.40785
3.95577 3.47789
4.16925 3.52537
4.49667 3.59364
4.62678 3.61568
4.87863 3.65559
4.96227 3.66644
5.19721 3.69618
5.22832 3.69892
5.43981 3.70594
5.46288 3.71009
5.67548 3.67417
5.70707 3.66765
5.91552 3.57919
5.95203 3.56028
6.14171 3.42314
6.17748 3.39213
6.34019 3.21397
6.37222 3.17254
6.50332 2.96561
6.5261 2.92238
6.6191 2.69702
6.63633 2.64434
6.69383 2.40668
6.70225 2.35435
6.72115 2.11353
6.72066 2.06471
6.69977 1.82996
6.69185 1.78834
6.63572 1.56837
6.62403 1.53742
6.54293 1.3353
6.53035 1.31139
6.43924 1.12044
6.42858 1.10175
6.34152 0.915762
6.33494 0.903006
6.25843 0.721729
6.25641 0.716232
6.18625 0.540349
6.18731 0.539724
6.11605 0.368818
6.11879 0.370171
6.0418 0.204034
6.04664 0.206521
5.96614 0.0184385
5.8701 -0.115759
5.86449 -0.134972
5.76954 -0.276739
5.78121 -0.268807
5.66079 -0.396756
5.66639 -0.396134
5.50688 -0.496331
5.50043 -0.497014
5.31892 -0.540125
5.22588 -0.408061
5.17887 -0.44435
5.05466 -0.342124
5.07 -0.371196
5.04118 -0.209783
5.04767 -0.246347
5.05341 -0.0351842
5.0588 0.0106844
5.0858 0.299574
5.09674 0.3868
5.13245 0.708094
5.14794 0.846682
5.16749 1.11101
5.16708 1.16476
5.14235 1.39439
5.13178 1.44434
5.05839 1.66565
5.03984 1.68692
4.92763 1.88264
4.9099 1.91191
4.79804 2.1486
4.79203 2.1531
4.72801 2.30016
4.62219 2.51374
4.59981 2.56874
4.52351 2.7418
4.41779 2.97965
4.41877 2.97134
4.35224 3.16243
4.36284 3.10656
4.33319 3.23782
4.32874 3.1971
4.37437 3.34927
4.35231 3.33349
4.4801 3.34343
4.49424 3.3347
4.67861 3.22645
4.70423 3.20251
4.83471 3.03773
4.83918 3.02582
4.90488 2.80815
4.93384 2.70047
4.9978 2.28907
5.00454 2.18786
5.01625 1.94209
4.99497 1.73569
4.97934 1.67583
4.95412 1.48583
4.9596 1.50003
4.90031 1.32059
4.88231 1.2747
4.78809 1.04652
4.7736 1.00966
4.65722 0.762845
4.64262 0.732203
4.51219 0.520343
4.51258 0.516135
4.33295 0.358027
4.27751 0.361258
4.12595 0.234418
3.87235 0.161546
3.82031 0.149578
3.56716 0.152947
3.4767 0.164806
3.23854 0.216975
3.1875 0.236119
2.97769 0.322126
2.94483 0.346963
2.75203 0.435318
2.74345 0.436171
2.5593 0.501257
2.53355 0.499955
2.33657 0.594685
2.30348 0.611317
2.1202 0.756035
2.08348 0.788913
1.9203 0.970956
1.88648 1.01292
1.74659 1.21228
1.71695 1.25718
1.58586 1.47179
1.55797 1.51628
1.4259 1.74482
1.31517 1.93307
1.30284 1.99519
1.22135 2.19477
1.21291 2.21838
1.17137 2.4308
1.16707 2.46162
1.16075 2.68465
1.16184 2.72148
1.18883 2.94752
1.19595 2.98666
1.25615 3.20867
1.26956 3.24741
1.36354 3.45786
1.38542 3.49245
1.5313 3.7056
1.68383 3.86482
1.71967 3.93213
1.8903 4.11139
1.93099 4.15347
2.1018 4.33628
2.17804 4.30804
2.2792 4.37449
2.46684 4.27795
2.46375 4.28035
2.54444 4.14192
2.53456 4.16731
2.57637 4.01873
2.5702 4.05531
2.61559 3.91036
2.6131 3.92323
2.67097 3.73447
2.67904 3.70881
2.75388 3.47987
2.78453 3.42683
2.85628 3.21418
2.96903 2.96042
2.99412 2.91167
3.11239 2.7266
3.12527 2.71009
3.31092 2.52226
3.28398 2.54266
3.48267 2.44477
3.52503 2.43234
3.72326 2.3708
3.85065 2.3834
3.85142 2.35799
4.08973 2.37579
4.07659 2.37379
4.33688 2.43291
4.3371 2.43263
4.51997 2.49592
4.58702 2.52316
4.7823 2.61126
4.81275 2.62642
4.98303 2.73237
4.99833 2.73773
5.14107 2.91385
5.14036 2.97661
5.2476 3.12684
5.31361 3.33917
5.31998 3.37415
5.32744 3.6359
5.29106 3.85314
5.2982 3.90547
5.22403 4.13461
5.19536 4.18798
5.04878 4.38888
4.8859 4.52062
4.86912 4.58152
4.66391 4.71187
4.6154 4.73088
4.38346 4.79027
4.17635 4.78551
4.10203 4.81611
3.86673 4.78923
3.82457 4.77658
3.61322 4.67836
3.57773 4.65241
3.40723 4.49062
3.38186 4.45403
3.26893 4.24844
3.27759 4.20041
3.20826 4.0262
3.1578 3.78362
3.1536 3.75758
3.1566 3.56512
3.15408 3.59932
3.20078 3.39171
3.20826 3.35393
3.29508 3.05736
3.33743 2.90908
3.405 2.64634
3.41703 2.597
3.46351 2.30464
3.47299 2.23941
3.50687 2.00331
3.5152 1.97985
3.5314 1.83207
3.56921 1.64129
3.57007 1.63855
3.59781 1.42451
3.59822 1.43143
3.60073 1.21664
3.60304 1.2502
3.56607 0.985395
3.57704 1.01171
3.5151 0.857244
3.51868 0.860156
3.39851 0.732094
3.34515 0.69128
3.11076 0.521301
2.97864 0.421556
2.78999 0.262722
2.79181 0.262389
2.65922 0.171562
2.68004 0.181984
2.53568 0.101114
2.55107 0.10658
2.43506 0.00430531
2.46151 0.00308426
2.41328 -0.169155
2.58038 -0.117836
2.5746 -0.127579
2.63592 0.019562
2.63513 0.00396353
2.61395 0.154183
2.61863 0.135632
2.58691 0.202893
2.56756 0.363548
2.57755 0.359318
2.55229 0.548086
2.53331 0.594895
2.49322 0.754125
2.43547 0.973714
2.44119 0.964618
2.37854 1.12024
2.37734 1.11895
2.30476 1.28078
2.30418 1.27613
2.24208 1.45436
2.24036 1.45538
2.21484 1.64939
2.21559 1.66098
2.22465 1.8685
2.27361 2.03453
2.27417 2.07185
2.33504 2.26716
2.34158 2.28085
2.42434 2.47097
2.44151 2.5096
2.52261 2.69591
2.527 2.70337
2.62643 2.86765
2.63531 2.87853
2.76311 3.02626
2.76905 3.02753
2.91938 3.13776
2.94955 3.12098
3.08384 3.21634
3.27656 3.28955
3.31812 3.32611
3.50394 3.3828
3.73191 3.43339
3.86129 3.46804
4.25967 3.55449
4.40242 3.5818
4.71761 3.64349
4.78373 3.65148
5.05454 3.68905
5.10224 3.6945
5.32218 3.71357
5.34558 3.718
5.55781 3.70684
5.58589 3.70573
5.79888 3.64327
5.83526 3.63
6.03613 3.5161
6.07419 3.48996
6.25055 3.33144
6.28684 3.29257
6.43331 3.09979
6.46395 3.05205
6.57381 2.84024
6.59521 2.78895
6.67077 2.55581
6.68407 2.50117
6.72253 2.26155
6.72663 2.20837
6.7259 1.96986
6.72135 1.92247
6.68285 1.69378
6.67243 1.65598
6.60385 1.44459
6.59144 1.41697
6.50504 1.21983
6.49335 1.19851
6.40467 1.00982
6.39595 0.993617
6.31561 0.810001
6.31137 0.800602
6.23981 0.622702
6.23924 0.619187
6.1698 0.446358
6.17144 0.445991
6.09799 0.277484
6.10107 0.278273
6.02418 0.114221
6.00603 0.0828053
5.94611 -0.0587754
5.83342 -0.22474
5.84327 -0.216848
5.73581 -0.352247
5.74333 -0.349734
5.60074 -0.464787
5.59766 -0.468362
5.41725 -0.542898
5.3889 -0.475889
5.27108 -0.491612
5.09594 -0.398024
5.11459 -0.415823
5.04769 -0.278862
5.05828 -0.303224
5.05269 -0.151487
5.05568 -0.13015
5.0711 0.104877
5.08158 0.204675
5.11133 0.480666
5.12721 0.613246
5.16392 0.94032
5.16817 1.01602
5.16751 1.25976
5.16294 1.30166
5.11239 1.53734
5.09766 1.57915
5.00401 1.77489
4.97827 1.80226
4.87247 1.99922
4.84122 2.06399
4.76363 2.24375
4.68927 2.3869
4.66972 2.4315
4.57058 2.65912
4.4905 2.83087
4.4586 2.89387
4.39128 3.06227
4.38579 3.07356
4.34603 3.20005
4.34931 3.1569
4.34677 3.29036
4.33347 3.26353
4.43483 3.38053
4.40907 3.37451
4.58304 3.30096
4.60457 3.28596
4.77373 3.13776
4.78668 3.11968
4.8771 2.93872
4.88876 2.90176
4.95034 2.60692
4.9867 2.38342
5.02127 2.09435
5.01567 2.03708
5.01212 1.82912
4.97314 1.58104
4.97597 1.57828
4.93902 1.40729
4.94001 1.40689
4.85134 1.18489
4.82994 1.13179
4.73734 0.921862
4.70239 0.846409
4.59815 0.648261
4.5682 0.597065
4.44721 0.447212
4.40949 0.414299
4.21534 0.289441
4.03104 0.230575
3.96598 0.17758
3.72583 0.139713
3.6613 0.140271
3.38199 0.172099
3.32822 0.18566
3.09527 0.258829
3.06116 0.276784
2.85364 0.373551
2.8355 0.389973
2.65172 0.460873
2.64524 0.460771
2.44473 0.533655
2.41347 0.538922
2.22118 0.658749
2.18359 0.685286
2.01045 0.84966
1.97188 0.891185
1.82106 1.0818
1.78853 1.12704
1.65707 1.33092
1.62363 1.38463
1.50138 1.59258
1.43694 1.65047
1.34958 1.84453
1.25183 2.07533
1.24104 2.10184
1.17933 2.30724
1.17254 2.33582
1.14906 2.55489
1.14734 2.59061
1.15812 2.8164
1.16241 2.85627
1.20622 3.08109
1.21702 3.12211
1.29418 3.33915
1.31163 3.3783
1.42868 3.57702
1.47541 3.62879
1.60527 3.8114
1.77553 4.00896
1.81527 4.05314
1.98466 4.23185
2.0315 4.27239
2.18027 4.40301
2.35112 4.31244
2.38797 4.3309
2.51174 4.2054
2.49812 4.22485
2.55001 4.07669
2.54345 4.10783
2.58606 3.96165
2.57927 3.99813
2.63358 3.83047
2.63637 3.82294
2.70262 3.61679
2.71938 3.56838
2.80539 3.33415
2.9011 3.13043
2.92746 3.04584
3.0408 2.82894
3.05669 2.80355
3.18962 2.64021
3.24111 2.58668
3.36696 2.49643
3.39725 2.48634
3.61577 2.40424
3.63998 2.41651
3.75937 2.36901
3.94613 2.3652
3.99511 2.36741
4.16946 2.39372
4.24452 2.41071
4.42758 2.46154
4.43104 2.46253
4.67479 2.5595
4.6972 2.56904
4.89579 2.67256
4.90827 2.67376
5.065 2.8054
5.08667 2.83598
5.20677 3.04453
5.25717 3.22135
5.29661 3.24571
5.33113 3.46849
5.3057 3.54343
5.32292 3.76365
5.27917 3.99854
5.26526 4.04903
5.14982 4.27135
5.08615 4.30626
4.97217 4.48084
4.79564 4.64173
4.75077 4.67343
4.52811 4.76836
4.46703 4.75211
4.26743 4.8125
4.00704 4.81676
3.95839 4.81419
3.73319 4.75063
3.69279 4.73025
3.50042 4.59722
3.46804 4.56359
3.32721 4.37633
3.30841 4.33483
3.22708 4.11996
3.20321 3.93134
3.17263 3.87745
3.14982 3.66266
3.15062 3.65993
3.17313 3.50626
3.17932 3.48425
3.23542 3.2629
3.26838 3.14853
3.35968 2.81673
3.38098 2.73825
3.43127 2.50308
3.44547 2.39791
3.48223 2.14487
3.49016 2.09683
3.51731 1.88488
3.55021 1.73896
3.54738 1.73374
3.57999 1.54407
3.58421 1.51852
3.59853 1.33643
3.59974 1.31162
3.59053 1.15604
3.58085 1.07923
3.54649 0.92176
3.55788 0.94206
3.46088 0.784772
3.4704 0.794184
3.27061 0.632396
3.19134 0.571604
2.91392 0.352023
2.86843 0.3163
2.72582 0.194059
2.74846 0.204099
2.60814 0.119908
2.62647 0.129072
2.48126 0.042165
2.4896 0.0393228
2.42234 -0.0834557
2.48305 -0.104692
2.50184 -0.171266
2.61073 -0.0656595
2.60753 -0.07109
2.60721 0.0685324
2.60809 0.0593709
2.57722 0.221126
2.54774 0.288664
2.55832 0.269712
2.5453 0.44792
2.55157 0.4538
2.49524 0.681157
2.45106 0.838463
2.45141 0.880783
2.39128 1.04461
2.39738 1.02786
2.32577 1.19788
2.3273 1.18923
2.26009 1.35947
2.25754 1.36135
2.21375 1.54583
2.21216 1.55514
2.20629 1.75481
2.22657 1.78327
2.23006 1.9509
2.28916 2.16494
2.29482 2.18189
2.36636 2.37182
2.37525 2.39046
2.4649 2.60094
2.47221 2.61622
2.56015 2.79164
2.56433 2.7967
2.68294 2.9599
2.6904 2.96624
2.83228 3.09747
2.83572 3.09428
3.01338 3.19038
3.16888 3.23824
3.18454 3.26899
3.40456 3.36376
3.59276 3.41446
3.6377 3.42961
3.95268 3.49122
4.1666 3.53935
4.49269 3.60903
4.62404 3.63192
4.87555 3.67293
4.96037 3.68428
5.19454 3.71378
5.22792 3.71611
5.43973 3.72321
5.46585 3.72766
5.67919 3.69211
5.71409 3.6845
5.92306 3.59562
5.96245 3.57494
6.15248 3.43741
6.19061 3.40422
6.35359 3.22597
6.38744 3.18218
6.51866 2.97526
6.54284 2.9293
6.63591 2.7039
6.65396 2.64859
6.71141 2.41094
6.72026 2.35581
6.73949 2.11496
6.73914 2.06322
6.71958 1.8282
6.71156 1.78359
6.65806 1.56279
6.64605 1.52891
6.56873 1.32546
6.55585 1.29926
6.46904 1.10741
6.4583 1.08737
6.37507 0.901669
6.36842 0.88811
6.29431 0.707869
6.29195 0.701258
6.22288 0.526329
6.22329 0.524011
6.1527 0.353582
6.15459 0.352892
6.08013 0.186339
6.08408 0.187037
5.99588 -0.0109361
5.90861 -0.145288
5.90121 -0.159202
5.80521 -0.303113
5.81362 -0.298987
5.68687 -0.42525
5.68752 -0.427921
5.5216 -0.524078
5.50861 -0.519565
5.33787 -0.554281
5.1913 -0.441366
5.17074 -0.455429
5.06233 -0.344322
5.08236 -0.366545
5.05632 -0.208955
5.06189 -0.245327
5.06601 -0.0364278
5.07125 0.0105878
5.09707 0.297682
5.10792 0.386439
5.14269 0.706256
5.15808 0.846213
5.1774 1.10986
5.17698 1.16594
5.15272 1.39539
5.14176 1.44774
5.06902 1.66898
5.04928 1.69218
4.93805 1.88755
4.92034 1.91799
4.81019 2.15302
4.80271 2.16303
4.73909 2.30684
4.63518 2.51923
4.61232 2.57458
4.53567 2.74811
4.43011 2.98375
4.43049 2.97652
4.36475 3.16547
4.37569 3.11097
4.34504 3.25109
4.34165 3.21879
4.38077 3.3451
4.35843 3.32528
4.50216 3.35952
4.50523 3.35422
4.6834 3.23423
4.71126 3.20838
4.84149 3.04296
4.84746 3.02823
4.91379 2.81086
4.9441 2.701
5.01037 2.29215
5.01738 2.18856
5.02945 1.9438
4.9993 1.73571
4.99276 1.67326
4.96537 1.48459
4.9704 1.49621
4.91085 1.31722
4.89228 1.26983
4.79786 1.04313
4.78243 1.00467
4.6651 0.759808
4.64933 0.727453
4.518 0.51725
4.51663 0.51102
4.33609 0.355115
4.27588 0.351192
4.12531 0.232268
3.87435 0.155356
3.82008 0.142234
3.56703 0.141734
3.47424 0.152564
3.23536 0.201972
3.18175 0.221272
2.97133 0.305438
2.93688 0.329263
2.74497 0.416323
2.73634 0.419274
2.55462 0.486841
2.52617 0.486129
2.32738 0.577381
2.29126 0.595669
2.10643 0.739479
2.06728 0.774421
1.9031 0.955681
1.86734 0.999647
1.72644 1.19801
1.69533 1.24474
1.56483 1.45834
1.532 1.5034
1.38691 1.7304
1.28613 1.91427
1.27703 1.98447
1.19923 2.18636
1.18962 2.21351
1.14726 2.42665
1.14272 2.46081
1.13686 2.68431
1.13822 2.72424
1.16579 2.9505
1.17361 2.99262
1.23435 3.2148
1.2489 3.25645
1.34606 3.46608
1.36903 3.50401
1.51478 3.71447
1.64995 3.89444
1.70521 3.94614
1.86912 4.13054
1.90991 4.17438
2.08417 4.35059
2.17406 4.30893
2.27423 4.367
2.45919 4.2691
2.45146 4.2779
2.52339 4.13846
2.51427 4.16395
2.5576 4.01497
2.55199 4.04957
2.59983 3.90611
2.59761 3.91763
2.65859 3.73131
2.66763 3.70435
2.74619 3.47798
2.77536 3.42353
2.85241 3.21117
2.96755 2.9605
2.99325 2.91036
3.11182 2.72706
3.1258 2.70962
3.31173 2.52577
3.28594 2.54465
3.48458 2.45079
3.52772 2.43797
3.7235 2.38006
3.8513 2.38996
3.85185 2.36558
4.0886 2.37964
4.07649 2.37801
4.33586 2.4341
4.33738 2.43409
4.51911 2.49621
4.58748 2.52391
4.78159 2.6111
4.81339 2.62672
4.98305 2.7312
4.99952 2.73755
5.14117 2.91292
5.14767 2.97106
5.25288 3.12716
5.32033 3.33696
5.32433 3.37444
5.32766 3.63513
5.27837 3.84675
5.30859 3.90896
5.23218 4.13732
5.20147 4.19246
5.05264 4.39439
4.89504 4.53508
4.87422 4.58962
4.67042 4.72276
4.61888 4.74282
4.38548 4.79943
4.17372 4.80209
4.10073 4.82733
3.86475 4.80314
3.81912 4.78944
3.60812 4.68877
3.57036 4.66046
3.40237 4.49593
3.37609 4.45696
3.26676 4.25025
3.27449 4.20147
3.20777 4.02552
3.15894 3.78416
3.15473 3.75682
3.1583 3.56595
3.15611 3.599
3.20144 3.39259
3.20944 3.35354
3.29325 3.05758
3.33459 2.90762
3.39967 2.64583
3.41135 2.59525
3.45579 2.30418
3.46527 2.23762
3.49766 2.00284
3.5065 1.97855
3.52224 1.829
3.56008 1.64031
3.56115 1.63646
3.58939 1.42438
3.5898 1.43032
3.59403 1.21751
3.59552 1.24732
3.56242 0.986761
3.57281 1.0123
3.51403 0.858587
3.51689 0.86062
3.4005 0.730903
3.34704 0.687621
3.11908 0.511033
2.99065 0.406821
2.80902 0.243078
2.8079 0.24046
2.67949 0.139811
2.69682 0.151952
2.55346 0.0694064
2.56934 0.0758112
2.43426 -0.0370205
2.44094 -0.0526294
2.43481 -0.185704
2.56029 -0.134577
2.5602 -0.145267
2.59695 -0.0316547
2.59754 -0.0252599
2.56331 0.142347
2.57339 0.126915
2.54172 0.195273
2.52896 0.358572
2.53801 0.354619
2.51836 0.541293
2.50026 0.587706
2.46072 0.745377
2.40386 0.961387
2.40941 0.952801
2.34926 1.10812
2.34809 1.107
2.28005 1.27001
2.2787 1.26776
2.22186 1.44786
2.2196 1.45243
2.19523 1.64718
2.19599 1.6618
2.20684 1.87476
2.25903 2.03989
2.25388 2.07826
2.31436 2.27341
2.32152 2.28968
2.40144 2.48031
2.41845 2.5197
2.49915 2.70584
2.50497 2.71606
2.60594 2.88052
2.61675 2.89374
2.74625 3.04133
2.75494 3.04478
2.91077 3.15018
2.932 3.1455
3.07612 3.22586
3.26844 3.31044
3.32059 3.32245
3.49973 3.40424
3.72849 3.45231
3.85922 3.48635
4.25551 3.56857
4.39989 3.59693
4.71336 3.65983
4.78207 3.66849
5.05125 3.7066
5.10097 3.71208
5.32043 3.7303
5.34689 3.735
5.55938 3.72456
5.5908 3.72286
5.8045 3.66034
5.84394 3.64561
6.04523 3.53129
6.08589 3.50317
6.26258 3.3444
6.3009 3.30332
6.4476 3.11049
6.47975 3.06037
6.5898 2.84834
6.61228 2.79446
6.68782 2.56134
6.70172 2.50402
6.74026 2.26438
6.74465 2.2084
6.74471 1.9698
6.7402 1.91948
6.70369 1.69034
6.6931 1.64957
6.62776 1.43713
6.61503 1.40679
6.53279 1.20856
6.52089 1.18532
6.43641 0.996379
6.42763 0.979101
6.35042 0.796273
6.34596 0.78591
6.27601 0.60904
6.27494 0.604097
6.20624 0.431992
6.20709 0.429743
6.13519 0.261341
6.13759 0.260208
6.05913 0.0968399
6.04929 0.0659133
5.98178 -0.0869442
5.87022 -0.247507
5.87725 -0.243385
5.76574 -0.379399
5.76901 -0.380399
5.61988 -0.492602
5.61146 -0.497955
5.42701 -0.565397
5.36471 -0.464628
5.25685 -0.508159
5.09209 -0.405889
5.11542 -0.421388
5.06181 -0.275243
5.07282 -0.301075
5.06671 -0.151865
5.06914 -0.129961
5.08316 0.103413
5.09335 0.204171
5.12214 0.478937
5.13784 0.612796
5.17391 0.938449
5.17815 1.01627
5.17761 1.25953
5.17284 1.304
5.12295 1.53941
5.10764 1.58374
5.01468 1.77914
4.98774 1.80824
4.88381 2.00415
4.85255 2.06958
4.77462 2.2523
4.70232 2.3929
4.68189 2.43814
4.58385 2.66373
4.50287 2.83576
4.47057 2.89937
4.40348 3.06612
4.3975 3.0778
4.35901 3.20306
4.36271 3.15919
4.3574 3.31104
4.34764 3.29035
4.43757 3.37523
4.40905 3.36902
4.59064 3.31596
4.61416 3.2972
4.77946 3.14429
4.79432 3.12379
4.88505 2.94253
4.89789 2.90308
4.96094 2.60894
4.99882 2.38502
5.03422 2.0965
5.01743 2.03587
5.02018 1.82693
4.98455 1.58004
4.98814 1.57536
4.94992 1.40489
4.95016 1.40215
4.86155 1.18144
4.8394 1.12699
4.74621 0.918377
4.71016 0.841832
4.60501 0.645026
4.57369 0.592459
4.4516 0.443719
4.41185 0.410051
4.21392 0.281059
4.03246 0.220531
3.9663 0.1728
3.72715 0.131216
3.65997 0.130764
3.38086 0.158802
3.32409 0.17222
3.09071 0.242947
3.05401 0.261584
2.84717 0.355931
2.82703 0.371342
2.6461 0.444072
2.63907 0.446504
2.43855 0.519024
2.4043 0.524073
2.20992 0.641954
2.16951 0.670348
1.99506 0.833945
1.9544 0.877407
1.80255 1.06718
1.76831 1.11431
1.63631 1.31737
1.60187 1.37239
1.47352 1.57646
1.42198 1.64363
1.31665 1.8258
1.22741 2.06381
1.21698 2.09447
1.15653 2.30105
1.14897 2.33308
1.12531 2.55277
1.12362 2.59167
1.1349 2.81777
1.13967 2.86064
1.18404 3.08562
1.19574 3.12955
1.27457 3.34644
1.29395 3.38835
1.41202 3.58713
1.43605 3.66387
1.58213 3.82994
1.75535 4.02516
1.79709 4.07079
1.96477 4.2502
2.01664 4.2858
2.1575 4.40103
2.34656 4.30762
2.38224 4.32237
2.49061 4.20471
2.48041 4.22159
2.53069 4.07204
2.52442 4.10248
2.56942 3.95762
2.56271 3.99202
2.61965 3.82668
2.62305 3.81788
2.69265 3.61417
2.71066 3.56456
2.79871 3.3329
2.89783 3.12935
2.92545 3.04408
3.03958 2.82904
3.05647 2.80252
3.18994 2.64147
3.24214 2.58835
3.36839 2.50039
3.39977 2.49035
3.61747 2.41145
3.64065 2.42359
3.76082 2.37789
3.94526 2.37125
3.99527 2.37279
4.1682 2.39668
4.24465 2.41314
4.42665 2.46218
4.43135 2.46371
4.67402 2.55953
4.69767 2.56968
4.89536 2.67188
4.90894 2.67405
5.06514 2.80429
5.0888 2.83536
5.21025 3.04064
5.26428 3.22004
5.3027 3.24505
5.33409 3.46752
5.30014 3.54568
5.32069 3.76328
5.28667 3.99994
5.27368 4.05344
5.15607 4.2743
5.09901 4.32093
4.977 4.4899
4.80308 4.65043
4.75544 4.68365
4.53237 4.77851
4.45952 4.77391
4.26491 4.8231
4.00718 4.8299
3.95534 4.8266
3.72942 4.76274
3.6861 4.74051
3.49517 4.60473
3.46129 4.56864
3.3236 4.37948
3.3044 4.33593
3.22655 4.12109
3.20265 3.93208
3.17305 3.87667
3.15124 3.6633
3.15215 3.65934
3.17433 3.50721
3.18088 3.48389
3.23559 3.26368
3.26768 3.1476
3.35571 2.81645
3.3767 2.73655
3.42481 2.50263
3.43854 2.39616
3.47378 2.14442
3.48166 2.09504
3.50826 1.88498
3.5419 1.73751
3.5382 1.7313
3.57114 1.54341
3.57554 1.51693
3.59074 1.33674
3.59212 1.31107
3.58425 1.15441
3.57577 1.07939
3.54394 0.923281
3.55457 0.942936
3.46142 0.785245
3.46977 0.793834
3.2754 0.627398
3.19691 0.563003
2.92973 0.335776
2.88433 0.298639
2.74587 0.170383
2.76616 0.175109
2.62727 0.0893267
2.64481 0.0897323
2.5038 0.00900702
2.51199 0.0151081
2.40835 -0.140356
2.49471 -0.115965
2.49444 -0.201073
2.56612 -0.141865
2.57347 -0.122247
2.55778 0.0594588
2.56265 0.0487642
2.53415 0.211881
2.50607 0.281044
2.51716 0.266443
2.50808 0.442545
2.51642 0.448432
2.46311 0.672837
2.41807 0.827889
2.41925 0.869788
2.36093 1.03203
2.36634 1.01682
2.29912 1.18592
2.29982 1.17926
2.23768 1.35109
2.23462 1.35586
2.1942 1.54177
2.19225 1.55435
2.18831 1.75436
2.20963 1.78192
2.21451 1.95837
2.26891 2.16992
2.27487 2.18934
2.34465 2.37963
2.35405 2.40043
2.44136 2.60971
2.4496 2.62728
2.5384 2.80272
2.54452 2.81085
2.66448 2.97342
2.67436 2.98251
2.82033 3.11074
2.82634 3.11148
3.00076 3.20795
3.15435 3.27592
3.17941 3.28397
3.39987 3.37085
3.59254 3.40794
3.63564 3.44995
3.94945 3.50838
4.16367 3.55471
4.48868 3.6242
4.62123 3.64806
4.87242 3.69001
4.9585 3.70174
5.19193 3.73084
5.22762 3.73407
5.43957 3.74105
5.4687 3.74462
5.6827 3.70939
5.72087 3.70074
5.93037 3.6116
5.9726 3.58919
6.16296 3.45133
6.20343 3.41601
6.36663 3.23769
6.40231 3.19158
6.5336 2.98469
6.55918 2.93603
6.65232 2.71065
6.67121 2.65273
6.72863 2.41512
6.73791 2.35724
6.75751 2.11642
6.75734 2.06182
6.73914 1.8266
6.73109 1.77908
6.68023 1.55758
6.668 1.52084
6.59443 1.31622
6.58134 1.28774
6.49877 1.09511
6.48795 1.07364
6.40843 0.888225
6.40168 0.873728
6.32985 0.694437
6.32711 0.686607
6.25907 0.51258
6.25881 0.508565
6.18926 0.338588
6.19043 0.336009
6.11604 0.169859
6.11902 0.167829
6.03352 -0.0256194
5.95527 -0.152902
5.93837 -0.184404
5.83778 -0.32746
5.84259 -0.327242
5.71035 -0.452413
5.70607 -0.457967
5.5341 -0.549356
5.51036 -0.524408
5.35797 -0.557265
5.18855 -0.445205
5.16222 -0.466792
5.07264 -0.33998
5.09009 -0.363715
5.07221 -0.208195
5.07658 -0.244221
5.07898 -0.0376024
5.08402 0.010535
5.10845 0.295818
5.11918 0.386103
5.15304 0.704425
5.16831 0.845736
5.18737 1.1087
5.18691 1.16711
5.16305 1.39636
5.15172 1.4511
5.07972 1.67233
5.05931 1.69768
4.94887 1.8926
4.93056 1.92389
4.82218 2.15735
4.81472 2.16852
4.75132 2.314
4.64804 2.52463
4.62451 2.58022
4.54765 2.75438
4.44248 2.9879
4.44233 2.98175
4.37744 3.16849
4.38638 3.11974
4.35768 3.25193
4.3533 3.21825
4.3951 3.37019
4.38201 3.35932
4.50186 3.3653
4.50826 3.35887
4.6905 3.24427
4.71977 3.21546
4.84826 3.04818
4.85574 3.03066
4.92303 2.81366
4.9548 2.70162
5.02215 2.29511
5.02952 2.18927
5.03484 1.94464
5.00391 1.73549
5.00278 1.67111
4.9769 1.48316
4.98156 1.49222
4.92131 1.31386
4.90209 1.265
4.80745 1.03978
4.79107 0.999705
4.67294 0.756735
4.65597 0.722682
4.52359 0.51425
4.52042 0.506093
4.33957 0.351726
4.28252 0.343673
4.12526 0.224525
3.87659 0.148714
3.81994 0.13529
3.56708 0.131034
3.47198 0.140812
3.23246 0.187429
3.17628 0.206828
2.96525 0.288946
2.92891 0.311823
2.73785 0.397284
2.72863 0.401469
2.54963 0.471539
2.51855 0.471819
2.31908 0.561007
2.27987 0.580847
2.09324 0.723354
2.05156 0.76022
1.88632 0.940591
1.84862 0.986529
1.7069 1.184
1.67432 1.23262
1.54185 1.44328
1.50883 1.49055
1.36245 1.71493
1.28071 1.91145
1.24878 1.97343
1.17647 2.17805
1.16622 2.20868
1.12421 2.4226
1.11932 2.46008
1.11361 2.68401
1.11524 2.72699
1.14332 2.95345
1.15185 2.9985
1.21358 3.2207
1.22958 3.26519
1.32837 3.47462
1.35006 3.51794
1.48683 3.74164
1.6099 3.91858
1.68522 3.96426
1.84949 4.14748
1.89177 4.19277
2.06679 4.36398
2.18139 4.31128
2.2686 4.35811
2.44487 4.26556
2.43374 4.27815
2.50402 4.13387
2.496 4.1582
2.53986 4.01216
2.53456 4.04371
2.58476 3.90179
2.58283 3.91195
2.64675 3.72808
2.65679 3.69985
2.73814 3.47584
2.76988 3.4212
2.84874 3.2082
2.96605 2.96054
2.99216 2.90891
3.11138 2.7276
3.12642 2.70924
3.31092 2.53074
3.28802 2.54694
3.48641 2.45687
3.53035 2.44367
3.72369 2.38904
3.85184 2.39639
3.8524 2.37308
4.08751 2.38368
4.07642 2.38238
4.3348 2.4355
4.33761 2.43574
4.5182 2.49662
4.58789 2.52475
4.78091 2.6109
4.81409 2.6269
4.98283 2.73032
5.0005 2.73758
5.14338 2.91052
5.14865 2.97112
5.25755 3.12741
5.32509 3.3352
5.32699 3.37491
5.32529 3.63509
5.28328 3.8483
5.31144 3.91042
5.24021 4.14008
5.20874 4.1978
5.06127 4.4058
4.90838 4.5525
4.88026 4.59875
4.67617 4.73206
4.62174 4.75323
4.37847 4.81927
4.17205 4.8249
4.09956 4.83956
3.86312 4.81553
3.81412 4.80087
3.60332 4.69837
3.56337 4.66779
3.39778 4.50087
3.37064 4.45957
3.26466 4.25197
3.27139 4.20243
3.20712 4.02485
3.1599 3.78473
3.15574 3.75607
3.1593 3.56957
3.15766 3.59858
3.20222 3.39349
3.2103 3.35305
3.29141 3.0578
3.33174 2.90618
3.39428 2.64535
3.40566 2.59352
3.44802 2.30377
3.4575 2.23587
3.48881 2.00244
3.49833 1.97733
3.51408 1.82612
3.55093 1.63929
3.55211 1.63432
3.581 1.42421
3.58141 1.42915
3.5871 1.21833
3.58835 1.2472
3.55867 0.988095
3.56836 1.0129
3.51278 0.859987
3.51496 0.861142
3.40254 0.729743
3.34915 0.68387
3.12786 0.500886
3.00294 0.392941
2.82756 0.225123
2.82473 0.219449
2.6988 0.111157
2.71699 0.113359
2.57576 0.0276047
2.58571 0.0283118
2.45764 -0.0602156
2.46894 -0.0699617
2.43944 -0.190615
2.50043 -0.209431
2.52721 -0.226203
2.55295 -0.0316615
2.55355 -0.0333266
2.52278 0.132653
2.52894 0.119146
2.49864 0.189166
2.48888 0.354176
2.49507 0.351289
2.48206 0.533963
2.46529 0.580685
2.42794 0.736241
2.37243 0.949194
2.37774 0.941397
2.3201 1.09656
2.31889 1.09589
2.25548 1.26007
2.25349 1.26028
2.20126 1.44179
2.19852 1.4497
2.17665 1.6452
2.17755 1.66281
2.19307 1.87259
2.24241 2.044
2.23533 2.08407
2.29335 2.27965
2.30115 2.29837
2.37902 2.48916
2.39603 2.52945
2.47659 2.71542
2.48387 2.7284
2.58622 2.89306
2.59895 2.9086
2.73165 3.05473
2.74324 3.06021
2.89994 3.16698
2.9302 3.18497
3.06586 3.25011
3.26294 3.32296
3.32101 3.32416
3.50037 3.40693
3.72544 3.47073
3.85735 3.50465
4.25108 3.58397
4.39725 3.61243
4.7091 3.67593
4.78036 3.68531
5.04802 3.72373
5.09977 3.72937
5.31877 3.74779
5.34811 3.7525
5.56082 3.74162
5.59552 3.73934
5.80989 3.67684
5.85237 3.66072
6.05408 3.54608
6.0973 3.51603
6.27428 3.35705
6.31463 3.3138
6.46153 3.12094
6.49517 3.06848
6.60538 2.85627
6.62897 2.79982
6.70451 2.56678
6.71903 2.5068
6.75769 2.26721
6.76236 2.20847
6.76325 1.96983
6.75883 1.91666
6.72432 1.68716
6.71364 1.6435
6.65153 1.43015
6.63857 1.39714
6.56046 1.19796
6.5484 1.17279
6.46801 0.98365
6.45916 0.965191
6.38494 0.783082
6.38023 0.771628
6.31182 0.595705
6.3102 0.589274
6.24241 0.417857
6.24257 0.413787
6.17124 0.24585
6.17265 0.242608
6.09521 0.0787807
6.08848 0.0483827
6.02949 -0.0982257
5.90564 -0.270575
5.90974 -0.26985
5.79288 -0.404866
5.79186 -0.409372
5.63678 -0.518758
5.62288 -0.524555
5.43516 -0.577722
5.32193 -0.472424
5.25773 -0.506128
5.10083 -0.403961
5.11582 -0.421415
5.07686 -0.272492
5.08546 -0.299416
5.08108 -0.152153
5.08294 -0.129695
5.09543 0.102004
5.10527 0.203694
5.13303 0.477234
5.14855 0.612357
5.18396 0.936575
5.1882 1.01652
5.18772 1.25929
5.18275 1.30631
5.13352 1.54146
5.11761 1.58829
5.02553 1.78345
4.99758 1.81435
4.8949 2.00889
4.86368 2.07504
4.78738 2.25655
4.71474 2.39861
4.69415 2.44482
4.5958 2.66781
4.51514 2.84064
4.48253 2.90487
4.41583 3.07004
4.4099 3.08221
4.37054 3.21055
4.37331 3.17274
4.36906 3.30907
4.35816 3.28573
4.46114 3.4066
4.44309 3.39861
4.59337 3.32346
4.62026 3.30398
4.78615 3.1515
4.80264 3.12827
4.8931 2.9464
4.90727 2.90449
4.97173 2.61101
5.01047 2.38655
5.04326 2.09812
5.03131 2.03191
5.02479 1.82527
4.9951 1.57926
4.99873 1.57272
4.961 1.40236
4.96047 1.39731
4.87158 1.17802
4.84866 1.12223
4.75495 0.9149
4.71781 0.837253
4.61175 0.641803
4.579 0.587914
4.45598 0.440178
4.41482 0.404955
4.21891 0.276959
4.03355 0.215242
3.9672 0.165672
3.72856 0.12319
3.65879 0.121686
3.37995 0.146005
3.32021 0.159218
3.08642 0.227344
3.04723 0.246801
2.84069 0.338543
2.81856 0.352754
2.63991 0.426473
2.63255 0.431289
2.43214 0.503922
2.39548 0.509441
2.19944 0.625875
2.15612 0.655949
1.98014 0.818493
1.9373 0.863796
1.78449 1.05274
1.74856 1.10177
1.61522 1.30336
1.57939 1.35909
1.45049 1.56193
1.41471 1.639
1.29816 1.82094
1.2044 2.05421
1.19146 2.0871
1.13395 2.29502
1.12589 2.33044
1.10237 2.55068
1.10066 2.59274
1.11227 2.81912
1.11753 2.86495
1.16262 3.09005
1.17534 3.13683
1.25561 3.35361
1.27654 3.39839
1.38833 3.6018
1.42099 3.67713
1.54688 3.85131
1.73229 4.04352
1.77824 4.08899
1.94677 4.26674
2.00637 4.29437
2.13061 4.3882
2.34583 4.30778
2.36951 4.31863
2.47358 4.19745
2.46276 4.21629
2.5114 4.07196
2.50625 4.09799
2.55353 3.95351
2.54689 3.98583
2.60629 3.8228
2.61036 3.81277
2.6828 3.61142
2.70215 3.5607
2.79348 3.33209
2.89814 3.13038
2.92355 3.04234
3.03838 2.82916
3.05626 2.80149
3.19024 2.64273
3.24158 2.59147
3.36986 2.50453
3.40228 2.49454
3.61906 2.4186
3.64135 2.43048
3.76226 2.38647
3.94447 2.37734
3.99549 2.37824
4.16693 2.39984
4.24477 2.41576
4.42567 2.463
4.4316 2.46504
4.67302 2.56012
4.69814 2.57032
4.89489 2.67126
4.90951 2.67446
5.06572 2.80272
5.09052 2.835
5.21141 3.03864
5.26445 3.21933
5.30751 3.24471
5.33503 3.46673
5.31122 3.54399
5.32128 3.76431
5.29192 4.00051
5.27896 4.05645
5.16509 4.27898
5.11243 4.32912
4.98678 4.50403
4.81052 4.65902
4.75984 4.69338
4.53696 4.78941
4.46576 4.78965
4.2623 4.84365
4.00746 4.84331
3.95241 4.83843
3.72603 4.77372
3.67985 4.74976
3.49022 4.6117
3.4549 4.57321
3.32018 4.38243
3.30059 4.33686
3.2259 4.12226
3.20205 3.93281
3.17332 3.87592
3.15205 3.66397
3.15318 3.66155
3.17546 3.50814
3.18263 3.48356
3.23592 3.26451
3.26678 3.14663
3.35166 2.81618
3.37236 2.73488
3.41835 2.50222
3.43158 2.39447
3.46545 2.14403
3.47335 2.09331
3.50001 1.88517
3.53199 1.7418
3.52951 1.72895
3.56222 1.5427
3.56684 1.51529
3.58287 1.33698
3.58441 1.31047
3.57827 1.15558
3.57057 1.0795
3.54117 0.924818
3.55106 0.94384
3.46188 0.78578
3.4691 0.793513
3.28044 0.62242
3.20277 0.554589
2.94528 0.321024
2.8999 0.282254
2.76546 0.148858
2.78226 0.150301
2.64959 0.0504785
2.66366 0.0553608
2.51984 -0.036173
2.5217 -0.0394679
2.4274 -0.152246
2.43355 -0.178091
2.46368 -0.279099
2.53106 -0.134106
2.5369 -0.122432
2.50893 0.0473324
2.51884 0.040559
2.48696 0.201206
2.46494 0.274209
2.47646 0.263549
2.46796 0.438655
2.47869 0.442551
2.4291 0.6647
2.3849 0.816957
2.38708 0.8589
2.33079 1.0199
2.33547 1.00639
2.27257 1.17477
2.27254 1.1702
2.21521 1.34336
2.2117 1.35091
2.17485 1.53806
2.17276 1.5538
2.17188 1.75411
2.1901 1.79432
2.20137 1.96225
2.24917 2.17449
2.25542 2.19641
2.32303 2.38719
2.33301 2.4101
2.4186 2.61809
2.42782 2.63803
2.51748 2.81347
2.52553 2.82461
2.6476 2.98606
2.66018 2.99763
2.80777 3.12503
2.81623 3.1301
2.99789 3.24649
3.14614 3.29396
3.17401 3.30155
3.3986 3.37261
3.58959 3.42713
3.63475 3.45883
3.94634 3.52584
4.16054 3.57088
4.48455 3.63976
4.61838 3.66417
4.86927 3.70682
4.95667 3.71885
5.18933 3.74797
5.22741 3.75221
5.43936 3.75894
5.47154 3.76153
5.68603 3.72606
5.72742 3.71641
5.93745 3.62711
5.98249 3.60301
6.17316 3.46491
6.21595 3.42751
6.37935 3.24916
6.41683 3.20075
6.54817 2.99392
6.57514 2.9426
6.66837 2.71727
6.6881 2.65677
6.74553 2.41924
6.75526 2.35865
6.77528 2.11791
6.77528 2.06051
6.75848 1.82518
6.75046 1.77482
6.70224 1.55273
6.68988 1.5132
6.62002 1.30757
6.6068 1.27683
6.52838 1.08353
6.51752 1.06057
6.44156 0.875424
6.43468 0.859855
6.36502 0.681427
6.36186 0.672278
6.29492 0.499085
6.29403 0.493376
6.22517 0.323982
6.2255 0.319493
6.1518 0.153542
6.1537 0.14911
6.0775 -0.0424306
5.98372 -0.17743
5.97167 -0.207266
5.86825 -0.351377
5.86936 -0.354685
5.73139 -0.478007
5.72222 -0.486092
5.54321 -0.569506
5.50691 -0.520978
5.37216 -0.548875
5.17724 -0.462671
5.168 -0.46606
5.08696 -0.339618
5.09858 -0.361349
5.0873 -0.209302
5.09037 -0.243154
5.09222 -0.0386927
5.09702 0.0105436
5.11995 0.293983
5.13054 0.385793
5.16347 0.702606
5.17861 0.845257
5.19738 1.10754
5.19687 1.16827
5.17338 1.3973
5.16167 1.45442
5.09045 1.67564
5.06959 1.70328
4.95993 1.89771
4.94089 1.92981
4.83448 2.16173
4.82629 2.17376
4.76279 2.32077
4.66043 2.52985
4.63765 2.58647
4.55887 2.76029
4.45487 2.99207
4.45423 2.98702
4.38963 3.17142
4.39912 3.12388
4.36871 3.2641
4.3659 3.2354
4.40478 3.36444
4.38881 3.35059
4.53335 3.38377
4.52453 3.3837
4.69544 3.25185
4.72707 3.22134
4.85546 3.05359
4.86438 3.03324
4.93246 2.81655
4.96518 2.70225
5.03121 2.29746
5.03956 2.18952
5.04468 1.94142
5.02396 1.7338
5.01095 1.66935
4.9878 1.4819
4.99192 1.48845
4.93181 1.31044
4.91185 1.26015
4.81687 1.03646
4.79955 0.994768
4.68066 0.753664
4.66247 0.71793
4.5291 0.511251
4.52418 0.501146
4.34374 0.347377
4.28028 0.340235
4.1249 0.220001
3.87885 0.141936
3.81993 0.127633
3.56732 0.120813
3.46992 0.129502
3.22982 0.173256
3.17107 0.192677
2.95949 0.272694
2.92117 0.295048
2.73068 0.378159
2.72045 0.383096
2.5443 0.455337
2.51045 0.456645
2.31119 0.544962
2.26904 0.566516
2.08069 0.7077
2.03639 0.746362
1.86995 0.925697
1.8303 0.973564
1.68754 1.16991
1.65328 1.22018
1.51994 1.42862
1.48793 1.47846
1.35165 1.70526
1.26685 1.90688
1.22732 1.96566
1.15289 2.17004
1.14227 2.20393
1.10173 2.41867
1.09656 2.45939
1.09104 2.68371
1.09291 2.72972
1.1215 2.95634
1.13077 3.00429
1.19358 3.22647
1.21096 3.27377
1.30774 3.48438
1.33059 3.53085
1.46076 3.75951
1.60515 3.92182
1.66119 3.98597
1.83013 4.16433
1.87492 4.21013
2.04714 4.37626
2.19522 4.32345
2.2643 4.34927
2.4292 4.26027
2.41922 4.27102
2.48305 4.13777
2.47669 4.15659
2.52315 4.00878
2.51813 4.03785
2.57022 3.89738
2.56871 3.9062
2.63524 3.72474
2.64626 3.69528
2.7308 3.47383
2.76689 3.41962
2.84693 3.20617
2.96487 2.96073
2.99114 2.90749
3.11091 2.72814
3.12702 2.70884
3.31259 2.5338
3.29076 2.55047
3.48814 2.46298
3.53292 2.44941
3.72382 2.39772
3.85228 2.4027
3.85305 2.38044
4.08646 2.38789
4.07638 2.38688
4.33371 2.4371
4.3378 2.43757
4.51719 2.49734
4.58817 2.52593
4.7802 2.61075
4.81478 2.62711
4.98274 2.72927
5.00155 2.73753
5.14446 2.90888
5.14852 2.97271
5.25867 3.12803
5.32806 3.33385
5.33202 3.37531
5.32978 3.63357
5.29741 3.84787
5.31446 3.91185
5.24724 4.14224
5.216 4.20299
5.0738 4.41204
4.92653 4.54342
4.8879 4.61025
4.68194 4.74133
4.62497 4.76449
4.38495 4.83251
4.17164 4.83144
4.09812 4.85551
3.86164 4.82713
3.8094 4.81137
3.59888 4.7072
3.5568 4.67443
3.39343 4.50547
3.36549 4.46189
3.2626 4.25365
3.26848 4.20322
3.20641 4.02418
3.16049 3.78535
3.15633 3.75534
3.16063 3.57054
3.15937 3.59818
3.20326 3.39445
3.21183 3.35275
3.28941 3.058
3.32875 2.90475
3.38886 2.64491
3.39904 2.59163
3.44028 2.30341
3.44979 2.23416
3.48042 2.00211
3.48889 1.97596
3.50428 1.82898
3.54192 1.63832
3.5433 1.63219
3.57253 1.424
3.57296 1.42792
3.58018 1.21909
3.58077 1.244
3.55461 0.989431
3.56375 1.01346
3.51135 0.861435
3.51291 0.861701
3.40461 0.728646
3.35141 0.680139
3.13673 0.491295
3.01518 0.380028
2.84502 0.209069
2.84099 0.200463
2.72014 0.0831544
2.73536 0.0822926
2.59735 -0.00764389
2.6075 -0.0100174
2.46786 -0.113422
2.45882 -0.125119
2.41317 -0.267267
2.47589 -0.188443
2.49884 -0.219717
2.49835 -0.039481
2.50503 -0.0440589
2.47316 0.119811
2.48331 0.109805
2.45602 0.183878
2.44828 0.349833
2.45316 0.349099
2.44429 0.526552
2.42908 0.573929
2.39403 0.726646
2.34122 0.937231
2.34621 0.930452
2.29119 1.08563
2.28987 1.08566
2.23096 1.25089
2.22844 1.25356
2.18066 1.43621
2.1776 1.44733
2.15897 1.64352
2.15984 1.66414
2.17549 1.8839
2.21408 2.05213
2.21854 2.08905
2.27266 2.28553
2.28101 2.30673
2.357 2.49764
2.3742 2.53893
2.45486 2.72468
2.46361 2.74042
2.56768 2.905
2.58251 2.92279
2.71749 3.06803
2.7316 3.07567
2.88636 3.18772
2.92341 3.19461
3.05657 3.27926
3.25881 3.33391
3.31845 3.36679
3.49951 3.41593
3.72248 3.48214
3.85601 3.51693
4.24658 3.59981
4.39449 3.62838
4.70476 3.69205
4.77863 3.70199
5.04478 3.74069
5.09857 3.7466
5.3172 3.76548
5.34928 3.77014
5.56226 3.75844
5.60017 3.75552
5.81507 3.69281
5.86056 3.67535
6.06267 3.56048
6.10843 3.52854
6.28571 3.36943
6.32807 3.32405
6.47514 3.13118
6.51026 3.0764
6.62062 2.86404
6.64529 2.80506
6.72087 2.57212
6.73602 2.50952
6.77484 2.27002
6.77982 2.20857
6.78155 1.96995
6.77726 1.91399
6.74477 1.68422
6.73406 1.63774
6.67517 1.42362
6.66208 1.38801
6.58802 1.18802
6.57586 1.16089
6.49943 0.971618
6.4905 0.951874
6.41915 0.770422
6.41415 0.757751
6.34726 0.582689
6.34511 0.574717
6.27812 0.40401
6.27756 0.398113
6.20682 0.230665
6.2073 0.225363
6.13386 0.0605325
6.11287 0.0246285
6.05594 -0.122438
5.9377 -0.291442
5.93919 -0.294743
5.81783 -0.429407
5.81243 -0.437126
5.65066 -0.541931
5.63098 -0.546374
5.44202 -0.584445
5.29673 -0.498369
5.25408 -0.510989
5.11442 -0.410695
5.12652 -0.421313
5.092 -0.271318
5.09793 -0.299448
5.09497 -0.152499
5.0965 -0.129363
5.10789 0.100661
5.11733 0.20325
5.14402 0.475558
5.15935 0.611929
5.19407 0.934702
5.19829 1.01677
5.19784 1.25904
5.19265 1.3086
5.14407 1.54347
5.1275 1.59278
5.03649 1.7878
5.00763 1.82049
4.90619 2.01369
4.87503 2.08052
4.7995 2.26049
4.72674 2.40407
4.70531 2.45095
4.60752 2.6721
4.52829 2.84576
4.49422 2.91027
4.42798 3.07391
4.42162 3.08647
4.38302 3.21321
4.38632 3.17505
4.38187 3.32475
4.37302 3.30694
4.46681 3.39703
4.44313 3.39374
4.60481 3.34134
4.63223 3.317
4.7922 3.15812
4.81058 3.13249
4.90143 2.95038
4.91687 2.90597
4.98183 2.61302
5.02 2.38753
5.05248 2.09967
5.05293 2.03182
5.03862 1.82337
5.00638 1.57869
5.00799 1.5704
4.97162 1.39998
4.97035 1.39262
4.88153 1.1746
4.8578 1.11747
4.76354 0.911442
4.72532 0.832687
4.61838 0.638585
4.5842 0.583381
4.46066 0.436302
4.41737 0.400467
4.21934 0.272964
4.03468 0.209978
3.96789 0.159599
3.73005 0.114934
3.65771 0.112563
3.37925 0.133638
3.31658 0.146567
3.08238 0.212037
3.04082 0.232382
2.83432 0.321457
2.81019 0.334376
2.63322 0.408211
2.62446 0.412759
2.4254 0.488364
2.38672 0.494621
2.18955 0.610346
2.14329 0.641968
1.96573 0.803339
1.92068 0.850419
1.76675 1.03838
1.72905 1.08919
1.59448 1.28933
1.55754 1.346
1.4328 1.55057
1.39479 1.6254
1.28473 1.81789
1.18371 2.04526
1.16869 2.08066
1.11117 2.28921
1.10286 2.3279
1.08008 2.54866
1.07835 2.59383
1.09028 2.82045
1.09603 2.86921
1.14188 3.09438
1.15567 3.14399
1.23581 3.36107
1.25752 3.40877
1.36579 3.61452
1.42071 3.67805
1.53256 3.86732
1.71271 4.0607
1.75839 4.10871
1.92896 4.28306
1.99988 4.29875
2.12087 4.37553
2.34699 4.31183
2.3561 4.31409
2.44811 4.21084
2.44237 4.21892
2.49455 4.06759
2.48925 4.09298
2.53809 3.94966
2.53182 3.97963
2.59336 3.81884
2.59813 3.80758
2.67339 3.60866
2.69434 3.55695
2.79022 3.3319
2.89793 3.13457
2.9225 3.041
3.03722 2.82928
3.05606 2.80046
3.19068 2.64413
3.24349 2.59267
3.37161 2.50921
3.40496 2.49932
3.62054 2.42567
3.64209 2.43721
3.76367 2.39473
3.94377 2.38342
3.99578 2.38371
4.16568 2.40317
4.24486 2.41853
4.42462 2.46405
4.43178 2.4666
4.67211 2.56048
4.69853 2.57113
4.89447 2.67057
4.91013 2.6748
5.06592 2.80153
5.09158 2.8351
5.21134 3.03824
5.26602 3.21851
5.3099 3.24491
5.33982 3.46575
5.32702 3.54284
5.32924 3.76286
5.29748 4.00102
5.28385 4.05919
5.17458 4.28375
5.11946 4.33359
5.00923 4.506
4.81735 4.66735
4.76477 4.70419
4.54196 4.80121
4.46487 4.78947
4.25985 4.85287
4.00735 4.85615
3.94918 4.85113
3.72289 4.78388
3.67397 4.7582
3.48557 4.61816
3.44887 4.57734
3.3169 4.38522
3.29695 4.33767
3.2252 4.12343
3.20117 3.93356
3.17333 3.87521
3.15308 3.66463
3.15438 3.6611
3.17681 3.5091
3.18472 3.4833
3.23667 3.26545
3.26604 3.14571
3.34752 2.81594
3.36792 2.73323
3.41135 2.5017
3.42431 2.39276
3.45734 2.1437
3.46528 2.09161
3.49017 1.8852
3.52218 1.73999
3.52088 1.72662
3.5534 1.54199
3.5582 1.51363
3.57495 1.33717
3.57667 1.30979
3.57181 1.15368
3.5652 1.07958
3.53821 0.92636
3.54739 0.944743
3.46225 0.786379
3.46839 0.793231
3.28555 0.61767
3.20875 0.546554
2.95999 0.307965
2.91472 0.267222
2.78551 0.128619
2.79909 0.127938
2.67056 0.0187221
2.68499 0.0159757
2.54483 -0.0756875
2.55118 -0.0773986
2.42115 -0.207701
2.44424 -0.181978
2.43895 -0.271359
2.48152 -0.130615
2.48626 -0.129444
2.46074 0.0351719
2.46974 0.0291052
2.44419 0.191715
2.42414 0.268112
2.43556 0.260669
2.42717 0.435336
2.43752 0.43674
2.39246 0.656214
2.35209 0.806353
2.35458 0.848161
2.3009 1.0083
2.30484 0.996603
2.24615 1.16441
2.24545 1.162
2.19276 1.33625
2.18894 1.34653
2.15593 1.53475
2.1539 1.5536
2.15527 1.75409
2.16297 1.79471
2.1776 1.96978
2.22973 2.17841
2.2369 2.20286
2.30177 2.39437
2.31231 2.41945
2.39655 2.62618
2.4068 2.64851
2.49758 2.82383
2.50761 2.8379
2.63155 2.99834
2.64671 3.01233
2.79346 3.14113
2.80506 3.14896
2.98351 3.2617
3.14574 3.29192
3.16931 3.32387
3.40203 3.40035
3.57617 3.46321
3.63336 3.46909
3.94338 3.53877
4.1576 3.58583
4.48038 3.65552
4.61545 3.68041
4.86609 3.72348
4.95484 3.7358
5.18671 3.76512
5.22728 3.77054
5.43909 3.77698
5.47443 3.77839
5.68927 3.74236
5.73382 3.73168
5.94429 3.64218
5.9921 3.61644
6.18309 3.47817
6.22818 3.43874
6.39179 3.2604
6.43103 3.20971
6.56241 3.00296
6.59075 2.94901
6.68408 2.72377
6.70465 2.66071
6.76214 2.42332
6.77234 2.36005
6.79281 2.11944
6.793 2.05929
6.77761 1.82392
6.76967 1.77078
6.72408 1.54823
6.71168 1.50596
6.64549 1.29948
6.63222 1.2665
6.55785 1.07265
6.54696 1.04813
6.47443 0.863251
6.46739 0.84648
6.39983 0.668829
6.39626 0.658265
6.33037 0.485864
6.32885 0.47843
6.26062 0.309653
6.26018 0.303227
6.18862 0.137256
6.18952 0.131349
6.10407 -0.0650082
6.01233 -0.201244
6.00261 -0.229009
5.89624 -0.373913
5.89363 -0.380758
5.74986 -0.501904
5.73559 -0.511945
5.54953 -0.58481
5.50981 -0.525146
5.3646 -0.557585
5.17192 -0.47409
5.17713 -0.475342
5.10197 -0.33954
5.1116 -0.359227
5.10162 -0.210494
5.10366 -0.242146
5.10538 -0.0397347
5.11001 0.0106188
5.13158 0.292184
5.14202 0.385513
5.17398 0.700801
5.18897 0.844779
5.20741 1.10637
5.20685 1.16942
5.18369 1.39822
5.17158 1.45771
5.10114 1.6789
5.07952 1.70868
4.97072 1.90264
4.95145 1.93582
4.84652 2.16596
4.83601 2.1838
4.77371 2.32722
4.67219 2.53471
4.65042 2.5929
4.57039 2.76613
4.4673 2.99622
4.4659 2.99222
4.40198 3.17437
4.40982 3.13163
4.38203 3.26502
4.37816 3.23476
4.42068 3.38336
4.40676 3.3749
4.53317 3.39157
4.52849 3.38916
4.70437 3.26307
4.7367 3.22905
4.86257 3.05894
4.873 3.03584
4.94183 2.81943
4.97466 2.7028
5.04079 2.2999
5.04957 2.18969
5.06111 1.94212
5.04404 1.73347
5.0229 1.66723
4.99792 1.48089
5.00133 1.485
4.94202 1.30713
4.92138 1.25537
4.82617 1.03314
4.80788 0.989843
4.68826 0.750597
4.66883 0.713193
4.53472 0.508121
4.52798 0.496134
4.34691 0.344358
4.28497 0.334645
4.1246 0.21523
3.88109 0.135553
3.81996 0.120244
3.56766 0.110716
3.46802 0.118438
3.22744 0.159443
3.1661 0.178819
2.9541 0.25671
2.91372 0.278936
2.72358 0.359095
2.71193 0.36443
2.53778 0.437234
2.50265 0.442048
2.30341 0.528851
2.2585 0.552403
2.0687 0.69245
2.02176 0.732815
1.85401 0.910986
1.81235 0.960704
1.66845 1.15582
1.63255 1.2077
1.50023 1.41549
1.46752 1.46747
1.33726 1.69469
1.2355 1.88948
1.20929 1.95891
1.13093 2.16243
1.11947 2.19952
1.07947 2.41488
1.07418 2.45878
1.0691 2.68342
1.0712 2.73242
1.10032 2.95918
1.11036 3.01001
1.17364 3.23225
1.19199 3.28239
1.28679 3.49395
1.31294 3.54158
1.44892 3.76359
1.59973 3.92733
1.64346 4.00311
1.81062 4.18209
1.85826 4.22726
2.03319 4.38244
2.19872 4.33023
2.26377 4.34628
2.39509 4.28615
2.39437 4.28312
2.46649 4.13214
2.46017 4.15084
2.50656 4.00706
2.50231 4.03231
2.55621 3.89293
2.55517 3.90042
2.62416 3.72135
2.63621 3.69069
2.72467 3.47215
2.7619 3.4174
2.845 3.20745
2.96418 2.96116
2.99046 2.90626
3.11056 2.72875
3.12776 2.70858
3.31109 2.54007
3.2935 2.55405
3.48991 2.4694
3.5355 2.45534
3.72392 2.40608
3.85262 2.40886
3.8538 2.38762
4.08545 2.39218
4.07638 2.39144
4.3326 2.4389
4.33794 2.43958
4.51615 2.49812
4.58848 2.52705
4.77947 2.61064
4.81545 2.62735
4.98255 2.72835
5.00247 2.73761
5.14456 2.90794
5.15325 2.97476
5.25943 3.12868
5.33108 3.33245
5.33747 3.37571
5.34086 3.63183
5.31409 3.84444
5.32031 3.9139
5.25415 4.14421
5.22271 4.20763
5.08763 4.41784
4.93259 4.55331
4.89367 4.61954
4.68816 4.75155
4.62801 4.7746
4.38786 4.83619
4.17196 4.83315
4.09675 4.86709
3.85995 4.83887
3.80465 4.82166
3.59473 4.71538
3.5506 4.68047
3.38931 4.50978
3.3606 4.46398
3.26059 4.25527
3.2655 4.20398
3.20551 4.02353
3.16106 3.78598
3.15693 3.75461
3.16165 3.57414
3.16075 3.59773
3.20447 3.39543
3.21394 3.3526
3.2876 3.05826
3.32574 2.90333
3.38313 2.64446
3.39203 2.58967
3.43242 2.30306
3.44211 2.23247
3.47149 2.00175
3.48051 1.97475
3.49532 1.82596
3.53297 1.63736
3.53459 1.63007
3.56409 1.42376
3.56455 1.42664
3.57306 1.2198
3.5735 1.24373
3.5505 0.990722
3.55898 1.014
3.50977 0.86291
3.51074 0.862278
3.40662 0.727684
3.3537 0.676554
3.14545 0.482481
3.02685 0.36831
2.86202 0.194183
2.85734 0.182948
2.74065 0.0594087
2.75252 0.0560685
2.62055 -0.0469468
2.63127 -0.0503687
2.49582 -0.14844
2.49128 -0.151186
2.40967 -0.265146
2.44758 -0.191428
2.45037 -0.215127
2.44278 -0.0505636
2.4544 -0.054672
2.42574 0.107691
2.43813 0.101852
2.4138 0.179348
2.40758 0.345541
2.41395 0.346957
2.40522 0.520059
2.39103 0.566862
2.35873 0.717237
2.31009 0.925664
2.31465 0.919998
2.26256 1.07533
2.26108 1.0763
2.20653 1.24244
2.20359 1.24755
2.16027 1.43117
2.15708 1.44539
2.14153 1.6421
2.14202 1.66571
2.15259 1.88347
2.19227 2.0473
2.19756 2.09504
2.25267 2.29082
2.26147 2.31461
2.3355 2.50575
2.35297 2.54816
2.434 2.73363
2.44428 2.7521
2.55007 2.91653
2.56701 2.93653
2.70267 3.082
2.71879 3.09203
2.87413 3.20566
2.92091 3.19792
3.05646 3.28817
3.25277 3.35581
3.31302 3.39246
3.48847 3.44605
3.71934 3.49344
3.85454 3.52915
4.24235 3.61417
4.39175 3.64404
4.70041 3.70811
4.77686 3.71862
5.04152 3.75755
5.09736 3.76385
5.31569 3.78351
5.3504 3.78798
5.56374 3.77513
5.60479 3.77149
5.82009 3.70837
5.86853 3.68957
6.07102 3.57451
6.1193 3.54075
6.29686 3.38156
6.34121 3.33407
6.48843 3.14122
6.52503 3.08413
6.63553 2.87168
6.66128 2.81017
6.73691 2.57737
6.75271 2.51218
6.79175 2.27282
6.79706 2.2087
6.79966 1.97018
6.7955 1.91148
6.76503 1.68154
6.75437 1.6323
6.69867 1.41755
6.68553 1.37937
6.61544 1.17872
6.60324 1.14963
6.53064 0.960264
6.52163 0.939138
6.45303 0.758279
6.44773 0.744275
6.38232 0.569995
6.37963 0.560424
6.31341 0.390412
6.31212 0.382685
6.24271 0.215586
6.24262 0.208455
6.16647 0.0450073
6.15193 0.0104621
6.08259 -0.146017
5.96764 -0.311243
5.96624 -0.318353
5.84032 -0.452486
5.83037 -0.463139
5.66155 -0.561989
5.63623 -0.563141
5.44611 -0.587817
5.29666 -0.499526
5.24774 -0.52138
5.12404 -0.408975
5.13799 -0.421325
5.10775 -0.275642
5.11193 -0.299261
5.10843 -0.15291
5.1098 -0.128989
5.1204 0.0993764
5.12947 0.202845
5.15512 0.473911
5.17023 0.611516
5.20423 0.93283
5.20842 1.01702
5.20795 1.25878
5.20255 1.31087
5.15456 1.54544
5.13738 1.59722
5.04657 1.79174
5.01754 1.82653
4.91759 2.01852
4.8863 2.08594
4.81002 2.26931
4.73851 2.40936
4.71599 2.45681
4.61913 2.67661
4.54133 2.85064
4.50601 2.91568
4.44011 3.07778
4.43364 3.0908
4.39494 3.21974
4.39728 3.18643
4.39471 3.32258
4.38351 3.3021
4.48344 3.4208
4.46434 3.41712
4.60887 3.35011
4.63979 3.32484
4.79982 3.16579
4.81955 3.13727
4.90972 2.95437
4.92627 2.90743
4.99144 2.61503
5.02969 2.38857
5.06502 2.10167
5.06509 2.0314
5.0565 1.82196
5.01897 1.57795
5.01871 1.56781
4.98155 1.39786
4.9796 1.3882
4.8913 1.17122
4.86677 1.11275
4.77202 0.90799
4.73269 0.828134
4.62498 0.635329
4.58942 0.57879
4.46494 0.432795
4.42002 0.395755
4.22306 0.270197
4.03586 0.204714
3.9686 0.153669
3.7316 0.106916
3.65674 0.103612
3.37871 0.12157
3.31317 0.134209
3.07862 0.197063
3.03482 0.218363
2.82817 0.304769
2.80207 0.316366
2.626 0.388981
2.61546 0.393049
2.4184 0.471863
2.37832 0.480125
2.18003 0.595159
2.13087 0.628264
1.95183 0.788457
1.9045 0.837247
1.74935 1.02409
1.70983 1.07662
1.57474 1.27585
1.53698 1.33403
1.41452 1.53941
1.35504 1.60712
1.26286 1.8044
1.1635 2.03565
1.14835 2.07478
1.08923 2.28361
1.08049 2.32552
1.05823 2.54671
1.05655 2.59495
1.0689 2.82176
1.07516 2.87343
1.12155 3.09867
1.13625 3.15108
1.21571 3.36855
1.23819 3.41896
1.34999 3.62291
1.40724 3.68454
1.5264 3.87624
1.69526 4.07593
1.7404 4.12681
1.91378 4.29728
1.99351 4.30237
2.12074 4.37387
2.31799 4.34184
2.32367 4.33987
2.43315 4.2026
2.42661 4.21211
2.4759 4.0705
2.47234 4.08961
2.52295 3.9471
2.51744 3.97345
2.5809 3.81484
2.58643 3.80236
2.66478 3.60602
2.68735 3.55334
2.78651 3.33149
2.89424 3.13287
2.92221 3.04005
3.03631 2.82956
3.05608 2.79959
3.19115 2.64559
3.24216 2.59694
3.37343 2.51408
3.40766 2.50433
3.62195 2.43273
3.64295 2.44388
3.76508 2.40268
3.94315 2.38945
3.99614 2.38915
4.16444 2.40663
4.24496 2.42143
4.42354 2.46524
4.43193 2.46826
4.67121 2.56083
4.69894 2.5719
4.89401 2.66995
4.91068 2.67525
5.0657 2.80076
5.09239 2.83539
5.21498 3.03937
5.27381 3.21688
5.31215 3.24512
5.34706 3.46456
5.33715 3.54281
5.34277 3.7598
5.30439 4.00183
5.28983 4.06228
5.1841 4.28822
5.11771 4.33369
5.01327 4.51487
4.82447 4.67607
4.76947 4.71447
4.54547 4.80885
4.46747 4.79558
4.25826 4.85636
4.00739 4.86622
3.94618 4.86233
3.71978 4.79368
3.66827 4.76615
3.4812 4.62418
3.44317 4.58109
3.31376 4.38787
3.29345 4.33837
3.22432 4.12467
3.20058 3.93883
3.17324 3.87451
3.15364 3.66531
3.15514 3.66327
3.17797 3.51004
3.18665 3.483
3.23759 3.26642
3.26566 3.14489
3.34331 2.81571
3.36328 2.73159
3.40411 2.50113
3.41685 2.39106
3.44904 2.14338
3.45695 2.08993
3.48141 1.88539
3.51411 1.73859
3.51192 1.72421
3.54465 1.54127
3.54963 1.51194
3.56697 1.3373
3.56888 1.30906
3.56562 1.15471
3.55977 1.0796
3.53508 0.92789
3.54357 0.945634
3.4625 0.787054
3.4676 0.793007
3.29058 0.613297
3.21459 0.539099
2.97423 0.296078
2.92912 0.253208
2.80494 0.110564
2.81552 0.108189
2.69258 -0.0102108
2.70409 -0.0152105
2.56982 -0.115254
2.58077 -0.120711
2.44873 -0.229771
2.4488 -0.219175
2.40592 -0.270487
2.41456 -0.133254
2.4289 -0.138842
2.4087 0.0221243
2.42102 0.0184523
2.40242 0.183774
2.38348 0.26266
2.39461 0.257834
2.38675 0.431344
2.39442 0.432059
2.35363 0.647245
2.31856 0.796278
2.32159 0.837753
2.27118 0.99727
2.27439 0.987466
2.21989 1.15481
2.21862 1.15461
2.17046 1.32978
2.16646 1.34272
2.13727 1.53181
2.13534 1.55365
2.13543 1.75413
2.14559 1.79509
2.15453 1.96707
2.20915 2.18294
2.21705 2.20964
2.2811 2.40107
2.29216 2.4284
2.37521 2.63398
2.38656 2.65873
2.47857 2.83386
2.49061 2.85077
2.61556 3.01071
2.63297 3.0272
2.77959 3.15656
2.79544 3.16482
2.97916 3.26476
3.14205 3.30836
3.16566 3.33927
3.39433 3.4278
3.57349 3.47118
3.63069 3.49205
3.9404 3.55125
4.15487 3.59978
4.47624 3.67092
4.61251 3.69653
4.86289 3.74006
4.95299 3.75268
5.18406 3.78239
5.22721 3.78914
5.43877 3.79521
5.47739 3.79526
5.69247 3.7584
5.74012 3.74665
5.95093 3.65685
6.00149 3.62953
6.19278 3.49114
6.24015 3.44971
6.40393 3.27141
6.44493 3.21848
6.57634 3.01183
6.60605 2.95529
6.69946 2.73016
6.72088 2.66457
6.77847 2.42735
6.78916 2.36144
6.81013 2.12101
6.81056 2.05816
6.79658 1.82283
6.78874 1.76697
6.74576 1.54406
6.73339 1.49913
6.67082 1.29194
6.65757 1.25673
6.58714 1.06244
6.57624 1.0363
6.50702 0.85169
6.4998 0.833599
6.43427 0.656642
6.43026 0.644576
6.36542 0.472911
6.36325 0.463734
6.29599 0.295504
6.29492 0.287243
6.22286 0.122025
6.22264 0.113606
6.13569 -0.0766989
6.05216 -0.212294
6.03197 -0.250237
5.92193 -0.395147
5.91546 -0.405419
5.7656 -0.523678
5.74605 -0.535143
5.55366 -0.595431
5.51375 -0.53051
5.36356 -0.557714
5.17309 -0.473552
5.17938 -0.478242
5.11789 -0.347313
5.12595 -0.362414
5.1159 -0.212471
5.11742 -0.241113
5.11837 -0.0407443
5.12289 0.0107517
5.14329 0.290422
5.15357 0.385265
5.18456 0.69901
5.19939 0.844302
5.21747 1.10521
5.21684 1.17057
5.19395 1.39911
5.18148 1.46096
5.11139 1.68198
5.0887 1.71373
4.98123 1.90741
4.96195 1.94176
4.85833 2.17007
4.84712 2.18878
4.78523 2.33401
4.68368 2.53938
4.66247 2.59927
4.58196 2.77184
4.47973 3.00035
4.47762 2.99744
4.41433 3.17733
4.42212 3.13606
4.39392 3.27503
4.39068 3.25099
4.42844 3.37853
4.41253 3.36758
4.5525 3.40764
4.54221 3.40857
4.71065 3.27156
4.74514 3.23558
4.87031 3.06458
4.88206 3.03861
4.95092 2.82227
4.98418 2.70339
5.05258 2.30291
5.06119 2.19025
5.07566 1.94337
5.05159 1.73344
5.03708 1.66474
5.00846 1.47974
5.01121 1.48141
4.95173 1.30404
4.93054 1.25073
4.83531 1.02986
4.81605 0.984944
4.69578 0.74752
4.67512 0.708451
4.54016 0.505078
4.53162 0.491231
4.35046 0.340776
4.27828 0.323862
4.12425 0.211504
3.88334 0.129341
3.82004 0.113026
3.56813 0.100862
3.46627 0.107608
3.22529 0.145968
3.16137 0.165234
2.9491 0.241015
2.90658 0.263377
2.71658 0.33986
2.70325 0.345458
2.53041 0.418105
2.49475 0.426781
2.29626 0.513697
2.24829 0.538572
2.05715 0.677507
2.00757 0.719513
1.8385 0.896449
1.79477 0.947944
1.64992 1.14197
1.61254 1.19565
1.48123 1.40297
1.44464 1.45603
1.30662 1.68139
1.20316 1.86995
1.18797 1.95043
1.11078 2.15509
1.09822 2.19541
1.05778 2.41123
1.05233 2.45825
1.0477 2.68316
1.05008 2.73512
1.07967 2.96198
1.09043 3.01565
1.15372 3.238
1.17287 3.29092
1.26851 3.50227
1.29702 3.55181
1.43779 3.76777
1.57982 3.94701
1.62967 4.01627
1.79331 4.19796
1.84425 4.24227
2.02607 4.38483
2.19788 4.33018
2.23417 4.37073
2.38425 4.27513
2.38114 4.27441
2.44439 4.14033
2.44121 4.15209
2.49026 4.00618
2.4868 4.02806
2.54269 3.88846
2.54223 3.89462
2.6137 3.718
2.6269 3.68618
2.7188 3.47045
2.75526 3.40953
2.84334 3.20547
2.96273 2.96119
2.99021 2.90529
3.11031 2.72945
3.12858 2.70841
3.31307 2.54372
3.29661 2.55835
3.49164 2.47591
3.53805 2.46137
3.72399 2.41419
3.85288 2.41496
3.85464 2.3946
4.08449 2.39656
4.07641 2.39605
4.33146 2.44087
4.33805 2.44173
4.51509 2.49899
4.58878 2.52818
4.77874 2.61054
4.81609 2.62764
4.98216 2.72769
5.00315 2.73792
5.14497 2.90677
5.15823 2.97125
5.26466 3.12869
5.33511 3.33075
5.3427 3.376
5.35228 3.63017
5.31986 3.84545
5.32884 3.91661
5.26176 4.14638
5.22875 4.21163
5.09125 4.41831
4.93363 4.55384
4.89936 4.62862
4.69346 4.76011
4.63041 4.78344
4.39068 4.8399
4.17043 4.84427
4.09563 4.87484
3.85845 4.84951
3.80012 4.83118
3.59076 4.7231
3.5447 4.68605
3.38541 4.51383
3.35595 4.46585
3.25854 4.25687
3.26065 4.20554
3.20421 4.02742
3.16159 3.78662
3.15714 3.7539
3.16264 3.57529
3.16192 3.59723
3.20551 3.39636
3.21601 3.35242
3.28603 3.0586
3.32276 2.90196
3.37724 2.64403
3.38474 2.58765
3.42436 2.30272
3.43422 2.23079
3.46288 2.00147
3.47256 1.97361
3.48748 1.82316
3.52399 1.63638
3.52573 1.62789
3.55565 1.42349
3.55615 1.4253
3.56597 1.22045
3.56593 1.24081
3.54612 0.992001
3.5541 1.01449
3.50802 0.864415
3.50846 0.862876
3.4085 0.726915
3.35592 0.67322
3.15393 0.474433
3.03818 0.357494
2.8783 0.180558
2.87331 0.167005
2.76104 0.0382464
2.76986 0.0332536
2.64353 -0.0799661
2.65403 -0.0875133
2.52262 -0.18764
2.53124 -0.19734
2.41293 -0.300256
2.38656 -0.224395
2.38979 -0.218383
2.38492 -0.0618568
2.40033 -0.0661393
2.3822 0.0981642
2.39407 0.0955086
2.3722 0.17543
2.36698 0.341336
2.37546 0.344116
2.36506 0.514969
2.35116 0.559323
2.322 0.708388
2.27883 0.914614
2.28299 0.910109
2.23417 1.06569
2.23251 1.06776
2.18228 1.2347
2.17902 1.24225
2.14007 1.42663
2.13685 1.44385
2.12276 1.64071
2.12321 1.66703
2.13187 1.88197
2.17605 2.05236
2.17796 2.1007
2.23225 2.29627
2.2417 2.32243
2.31462 2.51344
2.33245 2.55712
2.41396 2.74231
2.42582 2.76348
2.53293 2.92787
2.55181 2.95012
2.68798 3.09583
2.70611 3.10821
2.86678 3.21626
2.90609 3.21579
3.05471 3.29791
3.24566 3.37583
3.31214 3.39646
3.48568 3.46618
3.71612 3.51298
3.8525 3.54806
4.23817 3.62802
4.38908 3.65912
4.69606 3.72403
4.77507 3.73516
5.03822 3.7744
5.09611 3.78111
5.31425 3.80179
5.35149 3.8061
5.56528 3.79178
5.60942 3.78733
5.825 3.7236
5.87635 3.70347
6.07915 3.58822
6.12993 3.55268
6.30775 3.39343
6.35407 3.34387
6.50142 3.15106
6.5395 3.0917
6.65013 2.87918
6.67695 2.81518
6.75266 2.58256
6.76911 2.5148
6.80842 2.27562
6.81409 2.20888
6.81761 1.97049
6.8136 1.90912
6.78511 1.67909
6.77457 1.62716
6.72201 1.41191
6.70891 1.37122
6.64269 1.17004
6.6305 1.13897
6.56161 0.949572
6.5525 0.926971
6.48655 0.746646
6.48093 0.731204
6.41698 0.557629
6.41374 0.546407
6.34844 0.377034
6.34652 0.367501
6.27742 0.201045
6.27634 0.191854
6.19904 0.0288743
6.19152 -0.00873516
6.1204 -0.156792
5.99614 -0.330566
5.99127 -0.341037
5.86033 -0.473957
5.84566 -0.487247
5.6697 -0.578817
5.63987 -0.578002
5.44898 -0.590016
5.29961 -0.497318
5.24716 -0.520992
5.14136 -0.424216
5.14919 -0.429514
5.12265 -0.277366
5.12613 -0.29983
5.12199 -0.153275
5.12317 -0.12857
5.13285 0.0981422
5.14162 0.202482
5.16629 0.472296
5.18117 0.611119
5.21443 0.930963
5.21858 1.01726
5.21805 1.25851
5.21243 1.31312
5.16485 1.54733
5.14708 1.60159
5.05672 1.79567
5.02704 1.83233
4.92886 2.02325
4.89739 2.09126
4.82202 2.27308
4.74952 2.41439
4.72678 2.4627
4.63045 2.68118
4.55402 2.85524
4.51781 2.92107
4.45226 3.08166
4.4455 3.09509
4.40755 3.2228
4.41023 3.1886
4.40655 3.3375
4.39857 3.32422
4.48608 3.41581
4.46475 3.41369
4.61888 3.36547
4.6509 3.3361
4.80686 3.17292
4.8283 3.14186
4.9182 2.95842
4.93586 2.90892
5.00158 2.61717
5.04103 2.39011
5.07783 2.10388
5.06777 2.03097
5.06723 1.81999
5.03089 1.57701
5.03076 1.56482
4.99156 1.39567
4.9889 1.38376
4.90077 1.16796
4.87549 1.1081
4.78036 0.904551
4.73994 0.823587
4.63147 0.632089
4.59447 0.57426
4.46929 0.429173
4.42212 0.391776
4.21928 0.258632
4.03809 0.193839
3.96925 0.148219
3.7332 0.0991113
3.65588 0.094851
3.37834 0.109809
3.30995 0.122118
3.07511 0.182409
3.02921 0.204689
2.82218 0.288137
2.79417 0.29844
2.61852 0.369061
2.6063 0.373645
2.41145 0.455044
2.37024 0.466122
2.17089 0.580365
2.11885 0.614825
1.93838 0.773817
1.88874 0.824257
1.73241 1.00998
1.6911 1.06425
1.55576 1.26282
1.51693 1.32258
1.39073 1.52553
1.33209 1.5972
1.23328 1.78731
1.14166 2.02521
1.12751 2.06874
1.0685 2.27819
1.0591 2.32328
1.0369 2.54484
1.03529 2.59609
1.04808 2.82305
1.05483 2.8776
1.10152 3.10291
1.11699 3.15808
1.19661 3.37561
1.2205 3.42857
1.33556 3.63087
1.37926 3.71166
1.51347 3.88926
1.6783 4.08956
1.72531 4.14216
1.90268 4.30802
1.9869 4.30608
2.12005 4.37115
2.31364 4.33304
2.31656 4.3313
2.40852 4.21486
2.4049 4.21892
2.45938 4.06853
2.45593 4.08716
2.50859 3.94395
2.5038 3.96735
2.56902 3.81084
2.57539 3.79717
2.65668 3.60342
2.68061 3.54968
2.78238 3.32586
2.88792 3.12965
2.92106 3.03865
3.03559 2.82994
3.05632 2.79889
3.19186 2.64732
3.24431 2.59858
3.3754 2.51925
3.41045 2.50974
3.6233 2.43974
3.64387 2.45048
3.7665 2.41037
3.94259 2.39541
3.99655 2.39455
4.16323 2.41019
4.24505 2.42445
4.42243 2.46656
4.43205 2.47
4.67032 2.56117
4.69935 2.57266
4.89347 2.66947
4.91107 2.67589
5.0654 2.80006
5.09395 2.83512
5.21772 3.03605
5.27641 3.21586
5.31702 3.24468
5.35424 3.4632
5.33324 3.55467
5.35024 3.76291
5.3125 4.00303
5.29724 4.0659
5.18968 4.29043
5.12036 4.33725
5.01409 4.5183
4.83024 4.68302
4.77353 4.72372
4.54857 4.81567
4.45617 4.81554
4.25646 4.86257
4.00768 4.87565
3.94362 4.87149
3.71685 4.80284
3.66284 4.77351
3.47706 4.62982
3.43776 4.58451
3.31073 4.39041
3.28996 4.33903
3.22113 4.12697
3.19706 3.93975
3.17288 3.87385
3.15425 3.66599
3.15583 3.66298
3.17893 3.51094
3.18864 3.48269
3.23845 3.26737
3.26536 3.14409
3.3391 2.81553
3.35851 2.72997
3.39669 2.50051
3.40916 2.38935
3.44073 2.14308
3.44874 2.08828
3.47347 1.88566
3.50457 1.74175
3.50347 1.72191
3.53581 1.54051
3.541 1.51022
3.55901 1.33739
3.56109 1.30827
3.55906 1.15312
3.55417 1.07959
3.53178 0.92941
3.53961 0.946502
3.46258 0.787832
3.46667 0.792887
3.29543 0.609366
3.22027 0.532188
2.98782 0.285383
2.94302 0.240115
2.82394 0.0942111
2.83184 0.0904364
2.71397 -0.0346619
2.72249 -0.0412097
2.59459 -0.152341
2.60683 -0.162237
2.47621 -0.265954
2.47511 -0.251706
2.36106 -0.308572
2.34796 -0.14101
2.36994 -0.148527
2.36033 0.0121961
2.37373 0.010617
2.36139 0.17717
2.34296 0.257638
2.35361 0.255114
2.34627 0.426341
2.35192 0.428712
2.31374 0.638142
2.28389 0.786879
2.28796 0.827841
2.24153 0.98688
2.24407 0.978999
2.19381 1.14597
2.19208 1.148
2.14834 1.32393
2.14428 1.33948
2.11813 1.52907
2.11617 1.5537
2.11582 1.75396
2.13164 1.79472
2.13893 1.97339
2.18926 2.18722
2.19745 2.21625
2.26057 2.40762
2.27229 2.43715
2.35461 2.64151
2.36712 2.6687
2.4602 2.84367
2.47419 2.86335
2.5998 3.02298
2.61941 3.04188
2.76888 3.16882
2.78807 3.17862
2.97068 3.27446
3.11469 3.33187
3.16185 3.35156
3.38807 3.43945
3.5719 3.47956
3.62888 3.5119
3.93725 3.56884
4.15187 3.61513
4.47213 3.68586
4.60959 3.71237
4.85966 3.75657
4.95111 3.76954
5.18134 3.79978
5.22719 3.80754
5.43845 3.81325
5.48043 3.81213
5.69567 3.7742
5.74635 3.76137
5.95741 3.6712
6.01069 3.64232
6.20224 3.50384
6.25186 3.46044
6.4158 3.2822
6.45854 3.22705
6.58998 3.02053
6.62104 2.96144
6.71454 2.73644
6.73681 2.66836
6.79454 2.43134
6.80573 2.36283
6.82725 2.12262
6.82796 2.05713
6.81538 1.82188
6.80768 1.76337
6.76727 1.54022
6.75502 1.49268
6.69599 1.28493
6.68282 1.24752
6.61622 1.05289
6.60532 1.02508
6.53928 0.840727
6.53187 0.821207
6.46832 0.644867
6.46385 0.631222
6.40012 0.460223
6.39734 0.449293
6.33072 0.281691
6.32883 0.271548
6.25625 0.106946
6.25509 0.0957505
6.17423 -0.094257
6.08141 -0.234849
6.05878 -0.269818
5.94547 -0.4153
5.93496 -0.428743
5.77868 -0.543169
5.75381 -0.555615
5.55663 -0.604159
5.51826 -0.536971
5.36453 -0.555618
5.18979 -0.490544
5.19296 -0.494571
5.13152 -0.346818
5.13863 -0.363142
5.12997 -0.214313
5.13122 -0.240038
5.13138 -0.0417034
5.13578 0.0109386
5.15502 0.288699
5.16516 0.38505
5.19519 0.697237
5.20985 0.843831
5.22754 1.10405
5.22683 1.1717
5.20412 1.39998
5.19127 1.46418
5.12162 1.68505
5.09819 1.71891
4.99184 1.91216
4.97215 1.9475
4.87015 2.17415
4.85813 2.19365
4.7956 2.3403
4.69515 2.54402
4.67442 2.60582
4.59337 2.77736
4.49216 3.00446
4.48936 3.00269
4.42685 3.18032
4.4333 3.14333
4.40668 3.27578
4.40301 3.25032
4.44238 3.39968
4.43344 3.39522
4.55199 3.41475
4.54577 3.41309
4.71937 3.28203
4.75482 3.24295
4.87802 3.07015
4.89115 3.04137
4.96032 2.82517
4.99459 2.70415
5.06426 2.306
5.07293 2.191
5.08268 1.945
5.05515 1.73358
5.0484 1.66248
5.01966 1.47828
5.02185 1.4775
4.96138 1.30096
4.93954 1.24613
4.84427 1.02663
4.82403 0.98009
4.7032 0.744449
4.68127 0.703732
4.54555 0.502012
4.53514 0.486416
4.35396 0.337304
4.28557 0.315364
4.12505 0.201039
3.88581 0.122696
3.82017 0.106115
3.5687 0.0912662
3.46465 0.0970254
3.22336 0.132815
3.15686 0.151908
2.94446 0.225458
2.89967 0.248048
2.70973 0.320391
2.69454 0.326244
2.52282 0.399018
2.48716 0.411662
2.2898 0.499915
2.23841 0.525105
2.046 0.662847
1.9938 0.706428
1.82343 0.882107
1.77762 0.935348
1.63198 1.12842
1.59314 1.18398
1.46082 1.3894
1.42235 1.44421
1.28049 1.66756
1.19156 1.86395
1.1628 1.94056
1.09067 2.14783
1.07741 2.19139
1.03692 2.40767
1.0312 2.45777
1.02683 2.68293
1.02949 2.7378
1.05945 2.96473
1.07086 3.02122
1.13431 3.2436
1.15448 3.29921
1.25172 3.51005
1.27982 3.56375
1.41943 3.78912
1.54246 3.97156
1.61443 4.03011
1.77914 4.21083
1.83364 4.25466
2.02109 4.38635
2.18869 4.32309
2.23214 4.36418
2.36217 4.28757
2.35823 4.28616
2.42908 4.13509
2.42491 4.14868
2.47546 4.00349
2.47234 4.02332
2.52987 3.88408
2.52997 3.88887
2.60382 3.71468
2.61817 3.68171
2.71229 3.46839
2.74652 3.40541
2.83919 3.20202
2.96063 2.96089
2.98979 2.90421
3.11031 2.73034
3.12968 2.70852
3.31352 2.54895
3.2996 2.56247
3.49337 2.48261
3.54059 2.46753
3.72408 2.42205
3.85228 2.42087
3.85555 2.40141
4.08357 2.40097
4.07649 2.40068
4.33032 2.44296
4.33815 2.444
4.51401 2.49991
4.58909 2.52929
4.77799 2.61047
4.81669 2.62801
4.98166 2.72719
5.00375 2.73832
5.14647 2.9048
5.1606 2.97721
5.26755 3.12906
5.34044 3.32873
5.34586 3.37635
5.35718 3.63858
5.32254 3.84565
5.33668 3.9192
5.26892 4.14843
5.23404 4.2153
5.0942 4.42049
4.93802 4.56105
4.90282 4.63459
4.69816 4.76767
4.63249 4.79178
4.38029 4.85861
4.16967 4.87155
4.09461 4.88311
3.8573 4.85877
3.79599 4.83959
3.58701 4.73035
3.53909 4.69119
3.3817 4.51765
3.35151 4.46755
3.25538 4.25892
3.25779 4.20614
3.20107 4.02691
3.16137 3.78736
3.15735 3.75319
3.16328 3.57836
3.16293 3.59671
3.20671 3.39733
3.21753 3.35208
3.28447 3.05896
3.31977 2.90062
3.3712 2.64365
3.37725 2.58556
3.41621 2.30238
3.42625 2.22912
3.45467 2.00123
3.46318 1.9723
3.47837 1.82498
3.51516 1.63544
3.5171 1.62574
3.54716 1.42318
3.54772 1.42391
3.55873 1.22105
3.55856 1.24037
3.54169 0.993233
3.54905 1.01493
3.50608 0.865947
3.50602 0.863499
3.41019 0.726387
3.358 0.67018
3.16211 0.467144
3.04903 0.34756
2.89391 0.167996
2.88894 0.152419
2.78064 0.0197837
2.78677 0.0134246
2.66621 -0.10789
2.67418 -0.116599
2.54857 -0.227192
2.55829 -0.236339
2.41436 -0.314334
2.38124 -0.223687
2.33799 -0.22769
2.32968 -0.0711148
2.34823 -0.0742142
2.33953 0.0908889
2.35098 0.0905406
2.33095 0.171927
2.32602 0.337148
2.33613 0.340388
2.32388 0.510592
2.31072 0.551646
2.28433 0.700331
2.24722 0.9042
2.25108 0.90086
2.20598 1.05672
2.20414 1.06004
2.15822 1.22765
2.15475 1.23762
2.11975 1.42248
2.11649 1.44254
2.10369 1.63935
2.10437 1.66818
2.11836 1.88024
2.15946 2.05332
2.15966 2.10589
2.21205 2.30156
2.22211 2.33008
2.2942 2.52088
2.31252 2.56589
2.39462 2.75076
2.40806 2.77459
2.5162 2.93902
2.53693 2.9635
2.67505 3.10817
2.6957 3.12261
2.8585 3.22891
2.88969 3.24394
3.02979 3.31508
3.2398 3.38918
3.30885 3.4046
3.48537 3.47771
3.71316 3.53155
3.85074 3.56611
4.23366 3.64345
4.38634 3.67443
4.69172 3.73968
4.77325 3.75153
5.03488 3.79127
5.09481 3.79846
5.31283 3.82003
5.35259 3.82415
5.5669 3.80837
5.61407 3.80303
5.82983 3.73854
5.88404 3.7171
6.08708 3.60163
6.14033 3.56432
6.31838 3.40507
6.36665 3.35345
6.51413 3.16071
6.55367 3.0991
6.66443 2.88655
6.69231 2.82009
6.76812 2.58767
6.78524 2.51739
6.82486 2.27842
6.83092 2.2091
6.83539 1.9709
6.8316 1.9069
6.80508 1.67686
6.79466 1.62232
6.74519 1.40669
6.7322 1.36354
6.66975 1.16196
6.65761 1.1289
6.59228 0.939521
6.5831 0.915362
6.5197 0.735519
6.51374 0.718539
6.45125 0.545595
6.44747 0.532672
6.383 0.363941
6.38038 0.35257
6.31129 0.186794
6.30915 0.175449
6.23414 0.0117746
6.21091 -0.0393979
6.14794 -0.179491
6.0222 -0.348257
6.0139 -0.362315
5.87793 -0.493851
5.85836 -0.509372
5.67595 -0.593402
5.64224 -0.591454
5.45103 -0.591472
5.33248 -0.519402
5.26359 -0.535753
5.15154 -0.418577
5.16052 -0.428365
5.13718 -0.281332
5.13966 -0.300317
5.13559 -0.1536
5.13655 -0.128098
5.14532 0.0969598
5.15379 0.202159
5.17752 0.470713
5.19216 0.610741
5.22467 0.929101
5.22875 1.01751
5.22812 1.25824
5.22228 1.31536
5.17509 1.5492
5.15669 1.60592
5.06726 1.79974
5.03664 1.83811
4.9399 2.02781
4.90839 2.09651
4.83328 2.27655
4.76077 2.41953
4.73717 2.46836
4.64159 2.68591
4.56678 2.85973
4.52955 2.92641
4.46452 3.0856
4.45768 3.09945
4.41946 3.22876
4.42106 3.20157
4.41832 3.3355
4.40899 3.31983
4.50511 3.44374
4.49507 3.43867
4.62266 3.37336
4.6582 3.34326
4.81477 3.18053
4.83755 3.14666
4.92678 2.9625
4.94584 2.9105
5.01238 2.61944
5.05253 2.39175
5.08758 2.1057
5.07703 2.02476
5.07217 1.81844
5.04158 1.5762
5.04179 1.56195
5.00202 1.39326
4.99856 1.37911
4.91009 1.16474
4.88403 1.10351
4.78856 0.901144
4.74705 0.819065
4.63787 0.628851
4.59944 0.56974
4.47354 0.425623
4.42514 0.386538
4.22514 0.253407
4.03939 0.18861
3.97061 0.140052
3.73485 0.0915702
3.65511 0.0863442
3.37811 0.0983484
3.30692 0.110292
3.07182 0.168003
3.02399 0.191316
2.81629 0.271229
2.78654 0.280512
2.61107 0.34911
2.59709 0.354582
2.40519 0.439449
2.36289 0.453573
2.16218 0.566077
2.1072 0.601648
1.92536 0.759399
1.8734 0.811446
1.71596 0.996083
1.67288 1.05214
1.5367 1.2496
1.49641 1.31051
1.36826 1.51178
1.32322 1.59229
1.21193 1.77983
1.12092 2.01629
1.105 2.06248
1.04829 2.2729
1.03835 2.32113
1.01621 2.54301
1.01462 2.59725
1.02773 2.82434
1.03495 2.88172
1.08189 3.10706
1.09815 3.16496
1.17851 3.38236
1.20389 3.43791
1.31657 3.64211
1.35528 3.73101
1.48381 3.90792
1.65999 4.1037
1.71204 4.15616
1.89426 4.31643
1.97816 4.3112
2.11425 4.36725
2.29788 4.34128
2.29608 4.34345
2.39514 4.20788
2.39053 4.21257
2.4437 4.067
2.44093 4.08285
2.49499 3.94072
2.49089 3.96135
2.55778 3.80691
2.56499 3.79203
2.6486 3.60069
2.67356 3.54579
2.77568 3.32392
2.88413 3.12806
2.91871 3.03661
3.03489 2.83034
3.05669 2.79828
3.19274 2.64925
3.24494 2.60175
3.37732 2.52439
3.4132 2.51521
3.62461 2.44675
3.64476 2.45667
3.76847 2.41778
3.94209 2.40128
3.99703 2.39989
4.16204 2.41383
4.24515 2.42754
4.42131 2.46798
4.43215 2.47181
4.66942 2.56152
4.69978 2.57341
4.89288 2.66908
4.91135 2.67671
5.06535 2.79912
5.09445 2.83563
5.22173 3.03848
5.28231 3.21434
5.32127 3.24433
5.35728 3.46214
5.34034 3.55368
5.35646 3.76602
5.31969 4.00406
5.30407 4.06934
5.19479 4.29243
5.12546 4.34975
5.01583 4.52314
4.83538 4.68884
4.77658 4.73106
4.55235 4.82446
4.46376 4.83573
4.25519 4.8849
4.00813 4.88648
3.94122 4.87993
3.71425 4.81113
3.65776 4.7802
3.47315 4.63513
3.43263 4.58763
3.30734 4.39312
3.28597 4.33988
3.21908 4.12873
3.19806 3.94041
3.17161 3.8733
3.15453 3.66669
3.15636 3.66464
3.18003 3.51187
3.19064 3.48237
3.2387 3.26816
3.26483 3.14325
3.33483 2.81539
3.35362 2.72839
3.38922 2.49985
3.40133 2.38764
3.43255 2.1428
3.44066 2.08663
3.46412 1.88576
3.49485 1.74001
3.49513 1.71964
3.52709 1.53977
3.53246 1.50847
3.55096 1.33742
3.55324 1.30743
3.55267 1.15403
3.54852 1.07951
3.5283 0.930911
3.5355 0.947345
3.46245 0.78872
3.4656 0.792868
3.30005 0.605897
3.22572 0.525832
3.00083 0.275676
2.95648 0.227792
2.8424 0.0794475
2.84784 0.074326
2.7346 -0.0556356
2.74045 -0.0633916
2.61881 -0.183114
2.62835 -0.193625
2.49314 -0.293323
2.48877 -0.270145
2.36197 -0.308063
2.3018 -0.149067
2.31651 -0.156655
2.31384 0.00520597
2.32773 0.00514842
2.32048 0.171538
2.30218 0.252808
2.31229 0.252407
2.30548 0.420576
2.31148 0.425646
2.27434 0.629404
2.2485 0.778339
2.25377 0.818605
2.2118 0.977194
2.21378 0.971224
2.16792 1.13786
2.16581 1.14214
2.12629 1.3186
2.12221 1.33667
2.09871 1.52652
2.09675 1.55378
2.09912 1.75386
2.11048 1.80289
2.12468 1.97484
2.17011 2.1911
2.17849 2.22255
2.24035 2.41397
2.25278 2.44569
2.33466 2.64883
2.34836 2.67845
2.44238 2.85328
2.45827 2.87567
2.58511 3.03455
2.60722 3.05556
2.75861 3.18102
2.78053 3.19301
2.95452 3.30021
3.10831 3.34977
3.15685 3.36706
3.38312 3.44765
3.56953 3.49464
3.62748 3.52632
3.93421 3.58618
4.14868 3.63126
4.46794 3.70111
4.60665 3.72813
4.85638 3.77297
4.94918 3.78637
5.17858 3.81719
5.22712 3.82486
5.43816 3.83101
5.48355 3.82891
5.69889 3.78984
5.75255 3.7759
5.96376 3.68526
6.01971 3.65484
6.21146 3.51627
6.26332 3.47093
6.4274 3.29279
6.47187 3.23543
6.60333 3.02908
6.63574 2.96746
6.72933 2.74264
6.75245 2.67207
6.81035 2.4353
6.82206 2.36422
6.84419 2.12428
6.8452 2.05618
6.83407 1.82109
6.82654 1.75998
6.78863 1.53669
6.77654 1.48661
6.72098 1.27843
6.70795 1.23884
6.64505 1.04398
6.63419 1.01444
6.57119 0.830347
6.56359 0.809294
6.50197 0.633504
6.49706 0.618199
6.43441 0.447826
6.43102 0.435097
6.36478 0.268156
6.36204 0.256029
6.29038 0.091681
6.28819 0.0784652
6.19957 -0.124491
6.10554 -0.254133
6.08527 -0.290028
5.96669 -0.434015
5.95202 -0.450487
5.78959 -0.560753
5.75952 -0.573794
5.5588 -0.611617
5.53663 -0.585038
5.38748 -0.585317
5.20084 -0.477169
5.20117 -0.488625
5.14707 -0.354771
5.1522 -0.365853
5.14399 -0.215886
5.14471 -0.238959
5.1444 -0.0426115
5.14866 0.0111793
5.16679 0.287015
5.17679 0.384871
5.20588 0.695484
5.22034 0.843365
5.23761 1.1029
5.23681 1.17284
5.21426 1.40083
5.20101 1.46736
5.13196 1.68813
5.10813 1.72425
5.0027 1.91696
4.98236 1.9532
4.88156 2.17806
4.8682 2.2024
4.80573 2.3464
4.70638 2.54849
4.68583 2.61234
4.60478 2.78275
4.50463 3.00855
4.5011 3.00794
4.43919 3.18328
4.44542 3.14872
4.41793 3.28736
4.41511 3.26972
4.45077 3.39482
4.43997 3.38783
4.58069 3.4325
4.56472 3.4367
4.72559 3.29007
4.76328 3.24921
4.88607 3.07584
4.9005 3.04422
4.97016 2.82817
5.00513 2.70498
5.0739 2.30861
5.08307 2.19142
5.09122 1.9401
5.07043 1.73261
5.05688 1.66067
5.03055 1.47685
5.03215 1.47364
4.97123 1.29773
4.94859 1.24147
4.85307 1.02344
4.83185 0.975276
4.7105 0.741389
4.68731 0.699033
4.55086 0.498961
4.53868 0.481527
4.35847 0.332465
4.28575 0.314193
4.12496 0.195473
3.88832 0.115587
3.82043 0.0982494
3.56938 0.0819558
3.46316 0.0866989
3.22162 0.119938
3.15254 0.138803
2.94019 0.209926
2.89301 0.232722
2.70317 0.300975
2.68596 0.307155
2.51532 0.380715
2.47933 0.396172
2.28414 0.487742
2.22918 0.512408
2.03525 0.648468
1.98042 0.693541
1.80879 0.867971
1.7609 0.922945
1.61435 1.11494
1.57384 1.1722
1.4405 1.37565
1.40259 1.43309
1.26689 1.65707
1.18127 1.86001
1.14158 1.93297
1.06972 2.14074
1.05617 2.18741
1.01667 2.40419
1.01068 2.45735
1.0065 2.68271
1.00939 2.74047
1.03964 2.96744
1.05167 3.02671
1.1155 3.24904
1.13687 3.30729
1.23363 3.51845
1.26155 3.57621
1.39391 3.80768
1.53056 3.97991
1.59493 4.0477
1.7669 4.22219
1.82484 4.26594
2.01537 4.38856
2.15822 4.34086
2.21696 4.36994
2.35187 4.2782
2.34683 4.27884
2.41211 4.13484
2.40925 4.14563
2.46085 4.00165
2.45854 4.01844
2.51768 3.8798
2.51841 3.88319
2.59426 3.71133
2.60968 3.6772
2.70507 3.46593
2.74157 3.4027
2.83587 3.19905
2.95857 2.96058
2.98902 2.9029
3.11048 2.73137
3.1309 2.70879
3.31475 2.55363
3.30273 2.56689
3.49505 2.48932
3.54311 2.47371
3.72488 2.4295
3.84717 2.42637
3.85652 2.40805
4.0827 2.40542
4.07662 2.40532
4.32917 2.44516
4.33823 2.44636
4.51292 2.5009
4.5894 2.53043
4.77723 2.61043
4.81726 2.62844
4.98116 2.72667
5.00429 2.73878
5.14649 2.9039
5.16521 2.97386
5.27264 3.12904
5.3441 3.32708
5.35048 3.37657
5.36208 3.63673
5.32582 3.84618
5.34352 3.92159
5.27551 4.1503
5.23942 4.2191
5.0983 4.43118
4.94652 4.57379
4.90623 4.64036
4.70266 4.77471
4.63519 4.80193
4.38692 4.87401
4.17473 4.87608
4.09321 4.89787
3.8563 4.86738
3.79216 4.84719
3.58355 4.73704
3.53381 4.69588
3.378 4.52141
3.34695 4.46928
3.2525 4.26083
3.25657 4.20596
3.20039 4.02623
3.16143 3.78806
3.15707 3.7525
3.16437 3.57981
3.16423 3.59625
3.20769 3.39824
3.21858 3.35161
3.28269 3.05928
3.31665 2.89929
3.3651 2.64332
3.36963 2.58343
3.40808 2.30206
3.41831 2.22745
3.44596 2.00095
3.45464 1.97108
3.46974 1.8221
3.5064 1.63454
3.5086 1.6236
3.5387 1.42285
3.53933 1.42248
3.5515 1.2216
3.55101 1.23674
3.53701 0.994443
3.54392 1.01532
3.50394 0.867509
3.50344 0.864146
3.41165 0.726098
3.3599 0.667438
3.16997 0.460559
3.0595 0.338346
2.90885 0.156373
2.90426 0.138975
2.7995 0.00338107
2.80349 -0.00440548
2.68808 -0.131412
2.69373 -0.141212
2.56917 -0.255819
2.57423 -0.265138
2.42169 -0.323707
2.36365 -0.222234
2.3106 -0.234461
2.28244 -0.0778607
2.29953 -0.0794388
2.29685 0.0852464
2.3083 0.0865612
2.28956 0.168607
2.28446 0.332871
2.29555 0.336016
2.28321 0.505954
2.27102 0.544327
2.24679 0.693214
2.21525 0.894537
2.21888 0.892347
2.17791 1.04844
2.17594 1.0531
2.13431 1.22125
2.13072 1.23358
2.09931 1.41867
2.09606 1.44142
2.08573 1.63821
2.0865 1.66966
2.09998 1.88738
2.13314 2.05956
2.14302 2.11038
2.19235 2.30655
2.20295 2.33748
2.27425 2.52808
2.29316 2.57449
2.37588 2.75902
2.39088 2.78548
2.50022 2.94976
2.52296 2.97635
2.66294 3.11993
2.68606 3.13646
2.8452 3.24838
2.88465 3.25156
3.02402 3.33776
3.2342 3.40265
3.30147 3.42353
3.48458 3.48899
3.71019 3.54653
3.8492 3.58144
4.22914 3.65913
4.38351 3.69009
4.68732 3.75538
4.77139 3.76786
5.03149 3.80814
5.09345 3.8158
5.31131 3.83759
5.35367 3.84154
5.56859 3.82485
5.61876 3.8186
5.83463 3.75327
5.89164 3.73051
6.09484 3.61478
6.15052 3.57572
6.32877 3.41647
6.37898 3.36282
6.52657 3.17019
6.56756 3.10634
6.67844 2.89381
6.70739 2.8249
6.78331 2.59272
6.80111 2.51994
6.84109 2.28123
6.84755 2.20936
6.85302 1.9714
6.8495 1.90482
6.82491 1.67485
6.81466 1.61775
6.7682 1.40187
6.75537 1.35632
6.69659 1.15446
6.68455 1.11941
6.62265 0.930089
6.61339 0.904293
6.55245 0.724884
6.54617 0.706276
6.48512 0.533899
6.4808 0.519223
6.41703 0.351113
6.41367 0.337859
6.34513 0.172584
6.34222 0.159219
6.26522 -0.00351869
6.2405 -0.0498302
6.17496 -0.20485
6.04664 -0.3659
6.03502 -0.383214
5.89329 -0.51213
5.86877 -0.529463
5.68076 -0.606136
5.64393 -0.610356
5.45928 -0.620615
5.32639 -0.526006
5.26834 -0.529056
5.17042 -0.432203
5.17457 -0.43535
5.15124 -0.283089
5.15336 -0.300511
5.14901 -0.153926
5.14982 -0.127581
5.15781 0.0958282
5.16597 0.201877
5.18879 0.469163
5.20319 0.610385
5.23493 0.927248
5.23894 1.01777
5.23817 1.25797
5.23209 1.31757
5.18533 1.55105
5.16628 1.61021
5.07755 1.80371
5.04654 1.84397
4.95083 2.03229
4.91915 2.10166
4.84354 2.28389
4.7723 2.4247
4.74731 2.47383
4.65245 2.69066
4.57928 2.86398
4.54129 2.93171
4.47667 3.0895
4.46963 3.10377
4.43166 3.23274
4.43374 3.20485
4.43027 3.3535
4.42485 3.34546
4.51088 3.43494
4.49558 3.43483
4.63642 3.39078
4.67128 3.35564
4.82196 3.18752
4.84644 3.1512
4.9357 2.9667
4.95608 2.91214
5.02281 2.6217
5.06252 2.39299
5.09617 2.1073
5.09476 2.02516
5.08418 1.81663
5.05257 1.57564
5.05124 1.55944
5.01236 1.39083
5.00814 1.37446
4.9194 1.16149
4.89248 1.09891
4.79661 0.897766
4.75403 0.814566
4.64418 0.625622
4.60431 0.565233
4.47822 0.421583
4.42792 0.38171
4.22773 0.251887
4.04038 0.185771
3.97159 0.133353
3.73657 0.0835358
3.6544 0.0775958
3.37802 0.0871679
3.30407 0.098698
3.06873 0.153759
3.01917 0.17813
2.81054 0.253867
2.7792 0.262663
2.60385 0.329648
2.58788 0.336173
2.39904 0.424499
2.35652 0.442907
2.15417 0.5527
2.09606 0.588883
1.91274 0.745198
1.85846 0.798818
1.6999 0.982339
1.65498 1.04012
1.51775 1.23625
1.47616 1.29834
1.35055 1.50048
1.3088 1.58296
1.19811 1.77655
1.1019 2.0083
1.08376 2.05676
1.02795 2.26774
1.01776 2.31906
0.996092 2.54123
0.994484 2.59842
1.00782 2.8256
1.01546 2.8858
1.06269 3.11114
1.07984 3.17173
1.16033 3.38913
1.18665 3.44744
1.2951 3.65446
1.34863 3.73557
1.46625 3.92411
1.64423 4.11711
1.69893 4.17093
1.88666 4.32449
1.95419 4.32935
2.08719 4.38781
2.28935 4.32995
2.28838 4.33492
2.37931 4.2043
2.37455 4.21125
2.42801 4.06647
2.4262 4.07942
2.4818 3.93786
2.4786 3.95544
2.547 3.80299
2.55507 3.78692
2.64033 3.59777
2.66647 3.54182
2.77071 3.3227
2.88115 3.12695
2.91667 3.03469
3.0341 2.83068
3.05704 2.79766
3.19373 2.65133
3.24636 2.60434
3.37928 2.5296
3.41596 2.52084
3.62586 2.45368
3.64559 2.46051
3.77365 2.42463
3.94165 2.40707
3.99755 2.40519
4.16088 2.41753
4.24527 2.43071
4.42017 2.4695
4.43224 2.4737
4.66852 2.56189
4.7002 2.57415
4.89227 2.66873
4.91159 2.67759
5.06477 2.7987
5.09583 2.83547
5.2241 3.03535
5.28371 3.2093
5.32589 3.24391
5.36192 3.46094
5.34185 3.55403
5.35957 3.76802
5.32611 4.00493
5.31023 4.07255
5.20116 4.29516
5.13704 4.35536
5.02149 4.53345
4.84092 4.69498
4.77958 4.7382
4.55716 4.83602
4.46396 4.83777
4.2576 4.89565
4.00807 4.89725
3.93832 4.89022
3.71191 4.81875
3.65302 4.78627
3.46942 4.64017
3.42765 4.59058
3.30398 4.39577
3.28219 4.34063
3.21874 4.12968
3.19811 3.94223
3.1713 3.87263
3.15513 3.66738
3.15706 3.66463
3.18116 3.51281
3.19257 3.48202
3.23833 3.26879
3.26397 3.14234
3.33041 2.81526
3.34862 2.72685
3.38183 2.49917
3.39348 2.38594
3.42418 2.14252
3.43235 2.085
3.45553 1.88594
3.48637 1.73948
3.48646 1.71732
3.51846 1.53903
3.524 1.50672
3.54293 1.33741
3.5454 1.30652
3.54601 1.15175
3.54276 1.07939
3.52466 0.932389
3.53126 0.948148
3.46209 0.789719
3.46436 0.79296
3.3044 0.602874
3.23095 0.519977
3.01327 0.266843
2.96951 0.21612
2.86039 0.0660006
2.86357 0.0594617
2.75448 -0.0740319
2.75827 -0.0832291
2.64016 -0.207384
2.64601 -0.219133
2.50487 -0.314524
2.49041 -0.273443
2.36206 -0.307361
2.26678 -0.161462
2.27749 -0.162859
2.2686 -0.000112921
2.28293 0.00124987
2.27912 0.166544
2.26081 0.247999
2.27072 0.249559
2.26512 0.414781
2.27266 0.422178
2.23669 0.62147
2.21299 0.770588
2.2194 0.810201
2.18193 0.968271
2.18346 0.964185
2.14215 1.13048
2.13977 1.13699
2.10426 1.31376
2.10023 1.33424
2.0797 1.52426
2.07797 1.55413
2.08166 1.75396
2.08633 1.80405
2.10232 1.98095
2.15146 2.19439
2.16052 2.22834
2.22062 2.42005
2.23372 2.454
2.31527 2.65598
2.33018 2.68802
2.42522 2.86262
2.44302 2.88764
2.57126 3.04561
2.59584 3.06867
2.74584 3.19609
2.7705 3.20902
2.94421 3.31141
3.10645 3.35606
3.15175 3.38443
3.37724 3.46079
3.56448 3.51628
3.62605 3.53937
3.93123 3.60143
4.14559 3.6469
4.46369 3.71657
4.60365 3.74399
4.85305 3.78934
4.94719 3.8032
5.17583 3.83437
5.22697 3.8417
5.43792 3.84711
5.48667 3.84529
5.70214 3.80532
5.75873 3.79028
5.97001 3.69909
6.02858 3.66712
6.22049 3.52845
6.27454 3.48119
6.43874 3.30316
6.48492 3.24364
6.61642 3.03747
6.65015 2.97336
6.74385 2.74874
6.76783 2.67573
6.82593 2.43923
6.83818 2.36562
6.86095 2.12599
6.86231 2.05532
6.85262 1.82044
6.84532 1.75679
6.80986 1.53345
6.79797 1.48089
6.74577 1.27243
6.73293 1.23068
6.67361 1.03568
6.6628 1.00437
6.60273 0.82053
6.59494 0.79785
6.53521 0.622552
6.52985 0.605515
6.46823 0.435725
6.46419 0.421149
6.39852 0.254791
6.39504 0.240696
6.32281 0.077044
6.31888 0.0616763
6.22715 -0.133207
6.12411 -0.271152
6.11094 -0.311165
5.98609 -0.452028
5.96707 -0.471067
5.79864 -0.576487
5.76366 -0.590103
5.56348 -0.63599
5.53232 -0.578255
5.38527 -0.586531
5.22243 -0.504609
5.21812 -0.501882
5.16084 -0.354447
5.1657 -0.36628
5.15765 -0.217909
5.15823 -0.237859
5.15737 -0.0434807
5.16151 0.0114714
5.17859 0.285367
5.18844 0.384726
5.21661 0.69375
5.23086 0.842908
5.24769 1.10175
5.24678 1.17397
5.22437 1.40166
5.21071 1.47052
5.14213 1.69112
5.11762 1.72938
5.01331 1.9216
4.99261 1.95892
4.89283 2.18189
4.87922 2.20736
4.81663 2.35284
4.71735 2.55278
4.69669 2.61874
4.61602 2.78796
4.51702 3.01258
4.5128 3.01318
4.45155 3.18624
4.45677 3.15557
4.43062 3.28923
4.42724 3.26912
4.46736 3.41842
4.46242 3.41754
4.57986 3.44001
4.56845 3.44088
4.73583 3.30121
4.77371 3.25682
4.89404 3.08146
4.90989 3.04709
4.98008 2.83118
5.01513 2.70578
5.08305 2.31108
5.09283 2.19167
5.10455 1.9413
5.08765 1.73227
5.06801 1.65866
5.04066 1.47566
5.04157 1.47005
4.98101 1.2945
4.9576 1.23679
4.86177 1.02025
4.83955 0.970475
4.7177 0.738341
4.69323 0.694355
4.55637 0.495727
4.54235 0.476507
4.36177 0.329239
4.28821 0.310807
4.12455 0.192498
3.89063 0.109349
3.82071 0.0906681
3.57012 0.0725646
3.46178 0.0764575
3.22007 0.107283
3.14842 0.125849
2.93629 0.194273
2.8866 0.217202
2.69697 0.281843
2.67758 0.288498
2.50786 0.363101
2.47113 0.380539
2.279 0.476367
2.22084 0.500882
2.025 0.634491
1.96749 0.680913
1.79457 0.854019
1.74457 0.910683
1.59697 1.10147
1.55475 1.16035
1.42185 1.36299
1.38379 1.42286
1.25467 1.64777
1.15937 1.84926
1.12423 1.92687
1.04953 2.13395
1.03541 2.18363
0.996682 2.40082
0.990546 2.45697
0.986638 2.68249
0.989725 2.74312
1.0202 2.97011
1.03289 3.03213
1.09697 3.25441
1.11933 3.31531
1.21419 3.52726
1.24478 3.58666
1.37807 3.81471
1.52638 3.9834
1.57953 4.06286
1.75528 4.2338
1.81494 4.27992
1.99949 4.40061
2.15629 4.33928
2.21223 4.36434
2.33815 4.27253
2.33303 4.27492
2.39599 4.13466
2.39376 4.14365
2.44677 3.99989
2.44522 4.01397
2.50601 3.87557
2.50741 3.87758
2.58482 3.70789
2.60124 3.67262
2.69852 3.4637
2.7362 3.39779
2.83327 3.1965
2.95668 2.96034
2.9883 2.90162
3.11068 2.73244
3.1322 2.70915
3.31485 2.55918
3.30584 2.57128
3.49669 2.49609
3.54556 2.4798
3.72648 2.43632
3.8357 2.43148
3.85754 2.41447
4.08186 2.40987
4.07678 2.40995
4.32803 2.44745
4.33831 2.44879
4.51181 2.50195
4.58971 2.53158
4.77647 2.61039
4.81781 2.62891
4.98045 2.72646
5.00465 2.7394
5.1477 2.9021
5.16697 2.97318
5.27518 3.12529
5.34839 3.3253
5.35445 3.37683
5.36428 3.63543
5.33059 3.84162
5.34853 3.92353
5.2821 4.15217
5.24584 4.22351
5.10711 4.43432
4.94941 4.57743
4.91141 4.6485
4.70774 4.78257
4.63766 4.81051
4.39122 4.88064
4.17494 4.87838
4.0918 4.90819
3.85496 4.87673
3.78818 4.85497
3.58034 4.74329
3.52879 4.70021
3.37438 4.52506
3.34251 4.47091
3.25053 4.26235
3.25315 4.20679
3.19999 4.02665
3.16186 3.78872
3.15732 3.75179
3.16518 3.58274
3.16529 3.59574
3.20816 3.39904
3.21951 3.35111
3.28063 3.05956
3.31332 2.89795
3.35897 2.64305
3.36198 2.58124
3.3999 2.30175
3.41023 2.22579
3.4374 2.00071
3.4463 1.96987
3.46163 1.82021
3.49759 1.63361
3.49997 1.62142
3.53029 1.42251
3.53099 1.421
3.54417 1.22209
3.54366 1.23615
3.53234 0.995597
3.53867 1.01566
3.50161 0.869087
3.5007 0.864812
3.41286 0.726047
3.3616 0.664988
3.17749 0.454614
3.06958 0.329764
2.92316 0.145542
2.91928 0.126517
2.81774 -0.0114564
2.82005 -0.020822
2.70842 -0.151378
2.71192 -0.162897
2.58576 -0.278295
2.5848 -0.287303
2.42359 -0.325073
2.33991 -0.225882
2.29078 -0.242418
2.24145 -0.0865002
2.25706 -0.0837581
2.25379 0.0804994
2.2657 0.0831788
2.24772 0.165294
2.24292 0.328546
2.25343 0.331867
2.24278 0.5004
2.23209 0.537862
2.21023 0.686899
2.18312 0.885666
2.18659 0.884667
2.14986 1.04088
2.14786 1.04694
2.1105 1.21544
2.10687 1.23007
2.07904 1.41524
2.07595 1.44061
2.0678 1.63724
2.06844 1.67127
2.07821 1.88739
2.11337 2.0598
2.12324 2.11556
2.17344 2.31108
2.18447 2.34452
2.2548 2.53504
2.27435 2.58292
2.35775 2.76708
2.37433 2.79612
2.48498 2.9601
2.5098 2.98875
2.6499 3.13262
2.67495 3.15153
2.83484 3.26261
2.88671 3.26456
3.02317 3.3474
3.22826 3.41845
3.29431 3.44919
3.48145 3.50544
3.70714 3.56024
3.8477 3.59568
4.22474 3.67422
4.38065 3.70578
4.68288 3.77109
4.76947 3.7842
5.02807 3.8249
5.0921 3.83302
5.30975 3.85431
5.3549 3.85804
5.57029 3.84102
5.62346 3.83395
5.8394 3.76783
5.89917 3.74373
6.10245 3.62768
6.16052 3.5869
6.33892 3.42765
6.39105 3.37199
6.53874 3.17949
6.58119 3.11343
6.69219 2.90094
6.7222 2.82963
6.79825 2.59772
6.81674 2.52246
6.85712 2.28406
6.86402 2.20967
6.8705 1.97199
6.86729 1.90288
6.84464 1.67306
6.83459 1.61345
6.79103 1.39744
6.77844 1.34953
6.7232 1.14751
6.71129 1.11046
6.65269 0.921248
6.64337 0.893743
6.5848 0.714732
6.57819 0.694412
6.51855 0.522547
6.51367 0.506057
6.45065 0.338517
6.4466 0.323348
6.3781 0.158692
6.37411 0.143222
6.29475 -0.0185067
6.26709 -0.0660262
6.19105 -0.220851
6.06961 -0.383989
6.05478 -0.404142
5.9068 -0.529194
5.87736 -0.547949
5.68747 -0.62482
5.64684 -0.62807
5.46268 -0.624747
5.3568 -0.54532
5.28956 -0.554661
5.18133 -0.426659
5.18777 -0.433731
5.16554 -0.287695
5.16701 -0.301119
5.16239 -0.154229
5.16304 -0.127023
5.17028 0.0947454
5.17816 0.201634
5.20009 0.467646
5.21426 0.610049
5.24521 0.925403
5.24914 1.01803
5.2482 1.25769
5.24188 1.31977
5.19545 1.55285
5.17577 1.61444
5.08738 1.80747
5.05622 1.8497
4.96174 2.03675
4.92979 2.10676
4.85503 2.28752
4.783 2.42952
4.75757 2.47934
4.66295 2.69538
4.59146 2.86801
4.55292 2.93694
4.48883 3.09341
4.48169 3.10812
4.44368 3.23827
4.44485 3.21642
4.44299 3.35136
4.43546 3.341
4.53133 3.4651
4.52492 3.46168
4.6409 3.39891
4.6795 3.36316
4.83055 3.19533
4.85611 3.15611
4.94466 2.97092
4.9662 2.91376
5.03274 2.62392
5.07202 2.39409
5.10721 2.10918
5.10759 2.02498
5.09892 1.81524
5.06462 1.57499
5.06151 1.55676
5.02215 1.3886
5.01723 1.36999
4.92865 1.15822
4.90085 1.09431
4.80456 0.894399
4.76088 0.810084
4.6505 0.622346
4.60926 0.560636
4.4825 0.417948
4.43039 0.377226
4.23035 0.250274
4.04165 0.180686
3.97224 0.128103
3.73832 0.0757076
3.65377 0.0689121
3.37804 0.0761118
3.30137 0.0872406
3.06582 0.139574
3.01445 0.164236
2.80502 0.236092
2.77215 0.244962
2.59686 0.310774
2.57869 0.31845
2.39271 0.409883
2.3506 0.432963
2.14716 0.540663
2.08564 0.576747
1.90057 0.731249
1.84392 0.786378
1.68419 0.968698
1.63737 1.02813
1.49951 1.22328
1.45691 1.28695
1.33398 1.49016
1.27665 1.57223
1.18109 1.76839
1.08354 2.00005
1.06459 2.05158
1.00801 2.26276
0.997532 2.31709
0.976368 2.5395
0.974744 2.59961
0.988285 2.82684
0.996355 2.88984
1.04383 3.11515
1.06182 3.17841
1.14167 3.39601
1.16869 3.45697
1.27828 3.6634
1.34104 3.73961
1.45902 3.93365
1.63143 4.12857
1.68731 4.18491
1.87459 4.33869
1.95126 4.33216
2.08555 4.38408
2.27365 4.33037
2.27755 4.33031
2.36184 4.20704
2.35901 4.20978
2.41335 4.06523
2.4121 4.07611
2.46927 3.93477
2.46694 3.94963
2.53653 3.79907
2.54545 3.7818
2.63237 3.59488
2.65974 3.53791
2.76634 3.31967
2.87431 3.12351
2.91497 3.03294
3.03335 2.83103
3.05744 2.79708
3.1947 2.65343
3.24684 2.60803
3.3812 2.53477
3.41867 2.5265
3.62702 2.46038
3.64695 2.46251
3.78154 2.43057
3.94126 2.41271
3.99813 2.41039
4.15974 2.42128
4.24539 2.43391
4.41902 2.47109
4.43232 2.47563
4.66761 2.56227
4.70064 2.57488
4.89159 2.66851
4.9117 2.67866
5.06443 2.79804
5.09698 2.83548
5.22593 3.03264
5.28855 3.20795
5.32975 3.24366
5.36529 3.45986
5.34941 3.55303
5.36433 3.76498
5.33121 4.00545
5.31577 4.0755
5.20868 4.29855
5.13485 4.35902
5.02386 4.53911
4.8467 4.70164
4.78339 4.74668
4.56082 4.8438
4.46427 4.83971
4.25582 4.90007
4.0081 4.90591
3.93556 4.89942
3.70949 4.82634
3.64838 4.7921
3.46586 4.64497
3.42283 4.59335
3.30106 4.39816
3.27894 4.34112
3.21748 4.13103
3.19581 3.94459
3.17131 3.87192
3.15557 3.66807
3.15764 3.66614
3.18185 3.51366
3.19376 3.48153
3.2378 3.26939
3.26291 3.1414
3.32586 2.81516
3.34351 2.72534
3.37433 2.49842
3.38557 2.38425
3.4158 2.14224
3.42407 2.08338
3.44728 1.88614
3.47682 1.74213
3.47811 1.71505
3.50977 1.53826
3.51551 1.50493
3.53489 1.33736
3.53757 1.30557
3.53954 1.15252
3.537 1.0792
3.52085 0.93384
3.52688 0.948918
3.4615 0.790824
3.46294 0.793157
3.30846 0.60027
3.23593 0.514584
3.02519 0.258763
2.9819 0.205213
2.87798 0.0536739
2.87902 0.0456027
2.77348 -0.0904118
2.7755 -0.101272
2.65894 -0.22774
2.66083 -0.241195
2.51154 -0.327854
2.48335 -0.282083
2.35472 -0.308295
2.23955 -0.176179
2.24559 -0.170132
2.22599 -0.00599909
2.24029 -0.0021395
2.23702 0.161848
2.21916 0.243259
2.22919 0.246659
2.22423 0.409595
2.23324 0.417918
2.20094 0.614828
2.17752 0.763215
2.18533 0.802665
2.15198 0.960144
2.15318 0.957919
2.11643 1.12379
2.1139 1.13248
2.08236 1.3094
2.07846 1.33222
2.06083 1.52226
2.05935 1.55464
2.06222 1.75407
2.0699 1.80477
2.0823 1.9828
2.13201 2.19812
2.14177 2.23432
2.2015 2.42579
2.21525 2.46203
2.29645 2.66296
2.3126 2.6974
2.40872 2.8717
2.42849 2.89926
2.55734 3.05682
2.58399 3.08211
2.73422 3.20968
2.76168 3.22334
2.94483 3.32386
3.10207 3.37327
3.14786 3.39773
3.37124 3.48044
3.55786 3.53794
3.62428 3.55506
3.92828 3.61569
4.14263 3.66187
4.45945 3.73196
4.6006 3.75991
4.84968 3.80568
4.94518 3.81996
5.17312 3.85118
5.2268 3.85802
5.4378 3.86269
5.48975 3.86118
5.70541 3.82063
5.76489 3.80448
5.97619 3.71271
6.03733 3.6792
6.22932 3.54041
6.28555 3.49125
6.44983 3.31335
6.49773 3.25168
6.62924 3.04572
6.6643 2.97915
6.7581 2.75476
6.78295 2.67932
6.84129 2.44314
6.8541 2.36703
6.87755 2.12775
6.87927 2.05456
6.87106 1.81994
6.86405 1.75379
6.83098 1.5305
6.8193 1.47552
6.77036 1.26689
6.75776 1.223
6.70188 1.02796
6.69115 0.994834
6.6339 0.811254
6.62592 0.786864
6.56802 0.612006
6.56222 0.593167
6.50163 0.423905
6.49696 0.407437
6.43168 0.241668
6.42734 0.225547
6.35392 0.062682
6.3483 0.0449485
6.24893 -0.147047
6.15983 -0.282442
6.13126 -0.328374
6.00398 -0.46982
5.98046 -0.490882
5.80806 -0.593678
5.76895 -0.608857
5.56604 -0.647187
5.54551 -0.618984
5.40524 -0.612761
5.23301 -0.493866
5.22701 -0.496
5.17657 -0.363321
5.17999 -0.369457
5.17139 -0.219566
5.17162 -0.236745
5.1703 -0.04431
5.17432 0.011813
5.19041 0.283757
5.20011 0.384616
5.22736 0.692039
5.2414 0.84246
5.25776 1.10061
5.25673 1.1751
5.23441 1.40247
5.22034 1.47364
5.15202 1.694
5.12664 1.7343
5.02361 1.92605
5.00273 1.96455
4.9042 2.18575
4.88952 2.21288
4.8266 2.35886
4.72821 2.557
4.70739 2.62524
4.62701 2.79298
4.52933 3.01655
4.52443 3.0184
4.46392 3.18923
4.46871 3.16122
4.44248 3.29941
4.43989 3.28664
4.47628 3.41331
4.46852 3.4108
4.60792 3.45927
4.59113 3.46411
4.7429 3.30955
4.78291 3.26333
4.90255 3.08728
4.91964 3.05009
4.98977 2.83414
5.02491 2.70658
5.094 2.31402
5.10356 2.19213
5.11771 1.94256
5.09877 1.73221
5.08071 1.65645
5.05098 1.4744
5.05113 1.46641
4.99046 1.2914
4.96636 1.23219
4.87038 1.01707
4.84714 0.965683
4.72484 0.735282
4.6991 0.689663
4.5617 0.492577
4.54585 0.471618
4.36489 0.326201
4.28489 0.300378
4.12424 0.189277
3.89291 0.103585
3.82096 0.0837502
3.57093 0.0632814
3.46049 0.0662996
3.21868 0.0947486
3.14446 0.112931
2.93262 0.178284
2.88035 0.201159
2.69111 0.263059
2.66938 0.270346
2.50038 0.346046
2.46268 0.365182
2.27407 0.465164
2.21319 0.490324
2.01545 0.621105
1.95511 0.668643
1.78073 0.84024
1.72858 0.898533
1.58004 1.08819
1.53621 1.1488
1.40424 1.35114
1.36318 1.41244
1.22918 1.64035
1.1292 1.83321
1.10601 1.92012
1.03079 2.12742
1.01575 2.18009
0.977054 2.39756
0.970743 2.45666
0.967131 2.68229
0.970436 2.74575
1.00113 2.97274
1.01445 3.03749
1.07843 3.25976
1.10153 3.32333
1.19623 3.5353
1.22973 3.59604
1.36812 3.8181
1.51637 3.99173
1.56878 4.07408
1.74262 4.24683
1.80518 4.29312
1.99125 4.40493
2.14693 4.33381
2.19834 4.36534
2.31629 4.28172
2.31677 4.27677
2.38062 4.13449
2.37926 4.14094
2.43349 3.99781
2.43267 4.00931
2.49477 3.87141
2.49686 3.87201
2.57567 3.70446
2.59314 3.66806
2.69216 3.46148
2.72594 3.39221
2.82871 3.1929
2.95418 2.95975
2.98774 2.90041
3.11088 2.73353
3.13352 2.70957
3.31657 2.56349
3.30905 2.57587
3.49824 2.50278
3.54794 2.48571
3.72752 2.44244
3.82005 2.4363
3.85859 2.42049
4.08107 2.41433
4.07699 2.41455
4.32689 2.44981
4.33839 2.45127
4.51069 2.50305
4.59001 2.53274
4.7757 2.61037
4.81831 2.62947
4.97972 2.72628
5.00501 2.74005
5.14858 2.90052
5.1685 2.97418
5.27831 3.12555
5.35188 3.32369
5.35907 3.37706
5.3701 3.63344
5.34031 3.84446
5.35272 3.92526
5.28864 4.15398
5.25062 4.22689
5.10936 4.43804
4.95236 4.58131
4.9155 4.65516
4.71258 4.79003
4.63971 4.81788
4.39359 4.88328
4.1789 4.88362
4.09058 4.91541
3.85373 4.88537
3.7843 4.86237
3.57721 4.74932
3.52393 4.70432
3.37101 4.52848
3.33844 4.4723
3.24839 4.26391
3.24916 4.20778
3.19815 4.02759
3.16185 3.78943
3.15754 3.75108
3.16573 3.58444
3.1659 3.59514
3.20785 3.3997
3.22003 3.3505
3.27844 3.05984
3.30984 2.89663
3.35276 2.64283
3.35421 2.57897
3.3917 2.30145
3.40211 2.22414
3.429 2.00049
3.437 1.96853
3.45249 1.82152
3.48888 1.63272
3.49149 1.61925
3.52185 1.42214
3.52264 1.41948
3.53688 1.22254
3.53616 1.23339
3.52741 0.996726
3.53336 1.01592
3.49906 0.870686
3.49779 0.865501
3.41381 0.72622
3.36308 0.662811
3.18469 0.449247
3.07928 0.321762
2.93757 0.135004
2.9339 0.115054
2.83534 -0.0250096
2.83624 -0.0360518
2.72728 -0.168864
2.72846 -0.182335
2.59835 -0.295884
2.59155 -0.305656
2.41634 -0.331099
2.3159 -0.234902
2.27274 -0.252289
2.20606 -0.0971194
2.21899 -0.0887337
2.21113 0.0756011
2.22344 0.0799352
2.20582 0.162021
2.20127 0.324104
2.21072 0.328384
2.20296 0.494474
2.19276 0.532907
2.17466 0.680937
2.15109 0.877532
2.15445 0.877853
2.12185 1.03405
2.11987 1.04154
2.08678 1.21021
2.0832 1.22708
2.05889 1.41218
2.05601 1.44007
2.04905 1.63632
2.04975 1.67269
2.06027 1.88654
2.09756 2.06281
2.10442 2.12056
2.15436 2.31568
2.16605 2.35148
2.23593 2.54172
2.25614 2.59118
2.34023 2.77495
2.35843 2.80651
2.47008 2.97031
2.49678 3.00106
2.63726 3.14489
2.66461 3.16572
2.82744 3.27288
2.87312 3.28341
3.02042 3.36268
3.22187 3.43379
3.29068 3.4635
3.47644 3.52574
3.70401 3.57555
3.84609 3.61105
4.22042 3.68882
4.37784 3.72114
4.67841 3.78681
4.76751 3.80057
5.02465 3.84148
5.0908 3.84992
5.30821 3.87032
5.35626 3.87399
5.57196 3.85681
5.62813 3.849
5.84415 3.7822
5.90663 3.75675
6.10992 3.64037
6.17036 3.59786
6.34886 3.43863
6.40289 3.38099
6.55065 3.18863
6.59455 3.12038
6.70567 2.90797
6.73674 2.83427
6.81295 2.60266
6.83214 2.52496
6.87295 2.28689
6.88032 2.21003
6.88785 1.97268
6.88498 1.90108
6.86426 1.67146
6.85446 1.60941
6.81369 1.39338
6.80137 1.34316
6.74955 1.14109
6.73782 1.10203
6.68237 0.912976
6.67301 0.8837
6.61674 0.705052
6.6098 0.682945
6.55154 0.511535
6.54611 0.493179
6.48379 0.32617
6.47899 0.309044
6.41012 0.145043
6.40486 0.12736
6.32168 -0.0329565
6.30314 -0.0850851
6.22437 -0.231332
6.0902 -0.399734
6.07148 -0.422693
5.91969 -0.546423
5.88586 -0.566754
5.69257 -0.639577
5.64835 -0.645536
5.47119 -0.654391
5.35047 -0.551291
5.29471 -0.548378
5.20132 -0.443998
5.20233 -0.441516
5.17956 -0.289524
5.18081 -0.301353
5.17571 -0.154519
5.1762 -0.126425
5.18273 0.0937086
5.19034 0.20143
5.21141 0.466164
5.22533 0.609737
5.2555 0.92357
5.25933 1.0183
5.25819 1.25742
5.25162 1.32196
5.20541 1.5546
5.18508 1.61861
5.0971 1.81114
5.06558 1.85523
4.9726 2.04116
4.94046 2.11183
4.86565 2.29167
4.79372 2.43434
4.7674 2.4846
4.67324 2.70015
4.60359 2.8719
4.5644 2.94206
4.50093 3.0973
4.49364 3.11245
4.45601 3.24256
4.45734 3.22135
4.45539 3.3675
4.45118 3.36303
4.53662 3.45707
4.52559 3.45891
4.65787 3.4159
4.69405 3.37582
4.83841 3.20253
4.86552 3.16081
4.95376 2.97516
4.97637 2.91537
5.0429 2.62625
5.08279 2.39558
5.11891 2.11124
5.11565 2.02487
5.11078 1.81365
5.0764 1.57423
5.07261 1.55383
5.0319 1.38636
5.02623 1.36554
4.93771 1.15501
4.90907 1.08974
4.81243 0.89103
4.76765 0.805603
4.65673 0.619078
4.61408 0.556094
4.48661 0.414452
4.4326 0.373033
4.22821 0.240667
4.04426 0.169734
3.9729 0.123062
3.74009 0.0683515
3.65321 0.0605306
3.37817 0.0651715
3.29881 0.0758552
3.06306 0.125289
3.00971 0.149398
2.79975 0.217948
2.76528 0.227324
2.59008 0.292457
2.56954 0.301377
2.38616 0.395564
2.34337 0.420716
2.14105 0.529989
2.07594 0.565262
1.88894 0.717624
1.82983 0.774157
1.66887 0.955209
1.62016 1.0163
1.48202 1.21078
1.43825 1.27617
1.31391 1.4784
1.25247 1.56139
1.15522 1.7551
1.06401 1.99093
1.04589 2.04649
0.988945 2.25793
0.977908 2.31523
0.956943 2.53782
0.955348 2.60081
0.969118 2.82807
0.977619 2.89384
1.02518 3.11911
1.04389 3.18503
1.12344 3.40269
1.15165 3.46608
1.26461 3.67062
1.32301 3.74924
1.45101 3.94166
1.6193 4.13908
1.6764 4.19791
1.86563 4.34901
1.94422 4.33735
2.07898 4.38029
2.24703 4.34205
2.25687 4.3387
2.34614 4.20727
2.34424 4.20835
2.39914 4.0647
2.39883 4.07248
2.45709 3.93209
2.45579 3.94392
2.52643 3.79517
2.53621 3.77671
2.62466 3.59201
2.65285 3.53381
2.75887 3.31676
2.86524 3.11912
2.9123 3.03063
3.03261 2.83139
3.05793 2.79657
3.19574 2.65566
3.24927 2.61091
3.3835 2.54073
3.42136 2.53223
3.62803 2.46664
3.64837 2.46508
3.78741 2.43555
3.94088 2.4181
3.99875 2.41544
4.15864 2.42504
4.24554 2.43713
4.41787 2.47274
4.4324 2.47759
4.6667 2.56268
4.70109 2.57558
4.89088 2.66833
4.91179 2.67977
5.06396 2.79752
5.09776 2.83576
5.22729 3.03182
5.29013 3.20703
5.33337 3.24347
5.37023 3.45863
5.35484 3.55254
5.3686 3.76715
5.33694 4.00606
5.32076 4.07817
5.21347 4.30036
5.14167 4.36232
5.02578 4.54407
4.85186 4.70738
4.78672 4.75424
4.56366 4.84941
4.46857 4.84928
4.25829 4.9054
4.00829 4.91303
3.93313 4.90713
3.70716 4.83362
3.64385 4.79767
3.46247 4.64954
3.41826 4.5959
3.29825 4.40044
3.2757 4.34158
3.21516 4.13281
3.194 3.94612
3.17058 3.87129
3.15583 3.66877
3.15811 3.66641
3.18194 3.51439
3.19403 3.48086
3.23706 3.26995
3.2616 3.14042
3.3212 2.81509
3.33823 2.72386
3.36569 2.49745
3.37759 2.38255
3.40746 2.14198
3.41582 2.08176
3.43795 1.88621
3.4675 1.74057
3.46977 1.7128
3.50115 1.53749
3.50708 1.50314
3.52686 1.33726
3.52975 1.30456
3.53285 1.15113
3.53107 1.07897
3.51689 0.935261
3.52239 0.949639
3.46065 0.792029
3.46103 0.793072
3.31224 0.598055
3.24066 0.509623
3.03706 0.251085
2.99396 0.194986
2.89513 0.0424279
2.89405 0.0327073
2.79158 -0.10521
2.79192 -0.117877
2.67509 -0.245017
2.67266 -0.260443
2.5158 -0.33789
2.48213 -0.292853
2.34156 -0.313127
2.21733 -0.191404
2.21778 -0.178607
2.18616 -0.0132366
2.19959 -0.00591378
2.19478 0.157114
2.17729 0.238497
2.18761 0.243632
2.18304 0.405169
2.19396 0.413348
2.16631 0.610125
2.14218 0.755818
2.15176 0.795911
2.12211 0.952795
2.12306 0.952436
2.09076 1.1178
2.08819 1.1286
2.06057 1.3055
2.05689 1.33058
2.04169 1.52043
2.04031 1.55517
2.04383 1.7541
2.054 1.81431
2.06691 1.98716
2.11316 2.20171
2.12327 2.24021
2.18265 2.4314
2.19716 2.46989
2.27822 2.66976
2.29564 2.70659
2.39271 2.88059
2.41437 2.91065
2.54371 3.06784
2.57247 3.09524
2.72457 3.2211
2.75453 3.23617
2.93546 3.33611
3.09623 3.39295
3.14326 3.41181
3.36524 3.4967
3.5551 3.54754
3.62242 3.57343
3.9253 3.63073
4.13969 3.67681
4.45522 3.7471
4.59755 3.7757
4.84627 3.82197
4.94317 3.83661
5.1705 3.86755
5.22666 3.87391
5.43778 3.87801
5.49277 3.87662
5.70865 3.83567
5.77101 3.81844
5.9823 3.72614
6.04596 3.69108
6.23798 3.55215
6.29635 3.50112
6.46069 3.32336
6.51028 3.25956
6.6418 3.05382
6.67818 2.98483
6.77211 2.7607
6.79782 2.68287
6.85643 2.44703
6.86982 2.36846
6.89398 2.12956
6.89611 2.05388
6.88938 1.81958
6.8827 1.75097
6.85197 1.52782
6.84053 1.47046
6.79474 1.2618
6.78241 1.2158
6.72984 1.0208
6.7192 0.985819
6.66467 0.802504
6.65651 0.77633
6.60039 0.601866
6.59413 0.581161
6.53455 0.412379
6.52922 0.393977
6.46411 0.228789
6.45876 0.210589
6.38324 0.0486535
6.37609 0.0278895
6.28326 -0.16425
6.18283 -0.301593
6.15133 -0.345642
6.02007 -0.486093
5.9925 -0.509515
5.81643 -0.609672
5.77296 -0.625467
5.571 -0.671608
5.54015 -0.610734
5.4032 -0.613593
5.25024 -0.518098
5.2454 -0.512695
5.19057 -0.363309
5.19362 -0.369928
5.18501 -0.221606
5.1851 -0.235601
5.1832 -0.0451026
5.1871 0.012202
5.20223 0.282183
5.21179 0.384541
5.23814 0.69035
5.25194 0.842024
5.26782 1.09948
5.26666 1.17623
5.24436 1.40326
5.22986 1.47672
5.16176 1.69683
5.13564 1.7392
5.03407 1.93053
5.01269 1.97006
4.91523 2.18946
4.89915 2.22091
4.8364 2.36476
4.73873 2.56103
4.71744 2.63153
4.6379 2.79784
4.54157 3.02043
4.53596 3.02358
4.47635 3.19222
4.48028 3.1678
4.45521 3.30294
4.4521 3.28721
4.49191 3.43376
4.48884 3.43588
4.60692 3.4658
4.59489 3.46783
4.7545 3.32097
4.79417 3.27112
4.91094 3.09298
4.92936 3.05306
4.99957 2.83712
5.03543 2.70753
5.10506 2.31706
5.11471 2.19276
5.12764 1.94413
5.10628 1.7355
5.0923 1.65429
5.06169 1.47294
5.0611 1.46259
4.99979 1.28832
4.97498 1.22763
4.87888 1.0139
4.85462 0.960907
4.73191 0.732221
4.70488 0.684986
4.5669 0.489491
4.54918 0.466873
4.36839 0.322629
4.29151 0.292203
4.12523 0.180025
3.89543 0.0973514
3.82123 0.0771763
3.57183 0.054276
3.45931 0.0562934
3.21744 0.0822428
3.14065 0.0999388
2.92907 0.162005
2.87422 0.184528
2.6855 0.244576
2.66134 0.252646
2.49292 0.329515
2.45399 0.350153
2.26834 0.452868
2.20525 0.479585
2.00664 0.608381
1.94335 0.656777
1.76735 0.826676
1.71301 0.886546
1.56364 1.07519
1.51826 1.13764
1.38601 1.33888
1.34263 1.40199
1.20521 1.62794
1.11351 1.82526
1.08388 1.91176
1.01255 2.12099
0.996741 2.17668
0.957913 2.39437
0.951363 2.45639
0.947968 2.6821
0.951505 2.74837
0.982357 2.97532
0.996274 3.04278
1.06011 3.26502
1.08408 3.33118
1.18004 3.54261
1.21504 3.60577
1.35469 3.82446
1.48762 3.99897
1.55865 4.08446
1.73173 4.25792
1.79715 4.30458
1.98096 4.40529
2.10112 4.35696
2.17265 4.37566
2.30297 4.27822
2.30174 4.27577
2.36536 4.13575
2.36524 4.13895
2.4203 3.99688
2.42054 4.00507
2.48395 3.86731
2.48676 3.86651
2.56684 3.70106
2.58532 3.66353
2.68466 3.45864
2.7182 3.38248
2.82213 3.18843
2.95098 2.95876
2.9869 2.89901
3.11117 2.7347
3.13499 2.71017
3.31623 2.57004
3.31256 2.58109
3.49954 2.50876
3.55025 2.4914
3.72809 2.44757
3.80925 2.4411
3.85963 2.42582
4.0803 2.41875
4.07724 2.41906
4.32576 2.45223
4.33847 2.45378
4.50957 2.50419
4.59031 2.53393
4.77494 2.61035
4.8188 2.63005
4.97892 2.72619
5.00526 2.7408
5.14878 2.89947
5.1708 2.97605
5.28011 3.12602
5.35562 3.322
5.36353 3.37728
5.37433 3.6318
5.34533 3.84384
5.35784 3.92716
5.29395 4.15527
5.25527 4.23025
5.11429 4.43921
4.96049 4.58404
4.91902 4.661
4.71669 4.79617
4.64164 4.82531
4.39757 4.88956
4.17946 4.89575
4.08946 4.9216
3.85275 4.89296
3.78068 4.86907
3.5742 4.7551
3.51925 4.70818
3.36781 4.53173
3.33453 4.47356
3.24576 4.26564
3.24658 4.20814
3.1961 4.02772
3.16158 3.79017
3.15742 3.75038
3.16568 3.58686
3.16608 3.59446
3.20704 3.40028
3.21975 3.34972
3.27603 3.06008
3.30617 2.89532
3.34595 2.64261
3.34687 2.57688
3.38331 2.30113
3.394 2.22249
3.42018 2.00025
3.42907 1.96296
3.44394 1.81872
3.4802 1.63184
3.48305 1.61708
3.51344 1.42176
3.51433 1.41792
3.52951 1.22293
3.52876 1.2324
3.52244 0.997807
3.52791 1.01614
3.49632 0.87229
3.49472 0.866203
3.41421 0.726212
3.36435 0.660879
3.19168 0.44433
3.0889 0.314136
2.95237 0.124756
2.94815 0.104483
2.85226 -0.0374082
2.85188 -0.0502017
2.74457 -0.184364
2.74312 -0.199916
2.60819 -0.310506
2.5957 -0.321223
2.41217 -0.334908
2.30768 -0.241958
2.25503 -0.263799
2.17497 -0.109113
2.18416 -0.0948357
2.16947 0.0699496
2.18185 0.0765198
2.164 0.158676
2.15964 0.319563
2.16851 0.325565
2.1653 0.489021
2.15507 0.529989
2.13954 0.674941
2.11934 0.870053
2.12265 0.871877
2.09392 1.02793
2.09204 1.03689
2.06315 1.20555
2.05972 1.22459
2.03868 1.40943
2.036 1.43971
2.03049 1.63549
2.0314 1.67414
2.04338 1.89453
2.07732 2.06741
2.08704 2.12512
2.13555 2.3202
2.14789 2.35833
2.21752 2.54821
2.23847 2.59928
2.32326 2.78265
2.34305 2.8167
2.45552 2.98033
2.48406 3.01315
2.62577 3.15612
2.65579 3.17846
2.81915 3.28488
2.86886 3.30119
3.01652 3.37899
3.21544 3.44838
3.29265 3.47172
3.47454 3.53994
3.70107 3.59246
3.84443 3.62795
4.21606 3.70355
4.37501 3.7364
4.67394 3.80237
4.76552 3.81682
5.02126 3.85782
5.08959 3.8665
5.30668 3.88597
5.3577 3.88963
5.57358 3.87225
5.63275 3.86371
5.84886 3.79636
5.91402 3.76957
6.11729 3.65286
6.18004 3.60864
6.35859 3.44941
6.41451 3.3898
6.56233 3.19761
6.60766 3.12719
6.7189 2.9149
6.75104 2.83883
6.82743 2.60756
6.84733 2.52744
6.88861 2.28975
6.89646 2.21044
6.90507 1.97346
6.90257 1.89941
6.88377 1.67006
6.87428 1.60561
6.83623 1.38966
6.82417 1.33718
6.77563 1.13517
6.7641 1.09411
6.71169 0.905249
6.70229 0.874143
6.64823 0.695835
6.64098 0.67187
6.58406 0.500872
6.57808 0.48059
6.51632 0.314094
6.51071 0.294943
6.44084 0.131677
6.43404 0.111634
6.35214 -0.0494054
6.32487 -0.10219
6.24696 -0.252248
6.10943 -0.414872
6.08698 -0.440579
5.9314 -0.562572
5.89327 -0.584324
5.6991 -0.65852
5.65146 -0.663045
5.47645 -0.660633
5.37061 -0.566092
5.31138 -0.571102
5.21235 -0.438836
5.21592 -0.440154
5.19382 -0.293938
5.19448 -0.301969
5.18904 -0.154777
5.18939 -0.125785
5.19518 0.0927169
5.20253 0.201264
5.22276 0.464715
5.23643 0.609448
5.2658 0.921748
5.26952 1.01858
5.26813 1.25714
5.2613 1.32413
5.21525 1.55631
5.19416 1.62268
5.107 1.81488
5.07501 1.86073
4.98323 2.04543
4.95087 2.11681
4.87563 2.29834
4.80449 2.43912
4.77694 2.48969
4.68331 2.7049
4.61534 2.87555
4.57581 2.94711
4.51303 3.10118
4.50565 3.1168
4.46825 3.24782
4.46886 3.23098
4.46783 3.36659
4.46123 3.35889
4.55453 3.48312
4.55167 3.48227
4.6629 3.42399
4.70303 3.38341
4.84781 3.21054
4.8757 3.16583
4.96288 2.9794
4.98672 2.91701
5.05357 2.62867
5.09385 2.39719
5.12953 2.11321
5.12479 2.025
5.1198 1.81529
5.08737 1.57352
5.08342 1.55089
5.04187 1.38398
5.03539 1.36099
4.94664 1.15184
4.91717 1.08519
4.8202 0.88767
4.77433 0.801132
4.66285 0.615834
4.61875 0.551611
4.49076 0.410878
4.43554 0.367782
4.23373 0.235548
4.04581 0.164539
3.97428 0.11557
3.74189 0.0612726
3.65273 0.052418
3.37842 0.0543705
3.29639 0.0645042
3.06047 0.110862
3.00497 0.133947
2.79471 0.199557
2.75853 0.209717
2.58347 0.274668
2.56043 0.284911
2.37919 0.381038
2.33475 0.406622
2.13474 0.519288
2.06657 0.55401
1.87791 0.704371
1.81624 0.762195
1.65402 0.941938
1.60343 1.00472
1.46473 1.19833
1.41951 1.26522
1.29329 1.46613
1.23947 1.55463
1.13411 1.74701
1.04487 1.98266
1.02584 2.04117
0.970438 2.25321
0.958826 2.31346
0.937903 2.53618
0.936324 2.60202
0.950279 2.82928
0.959198 2.89779
1.00678 3.12301
1.02619 3.19156
1.10611 3.40904
1.13582 3.47484
1.25001 3.67874
1.29806 3.76665
1.42632 3.94615
1.60641 4.14978
1.66697 4.20941
1.85792 4.35802
1.91362 4.36042
2.04063 4.41072
2.23094 4.33339
2.24413 4.33377
2.32927 4.21017
2.3292 4.20813
2.38488 4.06551
2.38572 4.07004
2.44534 3.92946
2.44516 3.93833
2.51668 3.79133
2.52735 3.77169
2.61664 3.58891
2.64532 3.52936
2.75232 3.3091
2.85855 3.11617
2.90864 3.02772
3.03173 2.83164
3.0584 2.79604
3.19691 2.65808
3.24952 2.61583
3.38583 2.54674
3.42401 2.53781
3.62888 2.47226
3.65004 2.46891
3.78963 2.44003
3.9405 2.42308
3.9994 2.4202
4.15757 2.42878
4.24571 2.44035
4.41671 2.47444
4.43248 2.4796
4.66579 2.5631
4.70153 2.5763
4.89016 2.6682
4.91202 2.68067
5.06317 2.79732
5.09817 2.83633
5.22919 3.03207
5.29455 3.20564
5.3365 3.24338
5.37455 3.45745
5.3595 3.55403
5.37253 3.76763
5.3419 4.00649
5.32557 4.08078
5.21858 4.30237
5.14887 4.36954
5.03249 4.54712
4.85642 4.71228
4.78946 4.76078
4.56687 4.85626
4.47214 4.85813
4.25846 4.91324
4.00855 4.92061
3.93093 4.91383
3.70503 4.84035
3.63954 4.80285
3.45923 4.6539
3.41388 4.59825
3.29533 4.40277
3.27232 4.34208
3.21329 4.13439
3.19373 3.94956
3.16964 3.87068
3.15554 3.66948
3.15809 3.66743
3.1816 3.51504
3.19343 3.48004
3.23573 3.27039
3.25984 3.13937
3.31611 2.81501
3.33256 2.72241
3.35732 2.49663
3.36964 2.38089
3.39894 2.14172
3.40737 2.08015
3.42943 1.88205
3.45873 1.73917
3.46119 1.7105
3.49258 1.53673
3.49869 1.50132
3.51881 1.33712
3.52192 1.3035
3.52622 1.15152
3.52512 1.07868
3.51275 0.93665
3.51774 0.950323
3.45951 0.793342
3.45731 0.790624
3.31577 0.596166
3.24525 0.504981
3.04904 0.24371
3.00619 0.185181
2.91167 0.032253
2.90861 0.0206655
2.80869 -0.118632
2.8073 -0.133245
2.68905 -0.260118
2.68209 -0.277536
2.51896 -0.346887
2.48797 -0.307417
2.33506 -0.318103
2.19847 -0.205925
2.19235 -0.188144
2.14886 -0.0220216
2.16073 -0.0104963
2.1527 0.152004
2.13539 0.233615
2.14602 0.240511
2.14293 0.401591
2.15457 0.409525
2.1273 0.605244
2.10898 0.749109
2.11859 0.78984
2.09243 0.94618
2.09322 0.947716
2.06516 1.11246
2.06265 1.12534
2.03881 1.30203
2.03539 1.32928
2.02254 1.51879
2.02135 1.5558
2.02666 1.75422
2.0334 1.81493
2.04786 1.99279
2.0949 2.20496
2.10548 2.24583
2.16416 2.43688
2.17944 2.47761
2.26053 2.6764
2.27921 2.71561
2.37712 2.88932
2.40062 2.92184
2.53077 3.07837
2.56186 3.10765
2.71508 3.2325
2.74736 3.24908
2.93067 3.35231
3.08629 3.40773
3.13825 3.42658
3.36395 3.50848
3.55251 3.5588
3.62093 3.58889
3.92236 3.64699
4.13665 3.69221
4.45098 3.76216
4.59449 3.79138
4.84286 3.83811
4.94119 3.85307
5.16795 3.88362
5.22654 3.88951
5.43784 3.89305
5.49579 3.89183
5.71185 3.85041
5.77706 3.83213
5.98834 3.73937
6.05449 3.70276
6.24648 3.5637
6.30696 3.51081
6.47133 3.33319
6.5226 3.26729
6.65413 3.0618
6.69182 2.99041
6.78587 2.76657
6.81247 2.68637
6.87137 2.45091
6.88536 2.3699
6.91027 2.13142
6.91283 2.0533
6.90759 1.81935
6.90127 1.74834
6.87286 1.5254
6.8617 1.46573
6.81888 1.25714
6.80687 1.20905
6.75747 1.01417
6.74695 0.977301
6.69501 0.794258
6.68668 0.766233
6.63229 0.592125
6.6256 0.569493
6.56694 0.401152
6.56094 0.380752
6.49561 0.216161
6.48908 0.195772
6.41333 0.0341399
6.40488 0.0110396
6.30639 -0.180249
6.20004 -0.317306
6.17118 -0.363669
6.03501 -0.50168
6.00339 -0.527197
5.8251 -0.626591
5.77799 -0.643997
5.57407 -0.684131
5.55421 -0.640946
5.41816 -0.630693
5.25839 -0.510875
5.25364 -0.507605
5.20596 -0.371315
5.208 -0.37289
5.19867 -0.223151
5.19847 -0.234437
5.19611 -0.0458516
5.19988 0.0126385
5.21407 0.280646
5.22348 0.384502
5.24893 0.688685
5.26249 0.8416
5.27787 1.09836
5.27656 1.17737
5.25423 1.40403
5.23928 1.47978
5.17147 1.69962
5.14476 1.7441
5.04442 1.93488
5.02253 1.9755
4.92611 2.19311
4.90961 2.22567
4.84662 2.37086
4.749 2.56488
4.72688 2.63755
4.64858 2.80255
4.55372 3.02422
4.54744 3.02872
4.48882 3.19523
4.49222 3.17343
4.46723 3.31118
4.4647 3.30299
4.50009 3.42906
4.49458 3.42982
4.62741 3.48378
4.62195 3.48136
4.76241 3.32948
4.8041 3.2778
4.91987 3.09887
4.93943 3.05612
5.00965 2.84014
5.04612 2.70854
5.11548 2.31995
5.12538 2.19332
5.13701 1.94572
5.11683 1.73512
5.10217 1.65236
5.07232 1.47145
5.07101 1.45872
5.00919 1.28518
4.98358 1.22304
4.88727 1.01076
4.86198 0.956149
4.73888 0.729173
4.71054 0.680338
4.57204 0.4864
4.55256 0.462015
4.37275 0.317867
4.29222 0.290448
4.12541 0.174448
3.898 0.0907372
3.82166 0.069787
3.57281 0.0455141
3.45824 0.0464367
3.21634 0.0697296
3.137 0.0868286
2.92557 0.145388
2.86824 0.167502
2.68006 0.226369
2.6534 0.235359
2.4854 0.313275
2.44503 0.335209
2.26152 0.439368
2.19784 0.469757
1.99822 0.595993
1.93205 0.645188
1.75448 0.813379
1.69789 0.874783
1.54762 1.06235
1.50057 1.12656
1.36756 1.32635
1.32389 1.39198
1.18937 1.61727
1.10119 1.82016
1.06376 1.90469
0.993612 2.11463
0.977488 2.1733
0.939238 2.39124
0.932424 2.45615
0.929153 2.68191
0.932914 2.75097
0.963873 2.97787
0.97836 3.048
1.0423 3.27014
1.06734 3.33882
1.1642 3.54987
1.1992 3.61667
1.3326 3.83905
1.47154 4.0124
1.54656 4.09637
1.72204 4.26773
1.78827 4.31822
1.95916 4.42645
2.10092 4.3578
2.16089 4.37247
2.28135 4.28494
2.28533 4.27728
2.35016 4.13793
2.35108 4.13826
2.4078 3.99536
2.40897 4.00095
2.47351 3.86328
2.4771 3.86109
2.55803 3.69757
2.5774 3.65888
2.67651 3.45545
2.71208 3.3785
2.81563 3.18394
2.94773 2.95767
2.98567 2.89732
3.11151 2.73593
3.1365 2.71085
3.31849 2.57488
3.31609 2.58638
3.5007 2.51427
3.55248 2.49672
3.7285 2.45223
3.80631 2.44569
3.86063 2.43053
4.07956 2.42301
4.07754 2.42338
4.32464 2.45468
4.33857 2.45632
4.50844 2.50537
4.59061 2.53513
4.77416 2.61035
4.81927 2.63066
4.97811 2.72614
5.00545 2.74162
5.14863 2.89869
5.17365 2.97492
5.28333 3.12621
5.35895 3.32039
5.36723 3.37757
5.37881 3.63188
5.35146 3.84502
5.36221 3.92888
5.2992 4.15654
5.26014 4.23376
5.12118 4.44482
4.96747 4.5941
4.92227 4.66646
4.72067 4.80205
4.64354 4.83266
4.40152 4.89617
4.18798 4.90354
4.08832 4.92904
3.85194 4.89987
3.77733 4.8751
3.57137 4.76057
3.51477 4.71178
3.36467 4.5349
3.33063 4.4748
3.24325 4.26731
3.24363 4.20864
3.19471 4.02977
3.16131 3.7909
3.15689 3.74968
3.16533 3.5886
3.16596 3.59372
3.20624 3.40086
3.2187 3.34878
3.27317 3.06027
3.30206 2.89399
3.33908 2.64246
3.33975 2.5749
3.37492 2.30085
3.38578 2.22085
3.41159 2.00005
3.42036 1.96175
3.43503 1.8158
3.47145 1.63094
3.47453 1.61489
3.50506 1.42136
3.50606 1.41632
3.52214 1.22328
3.52138 1.22876
3.51725 0.998853
3.52237 1.01629
3.49334 0.873908
3.49139 0.866952
3.41275 0.723922
3.36556 0.65906
3.19856 0.43975
3.09858 0.306806
2.96715 0.115106
2.96219 0.0945599
2.86846 -0.0487786
2.86686 -0.0633945
2.76039 -0.198311
2.75605 -0.216012
2.61628 -0.323395
2.59832 -0.335195
2.41512 -0.34099
2.30755 -0.259399
2.24182 -0.273418
2.1469 -0.122047
2.15171 -0.102187
2.12908 0.0632134
2.14108 0.0726335
2.1225 0.155155
2.1189 0.315255
2.12768 0.323555
2.12627 0.483831
2.11997 0.526071
2.10313 0.669812
2.0881 0.863275
2.09122 0.866677
2.06617 1.02249
2.06443 1.03296
2.03958 1.20143
2.03638 1.22256
2.01847 1.40697
2.01604 1.43954
2.01247 1.63481
2.01353 1.6758
2.02491 1.89399
2.05749 2.06286
2.06867 2.12989
2.1173 2.32446
2.13021 2.36497
2.19954 2.55454
2.22128 2.60725
2.30676 2.7902
2.32813 2.8267
2.44147 2.99005
2.47196 3.02486
2.61479 3.16698
2.64737 3.19081
2.81104 3.2967
2.86037 3.31517
3.00784 3.39479
3.20991 3.46102
3.28749 3.48667
3.47326 3.55235
3.69819 3.60768
3.84292 3.64353
4.21163 3.71869
4.37216 3.75169
4.66948 3.8178
4.76351 3.83296
5.01791 3.87394
5.08845 3.88284
5.30518 3.90128
5.35924 3.90506
5.57518 3.88744
5.63733 3.87813
5.85351 3.81028
5.92133 3.78217
6.12454 3.66515
6.18957 3.61922
6.36814 3.46001
6.42591 3.39845
6.57377 3.20644
6.62054 3.13387
6.73189 2.92173
6.7651 2.84333
6.84168 2.61241
6.86231 2.52991
6.90409 2.29262
6.91245 2.2109
6.92216 1.97433
6.92007 1.89788
6.90317 1.66885
6.89404 1.60204
6.85862 1.38627
6.84683 1.33158
6.80142 1.12972
6.79013 1.08666
6.74062 0.89804
6.73121 0.865055
6.67927 0.687066
6.67171 0.661179
6.61608 0.490552
6.60955 0.468286
6.54813 0.302278
6.54159 0.281027
6.47133 0.118266
6.46337 0.0959271
6.37932 -0.0642554
6.34709 -0.120409
6.26394 -0.269985
6.12772 -0.430251
6.10169 -0.458369
5.94268 -0.578546
5.90071 -0.602005
5.70433 -0.673944
5.65353 -0.681144
5.48338 -0.676253
5.36952 -0.567799
5.31592 -0.565764
5.22964 -0.45266
5.22989 -0.447141
5.20788 -0.29582
5.20827 -0.302083
5.20234 -0.155019
5.20255 -0.125102
5.20764 0.0917713
5.21471 0.201136
5.23411 0.4633
5.24753 0.609185
5.2761 0.919939
5.27969 1.01887
5.27803 1.25687
5.27091 1.32629
5.22502 1.558
5.20326 1.62674
5.11686 1.81856
5.0844 1.86615
4.99372 2.04961
4.96111 2.12171
4.88651 2.30176
4.81453 2.44361
4.78684 2.49496
4.69344 2.70969
4.62672 2.87899
4.58708 2.95205
4.5251 3.10503
4.51761 3.12111
4.48056 3.25208
4.48105 3.23708
4.47968 3.38108
4.47706 3.3813
4.5581 3.47765
4.55013 3.47976
4.68562 3.43374
4.7181 3.3955
4.85638 3.21789
4.88564 3.17063
4.97234 2.98373
4.99729 2.91869
5.06403 2.63107
5.10446 2.39869
5.13963 2.11509
5.13654 2.02414
5.12927 1.81366
5.09806 1.57295
5.09338 1.54812
5.05184 1.38155
5.04453 1.3564
4.95553 1.14864
4.92519 1.08064
4.82787 0.884324
4.78089 0.796679
4.6689 0.612602
4.62335 0.547136
4.49529 0.406864
4.43822 0.362983
4.23658 0.233646
4.04689 0.161937
3.97535 0.109144
3.74377 0.0537713
3.65231 0.044098
3.37877 0.0436833
3.29411 0.0531569
3.05805 0.0962374
3.00015 0.117828
2.78992 0.181213
2.75186 0.192201
2.57696 0.257267
2.55135 0.268859
2.37175 0.366081
2.32577 0.392526
2.12811 0.507958
2.0577 0.543224
1.86736 0.691418
1.80312 0.750481
1.63961 0.928875
1.58708 0.993319
1.44756 1.18583
1.40092 1.25417
1.27576 1.45527
1.22541 1.5464
1.11846 1.74255
1.02696 1.97518
1.0062 2.03612
0.951854 2.24857
0.939919 2.31173
0.919265 2.53457
0.917678 2.60323
0.931756 2.83047
0.941077 2.90169
0.988725 3.12683
1.00893 3.19797
1.08934 3.41523
1.12033 3.48356
1.23154 3.68931
1.28654 3.77424
1.41058 3.96135
1.594 4.16018
1.65765 4.22108
1.84304 4.37586
1.912 4.36243
2.03706 4.40518
2.21071 4.34693
2.22371 4.33971
2.31283 4.21338
2.31409 4.20879
2.37186 4.06459
2.3734 4.06704
2.43402 3.92682
2.43499 3.93285
2.50713 3.78747
2.51866 3.76665
2.60826 3.58559
2.6378 3.5249
2.74526 3.30624
2.85541 3.11509
2.90499 3.02472
3.03066 2.83176
3.05879 2.79545
3.19822 2.66071
3.25243 2.61914
3.38802 2.55251
3.42661 2.54314
3.62962 2.47746
3.65185 2.47339
3.79048 2.44449
3.94009 2.42764
4.00007 2.42462
4.15654 2.43241
4.24591 2.44353
4.41556 2.47618
4.43256 2.48162
4.66487 2.56354
4.70197 2.57702
4.88942 2.6681
4.91268 2.68096
5.06222 2.79729
5.09891 2.83664
5.23061 3.0304
5.29617 3.19971
5.34001 3.24316
5.37831 3.4563
5.36489 3.55804
5.37675 3.76964
5.34661 4.00685
5.33008 4.08327
5.22479 4.30498
5.15092 4.37988
5.03662 4.55485
4.86139 4.71761
4.79205 4.76702
4.57009 4.86312
4.47617 4.86881
4.2652 4.92246
4.00882 4.92733
3.92873 4.9205
3.70312 4.84655
3.63547 4.80761
3.45613 4.65808
3.40963 4.60049
3.29247 4.40505
3.26904 4.34253
3.21101 4.13613
3.19171 3.95031
3.16889 3.87005
3.15507 3.67019
3.15785 3.66776
3.18119 3.51568
3.19245 3.47917
3.2338 3.27072
3.25749 3.13822
3.31076 2.81496
3.32656 2.72098
3.34905 2.49593
3.36175 2.37926
3.39045 2.14148
3.399 2.07856
3.42066 1.88223
3.45008 1.73947
3.45241 1.70814
3.48397 1.53594
3.49028 1.49949
3.51078 1.33694
3.5141 1.30239
3.51949 1.14927
3.51908 1.07834
3.50843 0.938006
3.51293 0.95097
3.45783 0.794867
3.45528 0.7911
3.31917 0.594479
3.24981 0.500541
3.06093 0.236773
3.01846 0.175853
2.92734 0.0230956
2.92277 0.00929945
2.82481 -0.130882
2.82158 -0.147537
2.70131 -0.273684
2.68973 -0.292952
2.52199 -0.357461
2.48965 -0.329422
2.33175 -0.33514
2.18486 -0.217945
2.17036 -0.198018
2.114 -0.0321891
2.12354 -0.016106
2.11114 0.146297
2.09425 0.228728
2.10513 0.237659
2.10234 0.39818
2.11318 0.406118
2.09001 0.598964
2.0778 0.741875
2.08528 0.784517
2.06303 0.940272
2.0637 0.943718
2.03966 1.10777
2.03731 1.12265
2.01708 1.29896
2.01397 1.32829
2.00361 1.51736
2.00276 1.5566
2.00858 1.75445
2.01462 1.81586
2.02739 1.99003
2.07629 2.20833
2.08767 2.25143
2.14613 2.44216
2.16218 2.48515
2.24328 2.68292
2.26327 2.72447
2.36201 2.89785
2.38737 2.93275
2.5184 3.08853
2.55178 3.11965
2.70589 3.2436
2.74034 3.26189
2.92077 3.36579
3.08099 3.41895
3.13356 3.44151
3.35845 3.52096
3.54826 3.57654
3.61954 3.60275
3.91946 3.6623
4.13361 3.70755
4.4467 3.77727
4.59142 3.80693
4.83944 3.85406
4.93924 3.86934
5.16549 3.89943
5.22645 3.90486
5.438 3.90788
5.49879 3.90681
5.71502 3.86489
5.78305 3.84558
5.99429 3.75239
6.0629 3.71425
6.25484 3.57506
6.3174 3.52032
6.48177 3.34285
6.53469 3.27487
6.66623 3.06966
6.70523 2.99589
6.79941 2.77238
6.8269 2.68982
6.88612 2.45478
6.90072 2.37136
6.9264 2.13334
6.92944 2.05281
6.92568 1.81927
6.91977 1.74589
6.89363 1.52323
6.88279 1.46129
6.8428 1.25287
6.83113 1.20272
6.78476 1.00804
6.77437 0.969255
6.72493 0.786496
6.71645 0.756557
6.66372 0.582777
6.65659 0.558154
6.59873 0.390222
6.59199 0.367756
6.52655 0.203667
6.51895 0.181056
6.44205 0.0200562
6.432 -0.00563641
6.32707 -0.196634
6.22025 -0.335579
6.18867 -0.380297
6.04934 -0.517283
6.01385 -0.544694
5.833 -0.64233
5.782 -0.660581
5.57748 -0.70182
5.55019 -0.637715
5.41773 -0.630139
5.27569 -0.528596
5.26909 -0.520883
5.21971 -0.371938
5.22148 -0.373447
5.21228 -0.225057
5.2119 -0.233245
5.20901 -0.0465587
5.21266 0.0131223
5.22591 0.279144
5.23517 0.384498
5.25972 0.687044
5.27304 0.84119
5.28789 1.09725
5.28642 1.17851
5.26403 1.4048
5.24862 1.48281
5.18114 1.70238
5.15388 1.74899
5.05481 1.93919
5.03229 1.98088
4.93698 2.19674
4.91896 2.23204
4.85598 2.37658
4.75943 2.56884
4.73628 2.64354
4.65918 2.80718
4.56574 3.02791
4.55884 3.03381
4.50124 3.1982
4.50384 3.18003
4.47947 3.31587
4.47682 3.30686
4.51471 3.45054
4.51528 3.45605
4.62885 3.48354
4.62409 3.48298
4.77465 3.34061
4.81583 3.28547
4.92877 3.10468
4.94957 3.05918
5.01983 2.84317
5.05682 2.70954
5.12555 2.32276
5.1358 2.19381
5.14735 1.94608
5.12905 1.73485
5.11227 1.65047
5.08253 1.47006
5.0805 1.45497
5.01857 1.28199
4.99214 1.21843
4.89559 1.00761
4.86924 0.951399
4.74576 0.726133
4.7161 0.675709
4.57735 0.483147
4.55603 0.457071
4.37611 0.314479
4.29029 0.283633
4.12514 0.171318
3.90038 0.0848683
3.82209 0.0625641
3.57385 0.0366382
3.45726 0.0365647
3.2154 0.0571729
3.13353 0.0735845
2.92213 0.128904
2.86239 0.150244
2.67473 0.208407
2.64552 0.218403
2.47778 0.297116
2.43585 0.320235
2.25425 0.425627
2.19038 0.459666
1.9903 0.584075
1.92126 0.633919
1.74208 0.800333
1.68321 0.863224
1.53192 1.04961
1.4831 1.11549
1.35013 1.31443
1.30608 1.38253
1.17622 1.60797
1.08534 1.80728
1.04634 1.89879
0.974954 2.10847
0.958364 2.17003
0.920785 2.38818
0.91379 2.45595
0.910687 2.68173
0.914653 2.75354
0.945701 2.98037
0.960773 3.05315
1.02494 3.27513
1.05108 3.34633
1.14704 3.5577
1.18364 3.62672
1.31683 3.847
1.46374 4.01953
1.53404 4.10904
1.70932 4.28059
1.7772 4.33255
1.94313 4.42555
2.08603 4.36503
2.14079 4.3833
2.26569 4.28724
2.26893 4.27883
2.33656 4.13712
2.33823 4.13587
2.39564 3.99413
2.39787 3.99685
2.46336 3.85932
2.46774 3.85573
2.54913 3.69397
2.56933 3.65412
2.66874 3.45242
2.70728 3.37529
2.81156 3.18058
2.94503 2.95684
2.98435 2.89553
3.11185 2.73718
3.13811 2.71169
3.31878 2.58084
3.31865 2.5899
3.50181 2.51956
3.55464 2.50171
3.72892 2.45691
3.80628 2.45008
3.86162 2.435
4.07884 2.42705
4.07788 2.42746
4.32354 2.45712
4.33868 2.45886
4.50731 2.50658
4.5909 2.53635
4.77338 2.61035
4.81975 2.63125
4.97747 2.72583
5.00584 2.74222
5.14892 2.89755
5.177 2.97263
5.28651 3.1215
5.36181 3.3189
5.37094 3.37784
5.38412 3.63446
5.35795 3.84618
5.36681 3.93068
5.30461 4.15785
5.26477 4.23707
5.12541 4.45444
4.97276 4.60103
4.92643 4.6731
4.72462 4.80781
4.64548 4.84015
4.4066 4.90583
4.18688 4.91374
4.08717 4.93591
3.85118 4.90648
3.7741 4.88078
3.56873 4.7657
3.51049 4.71514
3.36162 4.53799
3.32683 4.47597
3.24061 4.26903
3.24124 4.20891
3.19271 4.02911
3.16053 3.79169
3.1563 3.74899
3.1648 3.59079
3.16537 3.59289
3.2048 3.40133
3.21719 3.34775
3.26984 3.06038
3.29758 2.89265
3.33209 2.64237
3.33323 2.57314
3.36659 2.3006
3.3776 2.21923
3.40292 1.99984
3.41195 1.96056
3.42654 1.81468
3.46259 1.62999
3.46587 1.61264
3.49666 1.42094
3.49778 1.41467
3.51474 1.22358
3.51402 1.22788
3.51206 0.999849
3.51671 1.01638
3.49001 0.875569
3.48781 0.867753
3.41296 0.724621
3.36646 0.657525
3.20537 0.435458
3.10819 0.299838
2.98188 0.106045
2.97583 0.0852216
2.88397 -0.0593008
2.88117 -0.0757894
2.77487 -0.211018
2.76744 -0.230812
2.6235 -0.335665
2.60033 -0.348898
2.41636 -0.358397
2.29587 -0.269394
2.23072 -0.282037
2.1224 -0.135485
2.12195 -0.110596
2.09021 0.0553062
2.10128 0.0681079
2.08196 0.151597
2.07824 0.310991
2.08736 0.321525
2.08694 0.479684
2.08369 0.521115
2.06863 0.664309
2.05701 0.857326
2.05992 0.862229
2.03863 1.01769
2.03709 1.02971
2.01609 1.19782
2.01318 1.22096
1.99836 1.40482
1.99628 1.4396
1.99427 1.63424
1.99544 1.67746
2.00505 1.89337
2.04022 2.06707
2.0509 2.13447
2.09923 2.32868
2.11282 2.37151
2.18202 2.56069
2.20457 2.61509
2.29072 2.7976
2.31368 2.8365
2.42794 2.99949
2.46039 3.03623
2.60425 3.17751
2.63933 3.20273
2.80266 3.30897
2.85443 3.32457
3.00372 3.40758
3.20436 3.47449
3.28546 3.50723
3.47073 3.56712
3.69527 3.62185
3.84147 3.65813
4.20725 3.73359
4.36927 3.76702
4.66501 3.8331
4.76151 3.84891
5.01461 3.88983
5.08738 3.89891
5.30371 3.91634
5.3609 3.92035
5.57677 3.90239
5.64189 3.89231
5.85811 3.82397
5.92854 3.79455
6.13168 3.67725
6.19896 3.62963
6.3775 3.47043
6.43712 3.40694
6.585 3.21512
6.63319 3.14043
6.74466 2.92847
6.77894 2.84775
6.85572 2.61723
6.8771 2.53236
6.9194 2.29552
6.9283 2.21142
6.93912 1.9753
6.93749 1.89648
6.92246 1.66784
6.91374 1.59871
6.88085 1.3832
6.86935 1.32632
6.82693 1.12473
6.8159 1.07967
6.76916 0.891324
6.75975 0.856414
6.70985 0.678731
6.70199 0.650863
6.64757 0.480572
6.64044 0.456258
6.57933 0.290682
6.57188 0.267277
6.50099 0.105046
6.49165 0.0803977
6.40472 -0.0788226
6.37348 -0.138182
6.28236 -0.288215
6.14486 -0.444952
6.11527 -0.475399
5.95336 -0.594101
5.90751 -0.618894
5.70974 -0.69023
5.65527 -0.694827
5.48981 -0.683654
5.39339 -0.587873
5.33175 -0.58298
5.2409 -0.44867
5.24267 -0.446591
5.22187 -0.299779
5.22185 -0.302574
5.21565 -0.15523
5.21573 -0.124375
5.2201 0.090872
5.22689 0.201045
5.24548 0.46192
5.25863 0.608946
5.28639 0.918145
5.28985 1.01917
5.28788 1.2566
5.28047 1.32844
5.23472 1.55967
5.21233 1.63077
5.12666 1.82219
5.09384 1.87154
5.00419 2.05375
4.97132 2.12659
4.8963 2.30678
4.82493 2.44825
4.79689 2.50031
4.70404 2.71468
4.638 2.88236
4.59825 2.9569
4.53711 3.10883
4.52955 3.12541
4.49263 3.25733
4.49258 3.24627
4.49175 3.38353
4.48663 3.38035
4.5772 3.50193
4.58191 3.50104
4.68971 3.44061
4.72653 3.40213
4.86636 3.22591
4.89623 3.17568
4.98188 2.98807
5.00783 2.92035
5.07434 2.63343
5.11481 2.40012
5.14978 2.11696
5.14863 2.02207
5.14011 1.81217
5.10893 1.57244
5.1032 1.54538
5.06156 1.37919
5.05346 1.35187
4.96438 1.14542
4.93315 1.07609
4.83545 0.880982
4.78737 0.792235
4.67494 0.609334
4.62803 0.54258
4.49949 0.403193
4.44052 0.358665
4.23602 0.227462
4.04918 0.15314
3.9761 0.104025
3.74567 0.0464024
3.65196 0.0357712
3.37924 0.032964
3.29197 0.0417323
3.05584 0.0816014
2.99532 0.101629
2.78534 0.163034
2.74524 0.174806
2.57049 0.240102
2.54227 0.25305
2.36407 0.351018
2.31664 0.378635
2.12118 0.495876
2.04905 0.532602
1.85734 0.67881
1.79047 0.739024
1.62562 0.915987
1.57108 0.982023
1.43088 1.17356
1.38302 1.24358
1.25962 1.44531
1.20342 1.53475
1.10337 1.73129
1.00947 1.96765
0.987807 2.03143
0.933418 2.24404
0.921202 2.31008
0.900935 2.53299
0.899358 2.60445
0.913551 2.83164
0.923268 2.90555
0.971043 3.13058
0.992084 3.20427
1.07234 3.42149
1.10424 3.49237
1.21551 3.69803
1.27924 3.78293
1.40164 3.97216
1.58157 4.17101
1.64611 4.23471
1.83228 4.38792
1.89441 4.3645
2.02131 4.40876
2.2018 4.34781
2.20941 4.3414
2.29907 4.21159
2.30062 4.20647
2.35867 4.06502
2.3614 4.06433
2.42302 3.92427
2.42518 3.92746
2.49767 3.78359
2.51002 3.76158
2.59994 3.58226
2.6306 3.52058
2.73992 3.30433
2.85205 3.11378
2.90241 3.02229
3.02962 2.83188
3.05918 2.79485
3.19945 2.66333
3.25337 2.62352
3.38974 2.55755
3.42889 2.54756
3.63034 2.4825
3.65371 2.47799
3.79165 2.44885
3.93967 2.43201
4.00075 2.4288
4.15553 2.43588
4.24615 2.44662
4.41442 2.47795
4.43264 2.48366
4.66394 2.56402
4.70234 2.57789
4.88874 2.66787
4.91331 2.68128
5.06178 2.79673
5.1001 2.83658
5.23324 3.02683
5.30039 3.19836
5.3435 3.24297
5.38209 3.45514
5.37054 3.55755
5.38225 3.77195
5.35147 4.00726
5.33473 4.08578
5.23051 4.30726
5.15714 4.38307
5.04118 4.56336
4.86649 4.72318
4.79489 4.77371
4.57376 4.87109
4.46588 4.87583
4.26324 4.93015
4.00907 4.93466
3.92659 4.92679
3.70133 4.85242
3.63159 4.81206
3.45318 4.66208
3.40552 4.60259
3.28959 4.40732
3.26575 4.34298
3.20938 4.1376
3.19107 3.95254
3.16765 3.86947
3.15437 3.67288
3.1574 3.66854
3.18022 3.51621
3.19099 3.47821
3.23147 3.27097
3.2547 3.13701
3.30515 2.81492
3.3202 2.71956
3.34134 2.49546
3.3541 2.3777
3.38197 2.14125
3.39062 2.07697
3.41214 1.88246
3.44095 1.74003
3.44396 1.70585
3.47526 1.5351
3.48181 1.49762
3.50272 1.33672
3.50629 1.30123
3.51281 1.14979
3.51303 1.07795
3.50387 0.939336
3.50733 0.9491
3.45615 0.796353
3.45147 0.789032
3.3223 0.5931
3.25423 0.496397
3.07272 0.230248
3.03022 0.167396
2.94193 0.0148561
2.93644 -0.00144123
2.84002 -0.142174
2.83479 -0.160916
2.71236 -0.28619
2.69621 -0.307151
2.5256 -0.371596
2.47423 -0.331778
2.3285 -0.340354
2.17098 -0.231718
2.15115 -0.208108
2.08184 -0.0435758
2.08828 -0.0227752
2.07085 0.140042
2.05365 0.223636
2.06459 0.234804
2.06197 0.394643
2.07183 0.403773
2.0507 0.591136
2.04527 0.734585
2.0529 0.780033
2.03378 0.935082
2.03442 0.940405
2.0143 1.10368
2.01218 1.12052
1.99543 1.2963
1.99271 1.32763
1.98469 1.51613
1.98415 1.55751
1.98984 1.75466
1.9982 1.81628
2.01087 1.99545
2.05836 2.21151
2.07019 2.25693
2.12844 2.44732
2.14527 2.49257
2.22647 2.68933
2.2478 2.73319
2.34739 2.90617
2.37462 2.94339
2.50651 3.09839
2.54216 3.1313
2.6967 3.25468
2.73327 3.27467
2.91339 3.37472
3.06912 3.42763
3.12901 3.45679
3.3561 3.53888
3.54304 3.59472
3.61799 3.6176
3.91658 3.6768
4.13065 3.72248
4.44243 3.7923
4.58835 3.82245
4.83603 3.86984
4.93733 3.8854
5.1631 3.91499
5.22639 3.92
5.43827 3.92252
5.50179 3.92162
5.71816 3.87914
5.78898 3.85879
6.00016 3.7652
6.0712 3.72555
6.26306 3.58624
6.32767 3.52966
6.492 3.35235
6.54658 3.28232
6.6781 3.07739
6.71841 3.00128
6.81274 2.77812
6.84112 2.69324
6.90068 2.45864
6.91592 2.37284
6.9424 2.13531
6.94593 2.05241
6.94367 1.81933
6.9382 1.74362
6.91428 1.52131
6.9038 1.45712
6.86655 1.24897
6.85517 1.19679
6.8117 1.00238
6.80147 0.961659
6.75441 0.779196
6.74578 0.747291
6.69464 0.573811
6.68706 0.547142
6.62993 0.379573
6.62242 0.354983
6.5568 0.191358
6.54804 0.166505
6.46944 0.00624929
6.45768 -0.0223788
6.34997 -0.211926
6.24708 -0.344637
6.20558 -0.396953
6.06281 -0.532313
6.02358 -0.561548
5.8407 -0.657974
5.78603 -0.677162
5.58016 -0.713523
5.56611 -0.670666
5.43556 -0.65278
5.28505 -0.521254
5.27838 -0.516391
5.23442 -0.378846
5.23527 -0.376011
5.22587 -0.22665
5.22521 -0.232039
5.22192 -0.0472216
5.22543 0.013654
5.23776 0.27768
5.24686 0.384531
5.27053 0.685428
5.28358 0.840794
5.29789 1.09615
5.29623 1.17965
5.27377 1.40555
5.2579 1.48582
5.19075 1.7051
5.16288 1.75379
5.06515 1.94343
5.04206 1.98625
4.9475 2.20023
4.92934 2.23714
4.86555 2.38236
4.77011 2.57293
4.74553 2.64934
4.67001 2.81189
4.57768 3.03152
4.57015 3.03883
4.51358 3.20114
4.51562 3.1858
4.49133 3.32366
4.48893 3.32021
4.52384 3.44822
4.51953 3.45031
4.65112 3.50141
4.65256 3.49678
4.78238 3.34854
4.82587 3.29187
4.93819 3.11064
4.96003 3.06233
5.02996 2.84618
5.06739 2.71052
5.13569 2.32559
5.14619 2.19428
5.15865 1.94532
5.14068 1.73477
5.12293 1.64856
5.09256 1.46872
5.08979 1.45126
5.0278 1.27885
5.00058 1.21384
4.90383 1.00445
4.87642 0.946651
4.7526 0.723083
4.72163 0.671066
4.58253 0.479964
4.55934 0.452271
4.37939 0.311181
4.29609 0.276273
4.12576 0.16437
3.90288 0.0789033
3.82249 0.055903
3.57497 0.0277735
3.45638 0.0266392
3.21462 0.0445807
3.13027 0.0603761
2.91878 0.113177
2.85669 0.133042
2.66948 0.19065
2.6377 0.201709
2.47012 0.281086
2.42658 0.30537
2.24669 0.411783
2.1828 0.449039
1.98304 0.573029
1.91087 0.622901
1.73016 0.787542
1.66895 0.85185
1.51663 1.03703
1.46608 1.10463
1.33357 1.30313
1.28769 1.37318
1.15757 1.59711
1.06313 1.79741
1.02913 1.89278
0.957131 2.10249
0.939839 2.16691
0.902547 2.3852
0.895417 2.45579
0.892536 2.68155
0.896706 2.75609
0.927856 2.98282
0.943536 3.05823
1.00775 3.28007
1.03477 3.35382
1.13051 3.56517
1.16935 3.6359
1.30664 3.85532
1.45374 4.0294
1.523 4.12041
1.69738 4.2927
1.76723 4.34598
1.93134 4.42942
2.07949 4.36311
2.13281 4.38289
2.25325 4.28488
2.25624 4.27607
2.32198 4.1395
2.32505 4.13474
2.38387 3.9928
2.38713 3.99285
2.45339 3.85538
2.45858 3.85039
2.54028 3.69034
2.56134 3.64935
2.66184 3.44976
2.70125 3.37079
2.80831 3.17764
2.94269 2.9562
2.98341 2.89397
3.11215 2.73842
3.13966 2.71248
3.32031 2.58518
3.3211 2.59331
3.50272 2.52431
3.55669 2.50628
3.72936 2.46161
3.80574 2.45454
3.86262 2.43933
4.07813 2.43089
4.08081 2.43149
4.32246 2.45954
4.33881 2.46137
4.50618 2.50782
4.59119 2.5376
4.77259 2.61039
4.82023 2.63186
4.97697 2.7253
5.00642 2.74263
5.15003 2.89572
5.18077 2.97778
5.28989 3.12168
5.36516 3.31728
5.37509 3.37806
5.38867 3.6328
5.36307 3.83787
5.37212 3.93266
5.30996 4.15912
5.26962 4.24046
5.13153 4.45612
4.97919 4.59831
4.93087 4.68021
4.72893 4.8142
4.64718 4.84659
4.40052 4.91729
4.18616 4.92309
4.08599 4.94329
3.85046 4.91284
3.77101 4.88612
3.56624 4.77059
3.50638 4.7183
3.35864 4.541
3.32307 4.4771
3.23825 4.27062
3.23855 4.20929
3.19135 4.02994
3.15969 3.79248
3.15535 3.75027
3.16377 3.59283
3.16462 3.59202
3.20311 3.40176
3.21524 3.34665
3.26614 3.06046
3.29277 2.89132
3.32521 2.64232
3.32659 2.57144
3.35849 2.30042
3.36952 2.21764
3.39436 1.99966
3.40322 1.95798
3.41798 1.81395
3.45384 1.62908
3.45735 1.6104
3.48821 1.42048
3.48947 1.41298
3.50733 1.22383
3.50666 1.22464
3.50659 1.00081
3.51076 1.01463
3.48591 0.874721
3.48432 0.868444
3.41134 0.722846
3.36729 0.656082
3.21202 0.431518
3.11768 0.293255
2.99592 0.0980072
2.98869 0.0765369
2.89884 -0.0690972
2.89484 -0.0875338
2.78829 -0.222794
2.77772 -0.244728
2.63069 -0.34836
2.60204 -0.359473
2.40593 -0.368201
2.27247 -0.286956
2.2208 -0.290954
2.10058 -0.149512
2.09475 -0.119893
2.05346 0.0463501
2.06302 0.0630378
2.04238 0.147771
2.03786 0.306695
2.04748 0.319326
2.04626 0.476083
2.0477 0.514497
2.03296 0.658883
2.02626 0.851958
2.0292 0.858521
2.01128 1.01353
2.00999 1.0271
1.99271 1.1947
1.99015 1.21978
1.9783 1.40296
1.97659 1.43986
1.97576 1.63375
1.97713 1.67902
1.98936 1.89246
2.02326 2.06902
2.03356 2.13894
2.0815 2.33279
2.09576 2.37793
2.16487 2.56672
2.18827 2.62281
2.27515 2.80484
2.29971 2.84609
2.41489 3.00866
2.44932 3.04728
2.59396 3.18786
2.63142 3.21443
2.79553 3.31947
2.8457 3.33864
2.99302 3.41807
3.19854 3.48915
3.28116 3.52254
3.46696 3.58501
3.6923 3.63655
3.83997 3.67306
4.20293 3.74812
4.36641 3.78213
4.66056 3.84829
4.7595 3.86477
5.01134 3.90552
5.0864 3.91476
5.30227 3.93121
5.36267 3.93544
5.57836 3.91717
5.64643 3.9063
5.86265 3.83744
5.93568 3.80673
6.13871 3.68916
6.20822 3.63986
6.3867 3.48069
6.44814 3.41528
6.59601 3.22367
6.64563 3.14687
6.7572 2.93512
6.79256 2.85212
6.86957 2.62202
6.8917 2.53481
6.93455 2.29844
6.94402 2.21199
6.95597 1.97637
6.95481 1.89521
6.94165 1.667
6.93336 1.59559
6.90294 1.38043
6.89176 1.32141
6.85214 1.12015
6.84139 1.0731
6.79729 0.885075
6.78789 0.848201
6.73995 0.670815
6.73179 0.640911
6.67849 0.470924
6.67076 0.444504
6.60989 0.279316
6.60146 0.253712
6.52963 0.0920489
6.5187 0.0650363
6.42985 -0.0938499
6.39917 -0.153087
6.30997 -0.300732
6.16143 -0.459671
6.12809 -0.492041
5.96353 -0.609262
5.914 -0.635399
5.7143 -0.704313
5.65684 -0.711933
5.50306 -0.700192
5.39237 -0.589398
5.33725 -0.57745
5.25786 -0.461726
5.25637 -0.452336
5.2357 -0.302097
5.23537 -0.302758
5.22893 -0.155432
5.22886 -0.123605
5.23257 0.0900189
5.23907 0.200993
5.25685 0.460575
5.26972 0.608734
5.29667 0.916366
5.29997 1.01948
5.29768 1.25633
5.28996 1.33059
5.24435 1.56131
5.22134 1.63477
5.13637 1.82576
5.10326 1.87687
5.01453 2.05784
4.9813 2.13139
4.9067 2.31042
4.83576 2.45304
4.80711 2.50574
4.71483 2.71962
4.64909 2.88568
4.60945 2.96171
4.54903 3.11257
4.54139 3.12967
4.50475 3.26172
4.50454 3.25275
4.50343 3.39553
4.50174 3.39974
4.58123 3.49586
4.57969 3.49948
4.7134 3.45008
4.74254 3.41408
4.87516 3.23311
4.90645 3.18046
4.99161 2.99243
5.01844 2.922
5.0845 2.63576
5.12517 2.40157
5.16018 2.11887
5.15888 2.02202
5.15129 1.81073
5.11981 1.57193
5.11316 1.5426
5.0711 1.37688
5.06221 1.34739
4.97313 1.14222
4.94101 1.07154
4.84297 0.877635
4.79378 0.78779
4.68091 0.60607
4.63259 0.538073
4.50355 0.399638
4.4433 0.353587
4.24075 0.22317
4.05097 0.147358
3.97729 0.0975009
3.7476 0.039368
3.65167 0.0276395
3.37981 0.0222214
3.28996 0.0302335
3.05388 0.0672823
2.99065 0.0863951
2.78096 0.145177
2.73869 0.157608
2.56406 0.223155
2.53321 0.237476
2.35626 0.335991
2.30741 0.364926
2.11446 0.48386
2.04042 0.522135
1.84781 0.666554
1.77826 0.727798
1.61207 0.903297
1.55548 0.970904
1.4148 1.16167
1.36566 1.23347
1.24179 1.43462
1.18105 1.52684
1.08346 1.72345
0.991862 1.95982
0.96999 2.02688
0.915464 2.23963
0.902856 2.3085
0.882872 2.53145
0.881328 2.60568
0.895661 2.83278
0.905779 2.90937
0.953636 3.13426
0.975435 3.21051
1.05557 3.42764
1.08861 3.50093
1.2018 3.70539
1.26513 3.79458
1.3929 3.9827
1.56957 4.18136
1.63553 4.24733
1.8226 4.39906
1.88924 4.36531
2.01593 4.40603
2.18885 4.34759
2.19911 4.33921
2.28274 4.21705
2.28631 4.2074
2.34621 4.06448
2.34981 4.06152
2.41225 3.92171
2.41562 3.92213
2.4883 3.77969
2.50148 3.7565
2.59202 3.57906
2.62377 3.51634
2.73483 3.30183
2.84551 3.1135
2.90034 3.02014
3.02875 2.83211
3.05969 2.79437
3.20052 2.66581
3.25572 2.62655
3.39142 2.56269
3.43104 2.5516
3.631 2.48732
3.65552 2.48234
3.7932 2.45311
3.93925 2.43626
4.00145 2.43282
4.1571 2.43939
4.24642 2.44954
4.41328 2.47972
4.43274 2.48569
4.663 2.56452
4.70271 2.57877
4.88809 2.66759
4.91396 2.68158
5.06196 2.79553
5.10062 2.83706
5.23805 3.02879
5.30461 3.19695
5.34713 3.24273
5.38627 3.45394
5.37747 3.55692
5.39005 3.76607
5.35582 4.00761
5.33969 4.08841
5.23611 4.30946
5.16173 4.38561
5.04851 4.56548
4.8711 4.72828
4.79797 4.78079
4.57683 4.87713
4.47024 4.88531
4.2608 4.94075
4.0093 4.94192
3.92444 4.93307
3.69965 4.858
3.62787 4.81623
3.45034 4.66593
3.40152 4.60459
3.28685 4.4095
3.26263 4.34334
3.20756 4.13913
3.18898 3.95357
3.16653 3.86887
3.15339 3.67642
3.15664 3.66919
3.17906 3.51669
3.18937 3.47722
3.22879 3.27115
3.25152 3.13575
3.29946 2.81492
3.31355 2.71813
3.33361 2.49506
3.34654 2.37618
3.3736 2.14105
3.38231 2.07541
3.40337 1.88129
3.43183 1.73851
3.4356 1.70357
3.46661 1.53426
3.47337 1.49573
3.49464 1.33646
3.49846 1.30001
3.50601 1.14794
3.5068 1.07751
3.49882 0.938865
3.50155 0.945856
3.45418 0.79792
3.44928 0.7895
3.32529 0.591907
3.25856 0.492477
3.08398 0.224358
3.04127 0.159866
2.95547 0.00740641
2.94948 -0.0114934
2.85442 -0.152719
2.84713 -0.173595
2.72279 -0.298261
2.70222 -0.320665
2.52793 -0.379235
2.47186 -0.344227
2.31612 -0.350019
2.15749 -0.247663
2.13385 -0.218618
2.05254 -0.0558524
2.05528 -0.0303262
2.0319 0.133137
2.0138 0.218188
2.02457 0.231873
2.02121 0.390634
2.02952 0.401956
2.01276 0.581982
2.01405 0.725559
2.02041 0.77619
2.0049 0.930525
2.00557 0.93775
1.98909 1.10016
1.98726 1.1189
1.97386 1.29401
1.97157 1.32727
1.96565 1.51506
1.96535 1.55847
1.97248 1.75487
1.97979 1.82595
1.99536 1.99833
2.0408 2.21459
2.05308 2.26231
2.11111 2.45236
2.12873 2.49987
2.21007 2.69561
2.23278 2.74175
2.33323 2.9143
2.36234 2.95377
2.49499 3.10802
2.53283 3.1427
2.68821 3.26492
2.72689 3.28686
2.90396 3.38744
3.06404 3.44513
3.12453 3.47192
3.35002 3.55469
3.53959 3.60737
3.61634 3.63441
3.9137 3.69148
4.12772 3.73726
4.43817 3.80714
4.5853 3.83778
4.83262 3.88546
4.93547 3.90129
5.16078 3.93036
5.22637 3.93503
5.43865 3.93682
5.5048 3.93627
5.72129 3.89321
5.79487 3.87181
6.00596 3.77782
6.0794 3.73666
6.27114 3.59725
6.33779 3.53885
6.50205 3.36171
6.55827 3.28963
6.68977 3.08501
6.73137 3.00659
6.82585 2.7838
6.85514 2.69663
6.91507 2.4625
6.93097 2.37435
6.95827 2.13735
6.96232 2.0521
6.96154 1.81951
6.95655 1.74152
6.93481 1.51961
6.92474 1.45323
6.8901 1.24543
6.87902 1.19123
6.83827 0.997166
6.82822 0.954489
6.78343 0.772338
6.77466 0.738418
6.72503 0.565219
6.71698 0.536447
6.66052 0.369203
6.65221 0.342435
6.58622 0.179261
6.57617 0.152128
6.49607 -0.00751012
6.48227 -0.0388228
6.3767 -0.225684
6.26254 -0.360105
6.22175 -0.413444
6.07565 -0.547045
6.03278 -0.577958
5.84775 -0.672635
5.78936 -0.692416
5.58405 -0.73376
5.54476 -0.665673
5.43779 -0.650327
5.30352 -0.54153
5.29371 -0.528733
5.24824 -0.381064
5.24863 -0.376984
5.23937 -0.228475
5.23849 -0.230822
5.23482 -0.0478447
5.23819 0.0142327
5.24961 0.276252
5.25854 0.3846
5.28133 0.683837
5.2941 0.840415
5.30786 1.09507
5.306 1.18079
5.28344 1.4063
5.26712 1.48881
5.20029 1.70779
5.17181 1.75854
5.07539 1.94757
5.0517 1.99156
4.95805 2.20374
4.93831 2.24559
4.87524 2.38811
4.78094 2.57709
4.75488 2.65504
4.68086 2.81664
4.58952 3.03504
4.58143 3.04383
4.52584 3.20405
4.52717 3.19204
4.50331 3.32873
4.50089 3.32596
4.53775 3.46666
4.54205 3.47553
4.65567 3.50091
4.65536 3.49913
4.79548 3.35956
4.83797 3.29938
4.9474 3.11644
4.97043 3.06542
5.04014 2.84917
5.07814 2.71148
5.14591 2.32846
5.1566 2.19478
5.16903 1.94671
5.15041 1.73859
5.13371 1.64664
5.10259 1.46734
5.09905 1.44755
5.03687 1.27575
5.00889 1.20928
4.912 1.0013
4.88352 0.941906
4.75937 0.720028
4.72707 0.666435
4.58759 0.476835
4.56263 0.447439
4.38339 0.306828
4.29333 0.269402
4.12606 0.159083
3.90545 0.0727333
3.82299 0.0488679
3.57616 0.019064
3.45561 0.0167295
3.21399 0.0320844
3.12726 0.0474998
2.91555 0.0980314
2.85127 0.116347
2.6643 0.173125
2.62993 0.185256
2.46246 0.265213
2.41726 0.290663
2.23905 0.398112
2.17469 0.437514
1.97611 0.562622
1.90081 0.612092
1.71871 0.775006
1.65511 0.84067
1.50181 1.02471
1.44957 1.09409
1.31691 1.29177
1.2689 1.36363
1.13696 1.58873
1.0441 1.78846
1.01048 1.88614
0.93979 2.09662
0.921826 2.1639
0.884643 2.38228
0.877351 2.45566
0.874676 2.68138
0.879061 2.75862
0.910311 2.98522
0.926577 3.06324
0.990767 3.28495
1.01869 3.3612
1.11513 3.57215
1.15539 3.64522
1.2945 3.86467
1.43914 4.04301
1.51236 4.13134
1.68633 4.30385
1.75939 4.35687
1.91962 4.4307
2.06074 4.36782
2.12145 4.3827
2.23362 4.29508
2.24089 4.28048
2.30907 4.13917
2.31285 4.13277
2.3723 3.99158
2.37669 3.98887
2.44356 3.85146
2.44957 3.84507
2.53166 3.68675
2.55366 3.64466
2.65517 3.44714
2.69402 3.36594
2.80282 3.17637
2.94028 2.95549
2.98276 2.89261
3.11244 2.73966
3.14117 2.71328
3.31979 2.59067
3.32344 2.59668
3.50354 2.5288
3.55865 2.51057
3.72978 2.46619
3.80458 2.45887
3.86361 2.44356
4.07742 2.43469
4.08122 2.43513
4.32142 2.46178
4.33897 2.4638
4.50505 2.50908
4.59147 2.53886
4.7718 2.61042
4.82071 2.63244
4.97666 2.72451
5.0072 2.74284
5.15011 2.89473
5.18371 2.97566
5.29485 3.12158
5.3687 3.31559
5.37971 3.37823
5.39607 3.6306
5.37017 3.83942
5.37677 3.93456
5.31541 4.16042
5.27425 4.24373
5.13787 4.45776
4.98337 4.60461
4.93402 4.68566
4.73296 4.82016
4.64923 4.85403
4.40456 4.92354
4.18631 4.92569
4.08468 4.95159
3.84975 4.91908
3.76798 4.89126
3.56388 4.77524
3.50242 4.72127
3.35578 4.5439
3.31946 4.47813
3.2359 4.27221
3.23581 4.20968
3.18944 4.02956
3.15823 3.79333
3.15426 3.75241
3.16255 3.59496
3.16388 3.59115
3.20118 3.40214
3.21299 3.34549
3.26217 3.0605
3.28778 2.89001
3.3182 2.64228
3.31973 2.56978
3.35048 2.30029
3.36154 2.21608
3.38576 1.99949
3.39482 1.95429
3.40952 1.81115
3.44514 1.62818
3.4489 1.60817
3.47977 1.42001
3.48117 1.41125
3.49986 1.22403
3.49925 1.22357
3.50099 1.00174
3.50461 1.01265
3.48146 0.872564
3.48094 0.869044
3.41125 0.723709
3.36793 0.654811
3.21844 0.427938
3.12673 0.287186
3.00888 0.0911198
3.00071 0.0684673
2.91304 -0.0781829
2.90776 -0.0985914
2.80096 -0.233953
2.78724 -0.257989
2.6365 -0.358826
2.6034 -0.370323
2.40262 -0.375534
2.26864 -0.297637
2.208 -0.304444
2.08123 -0.163789
2.06993 -0.12983
2.01901 0.0364562
2.02645 0.0573382
2.00392 0.143548
1.9974 0.302089
2.00731 0.316637
2.00475 0.473057
2.0093 0.512069
1.99853 0.651887
1.99562 0.847283
1.99869 0.855491
1.98421 1.00995
1.98321 1.0251
1.96943 1.19205
1.9673 1.219
1.95823 1.40137
1.95688 1.44028
1.95768 1.63337
1.95906 1.68079
1.97085 1.90071
2.0029 2.07325
2.01711 2.14312
2.06414 2.33679
2.07905 2.38424
2.1481 2.57263
2.17239 2.63043
2.26003 2.81194
2.2862 2.8555
2.40227 3.0176
2.43865 3.05808
2.58418 3.19777
2.62407 3.2255
2.78786 3.33102
2.84789 3.35675
2.98971 3.43309
3.19266 3.50396
3.27742 3.53475
3.46466 3.60004
3.68945 3.65238
3.83845 3.689
4.19862 3.76258
4.36355 3.79711
4.65613 3.86331
4.7575 3.88042
5.00813 3.921
5.08549 3.93036
5.30088 3.94581
5.3646 3.95043
5.57996 3.93174
5.65096 3.92009
5.86715 3.85073
5.94274 3.81871
6.14565 3.70089
6.21735 3.64993
6.39575 3.4908
6.45899 3.42347
6.60683 3.2321
6.65786 3.15321
6.76954 2.94169
6.80597 2.85642
6.88323 2.62677
6.90613 2.53726
6.94956 2.30139
6.95961 2.21262
6.9727 1.97753
6.97205 1.89407
6.96072 1.66634
6.9529 1.5927
6.92489 1.37794
6.91405 1.31681
6.87705 1.11597
6.86659 1.06693
6.82499 0.879268
6.81563 0.840396
6.76954 0.663302
6.76109 0.631311
6.70883 0.461599
6.70047 0.433016
6.63973 0.268186
6.63026 0.240334
6.55743 0.0792048
6.54488 0.0498213
6.45541 -0.10916
6.4136 -0.173423
6.32497 -0.31803
6.17692 -0.47394
6.14027 -0.50841
5.97312 -0.623889
5.91991 -0.651145
5.71964 -0.720844
5.65882 -0.72496
5.52005 -0.712598
5.39263 -0.606675
5.35506 -0.596421
5.2702 -0.461328
5.26944 -0.453307
5.24949 -0.30581
5.24879 -0.303174
5.24217 -0.155621
5.24197 -0.122795
5.24503 0.0892117
5.25124 0.200979
5.26822 0.459266
5.28082 0.608548
5.30694 0.914603
5.31007 1.01981
5.30743 1.25607
5.2994 1.33272
5.2539 1.56293
5.23013 1.63866
5.14609 1.8293
5.11257 1.8821
5.02479 2.06187
4.99128 2.13617
4.91627 2.31758
4.84669 2.45777
4.81742 2.51123
4.72582 2.72449
4.66014 2.88903
4.62061 2.96647
4.5609 3.11626
4.55319 3.1339
4.51668 3.26659
4.51595 3.26128
4.51531 3.39985
4.51271 3.40337
4.60129 3.51792
4.6111 3.51852
4.71812 3.45754
4.7515 3.42067
4.8856 3.24108
4.91731 3.18546
5.00133 2.99676
5.02896 2.92363
5.09481 2.63806
5.13563 2.40304
5.1705 2.12078
5.16876 2.022
5.16164 1.81304
5.13044 1.57142
5.12316 1.53977
5.08057 1.37456
5.07086 1.34293
4.98177 1.13904
4.94876 1.067
4.85041 0.874285
4.80011 0.783348
4.6868 0.602823
4.63704 0.533608
4.50788 0.395753
4.44581 0.348933
4.24029 0.215972
4.05326 0.139865
3.97838 0.0914314
3.74958 0.0321555
3.65145 0.0194162
3.38049 0.0115701
3.2881 0.0187975
3.05219 0.0533346
2.98621 0.0720352
2.77687 0.127848
2.7323 0.140799
2.55768 0.206442
2.52421 0.222134
2.34841 0.321139
2.2981 0.351403
2.10762 0.471722
2.03218 0.512373
1.83868 0.654622
1.76645 0.716785
1.59897 0.89084
1.54033 0.960021
1.39905 1.14992
1.3484 1.22338
1.22376 1.42389
1.16412 1.51851
1.06357 1.71573
0.974212 1.95212
0.951902 2.02231
0.897954 2.23531
0.884909 2.30699
0.865104 2.52994
0.863592 2.60691
0.878065 2.83391
0.888584 2.91314
0.936482 3.13788
0.959018 3.21668
1.03937 3.43359
1.07376 3.50924
1.18774 3.7132
1.24967 3.8098
1.38133 3.99476
1.55729 4.19175
1.62585 4.25902
1.81399 4.40871
1.87182 4.37253
1.99955 4.41169
2.15969 4.36052
2.18036 4.3483
2.27009 4.21588
2.27408 4.20583
2.3337 4.06483
2.33853 4.05887
2.4016 3.91927
2.40626 3.91686
2.47912 3.77582
2.49316 3.75146
2.58436 3.57591
2.61704 3.51206
2.72865 3.29909
2.84052 3.1112
2.89806 3.01783
3.02798 2.83241
3.06031 2.79398
3.20146 2.66817
3.25625 2.63107
3.39294 2.56771
3.43313 2.55546
3.63161 2.49195
3.65726 2.48644
3.79492 2.45717
3.93884 2.44046
4.00216 2.43675
4.15615 2.44251
4.24672 2.45234
4.41216 2.48146
4.43286 2.4877
4.66207 2.56504
4.70308 2.57966
4.88749 2.66722
4.91467 2.68179
5.06191 2.79457
5.10196 2.83685
5.23947 3.02626
5.30567 3.19609
5.35158 3.24228
5.3916 3.45257
5.37969 3.55712
5.39541 3.76849
5.36085 4.00815
5.34441 4.09094
5.24165 4.31159
5.16363 4.38847
5.05035 4.57024
4.87564 4.73321
4.80061 4.7871
4.58013 4.88394
4.47032 4.88688
4.2591 4.94493
4.00946 4.94837
3.9222 4.93957
3.69804 4.86339
3.62428 4.82019
3.44763 4.66963
3.39767 4.60647
3.28419 4.41162
3.25958 4.34368
3.20581 4.14063
3.18718 3.95839
3.16483 3.86833
3.15221 3.6796
3.15582 3.66995
3.17789 3.51718
3.18769 3.47622
3.22582 3.2713
3.24806 3.13446
3.29356 2.81494
3.30667 2.71668
3.32583 2.49474
3.33899 2.3747
3.36529 2.14089
3.37401 2.07386
3.39483 1.879
3.42275 1.73863
3.42706 1.70127
3.45801 1.53343
3.46498 1.49383
3.48654 1.33615
3.49062 1.29875
3.49914 1.14828
3.50046 1.07703
3.49354 0.938178
3.49582 0.943086
3.45245 0.799354
3.44542 0.786762
3.32804 0.590956
3.26266 0.488874
3.09443 0.219175
3.05166 0.153071
2.96813 0.000589475
2.96184 -0.0208458
2.86809 -0.162584
2.85871 -0.18565
2.73216 -0.309326
2.70725 -0.333087
2.53014 -0.387676
2.47569 -0.357392
2.31082 -0.360003
2.14593 -0.261829
2.11644 -0.230338
2.02589 -0.068769
2.02451 -0.0386334
1.99444 0.125484
1.97459 0.212126
1.98487 0.228561
1.98034 0.386178
1.98769 0.400447
1.9726 0.577004
1.98119 0.724429
1.98868 0.77302
1.97622 0.926613
1.97702 0.935708
1.96407 1.09719
1.96258 1.11778
1.95235 1.29208
1.95051 1.32718
1.94676 1.51418
1.94683 1.55957
1.95481 1.75525
1.96094 1.82678
1.97572 2.00379
2.02346 2.21743
2.03653 2.2675
2.09415 2.45728
2.11257 2.50704
2.1941 2.70179
2.21821 2.75018
2.31951 2.92223
2.35049 2.96391
2.48392 3.11735
2.52399 3.15371
2.67967 3.27521
2.7204 3.29921
2.90334 3.40664
3.05869 3.46146
3.11978 3.48808
3.34437 3.56761
3.53625 3.62096
3.61491 3.64995
3.91085 3.70694
4.12476 3.75222
4.43392 3.82182
4.58226 3.85298
4.82922 3.90089
4.93365 3.91696
5.15853 3.94547
5.22641 3.94997
5.43919 3.95088
5.50784 3.95076
5.72441 3.90709
5.80071 3.88463
6.01169 3.79025
6.08749 3.74759
6.2791 3.60809
6.34775 3.54789
6.51193 3.37093
6.56976 3.29682
6.70123 3.09253
6.74413 3.01182
6.83877 2.78943
6.86897 2.69999
6.92929 2.46636
6.94586 2.37589
6.974 2.13944
6.9786 2.05188
6.97931 1.81984
6.97482 1.73959
6.95521 1.51815
6.94559 1.4496
6.91344 1.24223
6.90265 1.18603
6.86448 0.992371
6.85461 0.947721
6.81198 0.765898
6.80308 0.72992
6.75486 0.556984
6.74636 0.526057
6.69046 0.359105
6.68131 0.330106
6.61486 0.167354
6.60346 0.137896
6.5224 -0.0212992
6.50691 -0.0552094
6.39356 -0.245265
6.27832 -0.376221
6.23662 -0.429216
6.08787 -0.561492
6.04143 -0.593924
5.85493 -0.687757
5.79321 -0.708599
5.59802 -0.750552
5.52315 -0.676683
5.44251 -0.662131
5.30934 -0.537485
5.30483 -0.52739
5.26263 -0.386824
5.26227 -0.379294
5.25285 -0.230141
5.25169 -0.229597
5.24771 -0.0484291
5.25093 0.0148583
5.26147 0.274861
5.27022 0.384706
5.29212 0.682274
5.3046 0.840052
5.31779 1.094
5.31572 1.18194
5.29305 1.40703
5.27625 1.49177
5.20971 1.7104
5.18064 1.76319
5.08545 1.95158
5.06126 1.99681
4.96856 2.20722
4.94847 2.2503
4.88557 2.39412
4.79186 2.5813
4.76439 2.66065
4.69175 2.82147
4.60131 3.03852
4.59266 3.04877
4.53799 3.20693
4.53867 3.19798
4.51499 3.33586
4.51288 3.33765
4.54913 3.46846
4.5504 3.47625
4.67672 3.51809
4.68253 3.51182
4.80378 3.36747
4.84845 3.30575
4.95711 3.12238
4.98105 3.06854
5.05028 2.85215
5.08883 2.71241
5.15612 2.33132
5.16695 2.19529
5.17938 1.94817
5.16014 1.73847
5.14377 1.6448
5.1126 1.46593
5.10828 1.44381
5.04586 1.27266
5.01709 1.20474
4.92008 0.998153
4.89052 0.93717
4.76608 0.716977
4.73243 0.661823
4.59274 0.473605
4.56592 0.442596
4.38698 0.303084
4.29821 0.262965
4.12689 0.151774
3.90807 0.066533
3.82353 0.0418996
3.57742 0.0103262
3.45493 0.00683321
3.21352 0.0197863
3.1245 0.0350179
2.91251 0.0834919
2.84617 0.100277
2.65927 0.15596
2.62227 0.169131
2.45485 0.249554
2.40791 0.276161
2.23126 0.38451
2.16582 0.42507
1.96932 0.552521
1.89121 0.60167
1.70769 0.762727
1.6417 0.829704
1.48743 1.0126
1.4334 1.08371
1.30029 1.28038
1.25103 1.35447
1.11993 1.5786
1.02842 1.78151
0.991805 1.87964
0.922407 2.09082
0.903972 2.16097
0.8671 2.37942
0.859618 2.45556
0.857106 2.68121
0.861708 2.76114
0.893043 2.98759
0.909882 3.0682
0.97415 3.28971
1.00309 3.36842
1.10008 3.57903
1.14107 3.65503
1.28092 3.87753
1.42324 4.05646
1.50099 4.14283
1.67618 4.31406
1.751 4.36876
1.90774 4.43472
2.02149 4.38416
2.09374 4.39537
2.22252 4.29058
2.22907 4.27818
2.2954 4.14165
2.30069 4.13172
2.36084 3.99059
2.36643 3.98504
2.4339 3.84759
2.44077 3.83979
2.52325 3.68321
2.5462 3.64
2.64817 3.44428
2.69187 3.35813
2.79853 3.17284
2.93785 2.95474
2.98214 2.89125
3.1127 2.7409
3.14264 2.71404
3.32135 2.59467
3.32586 2.60032
3.50429 2.53314
3.56056 2.51467
3.73014 2.47058
3.80315 2.46312
3.8646 2.44766
4.07673 2.43825
4.08513 2.43892
4.32039 2.46404
4.33917 2.46615
4.50392 2.51033
4.59176 2.54013
4.77103 2.61043
4.82122 2.63299
4.97631 2.72378
5.00795 2.74307
5.15089 2.89314
5.18368 2.97675
5.29709 3.122
5.37276 3.31379
5.38392 3.37838
5.39945 3.62904
5.3713 3.83907
5.38223 3.93669
5.32076 4.16168
5.27835 4.24666
5.14109 4.45957
4.98602 4.60758
4.9371 4.69094
4.73692 4.82592
4.65075 4.85994
4.40675 4.92589
4.18999 4.92852
4.08351 4.9573
3.84899 4.92528
3.76496 4.89633
3.56163 4.77972
3.49861 4.72408
3.35302 4.54672
3.31596 4.4791
3.23361 4.27376
3.2315 4.21065
3.1872 4.03298
3.15673 3.79418
3.15287 3.75418
3.16135 3.59707
3.1633 3.59032
3.19918 3.40252
3.21056 3.34431
3.25793 3.06053
3.28254 2.88871
3.31109 2.64222
3.31268 2.56816
3.34249 2.3002
3.35358 2.21455
3.37727 1.99935
3.3861 1.95307
3.4005 1.80982
3.43639 1.62727
3.4404 1.60591
3.47134 1.41951
3.47289 1.40948
3.49233 1.22419
3.49192 1.21971
3.49509 1.00264
3.49838 1.01075
3.47722 0.870856
3.47744 0.869631
3.40938 0.721461
3.36863 0.653533
3.22447 0.42481
3.13512 0.281686
3.0209 0.0851222
3.01212 0.0608218
2.92661 -0.0865861
2.91997 -0.108991
2.81276 -0.244399
2.79582 -0.270457
2.64181 -0.368871
2.6045 -0.381798
2.40562 -0.382942
2.27036 -0.312246
2.19801 -0.315214
2.06306 -0.178246
2.04654 -0.140439
1.98683 0.0257341
1.99164 0.0509501
1.96649 0.138688
1.95705 0.297005
1.967 0.313511
1.96321 0.470156
1.96935 0.518992
1.96345 0.652708
1.96551 0.843175
1.96871 0.853113
1.9574 1.00694
1.95672 1.02367
1.94629 1.18985
1.94461 1.2186
1.93823 1.40003
1.93732 1.4409
1.93963 1.6331
1.94116 1.68264
1.95274 1.90021
1.98611 2.07335
1.99923 2.14764
2.04727 2.3406
2.0628 2.39038
2.13173 2.5784
2.15693 2.63794
2.24534 2.81891
2.27313 2.86472
2.39007 3.0263
2.42842 3.06859
2.57462 3.20752
2.61681 3.23639
2.78057 3.34209
2.8395 3.36944
2.98554 3.45113
3.18709 3.51856
3.27935 3.55314
3.46272 3.61378
3.68666 3.66756
3.83701 3.70439
4.19428 3.77723
4.36069 3.812
4.65173 3.87815
4.7555 3.89593
5.00497 3.93628
5.08464 3.94575
5.29957 3.96028
5.36671 3.96521
5.58157 3.94612
5.65549 3.93371
5.8716 3.86382
5.94974 3.83051
6.15248 3.71245
6.22636 3.65983
6.40464 3.50075
6.46967 3.43153
6.61746 3.2404
6.66989 3.15944
6.78168 2.94818
6.81919 2.86067
6.8967 2.6315
6.9204 2.53971
6.96442 2.30437
6.97508 2.21331
6.98932 1.97878
6.98921 1.89305
6.97968 1.66586
6.97236 1.59001
6.94668 1.37572
6.93621 1.31251
6.9017 1.11215
6.89151 1.06113
6.85228 0.873875
6.84295 0.832976
6.79862 0.656172
6.78987 0.622047
6.73858 0.452585
6.72957 0.421786
6.66885 0.257282
6.65827 0.227137
6.58464 0.066449
6.5706 0.0346994
6.47838 -0.123359
6.43731 -0.185732
6.34051 -0.336334
6.19163 -0.487823
6.15166 -0.52422
5.98246 -0.63844
5.92583 -0.666983
5.72582 -0.73888
5.67013 -0.734457
5.54414 -0.738566
5.3865 -0.61395
5.3574 -0.593599
5.28509 -0.470505
5.28319 -0.457791
5.26323 -0.308296
5.26221 -0.303429
5.25538 -0.155806
5.25505 -0.121947
5.25749 0.0884494
5.26342 0.201003
5.2796 0.457992
5.2919 0.608391
5.31719 0.912856
5.32013 1.02015
5.31714 1.25581
5.30878 1.33485
5.26337 1.56452
5.23895 1.64255
5.15576 1.83276
5.12174 1.88722
5.03498 2.06586
5.00118 2.14092
4.92707 2.32101
4.85723 2.46235
4.82803 2.51688
4.73708 2.72931
4.67121 2.89244
4.63175 2.97119
4.57268 3.11991
4.56489 3.13811
4.52851 3.27116
4.52753 3.26849
4.5275 3.41008
4.5272 3.41858
4.61073 3.51891
4.61673 3.52313
4.74091 3.46653
4.76782 3.43201
4.89483 3.24824
4.92783 3.19022
5.01121 3.00109
5.03952 2.92525
5.10509 2.64034
5.14607 2.40452
5.18082 2.12272
5.17826 2.02111
5.17125 1.81151
5.14064 1.57099
5.13283 1.53699
5.09 1.37222
5.07946 1.33846
4.99031 1.13588
4.95641 1.06248
4.85778 0.870938
4.80635 0.778918
4.69266 0.599555
4.64151 0.5291
4.51206 0.392028
4.44864 0.343786
4.24487 0.211846
4.05719 0.135492
3.97971 0.0846038
3.75161 0.0249819
3.65129 0.0111923
3.38127 0.00101399
3.28637 0.00749054
3.05077 0.0397889
2.982 0.0583895
2.77309 0.111121
2.72611 0.124482
2.5514 0.190028
2.5153 0.207074
2.34051 0.306441
2.28864 0.337964
2.10034 0.459296
2.02444 0.503323
1.83001 0.643063
1.75506 0.706033
1.58631 0.878599
1.52559 0.949331
1.38357 1.13826
1.33139 1.21336
1.20671 1.41358
1.14679 1.51367
1.04635 1.70984
0.957104 1.94487
0.933799 2.01782
0.88064 2.23107
0.867241 2.30554
0.84765 2.52847
0.84616 2.60815
0.860753 2.83501
0.871669 2.91687
0.919628 3.14143
0.942942 3.22274
1.02359 3.43941
1.0592 3.51749
1.1728 3.72175
1.23411 3.82037
1.36754 4.00792
1.54498 4.20219
1.61648 4.27054
1.80497 4.41922
1.8424 4.40022
1.96779 4.43491
2.14936 4.35014
2.16964 4.34218
2.25434 4.22121
2.26075 4.2069
2.32148 4.06513
2.32745 4.05649
2.39111 3.91686
2.39709 3.91165
2.47013 3.772
2.48506 3.74645
2.57668 3.57269
2.61046 3.50782
2.72584 3.29252
2.83773 3.11022
2.89572 3.01543
3.02719 2.83269
3.06093 2.79361
3.20239 2.67058
3.25896 2.63423
3.39444 2.57283
3.43521 2.55934
3.63215 2.49639
3.65895 2.49034
3.79666 2.46106
3.93841 2.4445
4.00288 2.4405
4.15869 2.44584
4.24705 2.45504
4.41106 2.48316
4.43299 2.48965
4.66113 2.56556
4.70347 2.58051
4.88685 2.66693
4.91536 2.68203
5.06201 2.79343
5.10274 2.83711
5.23931 3.02537
5.30671 3.19248
5.35507 3.24206
5.3955 3.45135
5.382 3.56281
5.39791 3.77014
5.36549 4.00865
5.34934 4.09355
5.24606 4.31312
5.1656 4.39524
5.0518 4.57393
4.87979 4.73757
4.8031 4.79308
4.58262 4.88852
4.47314 4.89348
4.26103 4.94885
4.00973 4.95346
3.92014 4.94519
3.69645 4.86867
3.62076 4.82402
3.44504 4.6732
3.39394 4.60823
3.28161 4.41369
3.25648 4.34401
3.20237 4.14275
3.18336 3.9592
3.16298 3.8678
3.15101 3.68302
3.15499 3.67068
3.1769 3.5177
3.18606 3.47523
3.22268 3.27143
3.24436 3.13315
3.28748 2.81499
3.29955 2.7152
3.31786 2.49445
3.33139 2.37324
3.35704 2.14075
3.36581 2.07233
3.38595 1.87919
3.41374 1.73949
3.41845 1.69894
3.44938 1.53257
3.45657 1.4919
3.47842 1.3358
3.48274 1.29744
3.49221 1.14583
3.49395 1.07651
3.48825 0.937568
3.49006 0.940095
3.45036 0.800887
3.44322 0.787138
3.33069 0.590137
3.26654 0.485544
3.10413 0.214615
3.06139 0.146923
2.98014 -0.0057828
2.97365 -0.0296123
2.881 -0.171759
2.86946 -0.197032
2.7408 -0.319763
2.71169 -0.344878
2.53232 -0.397585
2.47551 -0.373703
2.30983 -0.374698
2.13679 -0.273853
2.10085 -0.241731
2.00119 -0.0821138
1.9956 -0.0476265
1.95848 0.116975
1.93619 0.2053
1.94564 0.224721
1.93978 0.381442
1.94643 0.398926
1.93269 0.576382
1.94781 0.724198
1.95657 0.770542
1.94796 0.92329
1.9489 0.934253
1.93924 1.09473
1.93815 1.11712
1.93093 1.29049
1.92959 1.32737
1.92794 1.51348
1.9284 1.56079
1.93683 1.75569
1.94382 1.82758
1.95862 2.00554
2.006 2.2205
2.01978 2.27277
2.07762 2.46204
2.09682 2.51408
2.17854 2.70785
2.20406 2.75848
2.30621 2.93
2.33906 2.97382
2.47318 3.12648
2.51541 3.16452
2.6713 3.28524
2.71417 3.31133
2.89413 3.41813
3.0537 3.47378
3.1149 3.50658
3.34518 3.58512
3.53164 3.63837
3.61354 3.66452
3.90804 3.72201
4.1218 3.76717
4.42967 3.83646
4.57925 3.86801
4.82584 3.91612
4.93189 3.93245
5.15634 3.96043
5.22654 3.96491
5.43988 3.96581
5.5109 3.96509
5.72752 3.92078
5.80651 3.89726
6.01734 3.80249
6.09549 3.75835
6.28693 3.61877
6.35757 3.55678
6.52163 3.38001
6.58108 3.30389
6.71251 3.09995
6.7567 3.01697
6.8515 2.79501
6.88263 2.70332
6.94335 2.47022
6.96062 2.37745
6.98961 2.14159
6.99479 2.05175
6.99697 1.82029
6.99302 1.73782
6.97548 1.5169
6.96633 1.44621
6.93657 1.23933
6.92608 1.18115
6.89033 0.987962
6.88065 0.94133
6.84005 0.759854
6.83103 0.72178
6.78414 0.549092
6.77516 0.515963
6.71973 0.349271
6.7097 0.317996
6.6428 0.15561
6.63008 0.123817
6.54741 -0.0347083
6.52951 -0.0710084
6.41368 -0.254993
6.29935 -0.384322
6.25107 -0.445139
6.09955 -0.575595
6.04971 -0.609587
5.86243 -0.703525
5.79782 -0.72579
5.62302 -0.770134
5.49934 -0.680701
5.43896 -0.664975
5.32501 -0.553599
5.31696 -0.536378
5.27659 -0.389633
5.27575 -0.380397
5.26631 -0.231855
5.26489 -0.228365
5.26058 -0.0489766
5.26365 0.0155296
5.27334 0.273508
5.2819 0.384849
5.30291 0.680737
5.31509 0.839706
5.3277 1.09294
5.3254 1.1831
5.30259 1.40776
5.28531 1.49471
5.21912 1.71299
5.18955 1.76785
5.09546 1.95552
5.07071 2.002
4.97921 2.21073
4.9587 2.25502
4.89525 2.39982
4.803 2.58564
4.77423 2.66626
4.70275 2.8264
4.61305 3.04194
4.60384 3.05369
4.55004 3.20977
4.55004 3.20405
4.52693 3.34167
4.52494 3.34532
4.56323 3.48228
4.56939 3.4939
4.68989 3.52127
4.69022 3.51932
4.81726 3.37806
4.86082 3.31303
4.96661 3.12815
4.9916 3.07159
5.06047 2.85513
5.09958 2.71331
5.16632 2.3342
5.17725 2.19581
5.18893 1.94872
5.16988 1.73835
5.15363 1.64301
5.1224 1.46456
5.11734 1.4401
5.05478 1.26956
5.02521 1.2002
4.92807 0.995015
4.89743 0.932445
4.77273 0.71392
4.73773 0.657207
4.59782 0.470398
4.56923 0.437704
4.39097 0.298737
4.30099 0.258804
4.1295 0.146705
3.91068 0.0603246
3.82415 0.0346431
3.57874 0.00163372
3.45434 -0.00301441
3.21319 0.00772562
3.12198 0.0229427
2.90965 0.0694024
2.84138 0.0848241
2.65443 0.139232
2.61475 0.153397
2.4473 0.234124
2.39857 0.261884
2.22326 0.370848
2.15683 0.412781
1.96225 0.541898
1.88208 0.591642
1.6971 0.75071
1.6287 0.818945
1.47341 1.00064
1.41753 1.07344
1.28413 1.26924
1.23369 1.34555
1.10269 1.57207
1.01167 1.77428
0.974365 1.87375
0.905113 2.08514
0.88624 2.1581
0.849832 2.37662
0.842181 2.45549
0.839827 2.68105
0.844643 2.76363
0.876059 2.98991
0.89348 3.07309
0.957893 3.29438
0.987875 3.37553
1.08487 3.58602
1.12693 3.66473
1.26546 3.88649
1.40967 4.06438
1.48919 4.15483
1.666 4.32442
1.74173 4.38239
1.88275 4.4529
2.02249 4.3863
2.08688 4.38824
2.20202 4.29975
2.21344 4.2819
2.28259 4.14267
2.28886 4.13064
2.34961 3.98952
2.35639 3.98128
2.42441 3.84376
2.43216 3.83455
2.51495 3.67965
2.53884 3.63533
2.64181 3.44169
2.68876 3.35562
2.79527 3.16981
2.93584 2.95423
2.98151 2.88986
3.11296 2.74215
3.14414 2.71488
3.32057 2.60004
3.32824 2.60403
3.50504 2.53745
3.56244 2.51865
3.73046 2.4748
3.80179 2.46718
3.86558 2.45159
4.07605 2.44185
4.0856 2.44228
4.31939 2.46611
4.33938 2.46843
4.50282 2.51156
4.59207 2.54137
4.77025 2.61044
4.82172 2.63356
4.97599 2.723
5.0087 2.7433
5.15078 2.89231
5.18626 2.97496
5.29899 3.11971
5.37571 3.31227
5.38672 3.3787
5.40346 3.63277
5.37746 3.84041
5.38611 3.93844
5.32586 4.16286
5.28225 4.24951
5.14386 4.46511
4.99194 4.6149
4.9397 4.69555
4.74036 4.83074
4.65217 4.86577
4.40996 4.9304
4.19044 4.93652
4.08243 4.96177
3.84838 4.93085
3.76207 4.90106
3.55945 4.78407
3.4949 4.72676
3.35037 4.54944
3.31255 4.48
3.2305 4.2756
3.22878 4.211
3.18384 4.03237
3.15439 3.79513
3.15137 3.7562
3.16019 3.59916
3.16302 3.58955
3.19723 3.40291
3.20804 3.34313
3.25349 3.06055
3.27709 2.88743
3.30376 2.64214
3.3054 2.56656
3.33446 2.30013
3.34565 2.21304
3.36869 1.99921
3.37766 1.95182
3.39169 1.80927
3.42759 1.62633
3.43185 1.60362
3.4629 1.419
3.46461 1.40767
3.48476 1.22429
3.48446 1.2186
3.48925 1.00348
3.49206 1.00877
3.4728 0.868979
3.4728 0.867215
3.40912 0.72239
3.36904 0.652465
3.23013 0.422065
3.1429 0.276685
3.03215 0.0798394
3.02308 0.0534797
2.9396 -0.0943893
2.93149 -0.118794
2.82377 -0.254197
2.80361 -0.282212
2.64693 -0.378951
2.60536 -0.393038
2.40624 -0.397293
2.25835 -0.322685
2.18956 -0.324553
2.04682 -0.192379
2.02492 -0.151339
1.95659 0.0142903
1.9584 0.0437953
1.93011 0.133079
1.91725 0.291409
1.9269 0.310121
1.92294 0.467492
1.93063 0.519041
1.92775 0.654553
1.93532 0.839831
1.93885 0.85139
1.93091 1.00446
1.93057 1.02278
1.9233 1.18806
1.9221 1.21856
1.91831 1.39896
1.91787 1.44171
1.9215 1.63294
1.92331 1.68449
1.93588 1.89962
1.96882 2.07475
1.98255 2.15193
2.03043 2.34446
2.04673 2.39648
2.11576 2.58404
2.14189 2.64533
2.23105 2.82574
2.26049 2.87376
2.37824 3.0348
2.41854 3.07887
2.56531 3.21708
2.60967 3.2471
2.77316 3.35343
2.83278 3.37955
2.98186 3.46416
3.18164 3.53482
3.274 3.57148
3.45952 3.63119
3.68383 3.68219
3.83562 3.71922
4.18997 3.79176
4.35783 3.82686
4.64734 3.89284
4.75353 3.91123
5.00185 3.95137
5.08386 3.96095
5.29831 3.975
5.36886 3.98027
5.58322 3.9604
5.66 3.94714
5.87602 3.87673
5.95666 3.84212
6.15922 3.72383
6.23524 3.66957
6.41339 3.51055
6.48018 3.43946
6.62791 3.24858
6.68174 3.16557
6.79362 2.9546
6.83223 2.86488
6.91 2.63621
6.9345 2.54215
6.97913 2.30738
6.99043 2.21406
7.00582 1.98012
7.00628 1.89216
6.99853 1.66555
6.99173 1.58753
6.9683 1.37376
6.95825 1.30849
6.9261 1.10867
6.91614 1.05568
6.87913 0.86887
6.86985 0.825919
6.82716 0.649407
6.81812 0.613106
6.7677 0.443872
6.75801 0.41081
6.69727 0.246594
6.68557 0.214121
6.61094 0.0539141
6.59514 0.0198329
6.50029 -0.137332
6.46074 -0.199873
6.36146 -0.346972
6.20582 -0.501752
6.16262 -0.539891
5.99174 -0.653081
5.93197 -0.683124
5.73486 -0.761692
5.67802 -0.722934
5.54884 -0.733636
5.38063 -0.624087
5.36985 -0.610531
5.29782 -0.472932
5.2957 -0.459543
5.27706 -0.311642
5.27565 -0.303727
5.26859 -0.155984
5.26811 -0.121061
5.26995 0.0877318
5.27558 0.201066
5.29097 0.456755
5.30297 0.608261
5.32742 0.911126
5.33016 1.0205
5.32679 1.25557
5.31809 1.33697
5.27279 1.56609
5.24771 1.64639
5.16546 1.83621
5.13091 1.89231
5.04515 2.06982
5.01115 2.14567
4.93752 2.32434
4.87015 2.46292
4.83901 2.52275
4.74881 2.73413
4.68239 2.89596
4.64291 2.9759
4.5844 3.12351
4.57651 3.1423
4.54034 3.27587
4.53896 3.27642
4.53987 3.41625
4.53964 3.42586
4.63018 3.53337
4.6394 3.53596
4.74889 3.47675
4.7792 3.43974
4.90561 3.25606
4.9389 3.19513
5.02105 3.00537
5.04997 2.92684
5.11542 2.64259
5.1565 2.40601
5.19067 2.12459
5.18856 2.01878
5.1807 1.81001
5.15066 1.57059
5.1423 1.53425
5.09931 1.3699
5.08793 1.33401
4.99878 1.13271
4.96397 1.05797
4.86507 0.867595
4.81253 0.774492
4.69848 0.596282
4.64592 0.524606
4.5164 0.388094
4.45136 0.338802
4.24891 0.208401
4.06135 0.130724
3.98085 0.0784473
3.75369 0.0176609
3.65121 0.00286808
3.38215 -0.00940645
3.28477 -0.00365094
3.0496 0.0265744
2.97799 0.0452568
2.76962 0.0949759
2.72015 0.108679
2.54525 0.173944
2.50651 0.192325
2.33258 0.291858
2.2791 0.324646
2.09286 0.446835
2.01653 0.493868
1.82172 0.63177
1.74412 0.695553
1.57406 0.86656
1.5112 0.938798
1.36845 1.12676
1.31477 1.20355
1.1906 1.40383
1.12996 1.50492
1.02902 1.70391
0.940418 1.93778
0.916233 2.01352
0.863481 2.22691
0.849789 2.30414
0.830482 2.52702
0.829017 2.60939
0.843722 2.8361
0.855034 2.92056
0.903086 3.14492
0.927203 3.22872
1.00797 3.44516
1.04469 3.5257
1.1578 3.7303
1.22166 3.82875
1.3542 4.01773
1.53317 4.21244
1.60687 4.2825
1.7824 4.43739
1.85508 4.39232
1.96418 4.42935
2.1258 4.3664
2.15004 4.35025
2.24104 4.22186
2.24822 4.20648
2.30955 4.06533
2.31663 4.05406
2.38081 3.91445
2.38811 3.90649
2.46128 3.76818
2.4771 3.74146
2.5693 3.56957
2.60456 3.50387
2.72166 3.29103
2.83601 3.10987
2.89394 3.01337
3.02646 2.833
3.06157 2.79326
3.20324 2.67293
3.25935 2.63883
3.39588 2.578
3.4373 2.56321
3.63265 2.50069
3.66061 2.49412
3.79822 2.46481
3.93799 2.44843
4.00361 2.44418
4.15779 2.44873
4.24741 2.45763
4.40998 2.48481
4.43316 2.49156
4.6602 2.56607
4.70387 2.58135
4.88634 2.66637
4.91605 2.68227
5.06183 2.7926
5.10396 2.83699
5.24061 3.02291
5.31078 3.19122
5.35787 3.24202
5.39819 3.45026
5.38842 3.56187
5.40304 3.7726
5.37032 4.00917
5.35348 4.09585
5.25055 4.31468
5.1737 4.39906
5.05554 4.58015
4.88396 4.74187
4.80517 4.79831
4.58529 4.89369
4.47202 4.90072
4.26077 4.95401
4.01001 4.95896
3.91827 4.95002
3.69497 4.87367
3.61736 4.82765
3.44253 4.67666
3.39033 4.60991
3.27875 4.41589
3.25302 4.34449
3.19992 4.14452
3.18176 3.95993
3.16027 3.86737
3.14968 3.68617
3.15427 3.67139
3.17625 3.5183
3.18464 3.47428
3.21945 3.27155
3.24049 3.13185
3.28119 2.81507
3.29227 2.7137
3.30978 2.49422
3.32369 2.3718
3.34876 2.14063
3.35755 2.07083
3.37724 1.87935
3.40497 1.73874
3.41 1.69664
3.44071 1.53169
3.44813 1.48996
3.47028 1.33541
3.47487 1.29609
3.48521 1.14613
3.48745 1.07594
3.48284 0.936886
3.48414 0.936803
3.44733 0.799363
3.43799 0.780795
3.33299 0.589589
3.27004 0.482559
3.11321 0.210571
3.07054 0.141312
2.99165 -0.0118285
2.98499 -0.0378904
2.89317 -0.18031
2.87944 -0.207786
2.7489 -0.329746
2.71573 -0.356179
2.53473 -0.409312
2.45819 -0.378007
2.30396 -0.379018
2.12749 -0.287145
2.08697 -0.252715
1.97848 -0.0956987
1.96846 -0.0572076
1.92402 0.107599
1.89886 0.19769
1.90715 0.220351
1.90024 0.376759
1.90764 0.397369
1.89973 0.575158
1.91608 0.714161
1.92417 0.768929
1.91985 0.920601
1.92107 0.933366
1.91463 1.09276
1.91398 1.11689
1.90962 1.28924
1.90881 1.32782
1.90913 1.51294
1.90996 1.5621
1.9193 1.75615
1.92588 1.83128
1.94231 2.00805
1.98907 2.2234
2.00348 2.27794
2.06135 2.46675
2.08141 2.52102
2.16339 2.7138
2.19034 2.76663
2.2933 2.93759
2.32801 2.98353
2.46272 3.13543
2.50711 3.17508
2.66294 3.29519
2.70817 3.32297
2.88651 3.42714
3.04146 3.48558
3.11081 3.52324
3.33899 3.60193
3.52751 3.6542
3.61207 3.68103
3.90525 3.73662
4.11888 3.78188
4.42542 3.85099
4.57626 3.88293
4.82248 3.93117
4.93017 3.94775
5.15418 3.97533
5.22671 3.98003
5.44063 3.98098
5.51402 3.97946
5.73062 3.93432
5.81228 3.90972
6.02293 3.81457
6.10339 3.76894
6.29464 3.62929
6.36725 3.56553
6.53118 3.38895
6.59222 3.31085
6.7236 3.10727
6.76908 3.02205
6.86404 2.80054
6.89611 2.70662
6.95725 2.47408
6.97524 2.37905
7.00509 2.1438
7.01088 2.05171
7.01452 1.82087
7.01113 1.73621
6.99561 1.51586
6.98696 1.44306
6.95952 1.23673
6.94934 1.17658
6.9158 0.983913
6.90632 0.93529
6.86763 0.754181
6.8585 0.713978
6.81283 0.541529
6.80337 0.506152
6.74833 0.339693
6.7374 0.3061
6.66997 0.144066
6.65581 0.10993
6.57133 -0.0478756
6.55122 -0.086762
6.436 -0.267244
6.31462 -0.401359
6.26409 -0.459855
6.11097 -0.589726
6.05791 -0.62528
5.87121 -0.721319
5.80427 -0.743424
5.63357 -0.768751
5.49944 -0.681572
5.43588 -0.669899
5.33123 -0.553198
5.32745 -0.538301
5.29061 -0.3947
5.28911 -0.382396
5.27976 -0.233539
5.27807 -0.227127
5.27344 -0.0494864
5.27636 0.0162466
5.2852 0.272192
5.29357 0.385029
5.31369 0.679227
5.32555 0.839378
5.33757 1.09189
5.33503 1.18427
5.31207 1.40848
5.29431 1.49763
5.22852 1.71555
5.19847 1.77248
5.10544 1.95941
5.08018 2.00718
4.98973 2.21417
4.96935 2.26001
4.90752 2.40165
4.81464 2.59025
4.78449 2.67185
4.71396 2.83151
4.62478 3.04535
4.61498 3.05858
4.56204 3.2126
4.56137 3.20996
4.53882 3.3482
4.53703 3.35531
4.57664 3.48736
4.58182 3.49954
4.70474 3.53546
4.71238 3.52818
4.82751 3.38667
4.87233 3.31965
4.97656 3.13402
5.00233 3.07466
5.07059 2.8581
5.11021 2.71417
5.17617 2.33698
5.18732 2.19628
5.19895 1.94776
5.18029 1.73824
5.1633 1.64124
5.13202 1.46322
5.12623 1.43644
5.0636 1.26649
5.03323 1.19568
4.93599 0.991883
4.90424 0.92773
4.77932 0.710862
4.74297 0.652598
4.60295 0.46712
4.57256 0.432784
4.39475 0.294692
4.30145 0.251341
4.13224 0.14193
3.91324 0.0543731
3.82478 0.0275427
3.58013 -0.00708384
3.45384 -0.0128168
3.213 -0.00411075
3.11971 0.0112281
2.90694 0.0554248
2.83687 0.069913
2.64982 0.122967
2.60743 0.138096
2.43986 0.218945
2.38927 0.24784
2.21517 0.357265
2.14779 0.400644
1.95475 0.530403
1.87308 0.581632
1.68696 0.738963
1.6161 0.808391
1.45976 0.988851
1.40202 1.06333
1.26853 1.25844
1.21679 1.33701
1.08729 1.56263
0.996721 1.76189
0.957179 1.868
0.888215 2.0796
0.868816 2.15534
0.832788 2.37387
0.825001 2.45546
0.822828 2.68089
0.827855 2.7661
0.859361 2.9922
0.877376 3.07791
0.941903 3.29897
0.972861 3.38257
1.06967 3.59298
1.11332 3.67398
1.25152 3.89402
1.399 4.07278
1.47836 4.16609
1.65115 4.33899
1.72579 4.39327
1.85865 4.45449
2.01121 4.39679
2.06356 4.40214
2.18997 4.29859
2.2005 4.28109
2.2697 4.14419
2.27726 4.12943
2.33859 3.98848
2.34657 3.97752
2.41507 3.83997
2.42372 3.82935
2.50684 3.67615
2.53177 3.63075
2.63605 3.43937
2.68575 3.35318
2.79329 3.16755
2.93427 2.954
2.9811 2.88862
3.11318 2.74338
3.14556 2.71564
3.3221 2.60399
3.33066 2.60796
3.50578 2.54172
3.56429 2.52254
3.73074 2.47887
3.8008 2.47108
3.86738 2.45531
4.07538 2.4452
4.08827 2.44574
4.3184 2.46825
4.33962 2.47064
4.50173 2.51276
4.59238 2.54259
4.76952 2.61036
4.8223 2.63397
4.97559 2.72234
5.00936 2.74362
5.1514 2.89084
5.19131 2.97866
5.3014 3.12006
5.37833 3.31082
5.3906 3.37889
5.40769 3.63101
5.38114 3.84095
5.39093 3.94043
5.33052 4.16385
5.2868 4.25274
5.14988 4.46677
5.00482 4.61136
4.94301 4.70108
4.74367 4.83531
4.65346 4.87124
4.41005 4.93694
4.19056 4.94448
4.08133 4.96697
3.84789 4.93596
3.75936 4.90537
3.55736 4.78825
3.49131 4.72931
3.34767 4.55219
3.30899 4.48098
3.22767 4.27734
3.22614 4.2099
3.18164 4.0317
3.15272 3.79599
3.14949 3.75794
3.15918 3.60142
3.16291 3.58882
3.19537 3.40332
3.20559 3.34198
3.2489 3.06057
3.27143 2.88617
3.29635 2.64205
3.29794 2.56501
3.32637 2.30008
3.33767 2.21154
3.36015 1.9991
3.36967 1.94657
3.38351 1.80723
3.41887 1.62542
3.42336 1.60133
3.45442 1.41846
3.45631 1.40581
3.47714 1.22435
3.47708 1.21513
3.48318 1.00429
3.48571 1.00656
3.46814 0.866838
3.46688 0.861303
3.40566 0.716721
3.36973 0.651242
3.23534 0.419733
3.15012 0.272123
3.04278 0.0751271
3.03351 0.0464717
2.95209 -0.101676
2.94243 -0.12811
2.83413 -0.263446
2.81079 -0.293411
2.65207 -0.389312
2.60592 -0.400167
2.39408 -0.410286
2.24331 -0.340641
2.18149 -0.334421
2.03223 -0.206292
2.00503 -0.162377
1.92821 0.00221699
1.92667 0.0358758
1.89491 0.126731
1.87859 0.28543
1.88776 0.306795
1.88667 0.465272
1.89008 0.507465
1.89352 0.646768
1.90482 0.83731
1.90898 0.850369
1.90462 1.00251
1.90471 1.02238
1.90046 1.18667
1.8998 1.21885
1.89845 1.39813
1.89849 1.44268
1.90352 1.63288
1.90547 1.68644
1.91859 1.90197
1.95076 2.07827
1.96633 2.15607
2.01397 2.34823
2.03098 2.40249
2.10013 2.58958
2.12722 2.65263
2.21713 2.83246
2.24824 2.88264
2.36673 3.04313
2.40896 3.08895
2.55613 3.22654
2.60255 3.25773
2.766 3.36428
2.8238 3.3937
2.97095 3.47671
3.17626 3.55094
3.2694 3.58753
3.45673 3.64779
3.68109 3.69799
3.8342 3.73495
4.18571 3.80606
4.35498 3.84158
4.64298 3.90739
4.75157 3.92638
4.99877 3.96633
5.08311 3.97607
5.29709 3.9899
5.37101 3.99524
5.58493 3.97468
5.66455 3.96049
5.8804 3.88947
5.96352 3.85356
6.16586 3.73505
6.24401 3.67916
6.42199 3.52021
6.49054 3.44726
6.63819 3.25666
6.69342 3.17161
6.80539 2.96095
6.84508 2.86903
6.92313 2.64089
6.94845 2.5446
6.99371 2.31042
7.00567 2.21487
7.02221 1.98155
7.02326 1.89139
7.01726 1.66541
7.01101 1.58524
6.98976 1.37205
6.98016 1.30474
6.95024 1.10551
6.94049 1.05055
6.90554 0.864226
6.89631 0.819203
6.85517 0.642987
6.84583 0.604471
6.79619 0.435447
6.78581 0.400079
6.72497 0.236126
6.7121 0.201299
6.63628 0.0415954
6.61862 0.00516923
6.52243 -0.151739
6.47099 -0.226455
6.37451 -0.363085
6.2194 -0.51511
6.173 -0.555045
6.00149 -0.668497
5.93916 -0.700496
5.73985 -0.77343
5.6818 -0.72338
5.55024 -0.731269
5.38764 -0.627367
5.37215 -0.611302
5.31109 -0.47997
5.3086 -0.463455
5.29069 -0.314424
5.28896 -0.304011
5.28177 -0.156155
5.28114 -0.120136
5.28239 0.0870589
5.28774 0.201169
5.30234 0.455554
5.31403 0.60816
5.33763 0.909413
5.34016 1.02087
5.3364 1.25532
5.32736 1.33908
5.28216 1.56765
5.25641 1.65019
5.17511 1.8396
5.14009 1.89736
5.05529 2.07374
5.02105 2.15037
4.94913 2.32814
4.8812 2.46766
4.85053 2.52892
4.76092 2.7389
4.69371 2.89963
4.65414 2.98063
4.59608 3.12709
4.58807 3.14647
4.55213 3.28042
4.5504 3.28384
4.55262 3.42465
4.55382 3.43754
4.6405 3.53962
4.65209 3.54406
4.7684 3.48445
4.79464 3.44968
4.91574 3.26338
4.94991 3.19991
5.03102 3.00964
5.06045 2.92844
5.1256 2.64479
5.16665 2.40741
5.20037 2.12642
5.19871 2.01883
5.19088 1.80851
5.16068 1.57022
5.15158 1.53154
5.10847 1.36762
5.09627 1.32961
5.00715 1.12957
4.97144 1.05348
4.87228 0.864255
4.81862 0.770074
4.70427 0.592991
4.65034 0.520081
4.52067 0.384223
4.45407 0.333831
4.25069 0.201599
4.06398 0.122136
3.98195 0.072523
3.75579 0.010457
3.65118 -0.00541909
3.38311 -0.0197183
3.28328 -0.0146404
3.04868 0.0135285
2.97416 0.0323649
2.76643 0.0793366
2.71443 0.0933751
2.53927 0.158228
2.49785 0.177873
2.32465 0.277422
2.26956 0.31152
2.08515 0.434214
2.0082 0.483556
1.81382 0.620864
1.73349 0.685244
1.56222 0.854737
1.49719 0.92844
1.35376 1.11549
1.29861 1.19406
1.17465 1.39423
1.11243 1.49616
1.01334 1.69279
0.923705 1.93069
0.899006 2.00935
0.846601 2.22285
0.832597 2.3028
0.813569 2.5256
0.812141 2.61063
0.826967 2.83717
0.83868 2.9242
0.886826 3.14835
0.911732 3.23463
0.992499 3.45087
1.03031 3.53381
1.14364 3.73826
1.2148 3.84349
1.34407 4.02768
1.52014 4.22359
1.5943 4.29635
1.75513 4.43997
1.85834 4.40777
1.95014 4.43313
2.12322 4.36352
2.13911 4.34822
2.22673 4.22481
2.23556 4.20652
2.29775 4.06558
2.30603 4.05165
2.37066 3.91211
2.37931 3.90139
2.45261 3.76441
2.46935 3.73652
2.56233 3.56658
2.59912 3.50009
2.71846 3.29008
2.83382 3.10917
2.89284 3.01174
3.02584 2.83341
3.06227 2.79297
3.2041 2.67534
3.26206 2.64202
3.39731 2.58327
3.43941 2.56714
3.63313 2.50488
3.66224 2.49781
3.80007 2.46838
3.93838 2.45216
4.00435 2.44766
4.15908 2.45177
4.24779 2.46019
4.40892 2.48643
4.43334 2.49342
4.6593 2.56652
4.70406 2.58267
4.88577 2.66594
4.91672 2.68252
5.06177 2.79162
5.10468 2.83729
5.24563 3.02449
5.31616 3.18958
5.36074 3.24196
5.40204 3.44904
5.39062 3.56366
5.40636 3.7745
5.37526 4.00975
5.35794 4.09829
5.25587 4.31673
5.18329 4.40404
5.06919 4.58124
4.88771 4.74572
4.80734 4.80374
4.58791 4.89869
4.4737 4.90752
4.25976 4.96069
4.01031 4.96458
3.91642 4.95478
3.69364 4.87834
3.61411 4.83104
3.44008 4.68004
3.38672 4.61156
3.27593 4.41808
3.24978 4.34488
3.19744 4.14488
3.17984 3.96229
3.15835 3.86684
3.14842 3.68969
3.1535 3.67226
3.17578 3.51892
3.18336 3.47336
3.21627 3.27171
3.23655 3.13056
3.27479 2.81519
3.28479 2.71217
3.30151 2.49403
3.3159 2.37037
3.34046 2.14052
3.3493 2.06934
3.3689 1.87551
3.39597 1.73726
3.40165 1.69437
3.43206 1.5308
3.43971 1.48799
3.4621 1.33498
3.46695 1.29469
3.47819 1.14407
3.48082 1.07532
3.47729 0.935996
3.478 0.932853
3.44263 0.794497
3.43451 0.776903
3.33535 0.589042
3.27345 0.479723
3.1217 0.206983
3.07922 0.13614
3.00266 -0.0175515
2.99587 -0.0456953
2.90473 -0.188356
2.8888 -0.218037
2.75667 -0.339464
2.71954 -0.367002
2.53669 -0.41623
2.46217 -0.389915
2.29206 -0.39235
2.11873 -0.301082
2.07411 -0.263715
1.95764 -0.109417
1.943 -0.067295
1.89113 0.0974222
1.86299 0.189441
1.86986 0.215609
1.86325 0.372754
1.87139 0.396586
1.86507 0.566443
1.883 0.709569
1.89312 0.767925
1.89167 0.918573
1.89339 0.933044
1.89023 1.09124
1.89005 1.11707
1.88842 1.28829
1.88816 1.32852
1.8904 1.51257
1.89164 1.56352
1.9018 1.75671
1.90795 1.83587
1.92553 2.01258
1.97241 2.22617
1.98759 2.283
2.04539 2.47137
2.06633 2.52786
2.14859 2.71967
2.17696 2.77469
2.28071 2.94506
2.3173 2.99305
2.45249 3.14424
2.49898 3.18549
2.65477 3.30489
2.70221 3.33458
2.87656 3.44025
3.03636 3.50263
3.10711 3.53794
3.33315 3.61731
3.52358 3.66974
3.61072 3.6974
3.90249 3.7519
4.11597 3.79668
4.4212 3.86538
4.57329 3.8977
4.81912 3.94606
4.92848 3.9629
5.15204 3.99025
5.22694 3.99533
5.44137 3.99609
5.5172 3.99376
5.73375 3.94775
5.81802 3.92203
6.02846 3.82647
6.11121 3.77938
6.30224 3.63966
6.3768 3.57413
6.54057 3.39777
6.60319 3.3177
6.73452 3.11449
6.78129 3.02706
6.87641 2.80603
6.90943 2.70991
6.971 2.47795
6.98973 2.38067
7.02046 2.14607
7.02687 2.05176
7.03196 1.82157
7.02916 1.73476
7.01561 1.51503
7.00748 1.44015
6.98226 1.2344
6.9724 1.1723
6.94092 0.980191
6.93163 0.929575
6.89472 0.748856
6.88547 0.706492
6.84094 0.534277
6.83098 0.496612
6.77626 0.330364
6.76439 0.294414
6.6963 0.13273
6.68063 0.0962274
6.59475 -0.0610222
6.57341 -0.103234
6.45015 -0.293663
6.33042 -0.417926
6.27697 -0.474652
6.12228 -0.603817
6.06638 -0.641286
5.87846 -0.736093
5.80788 -0.755458
5.63876 -0.771494
5.50378 -0.678426
5.44172 -0.672385
5.34469 -0.565771
5.33757 -0.545164
5.30406 -0.398239
5.30225 -0.383833
5.29309 -0.235181
5.29117 -0.225889
5.28627 -0.0499579
5.28905 0.0170094
5.29705 0.270915
5.30523 0.385248
5.32446 0.677746
5.33599 0.839067
5.34741 1.09086
5.34461 1.18544
5.3215 1.4092
5.30327 1.50052
5.23786 1.71806
5.20733 1.77704
5.1154 1.96325
5.08961 2.01231
5.00076 2.21775
4.97877 2.2663
4.91795 2.40766
4.82657 2.59508
4.79534 2.67753
4.72535 2.83678
4.63654 3.04876
4.62614 3.06347
4.57399 3.21541
4.57264 3.21591
4.55087 3.3542
4.54932 3.36384
4.58968 3.49808
4.59838 3.51267
4.7224 3.54128
4.72518 3.53703
4.84066 3.39644
4.88485 3.3266
4.98646 3.13978
5.0131 3.07768
5.08072 2.86106
5.12076 2.71499
5.18594 2.33974
5.19723 2.19671
5.20869 1.94918
5.19015 1.74015
5.17319 1.63947
5.14149 1.4619
5.13496 1.43281
5.0723 1.26345
5.04113 1.19119
4.94382 0.988759
4.91097 0.923027
4.78587 0.707799
4.74816 0.647989
4.60805 0.463843
4.57585 0.427882
4.39868 0.290437
4.30557 0.245253
4.13325 0.134541
3.91596 0.0481004
3.82543 0.0205847
3.58157 -0.0157188
3.45342 -0.022541
3.21293 -0.015784
3.11768 -0.000259165
2.90436 0.0412553
2.83261 0.0554198
2.64544 0.107182
2.60031 0.123215
2.43252 0.204008
2.38004 0.234028
2.20702 0.343758
2.13862 0.388481
1.9474 0.518977
1.86409 0.571627
1.67723 0.727501
1.60388 0.798028
1.44653 0.977272
1.38692 1.05343
1.25329 1.24788
1.20002 1.3286
1.07059 1.55274
0.980326 1.75493
0.940335 1.86232
0.871588 2.07416
0.851695 2.15267
0.815996 2.37118
0.808077 2.45545
0.806094 2.68074
0.811337 2.76856
0.842939 2.99444
0.861548 3.08268
0.926132 3.3035
0.95802 3.38953
1.05488 3.59975
1.10007 3.683
1.24209 3.90834
1.38551 4.08455
1.46682 4.17768
1.63509 4.35368
1.70291 4.39281
1.82288 4.46081
2.0154 4.40683
2.06187 4.39797
2.17454 4.30387
2.1869 4.28281
2.25707 4.14535
2.26578 4.12826
2.3277 3.98747
2.3369 3.97385
2.40589 3.83624
2.41547 3.82418
2.49903 3.67272
2.52507 3.62627
2.6309 3.43731
2.68196 3.34969
2.79167 3.16551
2.93289 2.95389
2.98097 2.88762
3.11344 2.74467
3.14704 2.71652
3.32156 2.60912
3.33303 2.6119
3.50652 2.546
3.56613 2.52637
3.73099 2.48283
3.80047 2.47483
3.87119 2.45866
4.07471 2.44849
4.08934 2.44892
4.31743 2.47026
4.33988 2.47281
4.50065 2.51392
4.59271 2.54377
4.76864 2.61063
4.82274 2.63466
4.9752 2.72165
5.01001 2.74395
5.15159 2.88973
5.19446 2.97619
5.30656 3.11988
5.38147 3.3092
5.39336 3.37921
5.41061 3.63112
5.38478 3.84108
5.395 3.9422
5.33567 4.16503
5.29207 4.25639
5.16041 4.47058
5.01025 4.61967
4.94602 4.70634
4.74697 4.83988
4.65483 4.87694
4.41244 4.94213
4.19866 4.94962
4.08019 4.97278
3.84744 4.94093
3.75675 4.90944
3.5554 4.79226
3.48781 4.73175
3.34499 4.55491
3.30548 4.48194
3.22521 4.27895
3.22249 4.21064
3.17924 4.03265
3.15156 3.80229
3.14791 3.76006
3.15832 3.60365
3.16291 3.5881
3.19361 3.40375
3.20319 3.34085
3.24425 3.06061
3.26563 2.88495
3.28868 2.64191
3.29027 2.56349
3.3182 2.30004
3.32965 2.21005
3.35181 1.99902
3.36095 1.94542
3.37472 1.80434
3.4102 1.62453
3.41494 1.59905
3.44594 1.4179
3.44801 1.40392
3.46949 1.22437
3.46958 1.21369
3.4771 1.00505
3.47923 1.00428
3.46284 0.864141
3.46117 0.856507
3.40384 0.713574
3.3704 0.650059
3.24033 0.417637
3.1569 0.267912
3.05284 0.0709071
3.04305 0.0400703
2.96405 -0.108453
2.95279 -0.136961
2.84397 -0.272275
2.81754 -0.304167
2.65642 -0.398095
2.60681 -0.410369
2.39656 -0.415336
2.25255 -0.350107
2.17125 -0.347913
2.01895 -0.220022
1.98658 -0.173554
1.90165 -0.0103609
1.89646 0.0272592
1.86112 0.119805
1.84219 0.27954
1.85086 0.304204
1.84901 0.462556
1.85316 0.515593
1.86093 0.643495
1.87446 0.83504
1.87971 0.849946
1.87845 1.00108
1.87907 1.02248
1.87778 1.18565
1.87768 1.21946
1.87866 1.39753
1.87922 1.44381
1.88561 1.63292
1.88762 1.6885
1.90119 1.9052
1.93283 2.07818
1.94987 2.16026
1.99782 2.3519
2.01555 2.40842
2.0848 2.59503
2.11291 2.65984
2.20352 2.83908
2.2363 2.89139
2.35548 3.05131
2.39963 3.09886
2.54714 3.23582
2.59542 3.26843
2.75784 3.37651
2.82802 3.41187
2.96759 3.49157
3.17093 3.56586
3.26675 3.60273
3.45419 3.66357
3.67842 3.71384
3.83284 3.7507
4.18144 3.8205
4.35214 3.85622
4.63865 3.92179
4.74962 3.94137
4.9957 3.98119
5.08238 3.99116
5.29594 4.00489
5.3731 4.00994
5.58669 3.98886
5.66912 3.97374
5.88476 3.90207
5.97032 3.86485
6.17242 3.74612
6.25267 3.68861
6.43047 3.52973
6.50075 3.45494
6.64831 3.26462
6.70492 3.17755
6.81698 2.96724
6.85777 2.87315
6.9361 2.64556
6.96226 2.54706
7.00816 2.3135
7.0208 2.21573
7.03849 1.98308
7.04016 1.89075
7.03588 1.66542
7.0302 1.58315
7.01105 1.37058
7.00191 1.30124
6.9741 1.10266
6.96455 1.04572
6.93152 0.859913
6.92235 0.812803
6.88263 0.636889
6.87299 0.596127
6.82405 0.427296
6.81294 0.389586
6.75192 0.225877
6.73781 0.188676
6.66091 0.0294169
6.64153 -0.0094049
6.54372 -0.166251
6.49208 -0.238029
6.39119 -0.383874
6.23285 -0.528566
6.18331 -0.570231
6.01068 -0.683128
5.94511 -0.715837
5.74357 -0.782241
5.67983 -0.72814
5.55303 -0.727688
5.40354 -0.642124
5.38419 -0.623153
5.32326 -0.484527
5.32036 -0.465965
5.30413 -0.31755
5.30212 -0.304255
5.29488 -0.156327
5.29412 -0.119175
5.29482 0.0864312
5.29988 0.201311
5.31371 0.454392
5.32507 0.608088
5.34781 0.907717
5.35012 1.02125
5.34596 1.25509
5.33656 1.34119
5.29147 1.56918
5.26506 1.65393
5.1847 1.84293
5.14921 1.90234
5.06555 2.07769
5.03128 2.15513
4.95955 2.33326
4.89258 2.47253
4.8623 2.53528
4.77328 2.7436
4.70529 2.90349
4.66545 2.98538
4.60774 3.13065
4.59962 3.15064
4.56392 3.28503
4.56188 3.29154
4.56486 3.43175
4.56688 3.44679
4.65765 3.54926
4.67019 3.55375
4.78034 3.4945
4.80793 3.45794
4.92676 3.27095
4.96124 3.20472
5.04105 3.01387
5.07077 2.93
5.13573 2.64695
5.1767 2.40879
5.21017 2.12827
5.20863 2.01884
5.2007 1.809
5.17061 1.56985
5.16085 1.52882
5.11748 1.36538
5.10446 1.32524
5.01543 1.12644
4.97881 1.049
4.87942 0.860919
4.82465 0.765663
4.71003 0.589693
4.65472 0.515564
4.52497 0.380301
4.45699 0.328543
4.25508 0.197254
4.07129 0.118762
3.98338 0.0656169
3.75793 0.00333781
3.6512 -0.013613
3.38415 -0.0299038
3.28191 -0.0255045
3.04802 0.000511895
2.97053 0.0194717
2.76349 0.0641246
2.70894 0.0785523
2.53348 0.142898
2.48936 0.163735
2.31676 0.263157
2.26002 0.298555
2.07737 0.421655
1.99971 0.47298
1.80621 0.610397
1.72311 0.675081
1.55079 0.84313
1.48358 0.918276
1.33948 1.10444
1.2828 1.18478
1.15849 1.38453
1.0956 1.49071
0.99639 1.68715
0.907614 1.92382
0.88208 2.00529
0.829994 2.21886
0.815675 2.30152
0.796908 2.52421
0.795525 2.61188
0.81048 2.83821
0.822597 2.92781
0.870818 3.15172
0.896489 3.24046
0.977283 3.45648
1.01625 3.54178
1.13029 3.74576
1.20024 3.85266
1.33178 4.04022
1.50578 4.23543
1.58071 4.31014
1.72736 4.44819
1.87841 4.41876
1.95136 4.43424
2.10483 4.37403
2.12562 4.35346
2.21343 4.22652
2.22337 4.20632
2.28606 4.06579
2.29554 4.04927
2.36066 3.90977
2.37067 3.89634
2.44416 3.7607
2.46187 3.73164
2.55579 3.56375
2.59399 3.49639
2.71519 3.28847
2.83009 3.1085
2.89199 3.01028
3.02539 2.83395
3.0631 2.79281
3.20491 2.67774
3.26276 2.64647
3.39838 2.58777
3.44152 2.57105
3.63358 2.50899
3.66387 2.50146
3.80293 2.47167
3.94078 2.45566
4.00509 2.45096
4.15878 2.45454
4.24818 2.46265
4.40787 2.488
4.43354 2.49525
4.65834 2.56714
4.70428 2.58396
4.88503 2.66584
4.91732 2.68289
5.06157 2.7908
5.10618 2.83691
5.24708 3.02183
5.31624 3.18423
5.36494 3.24153
5.40466 3.44795
5.39437 3.56552
5.40962 3.776
5.38004 4.01024
5.3624 4.10071
5.26301 4.3197
5.18261 4.40951
5.07205 4.58752
4.89211 4.75045
4.80945 4.80907
4.59056 4.90381
4.4771 4.91623
4.26578 4.96829
4.01061 4.96942
3.91454 4.95963
3.69238 4.88281
3.61098 4.83425
3.4377 4.68336
3.38316 4.61318
3.27327 4.42016
3.24662 4.34524
3.19482 4.14671
3.17828 3.97481
3.1568 3.87175
3.1474 3.69361
3.15303 3.67311
3.17553 3.51959
3.1822 3.47247
3.21312 3.2719
3.23255 3.12929
3.2682 2.81534
3.27714 2.71061
3.29343 2.4939
3.30799 2.36895
3.33221 2.14044
3.34115 2.06786
3.36026 1.87576
3.3868 1.73985
3.393 1.69203
3.42346 1.52991
3.43132 1.48601
3.4539 1.33451
3.45903 1.29324
3.47108 1.14404
3.47417 1.07465
3.47141 0.93506
3.47171 0.929289
3.43849 0.790642
3.43007 0.771305
3.33762 0.588593
3.27667 0.477067
3.12977 0.20375
3.0875 0.131338
3.01299 -0.0227724
3.00604 -0.0528713
2.91574 -0.195952
2.89763 -0.227849
2.76381 -0.348505
2.72287 -0.377179
2.53863 -0.424661
2.46546 -0.405085
2.29298 -0.406839
2.11115 -0.312688
2.06094 -0.27561
1.93841 -0.123233
1.9191 -0.0778027
1.85997 0.0865993
1.8293 0.180978
1.83463 0.210997
1.82639 0.368671
1.83459 0.395123
1.83203 0.557348
1.85296 0.71199
1.86234 0.767155
1.86382 0.917048
1.86607 0.933247
1.86596 1.09018
1.86634 1.11765
1.86734 1.28764
1.86765 1.32946
1.87174 1.51237
1.87341 1.56505
1.88428 1.75738
1.89017 1.83713
1.90736 2.0141
1.95573 2.22897
1.97179 2.28805
2.02971 2.47591
2.05156 2.53461
2.13412 2.72545
2.16391 2.78263
2.2684 2.95242
2.30686 3.00241
2.44248 3.15289
2.49105 3.19571
2.6461 3.31518
2.69562 3.34678
2.87677 3.46064
3.03109 3.51845
3.10315 3.55317
3.32906 3.63227
3.5198 3.68482
3.60946 3.71328
3.89978 3.76724
4.11306 3.81156
4.41698 3.8797
4.57035 3.91232
4.81578 3.96081
4.92682 3.97795
5.1499 4.00516
5.22722 4.01065
5.44205 4.01098
5.52041 4.00788
5.7369 3.96107
5.82376 3.93422
6.03393 3.83822
6.11894 3.78965
6.30973 3.64989
6.38621 3.58261
6.54981 3.40647
6.61401 3.32444
6.74527 3.12164
6.79332 3.03201
6.88862 2.81148
6.92259 2.71318
6.98461 2.48182
7.00409 2.38233
7.0357 2.14841
7.04277 2.0519
7.0493 1.8224
7.04711 1.73346
7.03548 1.51439
7.02789 1.43745
7.00478 1.23234
6.99527 1.16829
6.96572 0.976774
6.95657 0.92416
6.92131 0.743853
6.91194 0.699306
6.86845 0.527319
6.85797 0.487333
6.80349 0.321279
6.79063 0.282944
6.72188 0.121584
6.70467 0.0827088
6.61752 -0.0740472
6.5935 -0.118543
6.46958 -0.303214
6.34442 -0.428696
6.29082 -0.49122
6.13331 -0.617713
6.07437 -0.656692
5.88446 -0.748644
5.81042 -0.765332
5.64727 -0.77393
5.52221 -0.69793
5.45715 -0.685491
5.35551 -0.570001
5.34844 -0.54872
5.31715 -0.403094
5.315 -0.385646
5.30631 -0.236931
5.30416 -0.224657
5.29906 -0.0503948
5.3017 0.0178173
5.3089 0.269677
5.31686 0.385507
5.33522 0.676294
5.3464 0.838774
5.35721 1.08985
5.35415 1.18662
5.33088 1.40991
5.31216 1.5034
5.24714 1.72052
5.2161 1.78153
5.12533 1.96703
5.09912 2.01745
5.01152 2.22119
4.98934 2.2716
4.92853 2.41369
4.83874 2.60008
4.80662 2.68324
4.73686 2.84219
4.64838 3.05219
4.63732 3.06836
4.58592 3.21822
4.58391 3.22182
4.56271 3.36049
4.5614 3.37315
4.60349 3.50523
4.61303 3.52113
4.73341 3.55243
4.74431 3.54394
4.85248 3.4053
4.89712 3.33322
4.99669 3.14557
5.02397 3.08068
5.09071 2.86399
5.13116 2.71576
5.1958 2.34253
5.20715 2.19716
5.21851 1.95059
5.19983 1.74005
5.18277 1.63773
5.15088 1.46059
5.1436 1.4292
5.08087 1.26045
5.04891 1.18672
4.95157 0.985647
4.91761 0.918336
4.79236 0.704734
4.7533 0.643382
4.61315 0.46054
4.57919 0.422908
4.40274 0.285981
4.30971 0.23933
4.13943 0.129321
3.91861 0.0419453
3.82617 0.013294
3.58307 -0.0242404
3.45307 -0.0321644
3.21298 -0.0273657
3.11578 -0.0123183
2.90197 0.0268655
2.82853 0.0412177
2.64128 0.0918593
2.59339 0.108751
2.42533 0.189332
2.3709 0.220442
2.19884 0.330364
2.12936 0.376355
1.94001 0.507486
1.85505 0.561708
1.66779 0.716248
1.59198 0.787824
1.4337 0.965896
1.3722 1.04374
1.23824 1.23741
1.18359 1.3203
1.05415 1.54581
0.964277 1.74817
0.923691 1.85676
0.855278 2.06883
0.834857 2.15007
0.799459 2.36855
0.79141 2.45547
0.789616 2.68058
0.795083 2.771
0.82678 2.99665
0.845976 3.0874
0.910604 3.30796
0.943436 3.3964
1.04058 3.6063
1.08703 3.69206
1.22802 3.91577
1.36928 4.09386
1.45357 4.19037
1.61629 4.36921
1.69669 4.38643
1.81695 4.45002
2.01671 4.42024
2.04537 4.40895
2.16152 4.30621
2.17479 4.28363
2.24449 4.14671
2.25447 4.12709
2.31692 3.98643
2.32738 3.97016
2.39688 3.83255
2.40743 3.81906
2.49153 3.66939
2.51874 3.62191
2.62586 3.43524
2.67842 3.3452
2.78895 3.16384
2.93143 2.95371
2.98105 2.88676
3.11374 2.74601
3.14848 2.71737
3.3228 2.61264
3.33532 2.61568
3.50726 2.55023
3.56796 2.53016
3.73124 2.48675
3.80113 2.47853
3.87434 2.46192
4.07405 2.4515
4.09239 2.45206
4.31647 2.47227
4.34016 2.47491
4.49958 2.5151
4.59301 2.54505
4.76771 2.61102
4.8231 2.63551
4.97471 2.72112
5.01066 2.74429
5.1524 2.88808
5.1969 2.97454
5.30964 3.11558
5.38429 3.30772
5.39703 3.37941
5.41406 3.63161
5.39055 3.83979
5.3988 3.94388
5.34138 4.16638
5.29641 4.25937
5.16353 4.47577
5.01309 4.62329
4.94934 4.71198
4.75032 4.84456
4.65633 4.8831
4.4169 4.94987
4.19766 4.95757
4.07905 4.97786
3.84699 4.94577
3.75418 4.9134
3.55352 4.79612
3.4844 4.7341
3.3424 4.55756
3.30209 4.48281
3.22244 4.28065
3.21614 4.21229
3.17609 4.04373
3.15126 3.8135
3.14676 3.76257
3.15776 3.60616
3.16328 3.58745
3.19185 3.40419
3.20082 3.33975
3.23952 3.06068
3.25967 2.88377
3.28106 2.64176
3.28249 2.56199
3.31003 2.30002
3.32161 2.20858
3.34336 1.99894
3.35237 1.94427
3.36572 1.80479
3.40139 1.62359
3.4064 1.59673
3.43745 1.41733
3.43972 1.40199
3.46178 1.22434
3.46221 1.21004
3.47073 1.00578
3.47266 1.00202
3.4576 0.861791
3.45534 0.851482
3.4011 0.708726
3.37095 0.648959
3.24507 0.415776
3.16333 0.26399
3.06232 0.0671391
3.05209 0.0340243
2.9753 -0.114598
2.9625 -0.145271
2.85325 -0.280627
2.82371 -0.314344
2.66063 -0.406883
2.60748 -0.42089
2.40031 -0.427678
2.244 -0.3596
2.16387 -0.357132
2.00605 -0.233864
1.96891 -0.185079
1.87686 -0.0232911
1.86782 0.0180898
1.82931 0.112724
1.80695 0.273386
1.81469 0.301428
1.81167 0.459413
1.81834 0.53228
1.83282 0.646776
1.8459 0.833399
1.85082 0.850042
1.85252 1.00014
1.85369 1.02304
1.85524 1.18499
1.85573 1.22038
1.85897 1.39716
1.86006 1.44512
1.86774 1.63307
1.87 1.69064
1.88349 1.90506
1.91656 2.08066
1.93342 2.16446
1.98181 2.35556
2.00034 2.41429
2.0698 2.60039
2.09893 2.66697
2.19022 2.84561
2.22467 2.90002
2.34449 3.05936
2.39055 3.10859
2.53803 3.24522
2.58775 3.27978
2.74956 3.3886
2.81915 3.42406
2.96334 3.51013
3.16554 3.58086
3.26486 3.61864
3.4518 3.67895
3.67581 3.72932
3.83154 3.76622
4.17718 3.83495
4.34931 3.87082
4.63434 3.93605
4.74768 3.95622
4.99265 3.99598
5.08166 4.00621
5.29486 4.01984
5.37513 4.02442
5.58848 4.00287
5.6737 3.98685
5.88911 3.91454
5.97708 3.876
6.1789 3.75703
6.26123 3.69791
6.43882 3.53912
6.51082 3.4625
6.65827 3.27248
6.71626 3.18342
6.8284 2.97347
6.87029 2.87722
6.94892 2.65021
6.97593 2.54952
7.02248 2.3166
7.03583 2.21666
7.05467 1.98469
7.05698 1.89022
7.05437 1.66559
7.04929 1.58123
7.03217 1.36933
7.0235 1.29798
6.9977 1.10007
6.98836 1.04116
6.95706 0.855908
6.94794 0.806698
6.90954 0.631094
6.89958 0.588058
6.85126 0.419411
6.8394 0.379327
6.77813 0.215844
6.76275 0.176248
6.68483 0.0174016
6.66365 -0.0237376
6.56374 -0.179965
6.5112 -0.249117
6.40455 -0.396405
6.24606 -0.542749
6.19372 -0.585958
6.01907 -0.696691
5.94997 -0.729492
5.7472 -0.791059
5.6951 -0.753978
5.5704 -0.74627
5.41457 -0.646665
5.39433 -0.626139
5.33618 -0.491179
5.33259 -0.469579
5.3173 -0.320802
5.31506 -0.304622
5.30792 -0.156506
5.30703 -0.118182
5.30722 0.0858472
5.312 0.201494
5.32506 0.453267
5.33608 0.608045
5.35798 0.906039
5.36004 1.02165
5.35548 1.25486
5.34572 1.34329
5.30072 1.57069
5.27369 1.65764
5.19427 1.8462
5.1583 1.90727
5.07577 2.08159
5.04136 2.15981
4.97056 2.33722
4.90472 2.47723
4.87376 2.5415
4.78578 2.74824
4.71709 2.90751
4.67687 2.99016
4.61942 3.13423
4.61117 3.15481
4.57562 3.28957
4.57326 3.29902
4.57753 3.43947
4.58071 3.45709
4.66993 3.55882
4.68657 3.56317
4.79784 3.50159
4.82309 3.4669
4.93764 3.27829
4.97266 3.20945
5.05113 3.01807
5.08096 2.93155
5.14576 2.64908
5.18679 2.41018
5.22004 2.13013
5.21818 2.01486
5.21019 1.80752
5.18029 1.56952
5.16995 1.52612
5.1264 1.36315
5.11255 1.3209
5.0236 1.12334
4.98608 1.04454
4.8865 0.857587
4.83062 0.761258
4.71575 0.586384
4.65907 0.511035
4.52935 0.376274
4.45998 0.323154
4.26046 0.192076
4.07355 0.111501
3.98464 0.0592325
3.76012 -0.00391793
3.65128 -0.0218797
3.38526 -0.0399813
3.28063 -0.0363778
3.04752 -0.0127842
2.96704 0.00624979
2.76075 0.0492344
2.70364 0.0641238
2.52789 0.127931
2.48105 0.149913
2.30894 0.249077
2.2505 0.285763
2.06949 0.409127
1.99096 0.462068
1.79862 0.600104
1.71289 0.665021
1.5397 0.831706
1.47031 0.90829
1.32553 1.09355
1.26726 1.17563
1.1431 1.37525
1.07981 1.48257
0.979787 1.6817
0.891776 1.91709
0.865423 2.00133
0.813655 2.21495
0.799017 2.30029
0.780497 2.52285
0.779163 2.61314
0.79425 2.83925
0.806773 2.93139
0.855059 3.15504
0.881491 3.24623
0.962405 3.46196
1.00257 3.54961
1.11653 3.75361
1.18502 3.86277
1.3172 4.04974
1.48944 4.24844
1.56552 4.32359
1.71477 4.44276
1.88052 4.42516
1.95136 4.43992
2.09626 4.3767
2.11412 4.35532
2.20006 4.22906
2.21143 4.20642
2.27448 4.06597
2.2852 4.04687
2.35081 3.90746
2.36218 3.89133
2.43595 3.75706
2.45468 3.72684
2.54952 3.56099
2.58903 3.4927
2.71145 3.28547
2.82702 3.10719
2.89098 3.00869
3.02501 2.83455
3.06402 2.79277
3.20563 2.68006
3.26488 2.64876
3.39935 2.59203
3.44361 2.57487
3.63403 2.51307
3.66552 2.50516
3.80497 2.47515
3.94253 2.45896
4.00584 2.45405
4.16044 2.45731
4.2486 2.46501
4.40683 2.48955
4.43375 2.49705
4.65735 2.56785
4.70465 2.58489
4.88421 2.66593
4.91783 2.6834
5.06152 2.78981
5.10765 2.83655
5.24909 3.01853
5.31972 3.18309
5.36837 3.24134
5.408 3.44678
5.40086 3.56464
5.41466 3.77594
5.38505 4.01074
5.36682 4.10305
5.26787 4.32137
5.18733 4.4118
5.07427 4.59303
4.89616 4.75476
4.81169 4.81468
4.59368 4.91019
4.47057 4.92149
4.26393 4.97391
4.01086 4.97501
3.91272 4.96416
3.69118 4.88715
3.60792 4.83735
3.4354 4.68658
3.37971 4.61471
3.27057 4.42227
3.24311 4.3457
3.188 4.15011
3.17378 3.97551
3.15566 3.88161
3.14682 3.69831
3.15302 3.67425
3.17551 3.52031
3.1812 3.47161
3.20999 3.27212
3.22848 3.12804
3.26161 2.81554
3.26962 2.70905
3.28565 2.49381
3.30005 2.36754
3.32391 2.14036
3.33294 2.06639
3.35138 1.87602
3.37817 1.73769
3.3846 1.68974
3.41478 1.52899
3.42289 1.48401
3.44569 1.334
3.45109 1.29175
3.46396 1.14181
3.46735 1.07395
3.46545 0.93415
3.46536 0.925536
3.43407 0.786626
3.4263 0.76727
3.33971 0.588275
3.27971 0.474589
3.13738 0.200861
3.09541 0.126841
3.02282 -0.0276335
3.01563 -0.0595349
2.92611 -0.203016
2.90584 -0.23712
2.77056 -0.357163
2.72593 -0.387015
2.54085 -0.435656
2.45461 -0.409074
2.28922 -0.410725
2.10373 -0.324855
2.0493 -0.286667
1.9202 -0.137269
1.89649 -0.0886623
1.83092 0.0755063
1.79731 0.172212
1.80079 0.206117
1.79003 0.364317
1.79729 0.39341
1.80031 0.545751
1.82304 0.713615
1.83364 0.76697
1.83637 0.916028
1.83908 0.933942
1.84186 1.08955
1.84283 1.11859
1.84636 1.28728
1.84728 1.33063
1.85315 1.51231
1.85524 1.56668
1.86661 1.7581
1.87384 1.84279
1.89156 2.01791
1.93939 2.23175
1.95609 2.2931
2.01428 2.48039
2.03709 2.54128
2.11997 2.73116
2.15119 2.79048
2.25637 2.95967
2.29669 3.01163
2.43256 3.16149
2.48306 3.20597
2.63716 3.32583
2.68883 3.35903
2.86728 3.47146
3.02743 3.5315
3.09892 3.56965
3.32587 3.64765
3.51592 3.7002
3.60826 3.72884
3.89712 3.78239
4.11018 3.82638
4.41277 3.89396
4.56742 3.92685
4.81245 3.97543
4.92517 3.9929
5.14778 4.02002
5.22757 4.02585
5.44267 4.02561
5.52364 4.02181
5.74007 3.97427
5.82949 3.94628
6.03936 3.84984
6.1266 3.79979
6.31712 3.65997
6.3955 3.59096
6.55891 3.41506
6.62468 3.33109
6.75586 3.12869
6.80519 3.0369
6.90066 2.81689
6.9356 2.71643
6.99808 2.48571
7.01833 2.38403
7.05084 2.1508
7.05858 2.05213
7.06652 1.82334
7.06496 1.73231
7.0552 1.51394
7.04816 1.43496
7.02709 1.23052
7.01796 1.16451
6.99021 0.97364
6.98115 0.919019
6.94739 0.73915
6.93791 0.692398
6.89535 0.52064
6.88434 0.478304
6.83002 0.312429
6.81614 0.271685
6.74672 0.110626
6.72797 0.0693819
6.63934 -0.0867632
6.61262 -0.133341
6.48672 -0.312075
6.3638 -0.4385
6.30257 -0.505736
6.14402 -0.631707
6.08176 -0.671523
5.88978 -0.760165
5.81387 -0.78014
5.65513 -0.785908
5.5246 -0.705207
5.46617 -0.690252
5.36933 -0.578882
5.36049 -0.554205
5.33015 -0.407641
5.32767 -0.387551
5.31938 -0.238698
5.31702 -0.223441
5.31182 -0.0508013
5.3143 0.0186685
5.32073 0.268478
5.32848 0.385804
5.34596 0.67487
5.35678 0.838499
5.36698 1.08884
5.36363 1.1878
5.3402 1.41061
5.321 1.50626
5.2564 1.72294
5.22491 1.78599
5.1352 1.97075
5.1086 2.02255
5.0224 2.22464
4.99936 2.27876
4.93953 2.41934
4.85085 2.60504
4.81789 2.68881
4.74847 2.84769
4.66032 3.05566
4.64856 3.07329
4.59781 3.22102
4.59514 3.22775
4.57465 3.36655
4.57369 3.38197
4.61631 3.5145
4.62826 3.53214
4.74974 3.55993
4.76061 3.55184
4.86567 3.41446
4.90993 3.3399
5.007 3.15128
5.03487 3.08363
5.1006 2.86691
5.14151 2.7165
5.20563 2.34531
5.21703 2.19762
5.22868 1.94813
5.2093 1.73997
5.19221 1.63601
5.16013 1.45929
5.15211 1.42562
5.08935 1.25746
5.05659 1.18229
4.95923 0.982548
4.92417 0.913657
4.79881 0.701664
4.75839 0.638775
4.61829 0.457189
4.58257 0.417877
4.40708 0.281139
4.30532 0.229841
4.14008 0.123169
3.92137 0.0355712
3.82692 0.00611326
3.58461 -0.0327796
3.45279 -0.0417621
3.21313 -0.0390379
3.11405 -0.024517
2.89975 0.0122454
2.82457 0.0270966
2.63731 0.0768956
2.58668 0.0946669
2.41831 0.174937
2.36187 0.207108
2.19066 0.317094
2.12002 0.364294
1.9325 0.495909
1.84644 0.552394
1.65853 0.70512
1.58034 0.777747
1.42121 0.954689
1.3578 1.0342
1.22361 1.22718
1.16764 1.31231
1.03961 1.53686
0.948939 1.73918
0.907329 1.85135
0.839228 2.0636
0.818286 2.14756
0.783175 2.36596
0.774996 2.45552
0.773387 2.68044
0.779081 2.77342
0.810871 2.99882
0.83065 3.09206
0.895349 3.31234
0.929163 3.40316
1.02636 3.61283
1.07377 3.70132
1.21301 3.92424
1.35239 4.1074
1.43912 4.20338
1.60399 4.37912
1.69113 4.37948
1.81715 4.44858
2.00685 4.42665
2.03934 4.41308
2.14803 4.31004
2.16243 4.28516
2.23218 4.14793
2.24337 4.12593
2.30627 3.98541
2.318 3.96651
2.38743 3.83051
2.39963 3.81401
2.48431 3.66614
2.5127 3.61763
2.62061 3.43299
2.67529 3.34211
2.78644 3.16119
2.92999 2.95354
2.98115 2.88593
3.11406 2.7474
3.14986 2.71818
3.32243 2.61685
3.33732 2.61878
3.50798 2.55439
3.56977 2.53389
3.7315 2.49069
3.80234 2.48198
3.8771 2.46518
4.07339 2.45443
4.09318 2.45489
4.31553 2.47413
4.34047 2.47694
4.4985 2.51631
4.5933 2.54637
4.76684 2.61128
4.82348 2.63634
4.97419 2.72063
5.01131 2.74462
5.15335 2.88629
5.19787 2.97535
5.31233 3.11595
5.38742 3.30615
5.40148 3.37955
5.41895 3.62972
5.39708 3.83824
5.40305 3.94563
5.34638 4.16743
5.30059 4.26227
5.16772 4.47644
5.01491 4.62527
4.95227 4.71716
4.75393 4.84971
4.65763 4.88843
4.41361 4.95781
4.19706 4.96433
4.07789 4.98334
3.84656 4.95051
3.75168 4.91719
3.55171 4.79988
3.48108 4.73634
3.33986 4.56017
3.29869 4.48369
3.21755 4.28318
3.21385 4.21251
3.17218 4.04305
3.14885 3.81441
3.14616 3.76586
3.15756 3.60869
3.16396 3.58686
3.19013 3.40465
3.19849 3.33868
3.23476 3.06078
3.25368 2.88262
3.27347 2.64161
3.27482 2.56048
3.3019 2.30002
3.31354 2.20711
3.33478 1.99886
3.34438 1.94031
3.35773 1.80207
3.39269 1.62268
3.39795 1.59441
3.42895 1.41673
3.43142 1.40003
3.45405 1.22426
3.45467 1.20852
3.46434 1.00647
3.46599 0.999687
3.4522 0.859281
3.44954 0.846497
3.39901 0.705477
3.37118 0.648044
3.24955 0.414148
3.1694 0.260343
3.07134 0.0637231
3.06022 0.0286185
2.9859 -0.12019
2.97162 -0.15309
2.86199 -0.288509
2.82943 -0.324048
2.66501 -0.416194
2.608 -0.428344
2.39309 -0.436963
2.23264 -0.373819
2.15728 -0.366026
1.99439 -0.247318
1.95237 -0.196668
1.85377 -0.0363398
1.84092 0.00870106
1.79917 0.105391
1.77281 0.266826
1.77926 0.298342
1.77373 0.455967
1.78357 0.551088
1.80511 0.649218
1.81796 0.831952
1.82302 0.850528
1.82679 0.999651
1.82857 1.02403
1.83282 1.18468
1.83395 1.22159
1.83936 1.397
1.841 1.44658
1.84983 1.63331
1.85224 1.69282
1.86675 1.90926
1.89976 2.08382
1.91755 2.16857
1.96598 2.35921
1.98533 2.42014
2.05508 2.60566
2.08528 2.67402
2.17722 2.85205
2.21333 2.90852
2.33368 3.0673
2.38159 3.11824
2.52875 3.25476
2.57991 3.29134
2.74122 3.40054
2.8119 3.43402
2.96114 3.52287
3.16009 3.59661
3.26033 3.63519
3.4493 3.69463
3.67323 3.74456
3.83028 3.78153
4.17296 3.84933
4.34648 3.88537
4.63005 3.95022
4.74575 3.97095
4.98961 4.01066
5.08094 4.02118
5.29384 4.03463
5.37711 4.03868
5.59029 4.01671
5.67829 3.9998
5.89346 3.92688
5.9838 3.88701
6.1853 3.76781
6.26969 3.70707
6.44704 3.54839
6.52076 3.46995
6.66808 3.28025
6.72744 3.1892
6.83967 2.97963
6.88266 2.88126
6.96159 2.65485
6.98946 2.552
7.03668 2.31975
7.05075 2.21765
7.07073 1.9864
7.07371 1.8898
7.07275 1.66592
7.06827 1.5795
7.05312 1.3683
7.04493 1.29494
7.02105 1.09774
7.01191 1.03687
6.98217 0.85218
6.97308 0.800863
6.93588 0.625582
6.92561 0.580247
6.87781 0.411777
6.86517 0.369292
6.80362 0.206021
6.78694 0.164018
6.70795 0.00560207
6.68486 -0.037809
6.58243 -0.19298
6.5321 -0.263508
6.42278 -0.407035
6.25863 -0.556106
6.2033 -0.600806
6.02683 -0.709619
5.95434 -0.742801
5.75193 -0.805286
5.68859 -0.763051
5.57335 -0.750944
5.42627 -0.657369
5.40677 -0.634258
5.34909 -0.496774
5.34496 -0.472826
5.33029 -0.324002
5.32786 -0.305003
5.32086 -0.156704
5.31987 -0.117162
5.3196 0.0853051
5.32409 0.201715
5.33639 0.452181
5.34708 0.608033
5.36811 0.904379
5.36992 1.02206
5.36495 1.25464
5.35481 1.34538
5.30994 1.57218
5.28232 1.66132
5.20383 1.84943
5.16742 1.91218
5.08605 2.08548
5.05155 2.16449
4.98152 2.34319
4.91659 2.48212
4.88519 2.54769
4.79823 2.7527
4.72891 2.91161
4.68839 2.99499
4.63111 3.13782
4.62274 3.159
4.58733 3.29414
4.58471 3.30661
4.58976 3.44686
4.59397 3.4669
4.68498 3.56751
4.70324 3.57199
4.8129 3.5102
4.83787 3.47525
4.94902 3.28567
4.98427 3.21415
5.06122 3.0222
5.09106 2.93308
5.15576 2.65119
5.19684 2.41158
5.22951 2.13194
5.22726 2.01496
5.22006 1.80595
5.18978 1.56921
5.1789 1.52344
5.1352 1.36094
5.12053 1.31659
5.03168 1.12025
4.99325 1.04009
4.8935 0.854259
4.83652 0.75686
4.72146 0.583056
4.66344 0.506481
4.53386 0.372101
4.46281 0.318051
4.25882 0.181817
4.0764 0.102861
3.98599 0.0526774
3.76234 -0.0111358
3.65141 -0.0301221
3.38646 -0.0500802
3.27946 -0.0473376
3.04722 -0.0261054
2.96371 -0.00717882
2.75814 0.0345079
2.69849 0.0499562
2.52249 0.113317
2.47293 0.136407
2.30121 0.235206
2.24104 0.273158
2.06151 0.396631
1.98209 0.451087
1.7913 0.590191
1.703 0.65521
1.5289 0.820435
1.45734 0.898447
1.31194 1.08284
1.2521 1.16671
1.12806 1.36618
1.06169 1.47761
0.964376 1.67414
0.876007 1.91041
0.849036 1.99747
0.79757 2.21112
0.782615 2.29911
0.76433 2.52151
0.763048 2.6144
0.778267 2.84026
0.791195 2.93493
0.839552 3.15831
0.866759 3.25192
0.947747 3.46737
0.988993 3.5574
1.10233 3.76176
1.16824 3.8746
1.30317 4.06217
1.4749 4.25984
1.5548 4.33385
1.71165 4.4431
1.86933 4.4206
1.94259 4.44506
2.08189 4.38395
2.10298 4.35942
2.18723 4.23123
2.19978 4.2064
2.26308 4.06619
2.27502 4.0445
2.34024 3.90716
2.35315 3.8879
2.42803 3.75349
2.44779 3.72213
2.54333 3.55821
2.58417 3.48903
2.70741 3.28349
2.82419 3.10797
2.88989 3.00702
3.02467 2.83518
3.06497 2.79277
3.20624 2.68226
3.26543 2.65177
3.40011 2.59586
3.44558 2.57837
3.63448 2.51712
3.66717 2.50885
3.80648 2.47862
3.94388 2.46219
4.0066 2.45708
4.15985 2.45979
4.24904 2.46726
4.4058 2.49107
4.43398 2.49884
4.65637 2.56852
4.70501 2.58586
4.88338 2.66601
4.91833 2.68392
5.0615 2.78877
5.10863 2.8366
5.24968 3.01759
5.32087 3.18174
5.37168 3.24119
5.41243 3.44549
5.40692 3.56753
5.42016 3.77551
5.39007 4.01121
5.37109 4.10532
5.27246 4.32291
5.18711 4.41813
5.07505 4.59609
4.89992 4.75873
4.81393 4.82023
4.59629 4.91499
4.47358 4.92827
4.26176 4.98112
4.01111 4.98046
3.91087 4.96874
3.69003 4.89136
3.60495 4.84031
3.43317 4.68972
3.37632 4.6162
3.267 4.42483
3.23856 4.34664
3.18512 4.15216
3.17271 3.97845
3.15282 3.88114
3.14639 3.70146
3.15347 3.67542
3.17542 3.521
3.18034 3.47078
3.20691 3.27237
3.22441 3.12682
3.25504 2.81579
3.26243 2.70754
3.27799 2.49371
3.29216 2.36615
3.31556 2.14029
3.32464 2.06494
3.34304 1.87347
3.36919 1.73764
3.37626 1.68747
3.40615 1.52807
3.41448 1.48199
3.43746 1.33345
3.44315 1.29022
3.45672 1.1417
3.4605 1.0732
3.45936 0.933169
3.45896 0.921794
3.42974 0.78265
3.42186 0.761753
3.34146 0.588167
3.28244 0.472342
3.14461 0.198263
3.10297 0.122613
3.03202 -0.0319864
3.02441 -0.065553
2.9359 -0.209595
2.9135 -0.245903
2.77711 -0.365654
2.72893 -0.396629
2.54265 -0.442422
2.45583 -0.419474
2.28076 -0.420215
2.0969 -0.337349
2.03864 -0.297424
1.9034 -0.151164
1.87528 -0.0996295
1.80369 0.0642206
1.76684 0.163096
1.76819 0.200844
1.75389 0.359424
1.7593 0.391417
1.76429 0.532873
1.79407 0.714434
1.80562 0.766971
1.80959 0.915294
1.81269 0.935029
1.81793 1.08932
1.81953 1.11989
1.82548 1.28719
1.82704 1.33202
1.83458 1.51241
1.83702 1.56842
1.84936 1.7589
1.85634 1.84394
1.87514 2.02243
1.9233 2.23446
1.94071 2.29809
1.99907 2.48484
2.02288 2.54789
2.10612 2.7368
2.13878 2.79823
2.24459 2.96681
2.28673 3.02072
2.42265 3.1701
2.47495 3.21628
2.62818 3.33655
2.68204 3.37099
2.85976 3.47968
3.0141 3.5424
3.09536 3.58303
3.32045 3.66276
3.50986 3.71559
3.60708 3.74449
3.8945 3.79737
4.10733 3.8411
4.40857 3.90816
4.56452 3.94128
4.80911 3.98992
4.92353 4.00774
5.14568 4.03476
5.22799 4.04086
5.44324 4.03996
5.52688 4.03553
5.74325 3.98734
5.8352 3.9582
6.04476 3.86133
6.1342 3.8098
6.32442 3.66993
6.40468 3.59919
6.56788 3.42353
6.6352 3.33764
6.7663 3.13567
6.81691 3.04174
6.91256 2.82226
6.94847 2.71968
7.01141 2.4896
7.03246 2.38575
7.06586 2.15325
7.0743 2.05244
7.08364 1.82441
7.08273 1.7313
7.07477 1.51367
7.0683 1.43267
7.04918 1.22894
7.04044 1.16098
7.01436 0.970769
7.00536 0.914125
6.97298 0.73472
6.96336 0.685749
6.92164 0.514223
6.91008 0.469512
6.85586 0.303807
6.84093 0.260637
6.77082 0.09987
6.75047 0.0562727
6.66011 -0.0991461
6.63124 -0.148346
6.50625 -0.324392
6.37747 -0.455222
6.31391 -0.519798
6.15402 -0.644926
6.08847 -0.685635
5.89562 -0.773243
5.8168 -0.792373
5.66554 -0.79685
5.53229 -0.720865
5.47637 -0.700554
5.38171 -0.585095
5.37259 -0.558601
5.34309 -0.412175
5.34031 -0.389382
5.3323 -0.24044
5.32977 -0.222245
5.32451 -0.0511817
5.32685 0.0195612
5.33254 0.267317
5.34007 0.386141
5.35668 0.673475
5.36714 0.838243
5.37672 1.08785
5.37307 1.18899
5.34947 1.41131
5.32981 1.50909
5.26566 1.72533
5.23371 1.79042
5.14514 1.97446
5.11812 2.02763
5.03344 2.2281
5.01005 2.28351
4.95075 2.42549
4.86293 2.60998
4.82931 2.69431
4.76 2.85323
4.67229 3.05914
4.65985 3.07824
4.60971 3.22385
4.6064 3.23366
4.58643 3.37273
4.58578 3.39102
4.62968 3.52257
4.64333 3.54166
4.76359 3.56882
4.77784 3.559
4.87877 3.42327
4.92288 3.34643
5.01748 3.15695
5.0458 3.08652
5.11041 2.86983
5.15179 2.71721
5.21513 2.34802
5.22665 2.19803
5.23783 1.94967
5.21805 1.74165
5.20164 1.63428
5.16923 1.45801
5.16049 1.42206
5.09771 1.25451
5.06416 1.17787
4.96681 0.979462
4.93064 0.908992
4.80523 0.698589
4.76345 0.634163
4.62348 0.453771
4.58596 0.412849
4.41114 0.27676
4.31058 0.223008
4.14161 0.113935
3.92426 0.0289357
3.82772 -0.00111673
3.58622 -0.0412944
3.45259 -0.051389
3.21341 -0.0507577
3.11237 -0.0375519
2.89775 -0.00236337
2.8207 0.0130388
2.6335 0.0622373
2.58014 0.0808951
2.41146 0.160823
2.35298 0.194029
2.1825 0.303955
2.11064 0.352348
1.925 0.484484
1.83843 0.543784
1.6496 0.694238
1.569 0.767835
1.40905 0.943646
1.34373 1.02484
1.20935 1.21718
1.15161 1.30437
1.02226 1.53071
0.932622 1.73216
0.891323 1.84606
0.823411 2.05845
0.801974 2.14512
0.767137 2.36342
0.758829 2.4556
0.757399 2.6803
0.763323 2.77583
0.795206 3.00095
0.815574 3.09667
0.88034 3.31665
0.915107 3.40984
1.01206 3.61939
1.05996 3.71097
1.1974 3.93397
1.33297 4.11494
1.42577 4.21556
1.59648 4.38521
1.67656 4.38703
1.8093 4.44839
1.98741 4.43206
2.02654 4.42016
2.13528 4.31371
2.15099 4.28656
2.22005 4.14939
2.23247 4.12483
2.29466 3.98695
2.30783 3.96482
2.37852 3.82815
2.3922 3.80909
2.47729 3.66292
2.50685 3.61338
2.61548 3.43077
2.6726 3.33959
2.7835 3.16012
2.92883 2.95356
2.98127 2.8851
3.11435 2.74877
3.15114 2.71885
3.32332 2.62031
3.33923 2.6217
3.50862 2.55833
3.57156 2.5375
3.73175 2.49458
3.80382 2.48531
3.87959 2.46841
4.07274 2.4572
4.09651 2.45776
4.3146 2.47602
4.34079 2.47891
4.49743 2.51751
4.5936 2.54767
4.76596 2.61156
4.82386 2.63717
4.97368 2.72014
5.01193 2.74498
5.15339 2.88531
5.20092 2.97652
5.31416 3.11594
5.39049 3.3046
5.40562 3.3797
5.42529 3.63107
5.40414 3.83968
5.4074 3.94737
5.35123 4.16841
5.30387 4.2647
5.16962 4.48192
5.01933 4.63172
4.95446 4.72131
4.75725 4.85432
4.6591 4.89426
4.4167 4.96202
4.19801 4.96665
4.07666 4.98924
3.84613 4.95521
3.74921 4.92089
3.54997 4.80353
3.47785 4.7385
3.33703 4.56299
3.29468 4.4849
3.21396 4.28524
3.21039 4.21328
3.16978 4.04452
3.14831 3.81781
3.14492 3.76758
3.15745 3.61121
3.16467 3.58627
3.18851 3.40514
3.19627 3.33765
3.23003 3.06091
3.24772 2.88153
3.26609 2.6415
3.26734 2.55899
3.2938 2.30003
3.30544 2.20566
3.32641 1.99882
3.33567 1.9392
3.34918 1.79962
3.38405 1.62179
3.38955 1.59209
3.42044 1.41612
3.42313 1.39803
3.44627 1.22415
3.4473 1.20488
3.45776 1.00712
3.45929 0.99733
3.44677 0.856784
3.4437 0.84135
3.39618 0.700799
3.37008 0.644902
3.25367 0.412783
3.17511 0.256951
3.07983 0.0606481
3.06764 0.0237429
2.99583 -0.125199
2.98003 -0.160325
2.87032 -0.296006
2.83486 -0.333404
2.66882 -0.424227
2.60859 -0.437235
2.39398 -0.44291
2.23861 -0.385244
2.14955 -0.377391
1.98381 -0.260436
1.93702 -0.208128
1.83219 -0.0494464
1.81562 -0.000837468
1.7705 0.0977591
1.73956 0.259688
1.74437 0.294681
1.73456 0.446343
1.75421 0.570749
1.7764 0.651427
1.79078 0.830706
1.79593 0.851296
1.80148 0.999501
1.80383 1.02541
1.81054 1.18471
1.81234 1.22308
1.81981 1.39705
1.82201 1.44819
1.83204 1.63367
1.8348 1.6951
1.85048 1.90911
1.88219 2.07902
1.9016 2.17272
1.95041 2.3628
1.97059 2.42592
2.04064 2.61087
2.07192 2.681
2.16449 2.85841
2.20226 2.91691
2.32301 3.07518
2.37268 3.12785
2.51938 3.26433
2.57204 3.30293
2.73353 3.41139
2.80224 3.44846
2.94915 3.53447
3.15464 3.61073
3.25819 3.64953
3.44463 3.7103
3.67069 3.75986
3.82906 3.79683
4.16878 3.8636
4.34366 3.89984
4.62578 3.96428
4.74382 3.98556
4.98659 4.02524
5.08025 4.03604
5.2929 4.04922
5.37906 4.05274
5.59212 4.03037
5.68288 4.01259
5.89779 3.9391
5.99049 3.8979
6.19164 3.77846
6.27806 3.71612
6.45515 3.55753
6.53056 3.47729
6.67774 3.28792
6.73848 3.1949
6.85078 2.98575
6.89488 2.88527
6.97412 2.65947
7.00287 2.55448
7.05075 2.32292
7.06557 2.21869
7.08669 1.98819
7.09035 1.8895
7.091 1.66639
7.08715 1.57793
7.07388 1.36747
7.06619 1.29212
7.04413 1.09564
7.03521 1.0328
7.00689 0.848703
6.99779 0.795274
6.96167 0.620332
6.95105 0.572678
6.9037 0.404385
6.89026 0.359478
6.8284 0.19641
6.81038 0.151997
6.7302 -0.00594817
6.70511 -0.051642
6.60166 -0.206718
6.54041 -0.288087
6.43412 -0.422467
6.27074 -0.568978
6.21221 -0.614994
6.03445 -0.72258
5.95885 -0.756416
5.76252 -0.81788
5.68708 -0.778118
5.58154 -0.763952
5.43695 -0.665545
5.41741 -0.639938
5.36211 -0.502525
5.35742 -0.476025
5.3432 -0.327196
5.34058 -0.305355
5.33372 -0.156924
5.33262 -0.116117
5.33193 0.0848032
5.33615 0.201977
5.3477 0.451133
5.35804 0.60805
5.37823 0.902736
5.37976 1.02248
5.37438 1.25442
5.36387 1.34747
5.31912 1.57365
5.29094 1.66497
5.21344 1.85264
5.17654 1.91704
5.09639 2.08936
5.06185 2.16915
4.99305 2.34671
4.92956 2.48341
4.89676 2.55396
4.81061 2.75702
4.74082 2.9158
4.69991 2.99982
4.64285 3.14144
4.63434 3.16322
4.59899 3.29868
4.59609 3.31412
4.60214 3.45438
4.60752 3.47685
4.69882 3.57634
4.71972 3.58079
4.82885 3.51801
4.85308 3.48345
4.96054 3.29292
4.99602 3.21877
5.07134 3.02627
5.10248 2.93478
5.16564 2.65326
5.20662 2.4129
5.23894 2.13375
5.23643 2.01509
5.22897 1.80617
5.19903 1.56889
5.18777 1.52077
5.14389 1.35876
5.12838 1.31232
5.03966 1.11719
5.00032 1.03567
4.90044 0.850937
4.84237 0.752467
4.72717 0.5797
4.66783 0.501889
4.53826 0.368046
4.46602 0.312403
4.26401 0.177031
4.07852 0.0980354
3.98772 0.0449005
3.7646 -0.0183945
3.65159 -0.0383874
3.38775 -0.0601915
3.27839 -0.0584549
3.04696 -0.0395649
2.96051 -0.0208995
2.75562 0.019953
2.69346 0.0360229
2.51726 0.0990277
2.465 0.123189
2.29361 0.221552
2.23164 0.260739
2.05352 0.384269
1.97325 0.440279
1.78397 0.580069
1.69357 0.645769
1.51842 0.809354
1.44469 0.888761
1.29871 1.07232
1.23723 1.15798
1.11294 1.35717
1.04669 1.47
0.947451 1.66843
0.860556 1.90382
0.832933 1.99371
0.781732 2.20735
0.766464 2.29799
0.748405 2.5202
0.747177 2.61566
0.762525 2.84127
0.775861 2.93844
0.824291 3.16152
0.852271 3.25754
0.933206 3.47273
0.975348 3.56522
1.08754 3.77031
1.15389 3.8851
1.28487 4.07057
1.4628 4.26951
1.54601 4.34356
1.70678 4.44507
1.83757 4.42952
1.92451 4.45012
2.06889 4.38823
2.09162 4.36246
2.17457 4.23412
2.18844 4.20669
2.25044 4.06966
2.2638 4.04465
2.33053 3.90585
2.34474 3.8842
2.42038 3.75003
2.44116 3.71749
2.53727 3.55545
2.57953 3.48545
2.70365 3.28198
2.82251 3.10758
2.88915 3.0056
3.02435 2.83584
3.06592 2.79278
3.20679 2.68442
3.26718 2.65394
3.40076 2.59944
3.44748 2.58166
3.6349 2.52108
3.6688 2.51247
3.80771 2.4821
3.94495 2.46531
4.00736 2.46
4.16179 2.46235
4.24949 2.46944
4.40479 2.49256
4.43626 2.50113
4.6554 2.56919
4.70536 2.58686
4.88251 2.6662
4.91883 2.68443
5.0612 2.78805
5.10899 2.83723
5.25195 3.01749
5.3249 3.18008
5.37458 3.24112
5.41677 3.44418
5.41186 3.5677
5.426 3.778
5.39535 4.01169
5.37515 4.1075
5.2763 4.32405
5.19371 4.42107
5.07755 4.60185
4.90373 4.76263
4.81584 4.82519
4.59895 4.92004
4.47413 4.93067
4.26099 4.98443
4.01136 4.98508
3.90899 4.97342
3.68891 4.89548
3.60204 4.84317
3.4309 4.69292
3.37273 4.61783
3.26365 4.42729
3.23455 4.34735
3.18222 4.15422
3.17125 3.98374
3.15171 3.88316
3.14592 3.70545
3.15343 3.67652
3.17491 3.52164
3.17957 3.46996
3.20394 3.27266
3.22038 3.12564
3.24862 2.8161
3.25565 2.7061
3.27045 2.49363
3.28434 2.36478
3.30727 2.14024
3.31645 2.0635
3.33446 1.87378
3.35989 1.74043
3.36778 1.68518
3.39756 1.52715
3.4061 1.47997
3.42921 1.33287
3.43518 1.28864
3.44953 1.13948
3.45354 1.07242
3.45323 0.932172
3.45256 0.917954
3.42523 0.778573
3.41724 0.756013
3.34184 0.585872
3.285 0.470236
3.15137 0.195971
3.11014 0.118645
3.04072 -0.0359045
3.03247 -0.0709789
2.94507 -0.215643
2.92065 -0.254185
2.78323 -0.373605
2.73154 -0.405554
2.54444 -0.450139
2.45879 -0.433866
2.28165 -0.434538
2.09084 -0.348489
2.02802 -0.308675
1.88794 -0.164846
1.85539 -0.110636
1.77809 0.0527682
1.73767 0.153554
1.73661 0.195019
1.71549 0.352616
1.72338 0.395833
1.72653 0.514817
1.76756 0.715557
1.77784 0.767278
1.7834 0.914807
1.78688 0.936433
1.79424 1.08943
1.79648 1.12152
1.80471 1.28737
1.80691 1.33362
1.81609 1.51265
1.81894 1.57028
1.83222 1.75978
1.8386 1.84548
1.85663 2.01954
1.90701 2.23723
1.92548 2.30306
1.98413 2.48923
2.00895 2.55443
2.09254 2.74237
2.12664 2.80589
2.233 2.97388
2.27692 3.02972
2.41274 3.1787
2.46678 3.22659
2.61956 3.34689
2.67534 3.38301
2.84944 3.49276
3.00927 3.55847
3.09172 3.59551
3.31647 3.67772
3.5066 3.72902
3.60596 3.75984
3.89192 3.81232
4.10453 3.85575
4.40439 3.92226
4.56163 3.95561
4.80578 4.0043
4.92191 4.02246
5.1436 4.04935
5.22848 4.05564
5.44379 4.05413
5.53014 4.04906
5.74643 4.00026
5.84089 3.96998
6.05012 3.87269
6.14173 3.81969
6.33162 3.67976
6.41375 3.6073
6.57672 3.4319
6.64558 3.3441
6.77659 3.14258
6.82849 3.04652
6.9243 2.8276
6.9612 2.72291
7.02462 2.49351
7.04648 2.38752
7.08077 2.15576
7.08993 2.05284
7.10064 1.82559
7.1004 1.73043
7.0942 1.51358
7.08831 1.43058
7.07106 1.22757
7.06271 1.15765
7.0382 0.968133
7.02925 0.909457
6.99806 0.730539
6.9883 0.679338
6.94731 0.50805
6.93519 0.460946
6.88101 0.295406
6.86501 0.249796
6.79413 0.0893344
6.77211 0.0433909
6.68052 -0.111525
6.65028 -0.163982
6.51836 -0.348953
6.39125 -0.470969
6.32519 -0.533954
6.16361 -0.657748
6.09494 -0.699518
5.90195 -0.787282
5.8258 -0.804251
5.67969 -0.812395
5.53381 -0.731202
5.48501 -0.708922
5.39444 -0.592355
5.38452 -0.563258
5.35602 -0.416696
5.35292 -0.391197
5.34512 -0.242227
5.34244 -0.22107
5.33713 -0.0515385
5.33935 0.0204937
5.34433 0.266194
5.35163 0.386517
5.36737 0.67211
5.37746 0.838005
5.38642 1.08688
5.38247 1.19019
5.3587 1.412
5.33857 1.51191
5.27494 1.7277
5.24255 1.79482
5.1551 1.97812
5.12768 2.03269
5.04457 2.23154
5.02083 2.28823
4.96352 2.4283
4.87514 2.61498
4.84109 2.69991
4.77147 2.85878
4.68433 3.06265
4.67116 3.08322
4.62161 3.22669
4.61764 3.23959
4.59821 3.37882
4.59794 3.39991
4.64284 3.5311
4.65852 3.5517
4.77837 3.57701
4.79468 3.56617
4.89226 3.43192
4.93603 3.35283
5.02809 3.16253
5.057 3.08939
5.12111 2.87279
5.16304 2.71794
5.22469 2.35074
5.23619 2.19843
5.24686 1.9512
5.22714 1.74189
5.21051 1.6326
5.17823 1.45674
5.16876 1.41853
5.10597 1.25158
5.07162 1.17349
4.97432 0.976389
4.93704 0.90434
4.81161 0.695505
4.76849 0.62954
4.62864 0.450365
4.58941 0.407724
4.41554 0.271878
4.3129 0.219464
4.14244 0.10831
3.92711 0.0221619
3.82863 -0.00883934
3.58787 -0.0498218
3.45248 -0.0610621
3.21379 -0.0625916
3.11071 -0.0508038
2.89589 -0.016961
2.81688 -0.000977365
2.62981 0.0478574
2.57374 0.0673954
2.40478 0.146966
2.34423 0.181199
2.1744 0.290985
2.10131 0.340601
1.91748 0.473151
1.83013 0.534679
1.64098 0.683525
1.55802 0.75815
1.39722 0.93278
1.32998 1.01564
1.19529 1.20729
1.13622 1.29676
1.00795 1.52187
0.918248 1.72459
0.87514 1.84075
0.807862 2.05339
0.785925 2.14275
0.75134 2.36093
0.742907 2.4557
0.741651 2.68016
0.747807 2.77822
0.779784 3.00305
0.800742 3.10122
0.86553 3.3209
0.90118 3.41647
0.997524 3.62604
1.04631 3.7204
1.18128 3.94375
1.32294 4.12293
1.41439 4.22653
1.58926 4.39173
1.65476 4.40655
1.78393 4.46577
1.96577 4.43502
2.01414 4.42278
2.12202 4.31797
2.13937 4.28845
2.20641 4.15492
2.22029 4.12695
2.28432 3.98649
2.29865 3.96219
2.36983 3.82606
2.38507 3.80429
2.47046 3.65976
2.50117 3.60918
2.61059 3.42865
2.67169 3.33422
2.78196 3.15804
2.92783 2.95369
2.98153 2.88439
3.11462 2.75012
3.15255 2.71976
3.32314 2.6249
3.34102 2.62438
3.50919 2.5621
3.5733 2.54098
3.732 2.49841
3.80539 2.48851
3.88199 2.47157
4.0721 2.45999
4.09716 2.4604
4.31369 2.47776
4.34112 2.48085
4.49842 2.51923
4.59393 2.5489
4.76505 2.61192
4.82421 2.63805
4.97308 2.71976
5.01237 2.74554
5.15307 2.88464
5.20322 2.97585
5.31737 3.11578
5.39366 3.30298
5.40939 3.37987
5.42982 3.62989
5.40811 3.83748
5.41241 3.94925
5.35575 4.16926
5.30796 4.26759
5.17425 4.48281
5.02647 4.6309
4.95731 4.72631
4.76044 4.85867
4.66016 4.89896
4.41884 4.96434
4.20301 4.97036
4.07556 4.99338
3.84569 4.95983
3.74675 4.92455
3.54825 4.80714
3.47459 4.74069
3.33418 4.56583
3.29079 4.48606
3.2106 4.28721
3.20618 4.21435
3.16738 4.04836
3.14793 3.82656
3.14424 3.77016
3.15717 3.61378
3.16474 3.58557
3.1869 3.40564
3.19411 3.33665
3.2254 3.0611
3.2419 2.88048
3.25856 2.64143
3.26009 2.55753
3.28577 2.30006
3.29741 2.20422
3.31797 1.99878
3.32701 1.93808
3.34101 1.79768
3.37534 1.62088
3.38112 1.58976
3.41195 1.4155
3.41485 1.39599
3.43848 1.22399
3.43974 1.2031
3.4512 1.00773
3.45254 0.994901
3.44126 0.854213
3.43783 0.836111
3.39306 0.695963
3.36587 0.63589
3.25752 0.41162
3.18046 0.253801
3.08786 0.0578663
3.07461 0.0192558
3.00494 -0.129569
2.98779 -0.167004
2.87815 -0.303013
2.83985 -0.342234
2.67245 -0.431996
2.60909 -0.446925
2.39753 -0.454796
2.23205 -0.394941
2.14297 -0.38686
1.97372 -0.273443
1.92246 -0.219609
1.81202 -0.0625797
1.79176 -0.0105082
1.74311 0.0897533
1.70578 0.251141
1.70833 0.288985
1.69745 0.424959
1.72957 0.578777
1.74944 0.654143
1.76421 0.829843
1.7693 0.852345
1.77659 0.999633
1.77951 1.02712
1.78842 1.18504
1.79091 1.22484
1.80034 1.39731
1.80309 1.44995
1.81434 1.63414
1.81742 1.69749
1.83205 1.90917
1.86631 2.08284
1.88594 2.17676
1.935 2.36638
1.95608 2.43167
2.02646 2.61602
2.05884 2.68792
2.15201 2.86468
2.1914 2.9252
2.31242 3.08301
2.36379 3.13741
2.51011 3.27374
2.56439 3.31439
2.72466 3.42385
2.80474 3.46589
2.94603 3.54843
3.14905 3.62403
3.2561 3.66131
3.44269 3.72506
3.66823 3.77477
3.82789 3.81195
4.16464 3.8778
4.34087 3.91422
4.62152 3.97825
4.74189 4.00006
4.98359 4.03968
5.07959 4.05075
5.29201 4.06363
5.38098 4.06661
5.59396 4.04384
5.68746 4.02521
5.9021 3.95119
5.99714 3.90865
6.19793 3.78899
6.28635 3.72504
6.46316 3.56656
6.54025 3.48453
6.68727 3.2955
6.74937 3.20054
6.86175 2.99181
6.90696 2.88924
6.98651 2.66409
7.01615 2.55698
7.06471 2.32614
7.08029 2.2198
7.10254 1.99007
7.10691 1.88932
7.10912 1.667
7.10592 1.57653
7.09447 1.36684
7.08729 1.28951
7.06695 1.09376
7.05828 1.02893
7.03126 0.845457
7.02206 0.789906
6.98689 0.615321
6.97592 0.565336
6.92894 0.39722
6.91467 0.349878
6.85243 0.187012
6.83303 0.140193
6.75179 -0.0173328
6.72504 -0.0655011
6.62036 -0.220594
6.55889 -0.299379
6.44835 -0.441994
6.28257 -0.581748
6.22081 -0.628972
6.04212 -0.735716
5.96377 -0.770605
5.77652 -0.831894
5.67893 -0.784404
5.58377 -0.771254
5.44728 -0.674424
5.42831 -0.646693
5.375 -0.508264
5.36981 -0.479226
5.35602 -0.330443
5.35321 -0.305746
5.34649 -0.157166
5.34529 -0.115049
5.34423 0.0843398
5.34818 0.202278
5.359 0.450124
5.36898 0.608098
5.38832 0.901109
5.38956 1.02292
5.38377 1.25421
5.37288 1.34956
5.32829 1.57511
5.29959 1.6686
5.22308 1.85582
5.18569 1.92187
5.10678 2.09321
5.07224 2.17379
5.00521 2.35033
4.94091 2.48821
4.90822 2.56015
4.82258 2.76121
4.75297 2.92008
4.71147 3.00465
4.6546 3.14507
4.64594 3.16746
4.61061 3.30324
4.60747 3.32165
4.61442 3.46178
4.62094 3.48664
4.71316 3.58508
4.73627 3.58941
4.84447 3.52591
4.86835 3.49132
4.97229 3.30006
5.0079 3.2233
5.08191 3.03041
5.11457 2.93648
5.17632 2.6553
5.21663 2.41426
5.24833 2.13556
5.24573 2.01445
5.23769 1.80504
5.20814 1.56861
5.19635 1.51816
5.15247 1.3566
5.13613 1.30807
5.04755 1.11415
5.0073 1.03127
4.90732 0.847619
4.84817 0.748076
4.73286 0.576335
4.67219 0.497302
4.54281 0.363805
4.46889 0.307285
4.26771 0.174101
4.08661 0.0950573
3.98909 0.0382267
3.76693 -0.0259593
3.65184 -0.0468669
3.38912 -0.0703595
3.27743 -0.0697034
3.04671 -0.0529298
2.95741 -0.0347156
2.75318 0.00552762
2.6885 0.0222363
2.51217 0.0849753
2.45723 0.110223
2.28613 0.208117
2.22234 0.248534
2.04554 0.372069
1.96435 0.429522
1.77641 0.569523
1.68423 0.636305
1.5083 0.798489
1.43237 0.879258
1.28576 1.06196
1.22267 1.1494
1.09835 1.3484
1.03071 1.46434
0.93244 1.66215
0.845323 1.89741
0.816937 1.99
0.766143 2.20365
0.750564 2.2969
0.732718 2.51891
0.731546 2.61693
0.747023 2.84225
0.760769 2.94191
0.809258 3.16468
0.837987 3.26309
0.918679 3.47806
0.96163 3.57301
1.0727 3.77875
1.14423 3.89164
1.274 4.08164
1.45306 4.27757
1.53758 4.35392
1.68966 4.46023
1.82298 4.43891
1.90525 4.45594
2.05327 4.393
2.07917 4.36556
2.1599 4.24169
2.17539 4.21093
2.23964 4.0698
2.25403 4.04291
2.32087 3.90517
2.33654 3.88075
2.41296 3.74665
2.43476 3.71292
2.53141 3.55274
2.57503 3.4819
2.70178 3.2777
2.82042 3.10684
2.88865 3.00433
3.02409 2.83655
3.06691 2.79283
3.20748 2.68685
3.26784 2.65718
3.40132 2.60283
3.4493 2.58476
3.63529 2.52493
3.67042 2.51599
3.80882 2.4855
3.94594 2.46839
4.00813 2.46289
4.16105 2.46467
4.24996 2.47154
4.40377 2.49409
4.43715 2.50298
4.65445 2.56982
4.70569 2.5879
4.88133 2.66699
4.91928 2.68503
5.06067 2.78758
5.10937 2.83784
5.25299 3.01614
5.32637 3.17533
5.37808 3.24087
5.42057 3.44292
5.4157 3.56887
5.43089 3.77764
5.40011 4.01208
5.37947 4.10978
5.28092 4.32563
5.19981 4.4241
5.08446 4.60376
4.90722 4.7662
4.81779 4.83019
4.60114 4.9238
4.47697 4.93749
4.26427 4.98901
4.01168 4.98895
3.90724 4.97749
3.68779 4.89957
3.59914 4.84601
3.4286 4.69613
3.36913 4.61948
3.26045 4.42968
3.23065 4.34802
3.1784 4.15666
3.16926 3.99366
3.15076 3.89053
3.14558 3.70979
3.15338 3.6777
3.174 3.52221
3.17854 3.46913
3.20106 3.27299
3.21644 3.1245
3.24211 2.81645
3.24893 2.70473
3.26305 2.49356
3.27663 2.36344
3.299 2.14021
3.30823 2.06206
3.32603 1.87406
3.35062 1.74229
3.35947 1.68292
3.38894 1.52621
3.39771 1.47793
3.42097 1.33225
3.42723 1.28702
3.4422 1.13912
3.44657 1.07159
3.44702 0.931108
3.44613 0.914006
3.42058 0.774448
3.41098 0.746862
3.33912 0.577715
3.28748 0.46821
3.15774 0.193935
3.11692 0.114924
3.04898 -0.0394238
3.03985 -0.0758959
2.9536 -0.221149
2.92726 -0.261921
2.78899 -0.381132
2.73395 -0.414166
2.54648 -0.460343
2.44646 -0.439581
2.27786 -0.43968
2.08485 -0.359995
2.01824 -0.319463
1.87346 -0.178386
1.83661 -0.121701
1.75392 0.0411473
1.70902 0.143121
1.70493 0.187819
1.67682 0.334588
1.69604 0.427669
1.70473 0.520526
1.74182 0.717012
1.751 0.767906
1.75761 0.914585
1.76152 0.938123
1.77083 1.08985
1.77372 1.12344
1.78404 1.2878
1.78691 1.33542
1.79765 1.51305
1.80093 1.57225
1.81444 1.76075
1.82314 1.85292
1.8414 2.02462
1.89134 2.23986
1.91046 2.308
1.96942 2.49357
1.99527 2.5609
2.07923 2.74788
2.11477 2.81346
2.22159 2.98087
2.26723 3.03864
2.40289 3.18723
2.45868 3.23679
2.61059 3.35771
2.66805 3.39548
2.84828 3.51188
3.00425 3.57335
3.08775 3.60813
3.31234 3.69042
3.50381 3.74165
3.6049 3.77491
3.88938 3.82709
4.10176 3.8703
4.40023 3.93628
4.55876 3.96984
4.80246 4.01856
4.92031 4.03705
5.14156 4.06379
5.22902 4.07023
5.44427 4.06883
5.5334 4.06238
5.7496 4.01302
5.84656 3.98161
6.05544 3.88393
6.14921 3.82944
6.33874 3.68948
6.42272 3.6153
6.58544 3.44016
6.65583 3.35047
6.78675 3.14941
6.83991 3.05125
6.93591 2.83292
6.9738 2.72613
7.0377 2.49743
7.06038 2.38932
7.09557 2.15834
7.10547 2.05333
7.11753 1.82688
7.11798 1.7297
7.11348 1.51366
7.10819 1.42866
7.09271 1.22642
7.08476 1.15453
7.06174 0.9657
7.05282 0.904999
7.02266 0.726581
7.01272 0.673143
6.97238 0.502107
6.95966 0.452594
6.90546 0.287223
6.88835 0.239167
6.81672 0.0790018
6.79305 0.0307094
6.70056 -0.123905
6.66767 -0.17849
6.53559 -0.358263
6.40511 -0.480409
6.33704 -0.549442
6.17302 -0.670523
6.10142 -0.713471
5.9093 -0.802901
5.83689 -0.812758
5.69722 -0.826408
5.53814 -0.742205
5.49322 -0.71801
5.40668 -0.599295
5.39634 -0.56789
5.36883 -0.421273
5.36546 -0.393063
5.35785 -0.244021
5.35501 -0.219918
5.3497 -0.0518734
5.35179 0.0214645
5.35609 0.26511
5.36317 0.386933
5.37805 0.670773
5.38775 0.837783
5.39609 1.08591
5.39182 1.1914
5.36791 1.41269
5.34732 1.51471
5.28425 1.73005
5.25147 1.79921
5.16508 1.98175
5.13729 2.03772
5.05603 2.23501
5.03049 2.29518
4.97432 2.43441
4.88711 2.61986
4.85311 2.70572
4.78281 2.86422
4.6968 3.0648
4.68249 3.08822
4.6335 3.22955
4.62887 3.24552
4.60993 3.38493
4.61005 3.40883
4.65603 3.53936
4.67363 3.56139
4.79287 3.5853
4.81163 3.57313
4.90589 3.44032
4.94931 3.35907
5.03897 3.16812
5.06854 3.09231
5.13248 2.87574
5.17458 2.7186
5.23459 2.35353
5.24576 2.19883
5.25584 1.95194
5.23642 1.74428
5.21931 1.63095
5.18702 1.45552
5.17685 1.41505
5.11414 1.24868
5.07898 1.16913
4.98174 0.97333
4.94335 0.899701
4.81796 0.692418
4.77348 0.624917
4.63386 0.446891
4.59283 0.402652
4.41933 0.267863
4.31779 0.212864
4.14936 0.103642
3.92979 0.0160147
3.82952 -0.0163358
3.58959 -0.058524
3.45245 -0.0708651
3.21428 -0.0744531
3.10905 -0.0640892
2.89417 -0.0314266
2.81312 -0.0149261
2.62621 0.0336598
2.56745 0.0540795
2.39827 0.133348
2.33563 0.168622
2.1664 0.278223
2.09203 0.329068
1.90985 0.461776
1.82161 0.525169
1.63242 0.672722
1.5473 0.748598
1.38573 0.922096
1.31654 1.00661
1.1816 1.19761
1.12102 1.28926
0.992701 1.51499
0.902674 1.71804
0.859649 1.83573
0.792472 2.04842
0.770074 2.14044
0.735785 2.35848
0.727227 2.45582
0.726139 2.68003
0.732528 2.7806
0.764596 3.00512
0.786137 3.10573
0.850859 3.3251
0.887306 3.42305
0.982943 3.63265
1.03363 3.7289
1.16901 3.94992
1.3157 4.1293
1.40508 4.23624
1.57532 4.40478
1.6439 4.41645
1.76947 4.47278
1.95386 4.44076
1.99938 4.42626
2.10563 4.32711
2.12527 4.29471
2.1954 4.15532
2.21017 4.12585
2.27372 3.98733
2.28945 3.96016
2.36142 3.82399
2.37822 3.7996
2.46384 3.65666
2.49572 3.60505
2.60596 3.42664
2.66845 3.33155
2.78015 3.15572
2.92681 2.95379
2.98189 2.88377
3.11498 2.7516
3.15433 2.72129
3.32385 2.6291
3.34287 2.6272
3.5097 2.56571
3.575 2.54432
3.73222 2.50215
3.80694 2.49163
3.88431 2.47467
4.07146 2.46263
4.10055 2.4631
4.31277 2.47959
4.34146 2.48275
4.498 2.52051
4.59426 2.55012
4.76405 2.6125
4.82439 2.63928
4.97236 2.71958
5.01271 2.74622
5.15275 2.88398
5.20552 2.97422
5.32034 3.11229
5.39662 3.30143
5.413 3.38004
5.43427 3.62941
5.41283 3.83834
5.41652 3.95092
5.36045 4.17019
5.31232 4.27063
5.1807 4.48448
5.03017 4.63635
4.95965 4.73069
4.76339 4.86261
4.66134 4.90414
4.42224 4.96934
4.20211 4.97688
4.07448 4.99708
3.84536 4.96403
3.74437 4.92802
3.54654 4.81075
3.47133 4.74287
3.33138 4.56863
3.287 4.48717
3.20685 4.28934
3.20055 4.21599
3.16405 4.05678
3.14723 3.83272
3.14392 3.77309
3.15714 3.61607
3.16454 3.58483
3.18517 3.40615
3.19181 3.33564
3.22081 3.06132
3.23602 2.87948
3.2506 2.64143
3.25293 2.55608
3.27783 2.30012
3.28941 2.20281
3.30956 1.99875
3.3183 1.93691
3.33302 1.79451
3.36667 1.62
3.37275 1.58743
3.40345 1.41486
3.40659 1.39393
3.43064 1.22379
3.43235 1.19962
3.4445 1.0083
3.44579 0.992388
3.43565 0.851551
3.43175 0.830384
3.38813 0.6878
3.3637 0.631099
3.26117 0.410606
3.18552 0.250848
3.09545 0.0553465
3.08123 0.0150767
3.01329 -0.133386
2.99494 -0.173173
2.88549 -0.309528
2.84445 -0.350562
2.67624 -0.440252
2.60949 -0.453934
2.3889 -0.465988
2.22224 -0.409403
2.13707 -0.395828
1.96439 -0.28613
1.90876 -0.23096
1.79311 -0.0756731
1.76913 -0.020328
1.71632 0.0809235
1.66835 0.238648
1.67319 0.272069
1.6666 0.407863
1.70481 0.583151
1.72484 0.656734
1.73828 0.829224
1.74327 0.853624
1.75205 1.00003
1.75554 1.02912
1.76648 1.18565
1.76966 1.22685
1.78095 1.39776
1.78423 1.45188
1.79642 1.63471
1.79965 1.69989
1.81549 1.91508
1.85037 2.0866
1.87054 2.18079
1.91985 2.36992
1.9418 2.43737
2.01254 2.6211
2.04604 2.69477
2.13974 2.87089
2.18074 2.93341
2.30194 3.09077
2.35499 3.1469
2.50071 3.28321
2.55689 3.32548
2.71633 3.43536
2.79573 3.47782
2.94212 3.56543
3.14355 3.63655
3.25545 3.67457
3.44127 3.73839
3.66583 3.78936
3.82676 3.82686
4.16053 3.89191
4.33809 3.92851
4.61729 3.99211
4.73997 4.01444
4.98061 4.05398
5.07895 4.06531
5.29115 4.07811
5.38277 4.08066
5.59581 4.05719
5.69202 4.03765
5.9064 3.96313
6.00374 3.91927
6.20415 3.79939
6.29455 3.73385
6.47106 3.57549
6.54981 3.49167
6.69667 3.303
6.76013 3.2061
6.87257 2.99782
6.9189 2.89319
6.99877 2.6687
7.02931 2.55949
7.07855 2.32939
7.09491 2.22096
7.11829 1.99203
7.12338 1.88923
7.12712 1.66775
7.12457 1.57529
7.11487 1.3664
7.1082 1.2871
7.0895 1.09209
7.0811 1.02526
7.05524 0.842421
7.04591 0.784733
7.01156 0.610529
7.00022 0.558204
6.95352 0.390272
6.9384 0.340485
6.87575 0.177823
6.85496 0.128599
6.77284 -0.0285635
6.74437 -0.0791629
6.63793 -0.233605
6.57597 -0.310402
6.46169 -0.453566
6.29404 -0.594971
6.22947 -0.643421
6.05016 -0.749456
5.96948 -0.785582
5.79259 -0.844268
5.67272 -0.789902
5.58855 -0.779368
5.45827 -0.683509
5.43863 -0.653154
5.38773 -0.514101
5.38209 -0.48248
5.36873 -0.333707
5.36576 -0.306145
5.35917 -0.157431
5.35789 -0.11396
5.35648 0.0839139
5.36016 0.202618
5.37027 0.449154
5.37989 0.608175
5.39838 0.899499
5.39933 1.02337
5.39313 1.25401
5.38185 1.35164
5.33745 1.57655
5.30824 1.6722
5.2327 1.85896
5.1949 1.92668
5.1173 2.09707
5.08288 2.17844
5.0162 2.35616
4.95241 2.49308
4.91922 2.5661
4.83419 2.76542
4.76547 2.9244
4.72348 3.00815
4.66636 3.14873
4.65755 3.17173
4.62222 3.30779
4.61884 3.32917
4.62668 3.46921
4.63441 3.49643
4.72729 3.59368
4.75268 3.59788
4.86021 3.5336
4.8838 3.49892
4.98425 3.3071
5.02 3.2278
5.09291 3.03462
5.12705 2.93813
5.18734 2.65729
5.22694 2.41569
5.25767 2.13735
5.25547 2.01456
5.24684 1.80603
5.21724 1.56836
5.20478 1.51557
5.16089 1.35449
5.14375 1.30387
5.05534 1.11113
5.0142 1.02689
4.91414 0.844306
4.85391 0.743692
4.73854 0.572946
4.67659 0.49268
4.54714 0.359825
4.47195 0.301817
4.27336 0.168727
4.08905 0.0867691
3.99035 0.0319457
3.76925 -0.0333601
3.65214 -0.0553773
3.39059 -0.0806187
3.27655 -0.0810349
3.04646 -0.0661192
2.95442 -0.0484965
2.75079 -0.00878318
2.68359 0.008583
2.50719 0.0711217
2.44959 0.0974598
2.27879 0.194908
2.21315 0.236547
2.03756 0.359968
1.95532 0.418711
1.76876 0.558773
1.67483 0.626641
1.4984 0.787722
1.42033 0.869899
1.27315 1.05176
1.2084 1.14101
1.08407 1.33982
1.01495 1.45826
0.916782 1.65703
0.830384 1.89109
0.801296 1.98642
0.750753 2.20001
0.734885 2.29586
0.717264 2.51765
0.716148 2.61821
0.73175 2.84322
0.745906 2.94535
0.794418 3.1678
0.823849 3.2686
0.904176 3.48336
0.948044 3.58065
1.05964 3.78587
1.13967 3.90523
1.26665 4.09036
1.44171 4.28703
1.52586 4.36636
1.67241 4.46683
1.8158 4.44771
1.89461 4.46104
2.03489 4.40232
2.06315 4.37313
2.14889 4.24195
2.16513 4.21014
2.22812 4.07232
2.24388 4.04239
2.31157 3.90435
2.32865 3.87736
2.40577 3.74336
2.4286 3.70843
2.52577 3.55011
2.5707 3.47839
2.69799 3.27633
2.81816 3.10677
2.88808 3.003
3.02391 2.83734
3.06803 2.79304
3.20842 2.68972
3.26946 2.66013
3.40188 2.60622
3.4511 2.58781
3.63564 2.52865
3.67202 2.51939
3.8099 2.48883
3.94685 2.47137
4.00891 2.46567
4.16305 2.4671
4.25043 2.47363
4.40277 2.49554
4.43965 2.50522
4.65344 2.57059
4.70596 2.5891
4.88042 2.66724
4.91957 2.68589
5.06007 2.7872
5.10985 2.83836
5.25437 3.0134
5.32964 3.17422
5.38152 3.24065
5.42416 3.44166
5.41986 3.57306
5.43471 3.77966
5.40478 4.01243
5.38352 4.11197
5.28621 4.32755
5.19861 4.43371
5.08598 4.60795
4.91083 4.76991
4.81951 4.83482
4.60371 4.92864
4.46879 4.94457
4.26265 4.99292
4.01196 4.99352
3.90559 4.98118
3.68675 4.9035
3.59628 4.84879
3.42633 4.69932
3.36558 4.6211
3.25714 4.43212
3.22642 4.34883
3.17301 4.16207
3.16531 3.99416
3.14936 3.89531
3.14564 3.71483
3.15342 3.67859
3.17283 3.52275
3.17734 3.46828
3.1981 3.27333
3.21244 3.12339
3.23533 2.81686
3.24197 2.70345
3.25569 2.49351
3.269 2.36212
3.29078 2.1402
3.30004 2.06065
3.31775 1.87429
3.34111 1.74589
3.3511 1.68066
3.38036 1.52527
3.38935 1.47588
3.41271 1.3316
3.41925 1.28537
3.43495 1.13705
3.43953 1.07072
3.44075 0.929966
3.43967 0.909914
3.41538 0.769937
3.40658 0.742488
3.33837 0.573827
3.28959 0.466412
3.16378 0.192115
3.12332 0.111425
3.0568 -0.0425847
3.04665 -0.0803858
2.96155 -0.226151
2.93339 -0.269178
2.79456 -0.388408
2.7363 -0.422515
2.5483 -0.467263
2.44939 -0.449774
2.2693 -0.450719
2.07918 -0.371924
2.00915 -0.329934
1.85998 -0.191688
1.81889 -0.132747
1.7305 0.0289631
1.67905 0.130376
1.67095 0.176782
1.64414 0.317133
1.67 0.439273
1.68334 0.525073
1.71681 0.718133
1.7254 0.768657
1.7323 0.914566
1.73663 0.940055
1.74768 1.09054
1.75123 1.12564
1.7635 1.28846
1.76705 1.33742
1.77916 1.51359
1.78278 1.57431
1.79728 1.76177
1.80616 1.85387
1.82536 2.02995
1.87586 2.24248
1.89571 2.3129
1.95495 2.49788
1.98185 2.56732
2.06615 2.75333
2.10313 2.82095
2.21033 2.9878
2.25766 3.04748
2.39305 3.19574
2.45051 3.24696
2.60192 3.36798
2.66111 3.40735
2.83924 3.52187
2.99865 3.5845
3.08318 3.62281
3.31006 3.70376
3.50074 3.75565
3.60391 3.78909
3.88688 3.84167
4.09903 3.88472
4.39608 3.95021
4.5559 3.98397
4.79914 4.03269
4.91874 4.05151
5.13953 4.07815
5.2296 4.08482
5.44466 4.08269
5.53671 4.07566
5.75277 4.02562
5.8522 3.99309
6.06072 3.89503
6.15662 3.83908
6.34579 3.69908
6.43159 3.6232
6.59404 3.44833
6.66595 3.35676
6.79677 3.15618
6.85121 3.05594
6.94737 2.8382
6.98627 2.72935
7.05066 2.50137
7.07419 2.39115
7.11026 2.16097
7.12092 2.05389
7.13431 1.82829
7.13546 1.72911
7.13261 1.51389
7.12791 1.42693
7.11414 1.22546
7.10659 1.1516
7.08498 0.963459
7.07615 0.900705
7.04686 0.722819
7.03664 0.667144
6.99684 0.496375
6.98351 0.444446
6.92923 0.279247
6.91098 0.228745
6.83867 0.0688587
6.81345 0.0181789
6.71984 -0.136018
6.68429 -0.192551
6.55162 -0.367334
6.41986 -0.491839
6.34714 -0.563121
6.18258 -0.683856
6.10825 -0.728003
5.91749 -0.819214
5.84783 -0.816308
5.71454 -0.835565
5.54256 -0.752249
5.50229 -0.727052
5.41878 -0.606555
5.40793 -0.572636
5.38152 -0.425881
5.37789 -0.394947
5.37048 -0.245849
5.36751 -0.218789
5.36219 -0.0521879
5.36417 0.0224723
5.36782 0.264064
5.37467 0.387389
5.38871 0.669466
5.39801 0.837579
5.40574 1.08496
5.40114 1.19261
5.37708 1.41338
5.35606 1.51749
5.29355 1.73235
5.26032 1.80354
5.17513 1.98536
5.14704 2.04275
5.06726 2.23835
5.04152 2.29965
4.98531 2.44062
4.89877 2.62454
4.86408 2.71346
4.79412 2.8695
4.70897 3.06772
4.6937 3.09317
4.64539 3.23245
4.6401 3.25146
4.62162 3.39103
4.62216 3.41771
4.66918 3.54766
4.68879 3.57109
4.80749 3.59338
4.82845 3.57995
4.91975 3.4485
4.96277 3.36517
5.05016 3.17372
5.08044 3.09527
5.14423 2.87864
5.18645 2.71921
5.24452 2.35631
5.25544 2.19924
5.2653 1.95343
5.24563 1.74412
5.22809 1.62932
5.19565 1.45433
5.18479 1.41162
5.12218 1.24582
5.08624 1.1648
4.98909 0.970286
4.94959 0.895076
4.82427 0.689325
4.77846 0.620284
4.63898 0.443484
4.59622 0.39757
4.42376 0.262931
4.31719 0.205348
4.15007 0.0972829
3.93265 0.00947931
3.83041 -0.0236209
3.59136 -0.0672385
3.45251 -0.0807532
3.21486 -0.086281
3.10736 -0.0773039
2.89257 -0.0456781
2.8094 -0.0287678
2.62266 0.0196296
2.56125 0.0409305
2.3919 0.119942
2.32717 0.156264
2.15849 0.265637
2.08278 0.317665
1.90207 0.450328
1.81264 0.515076
1.62388 0.661841
1.53669 0.739054
1.37453 0.911564
1.3034 0.997734
1.16821 1.18811
1.10606 1.28194
0.97794 1.5079
0.88904 1.70807
0.844211 1.83074
0.777374 2.04353
0.754479 2.13821
0.720445 2.35608
0.711772 2.45597
0.710853 2.6799
0.717477 2.78297
0.74962 3.00716
0.771725 3.11019
0.836296 3.32926
0.873499 3.42957
0.969071 3.63889
1.02156 3.73705
1.16137 3.96322
1.30405 4.13971
1.39515 4.2462
1.56151 4.41699
1.63296 4.4191
1.76055 4.47567
1.93523 4.45192
1.98246 4.43526
2.0948 4.3267
2.11493 4.29373
2.18289 4.15971
2.1991 4.12701
2.26364 3.98768
2.28067 3.95801
2.35324 3.82203
2.37161 3.795
2.45744 3.65363
2.49049 3.601
2.60131 3.42457
2.66555 3.32907
2.77821 3.15408
2.92588 2.95396
2.98231 2.8832
3.11553 2.75332
3.15633 2.72321
3.32409 2.63367
3.34473 2.63007
3.51017 2.56924
3.57667 2.54755
3.73242 2.50578
3.80844 2.49465
3.88667 2.47766
4.07083 2.46529
4.1013 2.46561
4.31188 2.48126
4.34182 2.48461
4.49919 2.52224
4.59457 2.5514
4.76307 2.61302
4.82468 2.64028
4.97153 2.71957
5.01294 2.74703
5.15272 2.88304
5.20973 2.97842
5.32266 3.1127
5.39979 3.29982
5.41631 3.38024
5.43905 3.63194
5.41838 3.83939
5.4205 3.95254
5.36513 4.1711
5.31577 4.27314
5.1829 4.49361
5.03525 4.64346
4.96197 4.73499
4.76641 4.86668
4.66226 4.90849
4.41707 4.97861
4.2011 4.98614
4.07339 5.00133
3.84507 4.96807
3.74209 4.93128
3.54486 4.8143
3.46809 4.74503
3.32857 4.57145
3.28312 4.48833
3.20165 4.29207
3.19905 4.21825
3.161 4.05594
3.14564 3.83541
3.14371 3.77672
3.1571 3.61677
3.16411 3.58406
3.18327 3.40665
3.18936 3.33464
3.21611 3.06157
3.22989 2.87854
3.24243 2.64153
3.24568 2.55462
3.26994 2.3002
3.28148 2.20142
3.30123 1.99874
3.30959 1.93567
3.32533 1.78997
3.35793 1.61911
3.36439 1.5851
3.39495 1.41421
3.39833 1.39183
3.4228 1.22355
3.42482 1.19749
3.43781 1.00883
3.43902 0.989893
3.42981 0.848783
3.42572 0.825184
3.38514 0.684399
3.36131 0.626836
3.26448 0.409813
3.19024 0.248098
3.10263 0.0530635
3.08754 0.0111632
3.02098 -0.136735
3.00154 -0.17888
2.89245 -0.315636
2.84877 -0.358496
2.67964 -0.44749
2.61003 -0.462498
2.3914 -0.471484
2.2294 -0.418955
2.12994 -0.407388
1.95579 -0.298511
1.89592 -0.242114
1.77519 -0.0888773
1.74728 -0.0306409
1.68872 0.0699264
1.63334 0.224253
1.64407 0.279052
1.63705 0.390075
1.6814 0.58626
1.70093 0.659011
1.71309 0.828624
1.718 0.855041
1.72785 1.00064
1.73194 1.03138
1.74473 1.18651
1.74861 1.22908
1.7616 1.3984
1.76539 1.45394
1.77862 1.63539
1.78237 1.7024
1.79986 1.91476
1.83426 2.08743
1.85505 2.18491
1.90494 2.37341
1.92776 2.44303
1.99885 2.62613
2.03349 2.70156
2.12767 2.87703
2.17024 2.94153
2.29153 3.09848
2.3462 3.15634
2.49143 3.29249
2.54982 3.33585
2.7085 3.44609
2.78825 3.48801
2.93788 3.57708
3.13809 3.64988
3.25053 3.68949
3.43961 3.75236
3.66343 3.8034
3.82566 3.84125
4.15647 3.90588
4.33533 3.94269
4.61307 4.00586
4.73805 4.0287
4.97764 4.06817
5.07833 4.0798
5.29035 4.09235
5.38457 4.09437
5.5977 4.0704
5.6966 4.04998
5.91067 3.97493
6.0103 3.92976
6.21031 3.80967
6.30268 3.74254
6.47886 3.5843
6.55927 3.49871
6.70594 3.31041
6.77076 3.2116
6.88327 3.00378
6.93072 2.89711
7.0109 2.6733
7.04237 2.56202
7.09228 2.33267
7.10945 2.22218
7.13392 1.99407
7.13975 1.88926
7.14499 1.66863
7.14311 1.5742
7.13509 1.36613
7.12894 1.28486
7.1118 1.09061
7.10365 1.02176
7.0789 0.83955
7.06941 0.779734
7.03569 0.605933
7.02394 0.551265
6.97746 0.383528
6.96146 0.331292
6.8984 0.168834
6.87622 0.117208
6.79328 -0.0396197
6.76299 -0.0925858
6.65467 -0.246129
6.59036 -0.326364
6.47489 -0.46501
6.30513 -0.607643
6.23784 -0.657509
6.05866 -0.763894
5.97593 -0.800973
5.80877 -0.851886
5.66884 -0.794841
5.59351 -0.786185
5.46925 -0.692501
5.44914 -0.659716
5.40023 -0.52001
5.3942 -0.48577
5.38131 -0.337011
5.37819 -0.306578
5.37177 -0.15772
5.37041 -0.112851
5.36867 0.083524
5.3721 0.202997
5.38152 0.448222
5.39077 0.608283
5.40843 0.897904
5.40907 1.02383
5.40246 1.25381
5.39079 1.35371
5.3466 1.57797
5.31692 1.67577
5.24215 1.862
5.20414 1.93145
5.12782 2.10088
5.0934 2.183
5.02768 2.35928
4.96478 2.49553
4.93013 2.57196
4.84475 2.77155
4.77751 2.92843
4.73514 3.01238
4.67806 3.15236
4.66912 3.17602
4.6338 3.31236
4.63019 3.33669
4.6389 3.47659
4.64787 3.50615
4.74107 3.60194
4.76909 3.6062
4.87585 3.5412
4.89935 3.50622
4.99646 3.31406
5.03234 3.23229
5.10424 3.03887
5.14001 2.93971
5.19864 2.65922
5.23733 2.41711
5.26738 2.13919
5.2647 2.01113
5.25577 1.80449
5.22615 1.56814
5.21309 1.51301
5.16917 1.35242
5.15122 1.29971
5.06304 1.10814
5.021 1.02253
4.9209 0.840998
4.85961 0.739313
4.74418 0.569563
4.6809 0.4881
4.55165 0.355607
4.47497 0.296481
4.2745 0.16147
4.09146 0.0796192
3.99181 0.0252011
3.77161 -0.040683
3.65248 -0.0638423
3.39214 -0.0908857
3.27577 -0.092377
3.04617 -0.0791014
2.95153 -0.0621377
2.74846 -0.0229301
2.67875 -0.00490475
2.50231 0.057475
2.44209 0.0848955
2.27159 0.181913
2.20406 0.224765
2.02958 0.347945
1.94616 0.407856
1.76079 0.547622
1.66532 0.616782
1.48865 0.777003
1.40851 0.860643
1.26084 1.04174
1.19443 1.1328
1.07 1.33141
1.00024 1.45089
0.902069 1.64825
0.815466 1.88479
0.785859 1.9829
0.735604 2.19644
0.719437 2.29487
0.70203 2.51641
0.700975 2.61949
0.716696 2.84418
0.731254 2.94876
0.779741 3.17088
0.809835 3.27405
0.889971 3.48853
0.934961 3.58806
1.04758 3.79246
1.12606 3.91322
1.25611 4.10164
1.42918 4.29709
1.51425 4.37807
1.66158 4.47053
1.78983 4.45714
1.87701 4.47085
2.0254 4.40215
2.05345 4.37184
2.13499 4.24829
2.15302 4.21314
2.2174 4.07369
2.23434 4.04143
2.30249 3.9037
2.32101 3.87408
2.39882 3.74017
2.42269 3.70403
2.52026 3.5475
2.56651 3.47493
2.6945 3.27514
2.81516 3.10778
2.88766 3.00178
3.02387 2.83825
3.0693 2.79345
3.20951 2.69287
3.27066 2.66355
3.40243 2.60961
3.45289 2.59083
3.63595 2.53227
3.67359 2.52269
3.81101 2.49204
3.9478 2.47429
4.00969 2.46842
4.16241 2.46931
4.25093 2.47563
4.40176 2.49702
4.44042 2.50698
4.65247 2.5713
4.70625 2.59024
4.87954 2.66744
4.91989 2.6867
5.05946 2.78683
5.10943 2.83976
5.25872 3.01513
5.33449 3.17276
5.38458 3.24052
5.42744 3.44044
5.42472 3.57242
5.43965 3.78199
5.40948 4.01276
5.38729 4.11403
5.2905 4.3289
5.20577 4.43682
5.08971 4.61549
4.91468 4.77387
4.8212 4.83936
4.60607 4.93279
4.47231 4.95224
4.26034 5.00157
4.01222 4.9988
3.90393 4.98491
3.68577 4.90728
3.59349 4.85148
3.42407 4.70249
3.36201 4.62273
3.25321 4.43492
3.22146 4.35
3.17104 4.16382
3.16514 4.00109
3.14741 3.8966
3.1456 3.71553
3.15332 3.67787
3.17138 3.52327
3.17595 3.46742
3.19502 3.27368
3.20827 3.12229
3.22838 2.81735
3.23477 2.70227
3.24825 2.49346
3.26138 2.36082
3.28263 2.14021
3.29191 2.05924
3.30964 1.87445
3.33131 1.75118
3.34263 1.67839
3.37179 1.52433
3.38101 1.47382
3.40445 1.33092
3.4113 1.28368
3.4276 1.13633
3.4325 1.06981
3.43438 0.928851
3.43318 0.906011
3.41051 0.765888
3.40113 0.735208
3.3374 0.570479
3.29122 0.464881
3.16943 0.190528
3.12936 0.108139
3.06417 -0.0454162
3.0529 -0.0844971
2.96897 -0.230709
2.93912 -0.276021
2.79974 -0.395147
2.73843 -0.430411
2.55007 -0.474821
2.45186 -0.461896
2.27112 -0.463757
2.07395 -0.382629
1.9999 -0.340963
1.84737 -0.204818
1.80202 -0.1439
1.70705 0.0155031
1.64961 0.116107
1.63861 0.163969
1.61568 0.297503
1.6446 0.450116
1.66149 0.529117
1.69172 0.718819
1.70056 0.769421
1.70759 0.914652
1.71227 0.942164
1.72479 1.09147
1.72901 1.12807
1.74307 1.28934
1.74729 1.3396
1.76071 1.51427
1.76475 1.57648
1.78041 1.76288
1.78923 1.85853
1.80998 2.032
1.86035 2.24519
1.88108 2.3178
1.94071 2.50214
1.96866 2.57368
2.0533 2.75874
2.0917 2.82837
2.1992 2.99467
2.24818 3.05625
2.38326 3.20417
2.44245 3.25695
2.59368 3.37754
2.65473 3.41833
2.83139 3.53044
2.9877 3.59487
3.07913 3.63622
3.30445 3.71694
3.49399 3.76971
3.60292 3.80342
3.8844 3.85582
4.09636 3.89893
4.39195 3.96403
4.55307 3.99799
4.79583 4.04669
4.91717 4.06586
5.13753 4.09237
5.23022 4.09919
5.44505 4.09642
5.54003 4.08872
5.75594 4.03811
5.85783 4.00443
6.06596 3.90601
6.16397 3.84859
6.35275 3.70856
6.44036 3.63099
6.60253 3.4564
6.67596 3.36297
6.80666 3.16288
6.86237 3.06058
6.95871 2.84346
6.99863 2.73256
7.0635 2.50531
7.08789 2.39302
7.12484 2.16366
7.13628 2.05454
7.15097 1.82979
7.15284 1.72863
7.15158 1.51428
7.1475 1.42536
7.13534 1.22469
7.12821 1.14885
7.10792 0.961397
7.09918 0.896564
7.07065 0.719233
7.06009 0.661311
7.02069 0.490838
7.00673 0.43649
6.95233 0.271471
6.93294 0.218526
6.85999 0.0589115
6.83326 0.00580011
6.73841 -0.147886
6.70074 -0.206884
6.56612 -0.381811
6.43181 -0.507513
6.35696 -0.576408
6.19212 -0.697161
6.11539 -0.742828
5.92571 -0.834734
5.85155 -0.81448
5.71643 -0.832212
5.54923 -0.76228
5.51153 -0.735801
5.43072 -0.613784
5.41942 -0.577402
5.39401 -0.430542
5.39018 -0.396872
5.38298 -0.247697
5.3799 -0.217685
5.37462 -0.0524837
5.37648 0.023516
5.37951 0.263056
5.38613 0.387884
5.39934 0.668187
5.40824 0.837391
5.41536 1.08402
5.41042 1.19382
5.38623 1.41406
5.36478 1.52026
5.30279 1.73461
5.26908 1.80781
5.1851 1.98889
5.1568 2.04776
5.07847 2.24164
5.05207 2.30537
4.99717 2.44442
4.9103 2.62914
4.8752 2.71925
4.80541 2.87472
4.72128 3.0698
4.70491 3.09813
4.65724 3.23535
4.6513 3.25741
4.63328 3.39712
4.63426 3.42657
4.68224 3.55595
4.70393 3.58074
4.82202 3.60137
4.84524 3.5866
4.93378 3.45646
4.97639 3.37115
5.06163 3.17933
5.09266 3.09827
5.1564 2.88146
5.19857 2.71973
5.25487 2.35919
5.26527 2.19967
5.27513 1.95153
5.25442 1.744
5.23683 1.6277
5.20416 1.45316
5.1926 1.40822
5.1301 1.243
5.09338 1.16051
4.99636 0.967259
4.95576 0.890464
4.83055 0.686235
4.78338 0.615666
4.64417 0.440012
4.59964 0.392468
4.42788 0.258475
4.32138 0.199729
4.15108 0.0899474
3.93555 0.00291413
3.83136 -0.0310468
3.59319 -0.0759091
3.45265 -0.0906498
3.21552 -0.0980212
3.10562 -0.0903912
2.89106 -0.0596671
2.80574 -0.0424462
2.61919 0.00578282
2.55514 0.0279634
2.38566 0.106738
2.31884 0.144106
2.15065 0.253203
2.07355 0.306371
1.89412 0.438741
1.80339 0.504643
1.61529 0.650815
1.52612 0.729483
1.36355 0.901153
1.29051 0.988999
1.15509 1.17878
1.09148 1.27484
0.963698 1.49913
0.874785 1.70227
0.828979 1.8258
0.762459 2.03871
0.739113 2.13603
0.70533 2.35371
0.696542 2.45615
0.695787 2.67978
0.702644 2.78532
0.734838 3.00917
0.757484 3.11461
0.821922 3.33335
0.859964 3.43598
0.955845 3.64485
1.00957 3.74537
1.14887 3.96927
1.28967 4.14775
1.38367 4.25722
1.54981 4.42438
1.61256 4.43504
1.73905 4.49007
1.92253 4.45261
1.97445 4.43481
2.07902 4.33499
2.10158 4.29875
2.17155 4.1619
2.18892 4.12709
2.25374 3.98834
2.27212 3.95604
2.3453 3.82016
2.36526 3.79052
2.45123 3.65067
2.48545 3.59701
2.59686 3.42258
2.66245 3.32646
2.77553 3.15351
2.9251 2.95424
2.98287 2.88276
3.11624 2.75526
3.15848 2.7254
3.32471 2.6382
3.34664 2.63306
3.51063 2.57272
3.57832 2.55071
3.7326 2.50931
3.80988 2.49759
3.88903 2.48057
4.0702 2.46783
4.10452 2.46815
4.31025 2.48293
4.34218 2.48643
4.49864 2.52347
4.59489 2.55266
4.76212 2.61348
4.825 2.64122
4.97071 2.71954
5.01308 2.74796
5.15179 2.88297
5.21169 2.97705
5.32733 3.11267
5.40285 3.29821
5.42018 3.38036
5.44267 3.63021
5.4231 3.83369
5.42493 3.95425
5.3693 4.17181
5.32012 4.27613
5.18815 4.49472
5.0404 4.64294
4.96522 4.74058
4.76934 4.87056
4.66357 4.91394
4.42026 4.98309
4.20611 4.98906
4.07212 5.00742
3.84477 4.97219
3.73984 4.93446
3.54323 4.81778
3.46489 4.74716
3.32553 4.57445
3.27879 4.48976
3.19833 4.29408
3.1939 4.21984
3.1588 4.06127
3.14605 3.84179
3.14332 3.776
3.15665 3.61745
3.16336 3.58325
3.18124 3.40714
3.18675 3.33363
3.21127 3.06185
3.22359 2.87767
3.23412 2.64176
3.23831 2.55315
3.26208 2.30031
3.27359 2.20005
3.29301 1.99874
3.30095 1.93434
3.31782 1.78459
3.34908 1.61822
3.35599 1.58274
3.38647 1.41355
3.39009 1.3897
3.41494 1.22327
3.41742 1.19424
3.431 1.00932
3.43223 0.98736
3.42404 0.846191
3.41971 0.819761
3.38099 0.678145
3.35715 0.618318
3.26731 0.409291
3.19458 0.245569
3.1094 0.0510112
3.09354 0.00749289
3.02807 -0.139684
3.00766 -0.18418
2.899 -0.321321
2.85274 -0.365941
2.68295 -0.454578
2.61048 -0.471305
2.39486 -0.482225
2.22234 -0.427947
2.12414 -0.416444
1.94739 -0.31089
1.88351 -0.253356
1.75782 -0.102576
1.72555 -0.0421149
1.6615 0.0574892
1.6047 0.203112
1.6179 0.299617
1.6209 0.395203
1.65805 0.588828
1.67678 0.660904
1.68846 0.827995
1.69343 0.856542
1.70407 1.00141
1.70873 1.03386
1.72317 1.1876
1.72775 1.23153
1.74231 1.3992
1.74661 1.45615
1.76099 1.63618
1.765 1.70509
1.78319 1.91803
1.81785 2.09129
1.84015 2.1889
1.89016 2.37692
1.91394 2.44866
1.98539 2.6311
2.02116 2.70829
2.11577 2.88312
2.1599 2.94958
2.2812 3.10613
2.33747 3.16569
2.48241 3.30145
2.54257 3.34648
2.70121 3.45597
2.78116 3.50084
2.92825 3.58833
3.13264 3.66295
3.24678 3.70398
3.43426 3.76657
3.66105 3.8175
3.82459 3.8556
4.15247 3.91964
4.33259 3.95675
4.60888 4.01951
4.73614 4.04284
4.9747 4.08223
5.07774 4.09413
5.28959 4.10641
5.38635 4.10791
5.5996 4.08342
5.70117 4.06214
5.91493 3.98661
6.01683 3.94012
6.21642 3.81984
6.31073 3.75113
6.48658 3.59302
6.56862 3.50567
6.7151 3.31775
6.78127 3.21703
6.89383 3.0097
6.9424 2.90101
7.02291 2.6779
7.05531 2.56456
7.1059 2.33599
7.12388 2.22346
7.14945 1.9962
7.15604 1.88939
7.16272 1.66965
7.16153 1.57326
7.15512 1.36604
7.14949 1.2828
7.13383 1.08931
7.12595 1.01842
7.10223 0.836831
7.09264 0.774853
7.05938 0.601505
7.04711 0.544499
7.00076 0.376979
6.98387 0.322294
6.9204 0.160044
6.89694 0.105939
6.81317 -0.0505338
6.78096 -0.105851
6.67137 -0.258988
6.60307 -0.342805
6.48509 -0.480332
6.3162 -0.620182
6.24615 -0.671493
6.06724 -0.778311
5.98211 -0.814843
5.81538 -0.852351
5.68247 -0.804015
5.60014 -0.793669
5.48022 -0.701353
5.4596 -0.666163
5.4125 -0.525952
5.40615 -0.489107
5.39372 -0.34031
5.39049 -0.307034
5.38426 -0.158034
5.38285 -0.111725
5.38082 0.0831691
5.384 0.203415
5.39273 0.447328
5.40162 0.608421
5.41845 0.896324
5.41877 1.02431
5.41176 1.25362
5.39971 1.35578
5.35573 1.57938
5.32557 1.67931
5.25153 1.86499
5.21336 1.93618
5.13837 2.10466
5.10395 2.18753
5.03956 2.36321
4.97591 2.50032
4.94058 2.57756
4.85558 2.77575
4.78952 2.93239
4.74701 3.0158
4.68974 3.15598
4.68066 3.18032
4.64534 3.31692
4.64152 3.34419
4.65105 3.48398
4.66128 3.51584
4.75421 3.60987
4.78542 3.61441
4.89147 3.54865
4.91499 3.51324
5.00889 3.32094
5.04492 3.23676
5.11592 3.04316
5.1533 2.94119
5.21027 2.66108
5.24809 2.41862
5.27692 2.141
5.27355 2.01132
5.265 1.80286
5.23485 1.56792
5.22131 1.51046
5.17733 1.35039
5.15858 1.29559
5.07064 1.10519
5.02771 1.0182
4.92759 0.837698
4.86525 0.734946
4.7498 0.566169
4.68524 0.483491
4.55608 0.351489
4.47805 0.291035
4.27898 0.15755
4.09769 0.0756396
3.99341 0.0180893
3.77402 -0.0480707
3.65289 -0.0723553
3.39376 -0.101101
3.27506 -0.103673
3.04583 -0.0918864
2.94871 -0.0755997
2.74619 -0.0368916
2.67397 -0.0182229
2.49753 0.0440147
2.43471 0.0725183
2.2645 0.169103
2.19507 0.213156
2.02157 0.33596
1.9369 0.396938
1.7526 0.536229
1.65579 0.606809
1.47897 0.766292
1.39684 0.851461
1.24879 1.03185
1.18073 1.12475
1.05604 1.32302
0.984884 1.44736
0.887308 1.64378
0.801095 1.87871
0.770618 1.97946
0.72067 2.19292
0.704214 2.29392
0.687015 2.51519
0.686022 2.62077
0.701851 2.84513
0.716801 2.95215
0.765245 3.17391
0.796013 3.27944
0.876154 3.49356
0.922323 3.59532
1.03506 3.79948
1.11216 3.92205
1.24339 4.10987
1.41715 4.30677
1.50247 4.38783
1.64402 4.48307
1.78256 4.46283
1.86638 4.47322
2.00672 4.41181
2.03871 4.37918
2.12309 4.25104
2.14227 4.21406
2.20669 4.07568
2.22494 4.04076
2.29366 3.90314
2.31365 3.87091
2.39209 3.73707
2.41701 3.69972
2.51492 3.54496
2.562 3.47118
2.69091 3.27386
2.81321 3.10706
2.8874 3.00067
3.02399 2.83933
3.07074 2.79408
3.21072 2.69627
3.27227 2.66696
3.40301 2.61306
3.45468 2.59386
3.63624 2.5358
3.67514 2.52589
3.81213 2.49518
3.94874 2.47712
4.01048 2.47106
4.16424 2.47159
4.25069 2.47754
4.40078 2.49843
4.443 2.5092
4.65148 2.57203
4.70656 2.59135
4.87867 2.66762
4.92022 2.68748
5.05855 2.78682
5.10957 2.8406
5.25909 3.01352
5.33483 3.16948
5.38865 3.24011
5.43109 3.43917
5.4306 3.57163
5.44593 3.77841
5.41364 4.01298
5.39117 4.11614
5.29539 4.33059
5.20992 4.43901
5.09477 4.61802
4.91821 4.77757
4.82316 4.84445
4.60865 4.93761
4.47414 4.95714
4.26319 5.0069
4.01246 5.0031
3.9021 4.98923
3.68481 4.91102
3.59074 4.85411
3.42176 4.70573
3.35827 4.6245
3.2498 4.43744
3.21738 4.35077
3.1681 4.1696
3.16261 4.0045
3.14711 3.90159
3.14545 3.72146
3.1527 3.67713
3.16973 3.52378
3.17436 3.46655
3.1918 3.27403
3.20394 3.12121
3.22128 2.8179
3.22739 2.70119
3.2407 2.49339
3.25374 2.35954
3.27454 2.14024
3.28386 2.05784
3.30163 1.87453
3.32138 1.75712
3.33405 1.67611
3.36319 1.52337
3.37266 1.47174
3.3962 1.33021
3.40334 1.28195
3.42031 1.13449
3.4254 1.06887
3.42801 0.927699
3.42671 0.90193
3.40544 0.761678
3.3954 0.727466
3.33457 0.562934
3.2922 0.461874
3.1746 0.189192
3.13499 0.10507
3.07109 -0.0479431
3.05859 -0.0882433
2.97589 -0.234855
2.94442 -0.282409
2.80465 -0.401509
2.74043 -0.438044
2.55204 -0.484025
2.43973 -0.467441
2.26703 -0.467695
2.06886 -0.393601
1.9914 -0.351391
1.8352 -0.218096
1.78557 -0.155557
1.68405 0.000959523
1.61999 0.0995724
1.61421 0.144775
1.59068 0.279758
1.62179 0.454303
1.63981 0.532609
1.66649 0.719109
1.67609 0.770199
1.68346 0.914802
1.68844 0.944406
1.70219 1.0926
1.70708 1.13072
1.72276 1.29043
1.72762 1.34195
1.74232 1.5151
1.74683 1.57879
1.76331 1.76417
1.77255 1.86295
1.79448 2.037
1.84512 2.24779
1.86676 2.32264
1.92667 2.50638
1.95571 2.57999
2.04064 2.7641
2.08046 2.83573
2.18819 3.00148
2.23879 3.06495
2.37364 3.21244
2.43457 3.26675
2.58568 3.38692
2.64842 3.42939
2.82305 3.54254
2.98355 3.6092
3.07504 3.64969
3.29924 3.73121
3.4909 3.78349
3.60194 3.81742
3.88194 3.86989
4.09374 3.91297
4.38785 3.97771
4.55026 4.0119
4.79253 4.06057
4.91564 4.08007
5.13556 4.10642
5.2309 4.11335
5.44542 4.11002
5.54335 4.10157
5.75911 4.05045
5.86344 4.01564
6.07117 3.91687
6.17127 3.85799
6.35965 3.71794
6.44905 3.63869
6.61092 3.46439
6.68585 3.36911
6.81642 3.16952
6.87342 3.06517
6.96992 2.8487
7.01086 2.73576
7.07622 2.50928
7.10149 2.39493
7.13932 2.16641
7.15156 2.05527
7.16752 1.83141
7.17013 1.72829
7.1704 1.51482
7.16693 1.42395
7.15633 1.22409
7.1496 1.14627
7.13057 0.959499
7.12192 0.892561
7.09411 0.715764
7.08323 0.655585
7.04403 0.485473
7.02937 0.428697
6.97481 0.263885
6.95434 0.208434
6.88085 0.049067
6.85252 -0.00643335
6.75659 -0.1597
6.71683 -0.221209
6.579 -0.396787
6.44555 -0.520135
6.36718 -0.590273
6.20166 -0.710416
6.12253 -0.757431
5.93077 -0.84413
5.86316 -0.830907
5.72773 -0.842026
5.56553 -0.773268
5.52093 -0.744203
5.44253 -0.621098
5.43075 -0.58217
5.40629 -0.435225
5.40228 -0.398793
5.39535 -0.249583
5.39217 -0.216609
5.38696 -0.0527621
5.38872 0.0245939
5.39116 0.262085
5.39755 0.388418
5.40995 0.666938
5.41845 0.837218
5.42496 1.08309
5.41967 1.19504
5.39536 1.41473
5.37349 1.523
5.31201 1.73684
5.27775 1.81201
5.19511 1.9924
5.16656 2.0527
5.0899 2.24494
5.06161 2.31274
5.00765 2.45046
4.92143 2.63348
4.88633 2.72527
4.8163 2.8797
4.73326 3.07251
4.71601 3.10303
4.66906 3.23827
4.66246 3.26335
4.64488 3.4032
4.64632 3.4354
4.6951 3.56431
4.71896 3.59039
4.8365 3.60922
4.86195 3.59314
4.94799 3.4642
4.99018 3.37701
5.07338 3.18496
5.10516 3.10128
5.16886 2.88417
5.21104 2.72018
5.26507 2.362
5.27508 2.20008
5.28395 1.95313
5.26266 1.7479
5.24548 1.62607
5.21259 1.452
5.20032 1.40484
5.13789 1.24023
5.10041 1.15625
5.00355 0.964251
4.96184 0.88587
4.83679 0.683146
4.78827 0.611043
4.64931 0.436554
4.60306 0.38735
4.43201 0.253973
4.32546 0.194058
4.1561 0.0846708
3.93839 -0.00352954
3.83237 -0.0386601
3.59506 -0.0845951
3.45286 -0.100542
3.21626 -0.109647
3.10382 -0.103336
2.88965 -0.0734021
2.80214 -0.0559486
2.61577 -0.00789477
2.54912 0.0151756
2.37954 0.0937274
2.31062 0.132137
2.14288 0.240894
2.06432 0.295145
1.88603 0.427039
1.79413 0.494177
1.60684 0.639939
1.51558 0.719884
1.35275 0.890831
1.27785 0.980381
1.1422 1.16956
1.07707 1.26778
0.948608 1.49402
0.860219 1.69632
0.814199 1.82108
0.747788 2.03398
0.723953 2.13391
0.690429 2.35139
0.681529 2.45634
0.680931 2.67966
0.688019 2.78766
0.720247 3.01115
0.743426 3.11898
0.807803 3.33736
0.846764 3.44228
0.942734 3.65079
0.997459 3.75387
1.13544 3.97638
1.27685 4.15771
1.37287 4.26762
1.53178 4.43347
1.60506 4.43872
1.73105 4.4918
1.90306 4.46293
1.95687 4.44358
2.06675 4.33808
2.09046 4.30032
2.15999 4.16521
2.17869 4.12774
2.24409 3.98905
2.26383 3.95417
2.33759 3.8184
2.35915 3.78614
2.44522 3.64778
2.48055 3.59304
2.59224 3.42039
2.66022 3.32211
2.77418 3.15145
2.92437 2.95455
2.98362 2.8825
3.11711 2.75742
3.16078 2.72789
3.32521 2.64292
3.34859 2.63613
3.51108 2.57619
3.57995 2.55382
3.73277 2.51276
3.81128 2.50046
3.89142 2.48338
4.06958 2.47036
4.10514 2.4705
4.30922 2.48452
4.34255 2.48826
4.4999 2.52518
4.59522 2.5539
4.76118 2.61394
4.82535 2.64211
4.96983 2.71962
5.0132 2.74891
5.15119 2.88258
5.21278 2.97679
5.32968 3.1106
5.40598 3.29662
5.42508 3.38037
5.44844 3.62798
5.4289 3.83501
5.42881 3.95586
5.37364 4.17259
5.32397 4.27885
5.19328 4.49572
5.04325 4.64681
4.96751 4.74496
4.77248 4.87488
4.6648 4.91915
4.4236 4.98779
4.20555 4.99385
4.07095 5.01162
3.84439 4.97645
3.73753 4.93775
3.54162 4.82124
3.46167 4.74933
3.3226 4.57737
3.27481 4.491
3.194 4.29649
3.19165 4.22137
3.15717 4.06335
3.14499 3.84778
3.14334 3.78053
3.15608 3.61812
3.16222 3.58241
3.17901 3.40763
3.18393 3.33261
3.20628 3.06215
3.21712 2.87686
3.22565 2.64211
3.23083 2.55167
3.25421 2.30043
3.26574 2.19869
3.28488 1.99874
3.2925 1.93293
3.31028 1.77908
3.3401 1.61731
3.34754 1.58037
3.37799 1.41288
3.38187 1.38755
3.40709 1.22296
3.40995 1.19174
3.42419 1.00977
3.42543 0.984748
3.4182 0.843438
3.41363 0.814119
3.37645 0.671481
3.3543 0.613068
3.26937 0.407353
3.19858 0.243217
3.11572 0.0491916
3.09918 0.00405795
3.0346 -0.14226
3.01331 -0.189102
2.90515 -0.326584
2.85642 -0.372978
2.68636 -0.461924
2.61079 -0.477503
2.38632 -0.492741
2.21402 -0.441541
2.11892 -0.425038
1.93954 -0.323021
1.87161 -0.264658
1.74089 -0.116862
1.70413 -0.0546332
1.6345 0.042999
1.58024 0.185034
1.5972 0.306873
1.60224 0.399269
1.63469 0.590788
1.65251 0.662407
1.6642 0.827379
1.66937 0.858124
1.68073 1.0023
1.68593 1.03651
1.70181 1.18889
1.70708 1.23417
1.72309 1.40018
1.72793 1.4585
1.74333 1.63709
1.74762 1.70792
1.76699 1.92109
1.8014 2.0916
1.82504 2.19295
1.87565 2.38036
1.90035 2.45424
1.97214 2.63603
2.00905 2.71497
2.10403 2.88916
2.14968 2.95757
2.27098 3.11368
2.32889 3.17492
2.47358 3.31021
2.53556 3.35694
2.69328 3.46678
2.78161 3.51598
2.92567 3.60142
3.12709 3.67617
3.24725 3.71812
3.43256 3.78066
3.65868 3.83128
3.82354 3.8697
4.1485 3.93328
4.32988 3.97066
4.60471 4.03303
4.73424 4.05685
4.97179 4.09614
5.07718 4.10831
5.28888 4.12031
5.38813 4.12135
5.60151 4.09629
5.70573 4.07414
5.91916 3.99816
6.02332 3.95035
6.22248 3.8299
6.31872 3.75961
6.4942 3.60164
6.57786 3.51254
6.72414 3.32501
6.79165 3.22241
6.90426 3.01558
6.95397 2.90488
7.03479 2.68249
7.06814 2.56712
7.11942 2.33935
7.13823 2.2248
7.16488 1.9984
7.17224 1.88962
7.18033 1.67078
7.17983 1.57246
7.17496 1.3661
7.16986 1.2809
7.15561 1.08818
7.14799 1.01524
7.12524 0.834253
7.11556 0.770085
7.0827 0.597185
7.06992 0.537824
7.02353 0.370586
7.00577 0.313407
6.94196 0.151358
6.91717 0.0948003
6.83259 -0.0613279
6.79849 -0.119014
6.68749 -0.271707
6.6196 -0.354811
6.49808 -0.494608
6.32734 -0.63298
6.25454 -0.685623
6.07449 -0.790631
5.98675 -0.827466
5.82343 -0.862649
5.70055 -0.819516
5.61488 -0.804505
5.49224 -0.710264
5.47007 -0.6726
5.42457 -0.532005
5.41792 -0.49246
5.40597 -0.343691
5.40265 -0.307528
5.39665 -0.158378
5.39519 -0.110583
5.3929 0.0828475
5.39584 0.203871
5.40391 0.446473
5.41243 0.608588
5.42845 0.894758
5.42844 1.02479
5.42104 1.25343
5.4086 1.35785
5.36482 1.58076
5.33416 1.6828
5.26103 1.86797
5.22254 1.94084
5.14895 2.10839
5.11464 2.19204
5.05129 2.36532
4.98683 2.50503
4.95095 2.58309
4.86598 2.78002
4.80153 2.9362
4.75842 3.0198
4.70135 3.15956
4.69213 3.18462
4.65683 3.32149
4.65281 3.35169
4.66309 3.49134
4.67457 3.5255
4.76735 3.61781
4.80161 3.62249
4.90701 3.55599
4.93073 3.51999
5.02156 3.32775
5.05773 3.24122
5.12787 3.04748
5.16697 2.94254
5.22215 2.66284
5.2588 2.42007
5.28651 2.14281
5.2829 2.01153
5.27379 1.80523
5.24343 1.5677
5.22945 1.50792
5.18539 1.34838
5.16584 1.29151
5.07815 1.10226
5.03432 1.01389
4.93423 0.834408
4.87085 0.730588
4.7554 0.562771
4.68954 0.47889
4.56051 0.347347
4.48113 0.285566
4.2841 0.15283
4.09993 0.0686656
3.99483 0.0114974
3.77646 -0.0555495
3.65335 -0.0809549
3.39545 -0.111262
3.27442 -0.114899
3.04543 -0.104505
2.94596 -0.088876
2.74398 -0.0506647
2.66925 -0.0313694
2.49283 0.0307413
2.42745 0.0603266
2.25753 0.156469
2.18617 0.201699
2.01354 0.323998
1.92759 0.386009
1.74445 0.524881
1.64644 0.59701
1.46938 0.755611
1.38529 0.842331
1.23696 1.02209
1.16725 1.1168
1.04264 1.31496
0.971065 1.44011
0.872229 1.63916
0.786926 1.87272
0.75569 1.97611
0.705945 2.18947
0.689203 2.293
0.67221 2.514
0.67128 2.62206
0.687204 2.84606
0.702539 2.9555
0.750954 3.1769
0.782433 3.28475
0.862582 3.4985
0.909821 3.60254
1.02217 3.80679
1.09937 3.93149
1.2324 4.11983
1.40295 4.31768
1.48678 4.39624
1.62933 4.48479
1.7586 4.47322
1.84801 4.48244
1.99413 4.41515
2.0272 4.38105
2.11058 4.25562
2.13124 4.21604
2.19627 4.07761
2.21582 4.04015
2.28506 3.90267
2.30652 3.86785
2.38557 3.73406
2.41153 3.69549
2.5096 3.54238
2.55749 3.46733
2.68835 3.27093
2.81108 3.10618
2.8872 2.9996
3.02426 2.84056
3.07235 2.79494
3.21204 2.69991
3.2738 2.67062
3.40362 2.61656
3.45648 2.59691
3.63651 2.53928
3.67667 2.52901
3.81327 2.49821
3.94972 2.4799
4.01127 2.47365
4.16346 2.47366
4.25104 2.47943
4.39979 2.49989
4.44379 2.51092
4.65052 2.5727
4.70688 2.59244
4.87777 2.66786
4.92056 2.68826
5.05771 2.78673
5.10945 2.84173
5.25943 3.01193
5.33726 3.16823
5.39203 3.2399
5.43599 3.43774
5.43498 3.57546
5.44983 3.78048
5.41822 4.01329
5.39473 4.11812
5.29995 4.33209
5.21092 4.44293
5.09586 4.62145
4.92168 4.78116
4.82497 4.84927
4.61123 4.94242
4.4746 4.95955
4.2616 5.01024
4.0127 5.00749
3.90038 4.99307
3.68381 4.91482
3.58798 4.85676
3.41948 4.70894
3.35462 4.62621
3.24616 4.4401
3.21293 4.35174
3.16646 4.17345
3.16106 4.01326
3.14592 3.90618
3.14525 3.72332
3.15223 3.6764
3.1679 3.52428
3.17248 3.46567
3.1884 3.27438
3.19942 3.12015
3.214 2.81854
3.2198 2.70022
3.23305 2.4933
3.24607 2.35827
3.26651 2.14029
3.27589 2.05645
3.29366 1.87454
3.3116 1.76261
3.32536 1.67382
3.35455 1.52239
3.36429 1.46965
3.38795 1.32946
3.3954 1.28018
3.41295 1.13342
3.41831 1.06788
3.42159 0.926471
3.42024 0.897797
3.40019 0.757283
3.39037 0.721601
3.33301 0.558685
3.28949 0.452284
3.17943 0.188291
3.14022 0.102208
3.07753 -0.050184
3.06368 -0.0916129
2.98234 -0.238618
2.94932 -0.288377
2.80942 -0.407649
2.74235 -0.445297
2.55378 -0.490217
2.44263 -0.477252
2.25925 -0.478492
2.0641 -0.404874
1.98343 -0.361559
1.82352 -0.231518
1.7695 -0.167776
1.66124 -0.0149878
1.5931 0.0831961
1.59223 0.141381
1.56843 0.264605
1.60043 0.456939
1.6174 0.535742
1.64127 0.719001
1.65188 0.77101
1.65981 0.915026
1.6651 0.946753
1.67991 1.09389
1.68544 1.13356
1.70258 1.29169
1.70804 1.34448
1.72395 1.51606
1.72893 1.58121
1.74632 1.7656
1.75549 1.86455
1.77776 2.03897
1.82982 2.25045
1.85254 2.32749
1.91286 2.51057
1.94297 2.58625
2.02818 2.76941
2.06938 2.84302
2.17731 3.00823
2.22952 3.07356
2.36417 3.22057
2.42685 3.27637
2.57755 3.39651
2.64182 3.44069
2.82063 3.55849
2.97898 3.62348
3.07069 3.66402
3.29769 3.74614
3.48795 3.79683
3.60098 3.83168
3.87951 3.88372
4.09116 3.92686
4.38377 3.99126
4.54748 4.02567
4.78924 4.07431
4.91412 4.09414
5.13362 4.12032
5.23161 4.12733
5.44578 4.12357
5.54669 4.11428
5.76227 4.06263
5.86902 4.0267
6.07635 3.92761
6.17852 3.86727
6.36647 3.72722
6.45765 3.64629
6.61921 3.47229
6.69563 3.37517
6.82607 3.1761
6.88434 3.06973
6.98102 2.85391
7.02299 2.73897
7.08883 2.51326
7.11499 2.39688
7.1537 2.16921
7.16674 2.05607
7.18395 1.83312
7.1873 1.72806
7.18906 1.5155
7.18622 1.42269
7.17709 1.22366
7.17077 1.14385
7.15292 0.957756
7.14437 0.88869
7.11722 0.712409
7.10605 0.649947
7.06699 0.480199
7.05163 0.420981
6.99687 0.256397
6.9753 0.198454
6.90123 0.0393451
6.87129 -0.0185321
6.7743 -0.171397
6.73205 -0.235058
6.5946 -0.406812
6.4617 -0.529014
6.37742 -0.604321
6.21072 -0.723157
6.12867 -0.770789
5.93702 -0.856738
5.87576 -0.847871
5.74231 -0.859328
5.58036 -0.783583
5.53232 -0.751772
5.45441 -0.628566
5.44198 -0.587017
5.4184 -0.440044
5.41423 -0.400796
5.40758 -0.251519
5.40433 -0.215564
5.39923 -0.0530255
5.40089 0.0257045
5.40277 0.261152
5.40892 0.388991
5.42053 0.665717
5.42862 0.837059
5.43454 1.08217
5.42889 1.19627
5.40446 1.4154
5.38215 1.52572
5.32123 1.73903
5.2865 1.8162
5.20512 1.99585
5.17635 2.05761
5.10124 2.24816
5.07044 2.32213
5.01754 2.45617
4.93237 2.63771
4.89718 2.73148
4.82707 2.88446
4.74545 3.07452
4.72703 3.10789
4.68084 3.2412
4.67357 3.26929
4.65641 3.40928
4.65831 3.4442
4.70787 3.57263
4.73385 3.59991
4.85094 3.61698
4.87854 3.59954
4.96235 3.47173
5.00414 3.38276
5.08539 3.19059
5.11795 3.10432
5.18164 2.88674
5.22362 2.72052
5.27551 2.36484
5.28497 2.20049
5.29345 1.9548
5.27134 1.74758
5.25368 1.62448
5.22094 1.45085
5.20797 1.40148
5.14559 1.23748
5.10734 1.15202
5.01067 0.961263
4.96786 0.881293
4.84299 0.680061
4.79313 0.606426
4.65445 0.433088
4.60647 0.382225
4.43631 0.249228
4.32213 0.184479
4.15674 0.0787944
3.9413 -0.0100412
3.83339 -0.0461448
3.59699 -0.0933183
3.45315 -0.110428
3.21706 -0.121148
3.10204 -0.115658
2.8883 -0.086885
2.7986 -0.0692577
2.61242 -0.0213842
2.54318 0.00256096
2.37354 0.0808976
2.30252 0.120343
2.13518 0.228697
2.05512 0.283992
1.87792 0.415359
1.78491 0.483746
1.59876 0.629505
1.50517 0.710355
1.34209 0.880582
1.26535 0.971854
1.12961 1.16054
1.06311 1.26101
0.935993 1.48593
0.848556 1.68497
0.799475 1.8164
0.73338 2.02932
0.70904 2.13185
0.675735 2.34911
0.666727 2.45656
0.66628 2.67954
0.673594 2.78999
0.705852 3.0131
0.729574 3.1233
0.793921 3.3413
0.833791 3.4485
0.929601 3.65675
0.985315 3.7624
1.1229 3.98418
1.25917 4.16495
1.36029 4.27884
1.51613 4.43769
1.58278 4.45076
1.70947 4.50347
1.88767 4.46728
1.94551 4.44622
2.05295 4.34367
2.07853 4.30359
2.1488 4.16826
2.16879 4.12835
2.23468 3.98986
2.25579 3.9524
2.3301 3.81671
2.35326 3.78187
2.43933 3.64493
2.47573 3.58909
2.5877 3.41817
2.65672 3.31919
2.77264 3.14922
2.92367 2.95489
2.9845 2.88237
3.11811 2.7598
3.16321 2.73064
3.32497 2.64819
3.35059 2.6393
3.51153 2.57964
3.58156 2.55689
3.73291 2.51613
3.81265 2.50326
3.89379 2.48611
4.06896 2.47276
4.1082 2.47287
4.30597 2.48594
4.34294 2.49003
4.49938 2.52638
4.59556 2.55512
4.76023 2.6144
4.82569 2.64302
4.96896 2.71967
5.01332 2.74986
5.1504 2.88237
5.21463 2.97869
5.33142 3.11082
5.40936 3.29494
5.42851 3.38053
5.45356 3.63009
5.43416 3.83601
5.43287 3.95748
5.37771 4.17325
5.32701 4.28113
5.19573 4.49859
5.04825 4.64938
4.96959 4.749
4.77554 4.87903
4.66579 4.92364
4.42554 4.98991
4.21022 4.9969
4.06982 5.01561
3.84406 4.98051
3.73525 4.94097
3.53999 4.82473
3.45845 4.75149
3.31963 4.58034
3.27066 4.49234
3.19054 4.29856
3.18714 4.22544
3.15488 4.07063
3.14458 3.85319
3.1433 3.78098
3.15577 3.61881
3.16099 3.58157
3.17655 3.40811
3.18117 3.32886
3.20112 3.06247
3.21044 2.87613
3.21755 2.64256
3.22323 2.55016
3.24632 2.30057
3.25791 2.19735
3.27682 1.99876
3.28427 1.93147
3.3026 1.77412
3.33104 1.61641
3.33903 1.57796
3.36949 1.41219
3.37372 1.38509
3.39922 1.22261
3.40257 1.18866
3.41734 1.01019
3.41866 0.982128
3.41229 0.840648
3.40759 0.808661
3.37263 0.666698
3.34827 0.600892
3.26789 0.398778
3.2022 0.241307
3.12161 0.0475922
3.1044 0.000878252
3.04053 -0.144465
3.01852 -0.193677
2.91093 -0.331451
2.85988 -0.379663
2.68941 -0.468251
2.61128 -0.485436
2.38876 -0.497934
2.22115 -0.451151
2.11262 -0.436105
1.93218 -0.335037
1.86017 -0.276082
1.72433 -0.131884
1.68288 -0.0684744
1.60958 0.0286348
1.55972 0.168034
1.57613 0.32108
1.58348 0.402523
1.61098 0.592375
1.62797 0.66358
1.64024 0.826804
1.64575 0.859792
1.65781 1.00328
1.66354 1.0393
1.68067 1.19036
1.68661 1.23698
1.70392 1.40132
1.70929 1.46098
1.72571 1.63812
1.73052 1.71084
1.75035 1.92131
1.78561 2.0931
1.80999 2.19701
1.86126 2.38382
1.88696 2.4598
1.95909 2.64092
1.99714 2.72161
2.09244 2.89514
2.13961 2.96548
2.2609 3.12113
2.32045 3.18401
2.46477 3.31891
2.52846 3.36754
2.68538 3.47744
2.77314 3.52697
2.92236 3.61697
3.12167 3.6895
3.24265 3.73133
3.43098 3.79533
3.65636 3.84515
3.82251 3.88385
4.14457 3.94675
4.32719 3.98443
4.60056 4.04642
4.73235 4.07072
4.9689 4.10989
5.07666 4.12232
5.28821 4.13409
5.38989 4.13475
5.60345 4.10904
5.71028 4.08599
5.92338 4.00958
6.02977 3.96046
6.22848 3.83984
6.32663 3.76798
6.50174 3.61016
6.58701 3.51932
6.73307 3.3322
6.80193 3.22773
6.91458 3.02142
6.96543 2.90873
7.04657 2.68708
7.08087 2.56969
7.13282 2.34275
7.15249 2.22619
7.18019 2.00069
7.18834 1.88995
7.1978 1.67204
7.198 1.57179
7.19461 1.36632
7.19005 1.27916
7.17712 1.08721
7.16976 1.01221
7.14793 0.831806
7.13815 0.765422
7.10567 0.592953
7.09239 0.531221
7.04594 0.36427
7.02728 0.304608
6.96309 0.142782
6.93692 0.0837857
6.85153 -0.0719955
6.81548 -0.131995
6.7032 -0.28421
6.63393 -0.368657
6.5137 -0.505676
6.33822 -0.6457
6.26251 -0.699368
6.08176 -0.80317
5.99192 -0.841399
5.8351 -0.877797
5.71222 -0.832274
5.62771 -0.8153
5.50527 -0.718941
5.48124 -0.678853
5.43651 -0.5382
5.42954 -0.495941
5.41805 -0.347128
5.41466 -0.308073
5.40894 -0.158755
5.40743 -0.109428
5.40492 0.0825577
5.40764 0.204364
5.41506 0.445655
5.42321 0.608784
5.43842 0.893205
5.43809 1.02528
5.4303 1.25324
5.41746 1.3599
5.3739 1.58212
5.3428 1.68627
5.27045 1.87089
5.23176 1.94546
5.15952 2.11206
5.12531 2.1965
5.06326 2.36601
4.99776 2.50963
4.96106 2.58847
4.8761 2.78443
4.81372 2.93928
4.77002 3.0231
4.71291 3.16311
4.70346 3.1891
4.66827 3.32604
4.66405 3.35916
4.67504 3.49869
4.6878 3.53511
4.78048 3.62571
4.81761 3.63041
4.92246 3.56322
4.94656 3.52631
5.03444 3.33448
5.07075 3.24567
5.14009 3.05179
5.18098 2.94373
5.23419 2.66451
5.2697 2.42154
5.29647 2.14467
5.29184 2.01109
5.28223 1.80353
5.25193 1.56751
5.23738 1.50542
5.19337 1.34638
5.17301 1.28745
5.08556 1.09936
5.04085 1.00961
4.9408 0.831129
4.87639 0.726242
4.76097 0.55937
4.69383 0.474292
4.56499 0.343139
4.48411 0.280267
4.28315 0.142896
4.1029 0.0600909
3.99631 0.0048787
3.77894 -0.0629666
3.65386 -0.0895353
3.39721 -0.121373
3.27385 -0.125985
3.04505 -0.116794
2.94331 -0.101802
2.74183 -0.0642259
2.6646 -0.0443209
2.48822 0.0176558
2.42029 0.048299
2.25066 0.143985
2.17736 0.190361
2.00553 0.312093
1.91831 0.375147
1.73644 0.513732
1.63743 0.58763
1.45995 0.745052
1.37387 0.83327
1.22533 1.01244
1.15403 1.10904
1.02951 1.30705
0.957007 1.43295
0.859077 1.62895
0.772685 1.86671
0.74095 1.97283
0.691452 2.18606
0.674413 2.29213
0.657611 2.51282
0.656742 2.62335
0.672756 2.84698
0.688475 2.95882
0.736878 3.17983
0.769079 3.29
0.849155 3.50338
0.897367 3.60974
1.00942 3.81404
1.08509 3.94153
1.21632 4.12737
1.38846 4.32838
1.4709 4.403
1.61054 4.4945
1.74453 4.48
1.83424 4.48713
1.97695 4.42204
2.01431 4.38556
2.09853 4.25962
2.12059 4.21778
2.18607 4.07966
2.20693 4.03965
2.27669 3.90229
2.29963 3.86488
2.37921 3.73112
2.40622 3.69132
2.50434 3.5398
2.55324 3.46357
2.68483 3.26961
2.80719 3.10782
2.887 2.99852
3.02465 2.84192
3.07411 2.79602
3.21347 2.70377
3.27462 2.6749
3.40427 2.62013
3.45829 2.59999
3.63676 2.54269
3.67819 2.53207
3.81441 2.50117
3.95067 2.48257
4.01207 2.47614
4.16512 2.47576
4.24918 2.48107
4.39881 2.50127
4.44628 2.51303
4.64955 2.57341
4.7072 2.59353
4.87687 2.66811
4.92095 2.68895
5.05681 2.78669
5.10893 2.84328
5.2606 3.01238
5.34029 3.16657
5.39499 3.23979
5.43944 3.43647
5.43931 3.5749
5.4547 3.78285
5.42268 4.01356
5.39799 4.11999
5.3035 4.33305
5.21638 4.44547
5.09973 4.62492
4.92498 4.78447
4.82664 4.85378
4.61335 4.94597
4.47701 4.96544
4.26444 5.01447
4.01302 5.01094
3.8987 4.99673
3.68284 4.91857
3.58522 4.8594
3.41719 4.71218
3.35093 4.62796
3.24279 4.44263
3.20871 4.35258
3.16431 4.18125
3.15831 4.01501
3.14508 3.91019
3.14528 3.72788
3.15183 3.67567
3.166 3.52479
3.17036 3.46477
3.18506 3.272
3.19464 3.1191
3.20694 2.81925
3.21229 2.69932
3.22534 2.49321
3.23835 2.357
3.2585 2.14036
3.26798 2.05507
3.2857 1.87449
3.30212 1.76679
3.31661 1.67155
3.34586 1.52137
3.3559 1.46754
3.37975 1.32842
3.38747 1.27838
3.40565 1.13175
3.4112 1.06685
3.41516 0.92524
3.41378 0.893656
3.39507 0.753057
3.38359 0.710842
3.32816 0.547563
3.28768 0.44508
3.18311 0.187604
3.14501 0.0995623
3.08346 -0.0521313
3.06767 -0.0953003
2.98835 -0.242027
2.95387 -0.293969
2.81387 -0.413308
2.7441 -0.452197
2.55552 -0.497241
2.44499 -0.488597
2.26146 -0.491439
2.05956 -0.415294
1.97522 -0.372412
1.81227 -0.245198
1.75374 -0.180704
1.63968 -0.0312994
1.56888 0.0675206
1.57028 0.159192
1.55645 0.26834
1.5794 0.458668
1.59465 0.538502
1.61647 0.718684
1.62787 0.771888
1.63659 0.915334
1.64221 0.949191
1.65796 1.09532
1.66412 1.13655
1.68253 1.29312
1.68857 1.34717
1.7056 1.51715
1.7111 1.58376
1.72924 1.76712
1.73955 1.87077
1.76238 2.04182
1.81475 2.25311
1.83846 2.33235
1.89924 2.51474
1.93044 2.59246
2.01589 2.77468
2.05848 2.85025
2.16656 3.0149
2.22038 3.08206
2.35479 3.22861
2.41916 3.28592
2.56942 3.40615
2.63518 3.45198
2.81224 3.56747
2.96773 3.63296
3.06627 3.6795
3.29184 3.7587
3.48439 3.81002
3.60008 3.84631
3.87711 3.89757
4.08861 3.94064
4.37972 4.00466
4.54472 4.03931
4.78596 4.08791
4.91263 4.10805
5.13171 4.13407
5.23236 4.14114
5.44614 4.13707
5.55006 4.12688
5.76543 4.07469
5.87457 4.03763
6.08149 3.93823
6.18571 3.87644
6.37323 3.7364
6.46617 3.65379
6.6274 3.48011
6.7053 3.38117
6.83561 3.18262
6.89515 3.07425
6.99199 2.8591
7.035 2.74217
7.10133 2.51725
7.1284 2.39886
7.16797 2.17207
7.18184 2.05696
7.20026 1.83493
7.20437 1.72795
7.20755 1.51632
7.20534 1.42158
7.19762 1.22338
7.19172 1.14157
7.17498 0.956157
7.16652 0.884942
7.14 0.709161
7.12853 0.644393
7.08959 0.474999
7.07353 0.413338
7.01854 0.248998
6.99582 0.188578
6.92116 0.0297439
6.88956 -0.0304927
6.79153 -0.182936
6.74701 -0.248867
6.61005 -0.419634
6.4721 -0.543608
6.38708 -0.617732
6.21956 -0.735747
6.13479 -0.784279
5.94699 -0.871953
5.87853 -0.862288
5.75303 -0.87105
5.59289 -0.793613
5.54414 -0.759658
5.46655 -0.635979
5.45334 -0.591918
5.43033 -0.444899
5.42602 -0.402853
5.41968 -0.253479
5.41637 -0.214554
5.41141 -0.0532764
5.41298 0.0268461
5.41434 0.260256
5.42025 0.389602
5.43108 0.664524
5.43876 0.836914
5.44409 1.08125
5.43808 1.19749
5.41353 1.41606
5.39081 1.52842
5.33047 1.7412
5.29522 1.82034
5.21511 1.99923
5.18615 2.06247
5.11262 2.25134
5.07873 2.33288
5.02717 2.46163
4.94307 2.64181
4.90736 2.73762
4.83805 2.88851
4.75753 3.07657
4.73795 3.1127
4.69249 3.24431
4.68456 3.27539
4.66786 3.41532
4.67024 3.45296
4.72056 3.58088
4.74861 3.60927
4.86529 3.6246
4.89496 3.60579
4.97689 3.4789
5.01824 3.38839
5.09763 3.19621
5.13101 3.10735
5.19473 2.88914
5.2365 2.72076
5.28624 2.36774
5.29506 2.20094
5.30227 1.95577
5.27981 1.74866
5.26197 1.6229
5.22913 1.44974
5.21549 1.39815
5.15321 1.23475
5.11419 1.14782
5.0177 0.958296
4.9738 0.876734
4.84915 0.676981
4.79794 0.601814
4.65961 0.429601
4.60987 0.377124
4.44048 0.244699
4.32717 0.177981
4.15835 0.0697818
3.94436 -0.0167972
3.83444 -0.0536154
3.59897 -0.101998
3.45349 -0.120274
3.21793 -0.13244
3.10034 -0.127367
2.88704 -0.100017
2.79513 -0.0823118
2.60914 -0.0346751
2.53732 -0.00987168
2.36765 0.06823
2.29452 0.108696
2.12755 0.216598
2.04596 0.27292
1.86985 0.403787
1.77583 0.47351
1.59096 0.619408
1.49501 0.701006
1.33159 0.870431
1.25304 0.963438
1.11728 1.15168
1.04929 1.25435
0.922272 1.47725
0.834713 1.6797
0.785129 1.81181
0.719128 2.02472
0.694343 2.12985
0.661256 2.34686
0.652135 2.4568
0.651828 2.67942
0.659368 2.7923
0.691658 3.01502
0.71593 3.12758
0.780236 3.34518
0.820971 3.45465
0.916564 3.66266
0.97298 3.77114
1.10817 3.99287
1.24569 4.1754
1.34728 4.29
1.49925 4.44728
1.57192 4.45832
1.69589 4.50833
1.86894 4.47485
1.92956 4.45242
2.03978 4.34845
2.06713 4.30634
2.13779 4.17148
2.1591 4.12907
2.22549 3.99076
2.24799 3.95072
2.32279 3.81512
2.34757 3.77768
2.43355 3.64211
2.47104 3.58518
2.58332 3.41599
2.65337 3.31628
2.76917 3.14934
2.92315 2.95537
2.98549 2.88235
3.11925 2.76239
3.16575 2.73362
3.32508 2.6532
3.35267 2.64263
3.512 2.58311
3.58317 2.55992
3.73305 2.51943
3.81398 2.50598
3.89618 2.48874
4.06835 2.47514
4.10883 2.47499
4.30511 2.48747
4.34331 2.49185
4.50055 2.52801
4.59591 2.55632
4.75928 2.61488
4.82604 2.64392
4.9681 2.71969
5.01339 2.75087
5.14916 2.88264
5.21631 2.97887
5.33391 3.11064
5.41217 3.29339
5.43215 3.38065
5.45695 3.62836
5.43766 3.83348
5.43717 3.95917
5.38127 4.17374
5.33055 4.28368
5.20039 4.49944
5.05442 4.65051
4.97179 4.75321
4.77829 4.88262
4.66682 4.92838
4.42867 4.99429
4.2095 5.00219
4.06874 5.01892
3.84379 4.98432
3.73301 4.9441
3.53836 4.82821
3.45523 4.75367
3.31674 4.58325
3.2667 4.49359
3.18624 4.30219
3.18154 4.21614
3.15371 4.07111
3.14354 3.8573
3.14331 3.78414
3.15541 3.61949
3.15971 3.58073
3.17392 3.40859
3.178 3.32785
3.19589 3.06282
3.20386 2.87545
3.20963 2.64309
3.21567 2.54866
3.23841 2.30071
3.2501 2.19602
3.26879 1.99878
3.27619 1.92998
3.29474 1.77013
3.32193 1.61597
3.33048 1.57552
3.361 1.41148
3.36584 1.38161
3.39138 1.22222
3.39517 1.1859
3.41048 1.01056
3.41189 0.979421
3.40642 0.837848
3.40146 0.802666
3.36677 0.657121
3.34382 0.592397
3.26707 0.392696
3.20491 0.239504
3.12686 0.0462756
3.10911 -0.00202294
3.04548 -0.147033
3.02333 -0.197929
2.91635 -0.335938
2.86305 -0.38592
2.69242 -0.474523
2.6117 -0.493621
2.39224 -0.508248
2.21477 -0.46
2.10728 -0.445146
1.92482 -0.347325
1.84886 -0.287973
1.70845 -0.147266
1.66257 -0.0827269
1.58991 0.016063
1.54318 0.15359
1.55428 0.323886
1.56482 0.405026
1.58704 0.593567
1.60364 0.664597
1.61658 0.826318
1.62249 0.861562
1.63529 1.00435
1.64153 1.04221
1.65976 1.19197
1.66636 1.23994
1.68482 1.40263
1.69071 1.4636
1.7081 1.63926
1.71313 1.71391
1.73362 1.92604
1.77006 2.09688
1.79533 2.20102
1.84702 2.38728
1.87374 2.46534
1.94623 2.64576
1.98542 2.72819
2.08101 2.90107
2.12967 2.97331
2.25094 3.1285
2.3121 3.19301
2.45597 3.32757
2.52138 3.37819
2.67753 3.48798
2.76483 3.53844
2.91228 3.62903
3.11638 3.70357
3.24181 3.7474
3.42882 3.80863
3.65413 3.85929
3.82152 3.89816
4.14067 3.96013
4.32452 3.99808
4.59644 4.05968
4.73048 4.08445
4.96603 4.12349
5.07616 4.13618
5.28755 4.14774
5.39166 4.14814
5.6054 4.12168
5.71483 4.09771
5.92757 4.02087
6.03618 3.97044
6.23443 3.84968
6.33448 3.77625
6.5092 3.6186
6.59607 3.52602
6.74189 3.33932
6.81209 3.23299
6.92479 3.02723
6.97677 2.91257
7.05823 2.69166
7.0935 2.57229
7.14612 2.34618
7.16666 2.22765
7.1954 2.00305
7.20434 1.89037
7.21514 1.67341
7.21604 1.57125
7.21408 1.36668
7.21004 1.27757
7.19837 1.08638
7.19127 1.0093
7.1703 0.829483
7.16043 0.76086
7.12829 0.588805
7.11451 0.52469
7.06798 0.358028
7.04839 0.295892
6.98378 0.134309
6.95621 0.0728902
6.87001 -0.0825292
6.832 -0.144834
6.71893 -0.29684
6.64201 -0.386956
6.52243 -0.519999
6.34866 -0.657912
6.2702 -0.712818
6.08992 -0.817098
6.00018 -0.855797
5.84984 -0.890536
5.71789 -0.845223
5.63874 -0.825039
5.51842 -0.727685
5.49267 -0.685052
5.44839 -0.544361
5.44108 -0.499437
5.42996 -0.350571
5.42653 -0.308643
5.42111 -0.159167
5.41958 -0.108261
5.41687 0.082298
5.41937 0.204896
5.42617 0.444874
5.43395 0.609009
5.44838 0.891663
5.4477 1.02578
5.43953 1.25306
5.42629 1.36195
5.38297 1.58346
5.35144 1.68972
5.27991 1.87378
5.24097 1.95002
5.17011 2.11569
5.13604 2.20093
5.07545 2.36587
5.00847 2.51398
4.97094 2.59371
4.88599 2.78893
4.82543 2.9415
4.78149 3.02641
4.72437 3.1666
4.71385 3.19554
4.67958 3.33076
4.67518 3.36678
4.6869 3.50599
4.70094 3.54464
4.79356 3.63354
4.83342 3.63815
4.93773 3.57029
4.963 3.52986
5.0475 3.34113
5.08397 3.25009
5.15257 3.05611
5.19536 2.94473
5.24655 2.66609
5.28087 2.42307
5.30623 2.14649
5.30136 2.00987
5.29064 1.80319
5.26031 1.56734
5.24523 1.50294
5.20123 1.34442
5.18007 1.28342
5.09289 1.09648
5.0473 1.00535
4.94731 0.827862
4.88188 0.721909
4.76651 0.555964
4.69812 0.469688
4.56942 0.338997
4.4874 0.274508
4.28819 0.138348
4.10892 0.0557592
3.99818 -0.00289932
3.78145 -0.0703864
3.65442 -0.0980936
3.39902 -0.131368
3.27335 -0.136864
3.04477 -0.128761
2.94076 -0.114317
2.73975 -0.077538
2.66001 -0.0570713
2.48369 0.00473465
2.41324 0.0364199
2.24388 0.131626
2.16861 0.179128
1.99757 0.300271
1.9091 0.364429
1.72862 0.502859
1.62881 0.578692
1.45077 0.73467
1.36265 0.824326
1.21391 1.00292
1.14102 1.10142
1.01623 1.29903
0.94216 1.43024
0.844969 1.62507
0.759057 1.86091
0.726451 1.96962
0.67716 2.18271
0.659834 2.29129
0.643213 2.51166
0.642405 2.62464
0.658502 2.84788
0.674608 2.96211
0.723002 3.18272
0.755914 3.29519
0.835866 3.50821
0.884964 3.61693
0.995999 3.82174
1.07376 3.95238
1.20412 4.13848
1.37318 4.33919
1.45568 4.41276
1.59312 4.49903
1.72647 4.48945
1.81682 4.49416
1.96145 4.42737
2.00178 4.38902
2.08659 4.26389
2.11011 4.21968
2.1761 4.08179
2.19829 4.03923
2.26851 3.90202
2.29295 3.86202
2.373 3.72825
2.40105 3.6872
2.4992 3.53725
2.54932 3.45997
2.68108 3.2681
2.80523 3.10703
2.88699 2.99759
3.0252 2.84345
3.07599 2.7973
3.21495 2.70776
3.27585 2.67901
3.40497 2.62381
3.46014 2.60312
3.63701 2.54607
3.6797 2.53507
3.81556 2.50405
3.95165 2.48517
4.01287 2.47855
4.16435 2.47767
4.24971 2.48286
4.39783 2.5027
4.44727 2.51476
4.64859 2.57406
4.70752 2.5946
4.87598 2.66833
4.92139 2.68956
5.05578 2.78683
5.10863 2.84461
5.26099 3.01195
5.34191 3.16334
5.39805 3.23962
5.44285 3.4352
5.44331 3.57541
5.4589 3.78211
5.42657 4.01374
5.40116 4.12183
5.30765 4.33434
5.22044 4.44957
5.10492 4.62727
4.92812 4.78761
4.82819 4.85811
4.61574 4.9503
4.4698 4.97183
4.26291 5.0176
4.01329 5.015
3.89711 5.00004
3.6819 4.92224
3.58249 4.86202
3.41492 4.71539
3.34731 4.62967
3.23891 4.44545
3.20488 4.35456
3.16319 4.19142
3.15392 4.01552
3.14405 3.91289
3.14516 3.7297
3.15145 3.67494
3.164 3.52531
3.16816 3.46388
3.18136 3.27236
3.18985 3.11808
3.19994 2.82026
3.20489 2.69847
3.21764 2.49311
3.23064 2.35575
3.25051 2.14043
3.26011 2.05369
3.2777 1.87441
3.29294 1.76978
3.30783 1.66974
3.33716 1.52034
3.34751 1.4654
3.37175 1.32634
3.37955 1.27654
3.39832 1.1304
3.4041 1.06579
3.40873 0.923922
3.40737 0.889352
3.3895 0.748381
3.37822 0.704665
3.32477 0.540173
3.28595 0.43899
3.18658 0.187023
3.14913 0.0972092
3.08877 -0.0537579
3.07069 -0.0990286
2.99393 -0.245103
2.95806 -0.299183
2.81812 -0.418644
2.74578 -0.45892
2.55746 -0.505802
2.43522 -0.494303
2.25755 -0.495491
2.05508 -0.426058
1.96746 -0.382989
1.80131 -0.259185
1.73843 -0.194079
1.61969 -0.0473514
1.55199 0.0510227
1.54969 0.166178
1.53996 0.270901
1.55802 0.459488
1.57176 0.540852
1.59223 0.718283
1.60417 0.772856
1.61372 0.915741
1.61972 0.951717
1.63633 1.09685
1.6431 1.13968
1.66264 1.2947
1.66924 1.35
1.68728 1.51838
1.69326 1.58642
1.71213 1.76879
1.72316 1.8734
1.74693 2.0471
1.79998 2.25571
1.8246 2.33718
1.88578 2.51889
1.9181 2.59863
2.00377 2.77992
2.04774 2.85742
2.15594 3.0215
2.21136 3.09048
2.34548 3.23658
2.41148 3.29544
2.56134 3.41581
2.62851 3.46331
2.80247 3.57839
2.96408 3.64715
3.06221 3.69476
3.28972 3.77417
3.48113 3.82524
3.59925 3.86012
3.87475 3.91154
4.08609 3.95441
4.37568 4.01796
4.54199 4.05283
4.78269 4.10136
4.91117 4.12181
5.12983 4.14767
5.23312 4.15478
5.44649 4.15053
5.55345 4.13938
5.76858 4.08661
5.88011 4.04842
6.08659 3.94874
6.19285 3.8855
6.37992 3.74547
6.47461 3.66121
6.6355 3.48784
6.71487 3.38709
6.84503 3.18909
6.90585 3.07874
7.00285 2.86427
7.04691 2.74537
7.11373 2.52127
7.14171 2.40088
7.18214 2.17499
7.19684 2.05791
7.21646 1.83684
7.22133 1.72795
7.22589 1.51726
7.22431 1.4206
7.21793 1.22325
7.21243 1.13944
7.19674 0.954692
7.18837 0.881308
7.16244 0.706013
7.15067 0.63892
7.11184 0.469871
7.09506 0.405766
7.0398 0.241683
7.01592 0.178799
6.94064 0.0202598
6.90737 -0.0423214
6.80847 -0.194417
6.76206 -0.262901
6.62062 -0.437502
6.48279 -0.557962
6.39648 -0.63097
6.22853 -0.748548
6.14157 -0.798533
5.96324 -0.883702
5.87716 -0.875713
5.76135 -0.878741
5.6033 -0.803979
5.5559 -0.767785
5.47874 -0.643285
5.46473 -0.596756
5.4421 -0.449743
5.43766 -0.404913
5.43162 -0.255468
5.4283 -0.213579
5.4235 -0.0535164
5.425 0.0280176
5.42586 0.259396
5.43153 0.390252
5.4416 0.663358
5.44887 0.836781
5.45363 1.08034
5.44725 1.19872
5.42259 1.41671
5.39946 1.53111
5.33972 1.74334
5.30396 1.82444
5.22508 2.00256
5.19598 2.06729
5.12412 2.2545
5.08673 2.34399
5.03665 2.46688
4.95354 2.64576
4.91667 2.74343
4.849 2.89193
4.76951 3.07811
4.74879 3.11745
4.70341 3.24942
4.6948 3.2834
4.67919 3.42152
4.68208 3.46186
4.73317 3.58907
4.76327 3.6185
4.87952 3.6321
4.91126 3.61163
4.99243 3.48353
5.03254 3.39393
5.1101 3.20183
5.14434 3.11038
5.20815 2.89135
5.24967 2.72088
5.29683 2.37055
5.30517 2.20136
5.31171 1.95597
5.28866 1.74906
5.27009 1.62134
5.23722 1.44865
5.2229 1.39484
5.16072 1.23206
5.12094 1.14365
5.02467 0.955348
4.97968 0.872191
4.85528 0.673906
4.80273 0.597206
4.66473 0.426127
4.61333 0.371922
4.44487 0.239814
4.33117 0.172477
4.16319 0.0639098
3.94738 -0.0236618
3.83561 -0.0615206
3.60099 -0.110625
3.45389 -0.130028
3.21886 -0.143492
3.09872 -0.138862
2.8859 -0.112784
2.79176 -0.0950766
2.60592 -0.0477742
2.53155 -0.0221243
2.36185 0.0557166
2.28661 0.0971877
2.12 0.204609
2.03687 0.261964
1.86188 0.392406
1.76689 0.46352
1.58343 0.609563
1.48515 0.691884
1.32129 0.860414
1.24092 0.955144
1.10505 1.14288
1.03554 1.24766
0.907537 1.47283
0.820756 1.67432
0.771075 1.80735
0.705156 2.02021
0.679859 2.12789
0.646977 2.34465
0.637745 2.45705
0.637572 2.67931
0.645336 2.7946
0.677659 3.01691
0.702482 3.13181
0.766723 3.349
0.808286 3.46076
0.903345 3.66864
0.96062 3.77978
1.09566 4.00271
1.23135 4.18614
1.33337 4.30141
1.48016 4.45214
1.55824 4.47008
1.6782 4.51556
1.8527 4.48118
1.91519 4.45692
2.02651 4.35339
2.05573 4.30927
2.12701 4.17476
2.14966 4.12988
2.21651 3.99178
2.2404 3.94916
2.31566 3.81362
2.34205 3.77358
2.4279 3.63934
2.4665 3.58133
2.57913 3.41388
2.65155 3.31239
2.76786 3.14723
2.92269 2.95591
2.98665 2.88252
3.12047 2.76515
3.16839 2.73681
3.32483 2.65822
3.35478 2.64602
3.51248 2.58662
3.58478 2.56294
3.73317 2.52266
3.81529 2.50866
3.89856 2.4913
4.06774 2.47737
4.1111 2.47716
4.30278 2.48892
4.34372 2.49355
4.50022 2.52924
4.59626 2.55753
4.75834 2.61534
4.8264 2.64479
4.96725 2.71971
5.01349 2.75184
5.1481 2.88274
5.21795 2.9786
5.33622 3.10875
5.41481 3.29189
5.4356 3.3808
5.461 3.62736
5.44202 3.83433
5.44059 3.96067
5.38488 4.17425
5.33404 4.28621
5.20532 4.50233
5.05785 4.6555
4.9738 4.75718
4.78109 4.8863
4.66762 4.93239
4.42431 5.00254
4.20852 5.01029
4.06765 5.02259
3.84356 4.98803
3.73084 4.94708
3.53677 4.83165
3.45204 4.75582
3.3137 4.58629
3.26242 4.49504
3.18586 4.31556
3.17499 4.20425
3.15191 4.07037
3.14189 3.85844
3.14328 3.78456
3.15507 3.62017
3.15833 3.5799
3.17116 3.40908
3.17488 3.32443
3.19063 3.0632
3.19733 2.87508
3.20187 2.64367
3.20817 2.54717
3.23052 2.30087
3.2423 2.1947
3.26077 1.99881
3.26819 1.92846
3.28671 1.76729
3.31252 1.6197
3.32199 1.57308
3.35258 1.41075
3.35796 1.37826
3.38353 1.2218
3.38783 1.18289
3.4036 1.0109
3.40516 0.976715
3.40042 0.834909
3.39535 0.79705
3.36239 0.652113
3.33989 0.586172
3.26638 0.387712
3.20734 0.23783
3.13157 0.0452104
3.11322 -0.00461711
3.04956 -0.149682
3.02768 -0.201825
2.92145 -0.34008
2.86602 -0.391848
2.69555 -0.481056
2.61197 -0.499407
2.38556 -0.517666
2.20797 -0.471954
2.10246 -0.453757
1.91781 -0.359596
1.83789 -0.3001
1.69341 -0.162681
1.64369 -0.0967128
1.57582 0.00236348
1.5262 0.140331
1.53416 0.324771
1.54473 0.406962
1.56277 0.594281
1.57974 0.665562
1.59326 0.825927
1.59961 0.863431
1.61313 1.0055
1.61989 1.04523
1.63909 1.19371
1.64632 1.24303
1.6658 1.40407
1.67219 1.46634
1.69046 1.64053
1.69604 1.71705
1.71805 1.92734
1.75397 2.09544
1.78058 2.20512
1.83299 2.39071
1.86071 2.47085
1.93354 2.65057
1.97388 2.73473
2.06972 2.90694
2.11987 2.98107
2.24107 3.13578
2.30382 3.20193
2.4472 3.33618
2.51436 3.38883
2.66928 3.49898
2.766 3.55418
2.9102 3.64151
3.11126 3.71777
3.23687 3.76226
3.42697 3.82389
3.65187 3.87306
3.82057 3.91206
4.13679 3.9735
4.32187 4.01163
4.59235 4.07281
4.72861 4.09804
4.9632 4.13695
5.07569 4.14989
5.28691 4.16129
5.39346 4.16161
5.60738 4.13424
5.71938 4.10931
5.93175 4.03203
6.04255 3.9803
6.24033 3.85941
6.34226 3.78442
6.51657 3.62694
6.60504 3.53265
6.75062 3.34637
6.82215 3.23821
6.93488 3.03299
6.98801 2.91638
7.06978 2.69625
7.10603 2.5749
7.15932 2.34964
7.18073 2.22915
7.2105 2.00548
7.22025 1.89089
7.23234 1.6749
7.23395 1.57084
7.23335 1.36718
7.22984 1.27611
7.21936 1.0857
7.21252 1.00652
7.19236 0.827274
7.18238 0.756392
7.15057 0.584739
7.13627 0.51823
7.08964 0.351857
7.06911 0.287256
7.00405 0.125934
6.97506 0.0621104
6.8881 -0.0929585
6.84823 -0.157617
6.73407 -0.309293
6.6575 -0.39781
6.53236 -0.536087
6.35907 -0.670158
6.27799 -0.726421
6.0991 -0.83217
6.01471 -0.866755
5.86717 -0.901246
5.72186 -0.858179
5.64817 -0.834355
5.53073 -0.736099
5.50408 -0.691175
5.46019 -0.550483
5.45252 -0.502912
5.4417 -0.354037
5.43825 -0.309242
5.43316 -0.159617
5.43163 -0.107085
5.42876 0.0820676
5.43105 0.205465
5.43725 0.444131
5.44465 0.609262
5.45832 0.890131
5.45729 1.02629
5.44875 1.25288
5.43511 1.364
5.39205 1.58478
5.36011 1.69314
5.28934 1.87661
5.2502 1.95455
5.18075 2.11928
5.14686 2.20532
5.08761 2.36563
5.0189 2.51807
4.98059 2.59881
4.89579 2.79342
4.83639 2.94378
4.79288 3.02923
4.73562 3.17001
4.72419 3.20186
4.69032 3.33739
4.68583 3.37624
4.69868 3.51344
4.71406 3.55429
4.80659 3.64132
4.84912 3.64569
4.95245 3.57644
4.97847 3.53473
5.06066 3.34762
5.09741 3.2545
5.16531 3.06042
5.20944 2.94552
5.25913 2.66753
5.292 2.42452
5.3161 2.14829
5.31076 2.00929
5.2994 1.80216
5.26877 1.56718
5.25296 1.50049
5.20898 1.34248
5.18704 1.27942
5.10013 1.09363
5.05367 1.00111
4.95377 0.824606
4.88733 0.717588
4.77203 0.55256
4.70238 0.465091
4.57395 0.334703
4.49059 0.268897
4.29345 0.133587
4.11126 0.049024
3.99979 -0.00994474
3.78401 -0.0780565
3.65503 -0.106777
3.40088 -0.141213
3.27289 -0.147554
3.04457 -0.14079
2.93831 -0.126528
2.73776 -0.0905751
2.65551 -0.0695994
2.47924 -0.0080097
2.40628 0.0247014
2.2372 0.119406
2.15997 0.168021
1.98969 0.288594
1.89999 0.353889
1.72094 0.49223
1.62055 0.570098
1.44187 0.724488
1.35165 0.815537
1.20266 0.993509
1.12813 1.09386
1.00348 1.29134
0.929174 1.42316
0.830396 1.621
0.745606 1.85517
0.712225 1.96649
0.663084 2.17941
0.645461 2.29049
0.629012 2.51052
0.628263 2.62593
0.644441 2.84878
0.660935 2.96538
0.709313 3.18556
0.742922 3.30033
0.822614 3.51301
0.872494 3.6241
0.982974 3.82913
1.06035 3.96191
1.19132 4.14962
1.35666 4.35033
1.43737 4.41891
1.57155 4.50509
1.71395 4.49914
1.80185 4.49989
1.94596 4.43291
1.9892 4.39268
2.07483 4.26814
2.09984 4.22164
2.16634 4.08404
2.18986 4.03895
2.26054 3.90183
2.28646 3.85925
2.36694 3.72545
2.39602 3.68315
2.49422 3.53478
2.54578 3.45658
2.67872 3.26552
2.80363 3.10653
2.88707 2.99673
3.02585 2.84512
3.07799 2.79878
3.21646 2.71182
3.27679 2.68326
3.40571 2.62754
3.462 2.6063
3.63725 2.54943
3.68121 2.53803
3.81673 2.50686
3.95262 2.48768
4.01367 2.48086
4.16523 2.47962
4.24878 2.48451
4.39687 2.50403
4.44955 2.51676
4.64762 2.57476
4.70786 2.59567
4.8751 2.66855
4.92182 2.69019
5.05481 2.78689
5.10874 2.84551
5.26153 3.01079
5.34433 3.16182
5.40103 3.23949
5.44621 3.43393
5.44745 3.58012
5.46202 3.78398
5.4304 4.01389
5.40387 4.1235
5.31197 4.33569
5.22115 4.45653
5.10648 4.63161
4.93147 4.79099
4.82966 4.86228
4.61796 4.95405
4.47278 4.97833
4.26065 5.02505
4.01354 5.01982
3.89552 5.00337
3.68101 4.92581
3.57979 4.86458
3.41263 4.71864
3.34357 4.63149
3.2336 4.44916
3.20549 4.36606
3.16293 4.20874
3.14958 4.01624
3.14245 3.91262
3.14498 3.73172
3.1511 3.67421
3.16199 3.52584
3.16579 3.46299
3.17773 3.27033
3.18495 3.11708
3.19326 2.8238
3.19755 2.69768
3.21 2.49302
3.22295 2.35452
3.24254 2.14052
3.25225 2.05231
3.26965 1.8743
3.28357 1.77522
3.2983 1.67198
3.32852 1.5193
3.33918 1.46325
3.36374 1.32439
3.37165 1.27466
3.39103 1.1288
3.397 1.06468
3.40228 0.92261
3.40096 0.885166
3.38412 0.744046
3.37257 0.697243
3.3219 0.535065
3.2845 0.434457
3.18967 0.186612
3.15279 0.0950616
3.09343 -0.0550565
3.07435 -0.101749
2.99905 -0.247824
2.9619 -0.304027
2.82226 -0.423801
2.74739 -0.465285
2.55918 -0.511569
2.43763 -0.502688
2.25092 -0.504983
2.05092 -0.437029
1.96009 -0.393477
1.79085 -0.273211
1.7238 -0.207537
1.60151 -0.0626975
1.53677 0.0372244
1.53296 0.168387
1.52282 0.272511
1.53612 0.459742
1.54874 0.542676
1.5685 0.717844
1.58085 0.773908
1.5912 0.916244
1.5976 0.954323
1.615 1.09848
1.62237 1.14291
1.64289 1.2964
1.65003 1.35297
1.66899 1.51972
1.67546 1.5892
1.69538 1.77052
1.70639 1.87541
1.73025 2.04751
1.78501 2.25841
1.81086 2.34203
1.8725 2.52302
1.90593 2.60477
1.99181 2.78511
2.03714 2.86453
2.14544 3.02804
2.20243 3.09881
2.33622 3.24448
2.40382 3.30491
2.55309 3.4257
2.62154 3.47489
2.80033 3.59518
2.95947 3.66229
3.05839 3.70974
3.28382 3.78784
3.47503 3.83859
3.59842 3.87496
3.87242 3.92518
4.08359 3.96804
4.37165 4.03116
4.53928 4.06622
4.77944 4.11466
4.90974 4.13541
5.12797 4.16114
5.23389 4.16832
5.44688 4.16404
5.55688 4.15183
5.77174 4.09843
5.88562 4.05909
6.09166 3.95912
6.19994 3.89445
6.38655 3.75445
6.48296 3.66854
6.6435 3.4955
6.72435 3.39296
6.85436 3.19551
6.91644 3.08319
7.0136 2.86943
7.05872 2.74857
7.12602 2.5253
7.15494 2.40294
7.1962 2.17796
7.21176 2.05895
7.23253 1.83884
7.23817 1.72806
7.24407 1.51833
7.24312 1.41976
7.23802 1.22326
7.23292 1.13743
7.21822 0.953351
7.20993 0.87778
7.18455 0.702959
7.17247 0.633525
7.13373 0.464813
7.11622 0.398264
7.06067 0.234448
7.0356 0.169116
6.95971 0.0108824
6.92477 -0.0540352
6.82503 -0.205797
6.77606 -0.276172
6.63434 -0.446014
6.49967 -0.564695
6.40615 -0.644806
6.23791 -0.761825
6.14912 -0.813265
5.9776 -0.895494
5.87882 -0.886295
5.7676 -0.885897
5.61306 -0.814202
5.5667 -0.775663
5.4908 -0.650515
5.47607 -0.601546
5.45373 -0.454603
5.44916 -0.406992
5.44342 -0.257493
5.44009 -0.212643
5.4355 -0.0537476
5.43693 0.0292174
5.43733 0.258573
5.44277 0.39094
5.4521 0.662218
5.45896 0.836658
5.46316 1.07944
5.45639 1.19995
5.43164 1.41736
5.40812 1.53377
5.34899 1.74545
5.31269 1.8285
5.23508 2.00584
5.20586 2.07207
5.13569 2.25762
5.09482 2.3544
5.046 2.47197
4.9638 2.64959
4.92555 2.74899
4.85946 2.89576
4.78093 3.08002
4.7594 3.12211
4.7142 3.2544
4.70501 3.29125
4.6902 3.42954
4.69375 3.47243
4.74576 3.59736
4.77789 3.62771
4.89351 3.63914
4.92712 3.61702
5.00694 3.48946
5.0467 3.39925
5.12278 3.20742
5.15783 3.11337
5.22146 2.89341
5.26243 2.72091
5.30767 2.37339
5.31531 2.20176
5.32098 1.9568
5.29745 1.75172
5.27838 1.61978
5.24521 1.44758
5.23021 1.39157
5.16814 1.22939
5.1276 1.13951
5.03157 0.952419
4.98548 0.867666
4.86136 0.670839
4.80747 0.592606
4.66989 0.422609
4.61679 0.366718
4.44926 0.234951
4.33209 0.166066
4.16398 0.057978
3.95039 -0.0304263
3.83677 -0.0692995
3.60304 -0.11931
3.45433 -0.13971
3.21986 -0.154438
3.09718 -0.150397
2.88484 -0.125297
2.78847 -0.10756
2.60279 -0.0606521
2.52587 -0.0341974
2.35616 0.0433556
2.27881 0.0858172
2.11255 0.192753
2.02788 0.251158
1.85402 0.381221
1.7581 0.453766
1.57611 0.599841
1.4756 0.682988
1.31123 0.850543
1.22898 0.946958
1.09307 1.13423
1.02224 1.24126
0.895837 1.46497
0.808546 1.66587
0.757021 1.80293
0.691425 2.01575
0.66561 2.126
0.632901 2.34247
0.623555 2.45733
0.623508 2.6792
0.631498 2.79689
0.663851 3.01878
0.68922 3.136
0.753341 3.35278
0.79566 3.46682
0.890238 3.67455
0.948325 3.7884
1.08208 4.01078
1.21353 4.19444
1.31841 4.31295
1.46039 4.4592
1.54897 4.47896
1.66452 4.51953
1.83799 4.48809
1.90086 4.46165
2.01272 4.35889
2.0445 4.31218
2.11641 4.17813
2.14042 4.13081
2.20774 3.99286
2.23303 3.94769
2.3087 3.81217
2.33669 3.76955
2.42239 3.63662
2.46218 3.5776
2.57541 3.41207
2.64907 3.31002
2.76674 3.14525
2.92242 2.95661
2.98792 2.88281
3.12174 2.76802
3.17109 2.74013
3.32468 2.66305
3.35691 2.64941
3.51298 2.59014
3.58639 2.56596
3.73328 2.52586
3.81658 2.51126
3.90096 2.49376
4.06713 2.47959
4.11217 2.47919
4.30158 2.49038
4.34412 2.49526
4.50116 2.53076
4.59661 2.55871
4.7574 2.61579
4.82677 2.64565
4.96641 2.71972
5.01369 2.75271
5.14744 2.88241
5.22105 2.98072
5.33805 3.10871
5.41751 3.29036
5.43947 3.38788
5.46585 3.63034
5.44732 3.8354
5.44391 3.96214
5.38825 4.17465
5.33679 4.28832
5.20795 4.50835
5.06152 4.66057
4.97595 4.76131
4.78379 4.88977
4.66875 4.93733
4.4271 5.00613
4.21399 5.01362
4.0664 5.02793
3.84331 4.99182
3.7287 4.95001
3.5352 4.83506
3.44883 4.75799
3.31008 4.5898
3.25705 4.49722
3.18447 4.32854
3.17097 4.19453
3.1498 4.06972
3.14032 3.86302
3.14304 3.78516
3.15443 3.62083
3.15696 3.57908
3.16832 3.40958
3.17149 3.32344
3.18541 3.06361
3.19097 2.87723
3.19415 2.64431
3.20072 2.54569
3.22265 2.30104
3.23452 2.19339
3.25274 1.99884
3.2603 1.92696
3.27833 1.76652
3.30348 1.62199
3.31383 1.57072
3.34417 1.41001
3.35013 1.3749
3.3757 1.22134
3.3805 1.17997
3.39672 1.0112
3.39845 0.973993
3.39446 0.832085
3.38931 0.791414
3.35766 0.645886
3.3352 0.577601
3.26593 0.384306
3.20939 0.236319
3.13573 0.0443795
3.11684 -0.00697223
3.054 -0.151201
3.03068 -0.206746
2.92626 -0.343903
2.86881 -0.397469
2.69836 -0.486651
2.61241 -0.506481
2.38788 -0.522324
2.21494 -0.481811
2.09694 -0.464281
1.91121 -0.371802
1.82737 -0.312277
1.67939 -0.177754
1.62637 -0.110046
1.56372 -0.00815016
1.5109 0.129678
1.51484 0.324678
1.5241 0.408355
1.53825 0.594396
1.55626 0.666508
1.57016 0.825588
1.5771 0.865389
1.59132 1.00672
1.5986 1.04832
1.61865 1.19555
1.62648 1.24624
1.64684 1.40565
1.65374 1.4692
1.67295 1.64191
1.67915 1.7203
1.70125 1.92793
1.73886 2.09958
1.76602 2.20917
1.81905 2.39416
1.84785 2.47635
1.92102 2.65534
1.9625 2.74122
2.05856 2.91276
2.1102 2.98876
2.23129 3.143
2.29561 3.21077
2.43836 3.34481
2.5072 3.39965
2.66125 3.50965
2.75673 3.56545
2.90688 3.65792
3.10618 3.73212
3.23507 3.77756
3.42226 3.83833
3.64972 3.88735
3.81965 3.92637
4.13296 3.9867
4.31923 4.02508
4.58828 4.08583
4.72677 4.11148
4.96038 4.15025
5.07525 4.16346
5.28627 4.17478
5.39532 4.17529
5.60941 4.14677
5.72395 4.12082
5.93591 4.04308
6.04889 3.99004
6.24619 3.86903
6.34997 3.7925
6.52387 3.6352
6.61392 3.5392
6.75924 3.35336
6.83211 3.24337
6.94486 3.03872
6.99914 2.92018
7.08122 2.70083
7.11847 2.57753
7.17241 2.35314
7.19472 2.23071
7.22549 2.00799
7.23607 1.8915
7.2494 1.67649
7.25172 1.57054
7.25242 1.36781
7.24945 1.27478
7.24009 1.08514
7.23351 1.00386
7.2141 0.825171
7.20401 0.752013
7.1725 0.580752
7.15769 0.511838
7.11093 0.345756
7.08943 0.278697
7.02391 0.117651
6.99348 0.0514386
6.9058 -0.103283
6.86397 -0.170186
6.74837 -0.3211
6.67258 -0.409639
6.54903 -0.546022
6.36975 -0.683013
6.28621 -0.74055
6.10868 -0.847164
6.0273 -0.877735
5.88065 -0.910689
5.72992 -0.869751
5.65683 -0.843689
5.54275 -0.744747
5.5152 -0.697309
5.47189 -0.556601
5.46385 -0.506397
5.45329 -0.357535
5.44983 -0.309876
5.44509 -0.160106
5.44357 -0.105901
5.44058 0.0818647
5.44268 0.206071
5.44828 0.443425
5.45532 0.609543
5.46824 0.888609
5.46686 1.0268
5.45796 1.2527
5.44391 1.36603
5.40114 1.58608
5.36876 1.69651
5.29883 1.87942
5.25944 1.95903
5.19144 2.12283
5.1577 2.20966
5.09948 2.36595
5.02909 2.52196
4.99012 2.60385
4.90637 2.79763
4.84704 2.94578
4.80372 3.03243
4.74665 3.17332
4.73434 3.20812
4.70094 3.34386
4.69639 3.38552
4.71041 3.5225
4.72734 3.56527
4.81945 3.64898
4.8647 3.65291
4.96715 3.58263
4.99424 3.53812
5.07385 3.35399
5.11093 3.25885
5.17813 3.06466
5.22215 2.94618
5.27145 2.66891
5.30321 2.42597
5.32608 2.1501
5.3204 2.00957
5.30847 1.80333
5.27735 1.57085
5.26068 1.49803
5.21664 1.34057
5.1939 1.27545
5.1073 1.0908
5.05996 0.996903
4.96016 0.821361
4.89272 0.713282
4.77753 0.549146
4.70666 0.460472
4.57849 0.330408
4.49364 0.26352
4.29571 0.127836
4.11629 0.0431096
4.00137 -0.0167854
3.78659 -0.0856512
3.65567 -0.115434
3.40278 -0.150995
3.2725 -0.158181
3.04446 -0.152861
2.93592 -0.138564
2.73587 -0.103338
2.6511 -0.0818832
2.47489 -0.0205657
2.39943 0.0131347
2.23062 0.107326
2.15141 0.157048
1.98191 0.277077
1.89098 0.343546
1.71339 0.481808
1.6125 0.561618
1.43327 0.714498
1.34091 0.806907
1.19162 0.984225
1.1155 1.08646
0.99102 1.2838
0.915126 1.41727
0.817639 1.61389
0.732132 1.84947
0.698157 1.96341
0.649229 2.17616
0.631299 2.28972
0.615006 2.5094
0.614316 2.62723
0.630571 2.84965
0.647452 2.96861
0.695791 3.18837
0.730064 3.30542
0.809451 3.51776
0.860102 3.63123
0.969887 3.83657
1.0462 3.97208
1.17515 4.15822
1.33744 4.36218
1.41925 4.42614
1.55164 4.50894
1.70203 4.50798
1.78819 4.50558
1.93068 4.43896
1.97616 4.39695
2.06316 4.27247
2.08975 4.22368
2.15679 4.08633
2.18165 4.03873
2.25274 3.9017
2.28014 3.85655
2.36101 3.72271
2.39115 3.67916
2.48952 3.53246
2.54267 3.45346
2.6759 3.26458
2.80174 3.10715
2.88734 2.99603
3.02659 2.84691
3.08007 2.80041
3.218 2.71594
3.27786 2.6874
3.40647 2.63128
3.46388 2.60949
3.63749 2.55277
3.68272 2.54095
3.8179 2.5096
3.95361 2.49013
4.01448 2.48311
4.1649 2.48145
4.24897 2.48619
4.39591 2.50539
4.45082 2.51847
4.64667 2.5754
4.7082 2.59672
4.87422 2.66875
4.9218 2.69152
5.054 2.78676
5.10978 2.84644
5.26395 3.01147
5.34785 3.16057
5.40345 3.2395
5.45031 3.43953
5.45266 3.58816
5.46682 3.78636
5.43428 4.01403
5.4062 4.12502
5.31551 4.33662
5.2256 4.45862
5.10888 4.6373
4.93485 4.79442
4.83118 4.86656
4.6203 4.95825
4.47488 4.98373
4.26399 5.0305
4.0138 5.02368
3.89379 5.00722
3.68014 4.92935
3.57713 4.86711
3.41015 4.7221
3.33935 4.63371
3.22706 4.4538
3.20673 4.37639
3.16273 4.22546
3.14678 4.01703
3.14084 3.9158
3.14458 3.73542
3.15053 3.67346
3.15998 3.5264
3.16339 3.46212
3.17388 3.27072
3.18025 3.11613
3.18677 2.82462
3.19036 2.69695
3.20239 2.49294
3.21529 2.3533
3.23457 2.14061
3.2444 2.05095
3.26148 1.87419
3.27496 1.77645
3.28936 1.67284
3.3201 1.51832
3.331 1.46111
3.35577 1.32242
3.36377 1.27274
3.38374 1.1273
3.38991 1.06353
3.39584 0.921283
3.39459 0.880939
3.37874 0.739711
3.36678 0.689302
3.3182 0.527643
3.28105 0.424658
3.19236 0.186369
3.15597 0.0931181
3.09773 -0.056167
3.07731 -0.105651
3.00283 -0.251569
2.96567 -0.308805
2.82614 -0.428525
2.74886 -0.471327
2.56087 -0.517834
2.43992 -0.513513
2.25348 -0.517863
2.04694 -0.447382
1.95262 -0.404512
1.78101 -0.28706
1.71002 -0.220731
1.58541 -0.0767683
1.52382 0.0250728
1.51711 0.169516
1.50573 0.273411
1.51403 0.45944
1.52618 0.543744
1.54509 0.717367
1.55784 0.774997
1.56902 0.916828
1.57587 0.956998
1.59398 1.10019
1.60194 1.14624
1.6233 1.29821
1.63095 1.35606
1.65077 1.52118
1.65779 1.5921
1.67839 1.77237
1.69149 1.88507
1.71634 2.05263
1.77049 2.26105
1.79726 2.34687
1.85938 2.52713
1.89394 2.61087
1.98001 2.79026
2.0267 2.87158
2.13506 3.03451
2.1936 3.10707
2.32697 3.25234
2.3961 3.31439
2.54477 3.4357
2.61464 3.48644
2.79178 3.60395
2.94781 3.6724
3.05454 3.72549
3.28028 3.80339
3.47226 3.85288
3.59768 3.88902
3.87014 3.93914
4.08113 3.98167
4.36765 4.04424
4.53659 4.0795
4.77621 4.12782
4.90833 4.14887
5.12614 4.17449
5.23468 4.18178
5.44733 4.17767
5.56039 4.16432
5.77492 4.11016
5.89113 4.06966
6.09669 3.9694
6.20697 3.90329
6.39311 3.76333
6.49125 3.67578
6.65143 3.50308
6.73373 3.39875
6.86357 3.20188
6.92693 3.08761
7.02425 2.87456
7.07044 2.75177
7.13821 2.52934
7.16807 2.40503
7.21016 2.18099
7.22658 2.06005
7.24849 1.84093
7.25491 1.72827
7.26208 1.51951
7.26177 1.41903
7.25787 1.22339
7.25319 1.13554
7.23941 0.952126
7.2312 0.874353
7.20633 0.699995
7.19394 0.628205
7.15527 0.459824
7.137 0.390832
7.08115 0.227289
7.05486 0.159525
6.97838 0.00160572
6.94176 -0.0656196
6.84099 -0.216909
6.78963 -0.289335
6.65029 -0.456697
6.50908 -0.57942
6.41549 -0.658136
6.24763 -0.775521
6.15715 -0.828145
5.98989 -0.906329
5.88594 -0.897213
5.77555 -0.894834
5.62491 -0.824816
5.57718 -0.78381
5.50264 -0.657801
5.48727 -0.606349
5.46523 -0.459487
5.46053 -0.4091
5.45507 -0.259552
5.45177 -0.211746
5.4474 -0.0539723
5.44878 0.0304439
5.44875 0.257785
5.45396 0.391665
5.46257 0.661105
5.46902 0.836545
5.47267 1.07854
5.46551 1.20118
5.44067 1.418
5.41677 1.53642
5.3583 1.74752
5.32146 1.83253
5.24512 2.00909
5.21577 2.0768
5.1472 2.26066
5.10331 2.36335
5.05531 2.47697
4.97416 2.65341
4.93465 2.75391
4.86892 2.90188
4.79226 3.08137
4.76978 3.12667
4.7248 3.25931
4.71506 3.29905
4.70107 3.43738
4.7053 3.48284
4.75856 3.60694
4.79283 3.63762
4.90744 3.64606
4.94295 3.62213
5.02193 3.49402
5.06095 3.40444
5.13553 3.21296
5.17108 3.11625
5.23381 2.89543
5.27424 2.72091
5.31838 2.37616
5.32557 2.20217
5.33065 1.95852
5.30662 1.75689
5.28693 1.62203
5.2532 1.4465
5.23744 1.3883
5.17547 1.22675
5.13417 1.1354
5.03839 0.94951
4.99122 0.863157
4.86741 0.667777
4.81219 0.588004
4.67507 0.419077
4.62022 0.361556
4.45335 0.230529
4.33666 0.159995
4.1677 0.0514309
3.95341 -0.037055
3.83794 -0.0769718
3.60513 -0.127945
3.45482 -0.149347
3.22092 -0.165342
3.09575 -0.161848
2.88386 -0.137622
2.78527 -0.119802
2.59975 -0.0732928
2.52028 -0.0460748
2.35057 0.0311466
2.2711 0.0745835
2.1052 0.181038
2.01898 0.240515
1.84627 0.370234
1.74941 0.444211
1.56892 0.590128
1.46631 0.674257
1.3014 0.840833
1.21727 0.938915
1.08133 1.12576
1.00893 1.23491
0.882609 1.45794
0.794597 1.66058
0.743399 1.79863
0.677837 2.01135
0.651559 2.12414
0.619029 2.34032
0.609564 2.45762
0.609635 2.67909
0.61785 2.79916
0.650224 3.02061
0.676125 3.14015
0.740083 3.35651
0.783128 3.47283
0.877169 3.68042
0.935832 3.79718
1.06723 4.01971
1.19638 4.20577
1.30119 4.3248
1.43973 4.46462
1.53969 4.48809
1.65237 4.52364
1.82286 4.49524
1.88677 4.46695
1.99893 4.36448
2.03334 4.31516
2.106 4.18154
2.13139 4.13179
2.19916 3.994
2.22585 3.94629
2.30187 3.8108
2.33148 3.7656
2.41708 3.634
2.45815 3.57402
2.57215 3.41053
2.64784 3.30666
2.76536 3.14439
2.92242 2.95755
2.98932 2.88327
3.12306 2.77103
3.17384 2.74354
3.32446 2.66778
3.35905 2.65279
3.51349 2.59368
3.588 2.56897
3.7334 2.529
3.81786 2.51382
3.90335 2.49615
4.06653 2.48171
4.11467 2.48121
4.29897 2.49171
4.34454 2.4969
4.50111 2.532
4.59697 2.55987
4.75647 2.61624
4.82712 2.64655
4.96533 2.72008
5.01377 2.75377
5.14758 2.88225
5.22322 2.98043
5.34123 3.11051
5.41949 3.28903
5.4423 3.38966
5.47211 3.63647
5.45359 3.83672
5.44776 3.96374
5.39117 4.17487
5.33972 4.29052
5.21158 4.50876
5.06842 4.65885
4.97843 4.76592
4.78658 4.89343
4.66981 4.94212
4.43051 5.01098
4.21332 5.01849
4.06523 5.03177
3.843 4.99572
3.7265 4.95305
3.53359 4.83855
3.44547 4.76036
3.30576 4.59392
3.25072 4.50018
3.18381 4.34194
3.16797 4.18458
3.14807 4.06909
3.139 3.86645
3.14272 3.78745
3.15241 3.62379
3.15546 3.57827
3.16542 3.41009
3.1683 3.31964
3.18033 3.06406
3.18483 2.87665
3.18667 2.64501
3.19337 2.54422
3.21481 2.30123
3.22674 2.19209
3.24467 1.99888
3.25234 1.92546
3.26995 1.76682
3.2949 1.62249
3.3058 1.56839
3.33586 1.40927
3.34239 1.37152
3.36788 1.22084
3.37322 1.17694
3.38983 1.01146
3.39176 0.971221
3.38852 0.829224
3.3833 0.785671
3.35272 0.639166
3.32969 0.566778
3.26343 0.375659
3.21117 0.234925
3.13946 0.0437328
3.12011 -0.00915095
3.05754 -0.15382
3.03301 -0.212307
2.93095 -0.347607
2.87144 -0.402852
2.70112 -0.492114
2.61281 -0.514128
2.39134 -0.532276
2.20915 -0.490724
2.092 -0.473475
1.90472 -0.384092
1.8172 -0.324495
1.66653 -0.192089
1.61076 -0.122254
1.5474 -0.00725462
1.49771 0.121954
1.49575 0.323799
1.50338 0.409189
1.51438 0.593737
1.53321 0.667392
1.54748 0.824214
1.55496 0.867426
1.56985 1.00801
1.57764 1.05149
1.59844 1.19748
1.6068 1.24957
1.62794 1.40734
1.6354 1.47217
1.65544 1.64341
1.66161 1.72382
1.68477 1.93504
1.7236 2.10348
1.75186 2.21318
1.80529 2.3976
1.83515 2.48184
1.90866 2.66008
1.95129 2.74767
2.04754 2.91852
2.10065 2.99637
2.22157 3.15016
2.28741 3.21958
2.42945 3.35345
2.49999 3.41054
2.65341 3.52013
2.74794 3.57719
2.89647 3.67069
3.10122 3.74692
3.23316 3.79282
3.42089 3.85327
3.64758 3.90121
3.81878 3.94034
4.12914 3.99994
4.31661 4.03845
4.58422 4.09872
4.72493 4.12479
4.9576 4.16342
5.07483 4.17689
5.28564 4.18822
5.39728 4.1892
5.61151 4.15933
5.72856 4.13228
5.94006 4.05403
6.0552 3.99967
6.25199 3.87855
6.35763 3.80047
6.5311 3.64337
6.62271 3.54567
6.76777 3.36029
6.84197 3.24848
6.95474 3.04442
7.01018 2.92396
7.09256 2.70542
7.13082 2.58018
7.18541 2.35668
7.20862 2.23233
7.24037 2.01057
7.25178 1.89219
7.26632 1.67818
7.26936 1.57036
7.27131 1.36856
7.26887 1.27357
7.26057 1.08471
7.25424 1.00131
7.23553 0.823169
7.22533 0.747717
7.19409 0.576839
7.17874 0.505513
7.13185 0.339724
7.10936 0.270216
7.04338 0.109458
7.01149 0.0408746
6.92304 -0.113455
6.87918 -0.182561
6.76303 -0.333276
6.67808 -0.429176
6.55625 -0.559078
6.38031 -0.695566
6.2946 -0.75474
6.11813 -0.861553
6.03832 -0.889224
5.89169 -0.920404
5.74237 -0.881524
5.66737 -0.853721
5.55525 -0.754025
5.52606 -0.703518
5.48343 -0.56276
5.47505 -0.509907
5.46473 -0.361067
5.46126 -0.310544
5.45689 -0.160636
5.4554 -0.104712
5.45232 0.0816878
5.45424 0.206713
5.45928 0.442755
5.46595 0.60985
5.47814 0.887094
5.4764 1.02731
5.46714 1.25253
5.45268 1.36806
5.4102 1.58736
5.37742 1.69985
5.30842 1.88221
5.26872 1.96347
5.20212 2.12631
5.16845 2.21389
5.11086 2.36724
5.03928 2.52577
4.99979 2.6089
4.91685 2.80176
4.8593 2.94358
4.81463 3.03513
4.75747 3.17654
4.74431 3.2143
4.7114 3.35028
4.70684 3.39476
4.722 3.53141
4.74042 3.57616
4.83237 3.65716
4.88048 3.66023
4.98159 3.58829
5.00958 3.54202
5.08709 3.36022
5.12448 3.26312
5.19059 3.06873
5.23467 2.94679
5.28298 2.67029
5.31415 2.42735
5.33639 2.15196
5.33042 2.00989
5.31811 1.80696
5.28563 1.5732
5.26799 1.4957
5.22422 1.33866
5.20069 1.2715
5.11438 1.088
5.06617 0.992716
4.9665 0.818127
4.89808 0.708988
4.78302 0.545724
4.71093 0.455852
4.58292 0.326242
4.49683 0.257872
4.3008 0.123219
4.12139 0.0374317
4.00305 -0.0238462
3.78918 -0.0931417
3.65635 -0.124029
3.40473 -0.160723
3.27218 -0.168765
3.04447 -0.164778
2.93361 -0.150428
2.73405 -0.115862
2.64678 -0.093943
2.47062 -0.0329399
2.39267 0.00172385
2.22414 0.0953904
2.14297 0.146223
1.97423 0.265735
1.88207 0.333403
1.70592 0.471543
1.60436 0.552946
1.42492 0.704673
1.3304 0.798434
1.18081 0.975097
1.10305 1.07921
0.978449 1.27626
0.900083 1.41492
0.80394 1.61007
0.719004 1.84383
0.684338 1.9604
0.635563 2.17296
0.617338 2.28898
0.601194 2.5083
0.60056 2.62853
0.616886 2.85052
0.634149 2.97182
0.682424 3.19113
0.717335 3.31046
0.796371 3.52246
0.847711 3.63834
0.956341 3.84427
1.03245 3.9837
1.15998 4.16952
1.31543 4.36773
1.40001 4.43205
1.53222 4.51284
1.6881 4.51659
1.77422 4.51175
1.91534 4.44532
1.96314 4.40132
2.05086 4.2779
2.07983 4.22574
2.14743 4.08869
2.17365 4.03858
2.2451 3.90166
2.27399 3.85394
2.35497 3.7206
2.38649 3.67527
2.48514 3.53031
2.53988 3.4505
2.67407 3.2625
2.80052 3.10695
2.88794 2.99562
3.02748 2.84888
3.08224 2.80221
3.21951 2.72003
3.2789 2.69151
3.40724 2.63501
3.46577 2.61268
3.63773 2.55609
3.68506 2.54359
3.81908 2.51229
3.95459 2.4925
4.01529 2.48528
4.16599 2.48325
4.24777 2.48769
4.39497 2.50668
4.45286 2.52033
4.64572 2.57606
4.70854 2.59776
4.87325 2.66914
4.92164 2.69308
5.05317 2.78674
5.11263 2.84862
5.2643 3.01126
5.34787 3.15537
5.40615 3.23943
5.45327 3.43984
5.45792 3.5871
5.47345 3.78935
5.43845 4.01425
5.40877 4.12662
5.31893 4.33749
5.23072 4.4611
5.1158 4.63901
4.9379 4.79747
4.83283 4.87108
4.62277 4.96275
4.4735 4.98706
4.2624 5.03366
4.01402 5.02786
3.89213 5.01071
3.67921 4.93299
3.5744 4.86974
3.40736 4.72592
3.33454 4.63647
3.22745 4.4697
3.20601 4.37291
3.16396 4.23579
3.14464 4.01783
3.13947 3.91781
3.14347 3.73974
3.149 3.67504
3.15781 3.52696
3.16088 3.46125
3.17026 3.26831
3.17546 3.11519
3.18014 2.82698
3.18325 2.69626
3.19487 2.49288
3.20766 2.3521
3.22659 2.14073
3.23652 2.0496
3.25324 1.8741
3.26686 1.77482
3.28116 1.67198
3.31181 1.51737
3.32292 1.45898
3.34786 1.32044
3.35594 1.27079
3.37647 1.12568
3.38282 1.06235
3.38942 0.919908
3.38827 0.876638
3.37332 0.735284
3.36066 0.680314
3.3136 0.517997
3.27912 0.419182
3.19466 0.186282
3.15877 0.0913318
3.10164 -0.0570802
3.07998 -0.109286
3.00596 -0.255974
2.96855 -0.314401
2.82989 -0.43305
2.75031 -0.477297
2.56279 -0.525815
2.42982 -0.519929
2.2498 -0.522127
2.04299 -0.458104
1.94553 -0.415282
1.77173 -0.300608
1.69714 -0.233341
1.57118 -0.0895164
1.5134 0.0101948
1.4975 0.172616
1.48875 0.273623
1.49217 0.458596
1.5038 0.544192
1.52194 0.716785
1.53511 0.775084
1.54717 0.917486
1.55448 0.959736
1.57325 1.10196
1.58178 1.14964
1.60382 1.30014
1.61197 1.35926
1.63261 1.52276
1.64007 1.59514
1.66128 1.77448
1.67467 1.88539
1.70066 2.0583
1.75615 2.26366
1.78391 2.35167
1.84641 2.53123
1.88211 2.61693
1.96835 2.79538
2.01639 2.87857
2.12477 3.04092
2.18483 3.11527
2.31772 3.26017
2.38831 3.32389
2.53629 3.44588
2.60783 3.49802
2.78165 3.61501
2.9444 3.68712
3.05106 3.73982
3.27702 3.81817
3.46961 3.86718
3.59698 3.9037
3.86789 3.95281
4.07869 3.99522
4.36365 4.05726
4.53393 4.09266
4.77298 4.14085
4.90695 4.16219
5.12432 4.18773
5.23545 4.19517
5.44791 4.19092
5.56398 4.17687
5.77814 4.12184
5.89665 4.08014
6.1017 3.97957
6.21396 3.91203
6.39961 3.77212
6.49946 3.68294
6.65926 3.51059
6.74302 3.40449
6.8727 3.2082
6.93733 3.092
7.03479 2.87968
7.08205 2.75498
7.1503 2.53341
7.18112 2.40716
7.22402 2.18406
7.24131 2.06122
7.26432 1.8431
7.27153 1.72858
7.27993 1.52081
7.28026 1.41842
7.27751 1.22365
7.27322 1.13376
7.26031 0.951008
7.25218 0.871017
7.22778 0.697113
7.21507 0.622955
7.17645 0.454902
7.15742 0.383465
7.10125 0.220207
7.07373 0.150022
6.99663 -0.00756024
6.95829 -0.0770632
6.85674 -0.227979
6.80377 -0.303157
6.65943 -0.476279
6.51967 -0.594135
6.42476 -0.671244
6.25734 -0.789062
6.16517 -0.842732
6.00087 -0.917083
5.89813 -0.909245
5.78688 -0.905726
5.6386 -0.835827
5.58844 -0.792303
5.51462 -0.665778
5.49826 -0.611203
5.47656 -0.464413
5.47173 -0.411243
5.46656 -0.26165
5.46331 -0.210891
5.4592 -0.0541921
5.46054 0.0316956
5.46011 0.257034
5.4651 0.392427
5.47301 0.660018
5.47905 0.836439
5.48216 1.07765
5.4746 1.20242
5.44969 1.41863
5.4254 1.53903
5.36762 1.74955
5.33031 1.83652
5.25519 2.01229
5.22569 2.08147
5.1585 2.26357
5.11241 2.37053
5.0647 2.48195
4.98451 2.6572
4.94326 2.75852
4.87726 2.91011
4.80449 3.08028
4.77995 3.13113
4.73521 3.26414
4.72495 3.30678
4.71179 3.44518
4.71673 3.4932
4.77114 3.61645
4.80748 3.64747
4.92141 3.65291
4.95865 3.62702
5.03647 3.49907
5.07513 3.40945
5.14821 3.21836
5.18415 3.11898
5.24589 2.89738
5.28616 2.72085
5.32897 2.37891
5.33601 2.20262
5.34129 1.9604
5.31533 1.75637
5.29516 1.62296
5.26089 1.44553
5.24447 1.3851
5.18272 1.22413
5.14066 1.13131
5.04515 0.946621
4.99689 0.858665
4.87344 0.66472
4.81689 0.583403
4.68019 0.415584
4.62366 0.356354
4.4577 0.225702
4.33862 0.152924
4.1714 0.0455098
3.95645 -0.0437357
3.83913 -0.0846756
3.60724 -0.136508
3.45536 -0.158938
3.22206 -0.176155
3.0945 -0.172747
2.88295 -0.149768
2.78213 -0.131834
2.59679 -0.0857254
2.51479 -0.05776
2.34509 0.0191005
2.26351 0.0635002
2.09796 0.169481
2.01019 0.230051
1.83861 0.359436
1.74078 0.434782
1.56178 0.580397
1.45715 0.665582
1.29184 0.831289
1.20579 0.931021
1.06972 1.11737
0.99555 1.22857
0.867828 1.45399
0.780901 1.6552
0.729835 1.79434
0.66449 2.00701
0.637717 2.12234
0.60535 2.33821
0.595767 2.45793
0.595949 2.67899
0.604385 2.80142
0.636767 3.02242
0.663185 3.14426
0.726944 3.3602
0.770673 3.4788
0.86397 3.68632
0.922937 3.80618
1.0528 4.0301
1.17308 4.2082
1.28033 4.3312
1.41791 4.46748
1.52662 4.49587
1.63896 4.52894
1.80673 4.50251
1.87262 4.47255
1.98446 4.37118
2.02151 4.3192
2.09514 4.18608
2.12257 4.13283
2.19075 3.99525
2.21884 3.94499
2.29493 3.81003
2.32614 3.76226
2.41202 3.63151
2.45443 3.57061
2.56914 3.40915
2.64609 3.30442
2.76476 3.14284
2.92252 2.9586
2.99092 2.88396
3.12439 2.7741
3.17663 2.74701
3.32423 2.67241
3.36119 2.65613
3.51401 2.59721
3.58962 2.57196
3.73435 2.53189
3.81987 2.51614
3.90576 2.49846
4.06593 2.4838
4.11554 2.48308
4.29799 2.49311
4.34495 2.4986
4.50181 2.53341
4.59735 2.56102
4.75552 2.61674
4.82742 2.64756
4.96416 2.72062
5.01665 2.75733
5.14938 2.88349
5.22619 2.97991
5.34485 3.11452
5.42144 3.28773
5.44631 3.38966
5.47546 3.63463
5.45682 3.83437
5.45242 3.96555
5.3943 4.17517
5.34295 4.29288
5.21731 4.50995
5.07138 4.66337
4.98041 4.76991
4.78944 4.89724
4.67068 4.94628
4.4309 5.01449
4.21477 5.02248
4.06409 5.03554
3.84272 4.99954
3.72431 4.95607
3.53186 4.84224
3.44183 4.76304
3.29966 4.59973
3.25186 4.5141
3.18843 4.36334
3.16359 4.18513
3.14683 4.06845
3.13751 3.87156
3.14185 3.79038
3.15025 3.62725
3.1536 3.57744
3.16252 3.41062
3.1649 3.31869
3.17521 3.06453
3.17858 2.87762
3.17915 2.64576
3.18609 2.54277
3.20699 2.30144
3.21897 2.19081
3.23656 1.99893
3.2443 1.92396
3.26178 1.76699
3.28656 1.62241
3.29788 1.56608
3.32764 1.40854
3.33475 1.36813
3.36009 1.2203
3.36598 1.17392
3.38295 1.01169
3.38512 0.968404
3.3826 0.826294
3.3773 0.779781
3.34737 0.631427
3.32552 0.559725
3.26237 0.37137
3.21259 0.233668
3.1428 0.0432523
3.12305 -0.011164
3.06065 -0.156114
3.03504 -0.217665
2.93475 -0.352138
2.87413 -0.408376
2.70404 -0.497935
2.61306 -0.519482
2.3844 -0.542373
2.20303 -0.502658
2.08754 -0.482227
1.89861 -0.396172
1.80756 -0.336428
1.65479 -0.205532
1.59713 -0.133025
1.5286 0.000838245
1.48751 0.123666
1.47639 0.322028
1.48285 0.409514
1.4915 0.592614
1.51042 0.668173
1.5252 0.823221
1.53331 0.869486
1.54871 1.00936
1.55702 1.05471
1.57845 1.19949
1.58731 1.25299
1.60912 1.40914
1.61712 1.47526
1.63786 1.64505
1.64488 1.72729
1.66981 1.93511
1.70737 2.09987
1.73738 2.21736
1.79173 2.40101
1.82264 2.48729
1.89645 2.66479
1.94023 2.75408
2.03664 2.92424
2.0912 3.00393
2.2119 3.15726
2.27921 3.22834
2.42045 3.36214
2.49266 3.42154
2.64516 3.53122
2.74956 3.59373
2.89464 3.68264
3.09641 3.76077
3.2314 3.80731
3.41966 3.86802
3.64554 3.91544
3.81796 3.95454
4.12536 4.01306
4.314 4.05174
4.58019 4.11151
4.7231 4.13797
4.95483 4.17646
5.07442 4.19022
5.28501 4.20149
5.3994 4.20288
5.61369 4.17186
5.73322 4.14372
5.94422 4.06489
6.06148 4.00921
6.25775 3.88797
6.36522 3.80836
6.53825 3.65146
6.63142 3.55208
6.77622 3.36716
6.85174 3.25355
6.96452 3.05009
7.02112 2.92773
7.1038 2.71
7.14307 2.58284
7.1983 2.36025
7.22244 2.234
7.25514 2.01322
7.26739 1.89297
7.2831 1.67998
7.28687 1.57029
7.29 1.36942
7.28809 1.27247
7.28079 1.08438
7.27471 0.998849
7.25665 0.821258
7.24634 0.743499
7.21534 0.572997
7.19944 0.499252
7.15241 0.333758
7.12891 0.261808
7.06246 0.101353
7.02908 0.0304235
6.93992 -0.123521
6.89423 -0.194961
6.77736 -0.345567
6.6935 -0.439738
6.5662 -0.575933
6.39099 -0.708066
6.30297 -0.768731
6.12737 -0.875397
6.04845 -0.901868
5.90215 -0.93094
5.75732 -0.893592
5.67975 -0.864155
5.56855 -0.763997
5.53727 -0.710311
5.49484 -0.569173
5.48606 -0.51346
5.47599 -0.364646
5.47254 -0.31125
5.46856 -0.161208
5.46712 -0.10352
5.46399 0.0815355
5.46573 0.207391
5.47023 0.442121
5.47654 0.610183
5.48803 0.885586
5.48592 1.02783
5.47631 1.25235
5.46144 1.37008
5.41927 1.58861
5.38618 1.70317
5.31796 1.88493
5.27805 1.96787
5.21272 2.12972
5.17904 2.21803
5.12172 2.36958
5.04949 2.52954
5.00954 2.61396
4.92695 2.80575
4.87336 2.9363
4.82656 3.03546
4.7681 3.17967
4.75407 3.22037
4.72169 3.35663
4.71715 3.40391
4.73341 3.54029
4.75335 3.58699
4.84533 3.66539
4.89594 3.6674
4.99607 3.59391
5.025 3.5453
5.10028 3.36629
5.13791 3.26725
5.20287 3.07267
5.24735 2.94732
5.29455 2.6716
5.32505 2.42871
5.34714 2.15391
5.33946 2.00832
5.32666 1.80503
5.29344 1.57303
5.27519 1.4934
5.23163 1.33682
5.20734 1.26761
5.12138 1.08522
5.07231 0.988552
4.97279 0.814904
4.90339 0.704706
4.78848 0.54231
4.71516 0.451256
4.58742 0.321962
4.50004 0.252221
4.30422 0.116696
4.1239 0.0300404
4.0047 -0.0307557
3.79179 -0.100633
3.65705 -0.132602
3.40673 -0.170372
3.27192 -0.17921
3.04467 -0.176391
2.93139 -0.161993
2.73231 -0.12818
2.64254 -0.105801
2.46645 -0.0451267
2.38603 -0.00952006
2.21778 0.0836144
2.13463 0.135558
1.96667 0.254574
1.87326 0.323446
1.69849 0.461377
1.596 0.543997
1.41675 0.694979
1.3201 0.79009
1.17022 0.966101
1.09073 1.07204
0.966041 1.26888
0.887509 1.40807
0.789546 1.60599
0.706017 1.83826
0.670696 1.95744
0.622104 2.1698
0.603575 2.28828
0.587572 2.50721
0.586993 2.62984
0.60338 2.85137
0.621018 2.97501
0.669204 3.19386
0.704727 3.31546
0.783312 3.52714
0.835187 3.64549
0.942549 3.85213
1.01953 3.99283
1.13677 4.17389
1.28964 4.36578
1.3796 4.43542
1.51266 4.5165
1.67121 4.52419
1.75932 4.51826
1.89889 4.45277
1.94943 4.4068
2.03798 4.28438
2.0694 4.2289
2.13763 4.09232
2.16582 4.03854
2.23717 3.90252
2.26771 3.85193
2.34868 3.71949
2.3821 3.67152
2.48104 3.52832
2.53736 3.44769
2.67197 3.26168
2.79858 3.10823
2.88864 2.99532
3.02845 2.85098
3.08447 2.80414
3.22103 2.7241
3.27996 2.69556
3.40802 2.63872
3.46766 2.61584
3.63797 2.55939
3.68853 2.54584
3.82061 2.51481
3.95558 2.49476
4.0161 2.48739
4.16546 2.48495
4.24818 2.48929
4.39402 2.50801
4.45439 2.52207
4.64477 2.57671
4.70888 2.59883
4.87222 2.66965
4.92143 2.69474
5.0551 2.78923
5.11738 2.85216
5.26474 3.01168
5.34721 3.14789
5.40938 3.23925
5.45684 3.43849
5.4617 3.5866
5.47763 3.78895
5.44234 4.01449
5.41208 4.12848
5.32305 4.33871
5.23059 4.46725
5.11669 4.64232
4.94117 4.80083
4.83435 4.87534
4.62486 4.96619
4.47464 4.99189
4.26235 5.03772
4.01429 5.03161
3.8905 5.01413
3.67827 4.93668
3.57158 4.87254
3.40383 4.73061
3.32843 4.64057
3.22855 4.48631
3.20053 4.3631
3.16512 4.23506
3.14214 4.01871
3.13809 3.92152
3.14214 3.74513
3.14722 3.67712
3.15546 3.52752
3.15826 3.46039
3.16644 3.26876
3.17075 3.11429
3.17365 2.8285
3.17612 2.69563
3.1874 2.49283
3.20008 2.35092
3.21861 2.14086
3.22861 2.04826
3.24503 1.87401
3.25886 1.77292
3.27324 1.67056
3.30362 1.51645
3.31495 1.45686
3.34001 1.31845
3.34816 1.26881
3.36923 1.12407
3.37575 1.06112
3.38302 0.918489
3.382 0.872309
3.36782 0.73073
3.35529 0.673706
3.31032 0.512135
3.27673 0.412923
3.19675 0.186287
3.16121 0.0896957
3.10515 -0.057805
3.0822 -0.112832
3.00874 -0.260143
2.96935 -0.321468
2.83375 -0.437785
2.75175 -0.483122
2.56452 -0.531329
2.43226 -0.528025
2.2434 -0.532093
2.03936 -0.469002
1.93886 -0.425772
1.76311 -0.313615
1.68525 -0.245132
1.55765 -0.102416
1.50383 -0.00121192
1.47875 0.172136
1.47151 0.273015
1.47075 0.457261
1.48201 0.544282
1.49968 0.715252
1.51281 0.775549
1.52581 0.917707
1.53351 0.962512
1.5528 1.10378
1.56189 1.1531
1.58449 1.30217
1.59311 1.36255
1.61446 1.52444
1.62244 1.59827
1.64486 1.77655
1.65812 1.88726
1.68369 2.0578
1.7413 2.26646
1.77061 2.35652
1.83361 2.53531
1.87044 2.62296
1.95683 2.80045
2.00622 2.8855
2.11457 3.04728
2.17612 3.12341
2.30843 3.26799
2.38042 3.33343
2.52739 3.45646
2.60065 3.51014
2.7781 3.63068
2.93985 3.70219
3.04769 3.75351
3.27386 3.83227
3.46708 3.88131
3.59637 3.9184
3.8657 3.96667
4.07629 4.00875
4.35967 4.07017
4.53128 4.10573
4.76976 4.15374
4.90558 4.17538
5.12252 4.20084
5.23625 4.20841
5.44865 4.20378
5.56763 4.18932
5.7814 4.13349
5.90217 4.09054
6.10669 3.98965
6.22091 3.92067
6.40606 3.78082
6.5076 3.69002
6.66702 3.51803
6.75222 3.41017
6.88172 3.21447
6.94763 3.09636
7.04523 2.88479
7.09358 2.75818
7.16228 2.53749
7.19407 2.40932
7.23777 2.18719
7.25596 2.06246
7.28003 1.84536
7.28803 1.72899
7.29761 1.52222
7.29857 1.41792
7.29691 1.22401
7.29303 1.13209
7.28094 0.949989
7.27287 0.867766
7.24891 0.694311
7.23586 0.617772
7.19727 0.450045
7.17746 0.376164
7.12097 0.213198
7.0922 0.140611
7.0145 -0.0166223
6.97446 -0.0884049
6.87227 -0.23905
6.81683 -0.316095
6.67261 -0.484344
6.53562 -0.602138
6.43474 -0.685438
6.26695 -0.802329
6.17306 -0.857006
6.01189 -0.928288
5.91205 -0.922257
5.80025 -0.917754
5.65366 -0.847198
5.60079 -0.80124
5.52707 -0.67462
5.50923 -0.616279
5.4877 -0.469412
5.48277 -0.413432
5.47789 -0.263794
5.47474 -0.210074
5.47092 -0.054411
5.47221 0.032971
5.47143 0.256317
5.47618 0.393226
5.48343 0.658955
5.48905 0.836341
5.49164 1.07675
5.48368 1.20364
5.4587 1.41926
5.43406 1.54163
5.37701 1.75156
5.33916 1.84047
5.26518 2.01541
5.23558 2.08608
5.16982 2.26482
5.12206 2.37609
5.0742 2.48693
4.99477 2.66095
4.95153 2.76306
4.88505 2.91885
4.81738 3.07731
4.78989 3.13549
4.74542 3.26886
4.73468 3.31438
4.72235 3.45289
4.72802 3.50344
4.7836 3.62586
4.82194 3.65714
4.93534 3.65965
4.97414 3.63184
5.05114 3.50356
5.0893 3.4143
5.16077 3.22362
5.19716 3.12159
5.25815 2.89927
5.29815 2.72073
5.33994 2.38176
5.34656 2.20317
5.35093 1.96042
5.32354 1.75825
5.30294 1.62136
5.26841 1.44462
5.25136 1.38195
5.18985 1.22156
5.14706 1.12725
5.05185 0.94375
5.00251 0.854186
4.87942 0.661673
4.82155 0.578815
4.68533 0.412067
4.62711 0.351133
4.46208 0.220825
4.33981 0.145558
4.17241 0.0385335
3.95956 -0.050477
3.84034 -0.0923277
3.60939 -0.145029
3.45595 -0.168464
3.22325 -0.186781
3.09342 -0.183496
2.88213 -0.161645
2.77908 -0.143628
2.59391 -0.0979516
2.50938 -0.069269
2.33971 0.00721559
2.25602 0.052569
2.09083 0.158084
2.00152 0.219765
1.83103 0.348795
1.73216 0.425422
1.55453 0.570575
1.448 0.656904
1.28247 0.821881
1.1945 0.923244
1.05827 1.10908
0.982712 1.22253
0.856451 1.4463
0.770473 1.64446
0.71618 1.79006
0.65132 2.00272
0.624072 2.12058
0.591866 2.33612
0.582162 2.45825
0.582447 2.67888
0.591102 2.80367
0.623475 3.0242
0.650395 3.14834
0.7139 3.36385
0.758236 3.48474
0.850633 3.69226
0.910428 3.81479
1.03493 4.03961
1.15501 4.21142
1.25511 4.33066
1.39396 4.46673
1.50917 4.50135
1.62304 4.53446
1.7883 4.51025
1.85728 4.47913
1.96925 4.37894
2.00909 4.32427
2.08359 4.19211
2.11325 4.13512
2.18134 3.99878
2.21153 3.94458
2.28723 3.81096
2.32052 3.7599
2.40719 3.62914
2.45104 3.56739
2.56603 3.40764
2.64454 3.30227
2.76337 3.14267
2.92286 2.95989
2.99262 2.88478
3.12573 2.77723
3.17945 2.75051
3.324 2.67695
3.36334 2.65944
3.51453 2.60072
3.59123 2.57493
3.73644 2.5344
3.82252 2.51818
3.90845 2.50062
4.06533 2.48579
4.11817 2.48495
4.29527 2.49437
4.34538 2.50022
4.502 2.53469
4.59772 2.56216
4.75454 2.6173
4.82767 2.64865
4.96283 2.72142
5.01883 2.76036
5.15297 2.88622
5.22966 2.97877
5.34972 3.11993
5.42388 3.28632
5.45016 3.39166
5.479 3.63272
5.46097 3.83351
5.4559 3.96713
5.3981 4.17571
5.34558 4.29491
5.21946 4.51524
5.07479 4.6682
4.98229 4.77372
4.79211 4.90068
4.67158 4.95059
4.43283 5.01792
4.21791 5.02693
4.06296 5.03916
3.84246 5.00326
3.72211 4.95913
3.52985 4.84636
3.43756 4.76651
3.29469 4.60954
3.2548 4.52799
3.19187 4.38071
3.16043 4.18603
3.14522 4.06787
3.13581 3.87651
3.14081 3.79436
3.14811 3.63095
3.15157 3.57662
3.15951 3.41115
3.16149 3.31546
3.17014 3.06504
3.17245 2.87774
3.1717 2.64657
3.17883 2.54133
3.19921 2.30167
3.21121 2.18955
3.22844 1.999
3.23626 1.92248
3.25375 1.76682
3.2783 1.6226
3.29004 1.5638
3.31951 1.40781
3.32719 1.36476
3.35234 1.21974
3.35879 1.17086
3.37608 1.01187
3.37852 0.965576
3.37667 0.823343
3.37123 0.77347
3.34279 0.626064
3.32095 0.551636
3.26084 0.366302
3.21379 0.2325
3.14579 0.0429176
3.12567 -0.0130278
3.06338 -0.158353
3.03592 -0.223876
2.93663 -0.358287
2.87705 -0.414312
2.70673 -0.503099
2.61352 -0.526323
2.38676 -0.54689
2.20897 -0.512046
2.08244 -0.492884
1.89296 -0.407908
1.79851 -0.347867
1.64379 -0.21853
1.58531 -0.143172
1.51184 0.00300137
1.47399 0.123817
1.45737 0.319461
1.46259 0.4094
1.46952 0.5912
1.48826 0.668063
1.5033 0.8213
1.51203 0.871151
1.52793 1.01074
1.53674 1.05796
1.55868 1.20154
1.56801 1.2565
1.59037 1.41103
1.59891 1.47845
1.62054 1.64678
1.62832 1.7309
1.65292 1.93554
1.69268 2.1052
1.72305 2.22147
1.77816 2.40448
1.81027 2.49274
1.88439 2.66946
1.92933 2.76044
2.02586 2.9299
2.08184 3.01142
2.20225 3.16433
2.27099 3.23709
2.41123 3.37096
2.48522 3.43241
2.63704 3.54228
2.74085 3.60552
2.89149 3.69795
3.09164 3.77414
3.22986 3.82149
3.41854 3.88238
3.64359 3.9297
3.81719 3.96875
4.12161 4.02617
4.31141 4.06495
4.57618 4.12419
4.72129 4.15102
4.95208 4.18936
5.07403 4.20341
5.28441 4.21454
5.4017 4.21615
5.61592 4.18428
5.73792 4.15508
5.9484 4.07569
6.06775 4.01866
6.26347 3.8973
6.37276 3.81615
6.54534 3.65948
6.64006 3.55841
6.78457 3.37397
6.86142 3.25857
6.97421 3.05573
7.03196 2.93149
7.11494 2.71459
7.15523 2.58553
7.2111 2.36386
7.23616 2.23571
7.26981 2.01593
7.2829 1.89383
7.29973 1.68187
7.30423 1.57032
7.30849 1.3704
7.30711 1.27148
7.30075 1.08416
7.29491 0.996485
7.27747 0.819432
7.26703 0.739353
7.23625 0.569222
7.2198 0.493054
7.17259 0.327857
7.14808 0.253476
7.08115 0.093335
7.04628 0.0200758
6.95649 -0.133512
6.90888 -0.207161
6.79083 -0.357098
6.70804 -0.451148
6.58155 -0.586379
6.40193 -0.721223
6.31145 -0.782902
6.13671 -0.889193
6.0586 -0.915032
5.91358 -0.942385
5.77317 -0.906127
5.69348 -0.874967
5.58274 -0.774624
5.54924 -0.717812
5.50654 -0.576947
5.49692 -0.517081
5.48706 -0.368282
5.48366 -0.312002
5.48011 -0.161821
5.47874 -0.102328
5.47558 0.0814061
5.47716 0.208105
5.48115 0.441523
5.48709 0.610541
5.49789 0.884082
5.49541 1.02835
5.48547 1.25216
5.47019 1.37209
5.42839 1.58985
5.39497 1.70646
5.32752 1.88761
5.28735 1.97222
5.22325 2.13304
5.18998 2.22066
5.13242 2.37173
5.05974 2.53328
5.01924 2.61902
4.93669 2.80929
4.88776 2.92768
4.8393 3.03399
4.77902 3.18281
4.76364 3.22632
4.73179 3.36284
4.72731 3.41292
4.74467 3.54905
4.76614 3.59766
4.85826 3.67353
4.91117 3.67438
5.01025 3.59939
5.04012 3.54875
5.11344 3.37218
5.15126 3.27123
5.21515 3.07649
5.2601 2.94778
5.30626 2.67286
5.33623 2.43017
5.35732 2.15582
5.34896 2.00893
5.33552 1.8053
5.30146 1.57566
5.28244 1.49109
5.2389 1.33503
5.21387 1.26375
5.1283 1.08247
5.07838 0.984411
4.97902 0.811691
4.90866 0.700438
4.79391 0.538895
4.7194 0.446651
4.59195 0.317653
4.50324 0.24658
4.30663 0.110116
4.12835 0.0238044
4.00646 -0.0379002
3.79442 -0.108086
3.65778 -0.141132
3.40877 -0.179908
3.27173 -0.189511
3.04506 -0.187837
2.92926 -0.173313
2.73064 -0.140247
2.63838 -0.117436
2.46238 -0.0571234
2.3795 -0.0206071
2.21152 0.0719964
2.12641 0.125049
1.95921 0.243578
1.86452 0.313641
1.69104 0.451238
1.58744 0.534875
1.40869 0.685404
1.30992 0.781832
1.15982 0.957222
1.07865 1.06502
0.953996 1.26168
0.874812 1.40135
0.777197 1.59637
0.692884 1.83266
0.657148 1.95452
0.608834 2.16668
0.590008 2.28761
0.574139 2.50614
0.573613 2.63114
0.590049 2.85221
0.608053 2.97817
0.656119 3.19655
0.692215 3.32041
0.770238 3.53179
0.822667 3.65257
0.928215 3.85996
1.00616 4.0005
1.11763 4.18044
1.27107 4.36894
1.35704 4.43519
1.49162 4.51857
1.65062 4.53085
1.74211 4.5252
1.88117 4.46114
1.93494 4.41328
2.0243 4.29228
2.05825 4.23353
2.1267 4.09846
2.15696 4.04077
2.22789 3.90617
2.26067 3.8516
2.34195 3.71956
2.37801 3.66794
2.47708 3.52641
2.53495 3.44494
2.66983 3.26083
2.79775 3.10839
2.88962 2.99527
3.02798 2.85452
3.08674 2.80617
3.22253 2.72812
3.28104 2.69957
3.4088 2.64241
3.46955 2.61898
3.6382 2.56264
3.69175 2.54809
3.82286 2.51706
3.95686 2.49686
4.01691 2.4894
4.16669 2.48663
4.24686 2.49069
4.39308 2.50929
4.45626 2.52385
4.64382 2.5774
4.7092 2.59994
4.87112 2.67031
4.92127 2.69633
5.05632 2.79121
5.12002 2.85332
5.26535 3.01169
5.34612 3.13882
5.41342 3.23891
5.46053 3.43909
5.46586 3.59054
5.48106 3.78931
5.44611 4.01469
5.41519 4.13027
5.32635 4.33949
5.23489 4.4692
5.11869 4.64748
4.94439 4.80406
4.83574 4.87939
4.62702 4.96986
4.4752 4.99742
4.26398 5.04227
4.01457 5.03528
3.88889 5.01746
3.67726 4.94054
3.56852 4.87573
3.39929 4.73663
3.32359 4.64855
3.22985 4.50075
3.19755 4.35807
3.16447 4.23442
3.13975 4.02101
3.13646 3.92506
3.14073 3.75006
3.14542 3.67943
3.15299 3.52809
3.15544 3.45954
3.16265 3.26692
3.16591 3.11341
3.1672 2.83146
3.16903 2.69505
3.17995 2.4928
3.19251 2.34976
3.21063 2.14101
3.22069 2.04693
3.23688 1.87393
3.25084 1.77168
3.26529 1.66937
3.29548 1.51555
3.30707 1.45475
3.33224 1.31647
3.34043 1.26681
3.36203 1.12241
3.36871 1.05986
3.37665 0.917061
3.37577 0.867958
3.36233 0.725741
3.3495 0.664998
3.3066 0.505256
3.27418 0.406424
3.19856 0.1864
3.16335 0.0881823
3.10832 -0.0583746
3.0838 -0.116778
3.01028 -0.265107
2.97009 -0.328425
2.83768 -0.442723
2.75322 -0.48911
2.56625 -0.537379
2.43443 -0.537677
2.2455 -0.544028
2.03582 -0.479333
1.93215 -0.436562
1.75509 -0.326146
1.67414 -0.256427
1.5465 -0.11399
1.49276 -0.010549
1.4616 0.170033
1.45372 0.271752
1.44987 0.455527
1.46087 0.544139
1.47863 0.711289
1.49095 0.775073
1.50487 0.917543
1.51297 0.965293
1.53265 1.10564
1.54227 1.1566
1.5653 1.30427
1.57437 1.36594
1.59643 1.52623
1.60501 1.60152
1.62803 1.77875
1.64374 1.89795
1.67038 2.06286
1.72716 2.26914
1.75739 2.36138
1.82093 2.53938
1.85893 2.62895
1.94545 2.80549
1.99617 2.89238
2.10444 3.0536
2.16744 3.1315
2.29905 3.27584
2.37237 3.34305
2.51841 3.46687
2.5937 3.522
2.772 3.64184
2.93022 3.71298
3.04415 3.76831
3.27093 3.84604
3.46302 3.8949
3.59585 3.9329
3.86356 3.98054
4.07392 4.02227
4.35571 4.08302
4.52865 4.11869
4.76656 4.16652
4.90424 4.18844
5.12074 4.21378
5.23706 4.22141
5.44955 4.21645
5.57131 4.20157
5.7847 4.14506
5.90771 4.10087
6.11166 3.99964
6.22783 3.92922
6.41245 3.78943
6.51567 3.69701
6.6747 3.5254
6.76134 3.4158
6.89066 3.2207
6.95783 3.10069
7.05558 2.88988
7.10501 2.76139
7.17418 2.54159
7.20694 2.41152
7.25143 2.19037
7.2705 2.06377
7.29562 1.8477
7.30441 1.72949
7.31512 1.52372
7.31673 1.41753
7.3161 1.22449
7.3126 1.13052
7.30128 0.949062
7.29328 0.864594
7.26971 0.69158
7.25633 0.612653
7.21774 0.44525
7.19714 0.368927
7.14032 0.206262
7.11028 0.131289
7.03201 -0.025594
6.99028 -0.0996333
6.88726 -0.249846
6.82947 -0.328888
6.68766 -0.494442
6.54527 -0.616629
6.44427 -0.698935
6.2767 -0.815797
6.1811 -0.871333
6.02383 -0.940006
5.92572 -0.935714
5.81444 -0.930333
5.66953 -0.858974
5.61414 -0.810731
5.54014 -0.68463
5.52076 -0.622631
5.49891 -0.475971
5.49362 -0.415679
5.48907 -0.265986
5.48606 -0.209297
5.48256 -0.0546324
5.4838 0.0342691
5.48268 0.255635
5.48721 0.394061
5.49381 0.657915
5.49903 0.836247
5.50112 1.07585
5.49274 1.20487
5.46772 1.41987
5.44275 1.54421
5.38644 1.75354
5.34805 1.84439
5.2752 2.0185
5.24531 2.09058
5.18077 2.2662
5.13217 2.38013
5.08364 2.49183
5.00485 2.66465
4.95995 2.76747
4.89352 2.92534
4.83026 3.07447
4.79997 3.13979
4.75546 3.27346
4.74423 3.32185
4.73273 3.46046
4.73918 3.51353
4.79569 3.6348
4.83623 3.66655
4.94902 3.66625
4.98974 3.63582
5.06551 3.5082
5.10336 3.41895
5.1733 3.22876
5.2102 3.12409
5.27055 2.90108
5.31029 2.72053
5.35041 2.38447
5.35691 2.20367
5.36024 1.96243
5.33233 1.76358
5.311 1.62255
5.27594 1.44369
5.25819 1.37882
5.19687 1.21903
5.15336 1.12323
5.05847 0.9409
5.00806 0.849723
4.88538 0.658634
4.82618 0.574229
4.69048 0.408537
4.63057 0.345896
4.46637 0.216087
4.34423 0.139702
4.17558 0.0314543
3.96269 -0.0572451
3.84158 -0.100047
3.61156 -0.153482
3.45657 -0.177896
3.22451 -0.197255
3.09249 -0.194167
2.88141 -0.173279
2.7761 -0.155173
2.59112 -0.109954
2.50408 -0.0805856
2.33444 -0.00450452
2.24863 0.0417931
2.08382 0.146846
1.99294 0.209641
1.82349 0.338267
1.7235 0.416086
1.54715 0.560686
1.43882 0.64823
1.27326 0.812582
1.18338 0.915578
1.04707 1.10097
0.97005 1.21661
0.843973 1.43794
0.757448 1.63996
0.702889 1.78587
0.638226 1.99847
0.610585 2.11886
0.578573 2.33407
0.568748 2.45859
0.569126 2.67878
0.577995 2.80591
0.61034 3.02596
0.637739 3.15237
0.700923 3.36746
0.745813 3.49064
0.837145 3.69818
0.897733 3.82308
1.01784 4.04691
1.13973 4.21603
1.23695 4.3354
1.37555 4.46935
1.48716 4.50414
1.60356 4.53948
1.76772 4.51815
1.84054 4.48641
1.95303 4.38803
1.99585 4.33075
2.07091 4.20049
2.10277 4.13989
2.17065 4.00507
2.20287 3.94695
2.2787 3.81375
2.31448 3.75874
2.40256 3.62687
2.44786 3.5643
2.56297 3.40615
2.64433 3.29881
2.76326 3.14156
2.91981 2.96462
2.99295 2.88711
3.12494 2.78184
3.18191 2.75341
3.32376 2.68143
3.36547 2.66271
3.51506 2.60421
3.59283 2.57785
3.73795 2.53697
3.82464 2.52024
3.91163 2.50255
4.06473 2.48774
4.11903 2.48668
4.29432 2.49571
4.34581 2.50188
4.50252 2.53605
4.59808 2.56333
4.75353 2.61793
4.82787 2.64985
4.96154 2.72216
5.02023 2.76238
5.1544 2.88659
5.23246 2.97694
5.3554 3.12518
5.42646 3.28495
5.45441 3.39547
5.48385 3.63488
5.46632 3.83483
5.45916 3.96865
5.40155 4.17613
5.34884 4.29725
5.2227 4.51547
5.08077 4.66738
4.98452 4.77801
4.79473 4.90404
4.67249 4.95498
4.4346 5.02274
4.21733 5.03185
4.06183 5.04271
3.8422 5.00697
3.71987 4.96231
3.52744 4.85119
3.43246 4.77112
3.29623 4.62464
3.2587 4.53803
3.1941 4.39458
3.15836 4.18696
3.14319 4.06874
3.1341 3.88195
3.13964 3.7979
3.14599 3.63433
3.14941 3.5758
3.15638 3.4117
3.15786 3.3143
3.16502 3.06557
3.16633 2.8793
3.16475 2.6474
3.1716 2.53991
3.19143 2.30192
3.20344 2.18831
3.22034 1.99908
3.22827 1.921
3.24579 1.76654
3.27005 1.62306
3.28226 1.56154
3.31147 1.4071
3.31971 1.36139
3.34463 1.21914
3.35165 1.16777
3.36921 1.01201
3.37197 0.962704
3.37078 0.820371
3.36506 0.766309
3.33769 0.618631
3.31607 0.542096
3.25911 0.361011
3.21476 0.231419
3.14845 0.0427112
3.12798 -0.0147538
3.06544 -0.160963
3.03644 -0.229818
2.93852 -0.364377
2.87877 -0.420992
2.70948 -0.50851
2.61396 -0.533756
2.39015 -0.555811
2.20505 -0.521113
2.0779 -0.502104
1.88744 -0.419532
1.78983 -0.359043
1.63386 -0.2306
1.575 -0.152431
1.49734 0.00150095
1.45948 0.122936
1.43874 0.316451
1.4426 0.408946
1.44779 0.589432
1.4668 0.665651
1.48188 0.818356
1.49127 0.872404
1.50752 1.01212
1.5168 1.06124
1.53914 1.20364
1.5489 1.26007
1.57174 1.41301
1.58082 1.48174
1.60321 1.64863
1.61081 1.73486
1.63727 1.93679
1.67785 2.10941
1.70934 2.2255
1.76478 2.40794
1.79801 2.49818
1.87247 2.67411
1.91856 2.76676
2.01518 2.93552
2.07257 3.01886
2.1926 3.17137
2.26268 3.24584
2.40191 3.37979
2.47793 3.4427
2.62925 3.55296
2.73194 3.61697
2.88309 3.71166
3.08702 3.78794
3.22626 3.83598
3.41592 3.89688
3.64171 3.94381
3.81648 3.98287
4.1179 4.03927
4.30882 4.0781
4.57219 4.13677
4.71948 4.16396
4.94936 4.20212
5.07367 4.21642
5.28383 4.22735
5.40406 4.22884
5.61819 4.19654
5.74263 4.16633
5.95258 4.08641
6.07402 4.02802
6.26916 3.90654
6.38025 3.82386
6.55236 3.66741
6.64862 3.56468
6.79284 3.38072
6.87101 3.26356
6.9838 3.06133
7.04272 2.93523
7.12599 2.71917
7.16731 2.58823
7.2238 2.36749
7.2498 2.23748
7.28436 2.01871
7.2983 1.89477
7.31623 1.68385
7.32145 1.57044
7.32679 1.37147
7.32594 1.27059
7.32047 1.08403
7.31486 0.994206
7.29799 0.817685
7.28742 0.735276
7.25682 0.565511
7.2398 0.486915
7.19242 0.32202
7.16687 0.245216
7.09947 0.0854007
7.06312 0.00982806
6.97267 -0.143363
6.92306 -0.219169
6.80454 -0.368902
6.71375 -0.469932
6.58895 -0.598877
6.41254 -0.733803
6.31991 -0.796943
6.14661 -0.903475
6.06952 -0.92835
5.92637 -0.954458
5.78897 -0.919074
5.70801 -0.886201
5.59774 -0.786097
5.56198 -0.726413
5.51859 -0.586111
5.50808 -0.522216
5.49809 -0.37344
5.49461 -0.312803
5.49156 -0.162474
5.49027 -0.101141
5.48708 0.0812988
5.48853 0.208855
5.49201 0.44096
5.4976 0.610924
5.50774 0.882581
5.50489 1.02886
5.49463 1.25198
5.47895 1.37408
5.43751 1.59106
5.40377 1.70969
5.33719 1.89026
5.29664 1.97651
5.23357 2.13624
5.20061 2.22343
5.14255 2.37472
5.06995 2.53694
5.02878 2.62403
4.94635 2.81262
4.90063 2.92281
4.85205 3.03266
4.79002 3.18588
4.77317 3.23215
4.7417 3.36892
4.73731 3.42178
4.75573 3.55767
4.77874 3.60809
4.87102 3.6815
4.92615 3.68107
5.02476 3.60426
5.05545 3.55129
5.12654 3.3779
5.16456 3.27509
5.2275 3.08023
5.27292 2.94817
5.318 2.67402
5.34707 2.4315
5.36753 2.15773
5.35898 2.00956
5.34496 1.809
5.30954 1.57937
5.28946 1.48885
5.2461 1.33325
5.22032 1.25993
5.13513 1.07975
5.08437 0.980297
4.9852 0.808489
4.91388 0.696185
4.79933 0.535475
4.72364 0.442041
4.59645 0.313365
4.5065 0.240834
4.31167 0.105608
4.1344 0.0186936
4.00827 -0.0451844
3.79706 -0.115559
3.65854 -0.149642
3.41083 -0.189329
3.27159 -0.199692
3.0456 -0.199138
2.92722 -0.184438
2.72906 -0.152072
2.63431 -0.128855
2.45839 -0.0689352
2.37307 -0.0315303
2.20537 0.0605401
2.1183 0.1147
1.95183 0.23273
1.85583 0.303957
1.68354 0.441105
1.57875 0.525702
1.40068 0.675946
1.29985 0.773647
1.14962 0.948478
1.06678 1.05814
0.941841 1.25438
0.86061 1.39964
0.764373 1.59332
0.680341 1.82727
0.643783 1.95166
0.595716 2.1636
0.57662 2.28697
0.56089 2.50508
0.560413 2.63245
0.576886 2.85304
0.595244 2.9813
0.64315 3.1992
0.679776 3.32532
0.757139 3.53641
0.810054 3.65959
0.914024 3.86732
0.99231 4.00727
1.10213 4.18759
1.25347 4.37122
1.33887 4.43973
1.47457 4.5221
1.62719 4.53622
1.72267 4.53202
1.86194 4.47042
1.91932 4.42099
2.00942 4.30233
2.04593 4.24047
2.11458 4.10714
2.14681 4.04574
2.21785 3.91161
2.25283 3.85316
2.33523 3.72013
2.37418 3.66451
2.47326 3.52458
2.53267 3.44227
2.66888 3.25856
2.79245 3.11327
2.88724 2.99871
3.02394 2.86126
3.08697 2.80979
3.22381 2.7318
3.28201 2.70335
3.40959 2.64607
3.47143 2.62209
3.63842 2.56584
3.69493 2.55025
3.82514 2.5192
3.95863 2.49885
4.01772 2.49129
4.16615 2.48822
4.2473 2.49221
4.39214 2.5106
4.45792 2.5256
4.64285 2.57813
4.70949 2.60111
4.87 2.67101
4.92125 2.69768
5.05684 2.79209
5.12317 2.85494
5.26576 3.01031
5.34457 3.12957
5.42026 3.24826
5.46465 3.44149
5.47117 3.59517
5.48547 3.79175
5.45003 4.0149
5.41854 4.13215
5.32992 4.34044
5.23976 4.47152
5.12432 4.64934
4.94728 4.80691
4.83721 4.88358
4.62928 4.97384
4.47165 5.00275
4.26236 5.04581
4.01481 5.03933
3.88728 5.02078
3.67613 4.94471
3.5651 4.87956
3.39378 4.74416
3.32471 4.66222
3.2342 4.51665
3.19596 4.35392
3.16338 4.23384
3.13815 4.02832
3.13474 3.92909
3.13923 3.75511
3.14357 3.68141
3.1504 3.52867
3.15256 3.45869
3.15869 3.26717
3.16116 3.11255
3.16113 2.83244
3.16231 2.69448
3.17258 2.49278
3.18496 2.34862
3.20266 2.14117
3.21279 2.04562
3.22878 1.87386
3.24283 1.77083
3.2573 1.66845
3.2874 1.51468
3.29927 1.45264
3.32453 1.31449
3.33277 1.26477
3.35486 1.12073
3.36169 1.05856
3.3703 0.915589
3.36959 0.863488
3.35667 0.719917
3.34364 0.655761
3.3025 0.496948
3.27122 0.398596
3.20013 0.186603
3.1652 0.0867814
3.11113 -0.0587828
3.08508 -0.120386
3.01155 -0.269855
2.97009 -0.335717
2.84048 -0.448497
2.75481 -0.495553
2.56815 -0.544904
2.42657 -0.545048
2.24287 -0.549262
2.03243 -0.489656
1.92584 -0.446881
1.74756 -0.338167
1.6639 -0.266941
1.53688 -0.124683
1.48173 -0.0182187
1.44521 0.167131
1.43598 0.270092
1.42927 0.453432
1.43997 0.543654
1.45839 0.707308
1.46978 0.77352
1.4844 0.917261
1.49292 0.968035
1.51279 1.1075
1.52289 1.16013
1.54624 1.30643
1.55577 1.3694
1.57847 1.52813
1.58748 1.60494
1.61095 1.7813
1.62831 1.90636
1.65705 2.06789
1.71321 2.27178
1.74446 2.36618
1.80838 2.54345
1.84755 2.63492
1.93419 2.8105
1.98623 2.89921
2.09436 3.05987
2.15876 3.13956
2.28959 3.2837
2.36424 3.35262
2.50956 3.47672
2.58711 3.53346
2.7623 3.65212
2.92415 3.72563
3.04093 3.78218
3.26629 3.85953
3.4589 3.90865
3.59539 3.94712
3.86148 3.99432
4.07159 4.03575
4.35176 4.0958
4.52604 4.13156
4.76336 4.17917
4.90292 4.20135
5.119 4.22654
5.23788 4.23412
5.4505 4.22878
5.57497 4.21355
5.78802 4.15653
5.91326 4.11112
6.11663 4.00956
6.23471 3.93769
6.41879 3.79796
6.52368 3.70394
6.6823 3.53271
6.77038 3.42137
6.89951 3.22689
6.96795 3.10499
7.06583 2.89495
7.11636 2.7646
7.18597 2.5457
7.21973 2.41376
7.26498 2.19359
7.28496 2.06515
7.31108 1.85012
7.32067 1.73007
7.33247 1.52533
7.33471 1.41723
7.33506 1.22506
7.33195 1.12903
7.32134 0.948219
7.3134 0.861495
7.2902 0.688918
7.27646 0.607593
7.23786 0.440515
7.21646 0.361753
7.1593 0.199397
7.12799 0.122051
7.04916 -0.034464
7.00571 -0.110727
6.90203 -0.260575
6.84275 -0.342499
6.69803 -0.51048
6.55556 -0.631159
6.45351 -0.711939
6.28658 -0.829279
6.18962 -0.885955
6.0368 -0.952183
5.93892 -0.949266
5.82878 -0.942986
5.68584 -0.871342
5.62832 -0.821043
5.5538 -0.695786
5.53277 -0.630335
5.51027 -0.483981
5.50459 -0.419424
5.50017 -0.269746
5.49727 -0.208563
5.4941 -0.0548582
5.49529 0.0355892
5.49387 0.254988
5.49818 0.394931
5.50416 0.656899
5.50898 0.836157
5.51058 1.07495
5.50179 1.20609
5.47674 1.42047
5.45145 1.54676
5.3959 1.75546
5.35702 1.84827
5.28517 2.02151
5.25491 2.095
5.19123 2.26821
5.14248 2.38327
5.09307 2.49666
5.01479 2.66831
4.96868 2.77189
4.90325 2.92883
4.84214 3.07396
4.81016 3.14403
4.76542 3.27794
4.75366 3.32918
4.74292 3.46788
4.75016 3.52343
4.80701 3.64284
4.85027 3.67565
4.96288 3.67234
5.00522 3.63938
5.08019 3.51198
5.11748 3.42345
5.18583 3.2338
5.22339 3.12649
5.28305 2.90285
5.32223 2.72027
5.36108 2.38722
5.36725 2.20417
5.3708 1.96465
5.34116 1.76477
5.3191 1.62481
5.28334 1.44282
5.26487 1.37573
5.2038 1.21652
5.15958 1.11924
5.06503 0.938073
5.01355 0.845277
4.8913 0.655604
4.83078 0.569645
4.69561 0.405012
4.63404 0.340629
4.47073 0.211208
4.34707 0.132898
4.18034 0.0254448
3.96581 -0.0640043
3.84286 -0.107827
3.61375 -0.16189
3.45723 -0.187246
3.22583 -0.207603
3.0917 -0.204746
2.88078 -0.184724
2.7732 -0.1665
2.58842 -0.121748
2.49887 -0.0917077
2.32929 -0.0160479
2.24136 0.0311862
2.07692 0.135772
1.98445 0.199672
1.81599 0.327828
1.71482 0.406775
1.53967 0.550796
1.4296 0.639607
1.26418 0.803393
1.17243 0.908028
1.036 1.09292
0.957271 1.21058
0.829807 1.4344
0.744297 1.6352
0.689983 1.78184
0.625373 1.99429
0.597265 2.11719
0.565452 2.33204
0.555514 2.45895
0.555982 2.67867
0.565057 2.80813
0.597349 3.02769
0.625202 3.15637
0.687998 3.37103
0.733377 3.49651
0.823671 3.70399
0.884998 3.83107
1.0027 4.05254
1.12111 4.21606
1.21981 4.33922
1.35744 4.47157
1.46395 4.50886
1.58166 4.54537
1.74511 4.52596
1.82214 4.49436
1.93537 4.39888
1.98133 4.33932
2.05707 4.21116
2.09108 4.1472
2.15926 4.01303
2.19348 3.95114
2.27018 3.81709
2.30851 3.75811
2.39811 3.62471
2.44491 3.56137
2.56004 3.40475
2.64217 3.29655
2.75811 3.14454
2.91225 2.9738
2.98979 2.89274
3.12273 2.7876
3.18415 2.75595
3.32342 2.68575
3.36773 2.6658
3.51558 2.60766
3.59443 2.58074
3.73815 2.5398
3.8271 2.5222
3.91468 2.50444
4.06413 2.48954
4.12157 2.48839
4.2917 2.49692
4.34625 2.50347
4.50284 2.53738
4.59844 2.56453
4.7525 2.61862
4.82804 2.65111
4.96042 2.72263
5.02259 2.76484
5.15652 2.88725
5.2347 2.97579
5.36382 3.13586
5.43055 3.29354
5.46178 3.40924
5.48909 3.63801
5.47153 3.83605
5.46308 3.97033
5.40525 4.17665
5.35244 4.29982
5.22784 4.51641
5.08356 4.67124
4.9863 4.78173
4.79739 4.90748
4.67329 4.959
4.43304 5.02856
4.21716 5.03741
4.0607 5.04648
3.84191 5.01085
3.71751 4.96579
3.52454 4.85693
3.42666 4.77697
3.29655 4.63721
3.25484 4.53173
3.19764 4.40033
3.15658 4.1879
3.14168 4.07462
3.13257 3.8901
3.13796 3.80153
3.14378 3.63792
3.14714 3.575
3.15317 3.41225
3.15432 3.31097
3.16005 3.06612
3.16053 2.87888
3.15831 2.64821
3.16457 2.53852
3.18369 2.3022
3.19569 2.18709
3.21227 1.99918
3.22033 1.91952
3.23786 1.7663
3.26185 1.62362
3.27455 1.5593
3.3035 1.40639
3.31231 1.35803
3.33697 1.21852
3.34459 1.16465
3.36237 1.01212
3.36547 0.959784
3.36489 0.817285
3.35891 0.759067
3.33248 0.610682
3.31115 0.532177
3.25693 0.35441
3.21557 0.230403
3.15081 0.0426261
3.12997 -0.0163377
3.06722 -0.163256
3.03643 -0.235764
2.93963 -0.370775
2.87715 -0.429517
2.71246 -0.514608
2.60713 -0.540656
2.385 -0.565747
2.19973 -0.532061
2.07383 -0.510707
1.8823 -0.430731
1.78166 -0.369699
1.62482 -0.241847
1.56563 -0.161153
1.48418 -0.0022138
1.44488 0.121395
1.42041 0.313094
1.42282 0.408152
1.42757 0.58377
1.44599 0.663284
1.46126 0.815583
1.47119 0.873475
1.48755 1.01329
1.49722 1.0645
1.51979 1.20576
1.52996 1.26369
1.55322 1.41506
1.56283 1.48515
1.58575 1.65064
1.59322 1.73914
1.62193 1.93685
1.66296 2.11324
1.69578 2.22949
1.75162 2.41135
1.78595 2.50359
1.86068 2.67873
1.90793 2.77305
2.00459 2.9411
2.06334 3.02625
2.18291 3.1784
2.2543 3.2546
2.39264 3.38848
2.47063 3.4527
2.62134 3.5638
2.73062 3.63184
2.87847 3.7234
3.08246 3.80136
3.22538 3.85056
3.41322 3.91094
3.63988 3.95773
3.81581 3.99681
4.11423 4.0523
4.30625 4.09118
4.56822 4.14926
4.71769 4.17678
4.94666 4.21473
5.07334 4.22924
5.28325 4.23988
5.40644 4.24103
5.62043 4.20857
5.74733 4.17741
5.95678 4.09705
6.08027 4.03731
6.27482 3.9157
6.38769 3.83149
6.55932 3.67527
6.65711 3.57088
6.80103 3.38742
6.88051 3.26849
6.99329 3.06691
7.05339 2.93896
7.13694 2.72376
7.1793 2.59095
7.23639 2.37116
7.26335 2.2393
7.29879 2.02155
7.3136 1.89579
7.33257 1.68591
7.33852 1.57066
7.34489 1.37264
7.34456 1.2698
7.33993 1.08399
7.33456 0.992006
7.31821 0.816011
7.30749 0.731261
7.27705 0.56186
7.25946 0.480835
7.21189 0.316245
7.18529 0.23703
7.11743 0.0775496
7.07958 -0.000312131
6.98851 -0.153108
6.93712 -0.231241
6.81817 -0.381071
6.72694 -0.482273
6.59799 -0.61407
6.42321 -0.746205
6.32845 -0.810878
6.15945 -0.916147
6.08136 -0.941862
5.94002 -0.966809
5.80481 -0.932421
5.72302 -0.897987
5.6133 -0.798403
5.57535 -0.736124
5.53098 -0.596555
5.51948 -0.528783
5.50914 -0.380197
5.50561 -0.315158
5.50314 -0.163205
5.5017 -0.0999601
5.49851 0.081213
5.49982 0.20964
5.50283 0.440431
5.50807 0.611329
5.51757 0.881081
5.51435 1.02937
5.50379 1.25178
5.4877 1.37607
5.44665 1.59225
5.41265 1.7129
5.34681 1.89285
5.30592 1.98075
5.24369 2.13934
5.21073 2.22684
5.15217 2.37853
5.08012 2.54053
5.0382 2.62902
4.95666 2.81602
4.91122 2.9237
4.86357 3.03355
4.80085 3.18881
4.78269 3.23786
4.75146 3.37486
4.74715 3.43046
4.76648 3.56616
4.79099 3.61821
4.88382 3.6891
4.94092 3.68727
5.03909 3.60864
5.07057 3.55379
5.13966 3.38345
5.17791 3.27885
5.23999 3.08387
5.28571 2.94851
5.32966 2.67514
5.358 2.43286
5.37836 2.15981
5.36829 2.00942
5.35354 1.8088
5.31716 1.57912
5.29628 1.48669
5.25318 1.33151
5.22624 1.25542
5.14188 1.07707
5.09028 0.976209
4.99132 0.8053
4.91907 0.691946
4.80472 0.532055
4.72787 0.437436
4.60098 0.309028
4.50977 0.235035
4.31597 0.0993591
4.13684 0.011337
4.01001 -0.0522226
3.79973 -0.12305
3.65933 -0.158144
3.41294 -0.198656
3.27151 -0.209775
3.04631 -0.210364
2.92525 -0.195405
2.72755 -0.163689
2.63033 -0.140065
2.45451 -0.0805495
2.36676 -0.0422725
2.19935 0.0492603
2.11031 0.104518
1.94455 0.222021
1.84718 0.294378
1.67602 0.430996
1.57 0.516557
1.39272 0.666663
1.28986 0.765543
1.13957 0.939838
1.05499 1.05131
0.930052 1.24733
0.848695 1.39275
0.75058 1.5899
0.667969 1.82193
0.630694 1.94886
0.582774 2.16057
0.563403 2.28635
0.547817 2.50403
0.547389 2.63375
0.563885 2.85385
0.582581 2.9844
0.630283 3.20183
0.667391 3.3302
0.744051 3.54098
0.797448 3.66652
0.900335 3.87416
0.978097 4.01398
1.08264 4.19132
1.2329 4.36933
1.32094 4.44402
1.45574 4.52643
1.60287 4.54245
1.70128 4.53902
1.84089 4.48072
1.90214 4.43032
1.99331 4.31436
2.03243 4.24969
2.10177 4.11738
2.13599 4.0524
2.20778 3.91766
2.24504 3.85529
2.32869 3.72094
2.37058 3.66124
2.4696 3.52287
2.53042 3.4396
2.66452 3.2592
2.78577 3.11871
2.88025 3.00648
3.01804 2.86996
3.08585 2.81466
3.22493 2.73525
3.28287 2.7069
3.4105 2.64959
3.47331 2.62513
3.63759 2.56929
3.69882 2.55221
3.82661 2.52147
3.95779 2.50094
4.01853 2.4931
4.16728 2.48978
4.24609 2.49354
4.39121 2.51188
4.45969 2.52735
4.64186 2.5789
4.70977 2.60233
4.86891 2.67164
4.92137 2.69881
5.05825 2.79348
5.12668 2.85703
5.26576 3.00936
5.34235 3.12511
5.42882 3.26426
5.47174 3.45388
5.47916 3.61153
5.49054 3.79445
5.4543 4.01522
5.42236 4.13424
5.33415 4.34174
5.23986 4.47903
5.12518 4.65225
4.9503 4.80994
4.83855 4.88754
4.63141 4.97739
4.4736 5.00743
4.26081 5.05107
4.01505 5.04368
3.88562 5.02431
3.67483 4.94936
3.56126 4.88419
3.38822 4.75217
3.32542 4.67269
3.24028 4.53265
3.19164 4.35499
3.16265 4.23323
3.1365 4.03437
3.13323 3.93583
3.13748 3.76173
3.14153 3.6836
3.1477 3.52926
3.14954 3.45784
3.15483 3.26524
3.15636 3.11171
3.15535 2.83586
3.15596 2.69389
3.16541 2.49279
3.17748 2.34751
3.19471 2.14136
3.20491 2.04432
3.22073 1.87379
3.23487 1.77005
3.2494 1.66743
3.27939 1.51382
3.29155 1.45054
3.3169 1.31252
3.32552 1.26139
3.34774 1.11902
3.35471 1.05721
3.36399 0.914071
3.36338 0.85833
3.35097 0.714023
3.33783 0.646478
3.29832 0.488276
3.26853 0.391576
3.20152 0.186878
3.16679 0.085481
3.11361 -0.0590483
3.08589 -0.124074
3.01225 -0.274582
2.96842 -0.343939
2.84016 -0.456425
2.75655 -0.502436
2.56292 -0.552382
2.41844 -0.553947
2.23723 -0.558244
2.02937 -0.499968
1.91994 -0.456707
1.74059 -0.349552
1.65439 -0.276737
1.52851 -0.134434
1.47101 -0.0245783
1.42924 0.163623
1.41844 0.268104
1.40846 0.450834
1.41971 0.539428
1.43848 0.701999
1.44934 0.772154
1.46441 0.916089
1.47337 0.970542
1.49324 1.10935
1.50372 1.16369
1.52727 1.30864
1.53731 1.37293
1.56053 1.53012
1.56987 1.6085
1.59384 1.78417
1.61305 1.91561
1.64384 2.07247
1.69938 2.27438
1.73174 2.37094
1.796 2.54749
1.83633 2.64085
1.92305 2.81547
1.97639 2.906
2.0843 3.06611
2.15006 3.1476
2.2801 3.29151
2.35614 3.3621
2.50094 3.48601
2.58035 3.54513
2.75573 3.66494
2.92032 3.74004
3.03784 3.79524
3.26376 3.87411
3.45671 3.9226
3.59496 3.961
3.85945 4.00795
4.0693 4.04914
4.34782 4.1085
4.52345 4.14434
4.76018 4.19169
4.90163 4.21411
5.11728 4.23909
5.23872 4.24656
5.45147 4.24078
5.57859 4.22522
5.79134 4.16785
5.9188 4.12125
6.12159 4.01939
6.24157 3.94608
6.42509 3.80641
6.53163 3.71078
6.68984 3.53994
6.77934 3.42688
6.90827 3.23303
6.97799 3.10927
7.07599 2.90001
7.12761 2.76782
7.19767 2.54983
7.23242 2.41602
7.27842 2.19687
7.29932 2.06658
7.32641 1.85262
7.33681 1.73075
7.34964 1.52702
7.35251 1.41703
7.35379 1.22572
7.35107 1.12763
7.34113 0.947454
7.33323 0.858463
7.31036 0.686319
7.29626 0.602591
7.25764 0.435838
7.23542 0.354642
7.17792 0.192604
7.14533 0.112902
7.06595 -0.0432334
7.02081 -0.121732
6.91669 -0.271373
6.85519 -0.355435
6.70861 -0.523405
6.5704 -0.640687
6.46324 -0.725573
6.29693 -0.843039
6.20118 -0.899216
6.05165 -0.964057
5.95237 -0.962914
5.84332 -0.955777
5.70248 -0.88435
5.64307 -0.832191
5.56792 -0.707974
5.54517 -0.639294
5.52179 -0.493447
5.51565 -0.424758
5.51131 -0.273835
5.50848 -0.207921
5.50556 -0.0550923
5.5067 0.0369298
5.505 0.254375
5.5091 0.395836
5.51448 0.655905
5.51891 0.836067
5.52004 1.07404
5.51083 1.2073
5.48576 1.42106
5.46017 1.54929
5.40539 1.75735
5.36597 1.8521
5.29501 2.02445
5.26441 2.09936
5.20135 2.27056
5.15275 2.38613
5.1025 2.50145
5.02484 2.67203
4.97803 2.77638
4.91366 2.93103
4.85291 3.07567
4.82029 3.14819
4.7753 3.28229
4.763 3.33636
4.75289 3.47513
4.76103 3.53342
4.81806 3.65045
4.86425 3.68422
4.97637 3.67796
5.02041 3.64259
5.09466 3.51574
5.1316 3.42775
5.19844 3.23877
5.23671 3.12878
5.29557 2.90457
5.33422 2.71994
5.3721 2.39009
5.3779 2.20484
5.38041 1.96605
5.3494 1.76603
5.3266 1.62315
5.29055 1.44202
5.27141 1.37268
5.21027 1.21331
5.16574 1.11526
5.07152 0.935269
5.01897 0.840848
4.89719 0.652585
4.83536 0.565067
4.70076 0.401478
4.63753 0.335334
4.47522 0.206155
4.34722 0.124822
4.18126 0.0186968
3.96898 -0.0707958
3.84413 -0.115531
3.61596 -0.170264
3.45792 -0.196528
3.22721 -0.217859
3.09108 -0.215295
2.88022 -0.196024
2.77037 -0.177634
2.5858 -0.133332
2.49376 -0.102632
2.32425 -0.0274032
2.23421 0.0207582
2.07013 0.124861
1.97606 0.189849
1.80852 0.317476
1.70613 0.397511
1.53216 0.540976
1.42044 0.631172
1.25521 0.794315
1.1616 0.900562
1.0251 1.085
0.945018 1.20486
0.81943 1.42697
0.73395 1.62538
0.67695 1.7778
0.612749 1.99017
0.584155 2.11556
0.552503 2.33005
0.542454 2.45932
0.543007 2.67857
0.552281 2.81034
0.584494 3.0294
0.61277 3.16034
0.675126 3.37456
0.72096 3.50232
0.81037 3.70966
0.872366 3.83886
0.985385 4.05842
1.10289 4.21706
1.19948 4.33916
1.33593 4.47149
1.44159 4.51416
1.55885 4.55194
1.72118 4.53436
1.80187 4.50321
1.91628 4.41124
1.96553 4.34981
2.04249 4.22324
2.07871 4.15606
2.14777 4.02164
2.18409 3.95595
2.26181 3.82078
2.30275 3.75776
2.39389 3.6227
2.44222 3.55862
2.55673 3.40305
2.63871 3.29611
2.75207 3.14857
2.90589 2.98113
2.98478 2.90032
3.12011 2.79382
3.18638 2.75853
3.32309 2.68982
3.37027 2.66857
3.51608 2.61104
3.595 2.58392
3.73691 2.54297
3.82854 2.52411
3.91758 2.50618
4.06353 2.49137
4.12261 2.48996
4.29055 2.49818
4.34669 2.50507
4.50326 2.53874
4.59879 2.56575
4.75147 2.61933
4.82822 2.65234
4.95937 2.72299
5.02487 2.76704
5.15895 2.88844
5.23575 2.97578
5.37279 3.1511
5.43284 3.30911
5.4706 3.43001
5.49884 3.64668
5.48096 3.83845
5.46748 3.97216
5.40947 4.17738
5.35559 4.30214
5.23026 4.52303
5.08735 4.67669
4.98795 4.78523
4.79995 4.91073
4.67419 4.96332
4.4354 5.03128
4.22355 5.04151
4.0595 5.05086
3.84155 5.01504
3.71499 4.96973
3.52139 4.86325
3.4208 4.78326
3.29949 4.65172
3.24887 4.52606
3.19817 4.39955
3.15399 4.18904
3.14018 4.07926
3.13094 3.89735
3.13613 3.80674
3.14146 3.6422
3.14473 3.5742
3.14991 3.41281
3.15062 3.30982
3.15513 3.0667
3.15493 2.88089
3.1519 2.64904
3.15777 2.53717
3.17603 2.3025
3.18798 2.18589
3.20424 1.99929
3.21244 1.91805
3.23001 1.76596
3.25371 1.62428
3.26689 1.55709
3.29561 1.40569
3.30503 1.35458
3.32961 1.21655
3.33781 1.16043
3.35555 1.01218
3.35901 0.956786
3.35894 0.813515
3.35275 0.751249
3.32729 0.602697
3.30649 0.52292
3.25498 0.348632
3.21621 0.229446
3.15301 0.0430342
3.13094 -0.0194635
3.06854 -0.165629
3.03541 -0.242306
2.93894 -0.37798
2.87583 -0.43786
2.71515 -0.520155
2.60587 -0.547416
2.37884 -0.575393
2.19511 -0.542308
2.06938 -0.520641
1.87757 -0.441439
1.774 -0.37975
1.61658 -0.252273
1.55683 -0.169447
1.47189 -0.00746521
1.43036 0.119307
1.40213 0.309325
1.40305 0.406836
1.40781 0.578144
1.4258 0.659522
1.44114 0.811391
1.4515 0.873681
1.46811 1.01359
1.47805 1.06771
1.50062 1.20791
1.51116 1.26734
1.53478 1.41719
1.54488 1.48864
1.56824 1.6528
1.57641 1.74605
1.60644 1.93657
1.64834 2.11657
1.68241 2.23342
1.73863 2.41473
1.77406 2.50897
1.84902 2.68332
1.89742 2.77929
1.99408 2.94664
2.05416 3.03361
2.17322 3.1854
2.24589 3.26332
2.38349 3.39699
2.4634 3.46244
2.61347 3.5746
2.72729 3.64587
2.87614 3.73635
3.07787 3.81429
3.22331 3.86387
3.41246 3.92524
3.63807 3.97136
3.81519 4.01053
4.11061 4.06525
4.3037 4.10418
4.56426 4.16165
4.71591 4.18947
4.94399 4.22716
5.07304 4.24186
5.28269 4.25215
5.40882 4.25285
5.62265 4.22035
5.75202 4.18832
5.96098 4.1076
6.08652 4.04651
6.28045 3.92479
6.39508 3.83904
6.56621 3.68305
6.66552 3.57701
6.80913 3.39406
6.88993 3.27339
7.0027 3.07246
7.06396 2.94268
7.14779 2.72835
7.1912 2.59369
7.24889 2.37487
7.2768 2.24117
7.31312 2.02446
7.32879 1.89688
7.34877 1.68806
7.35545 1.57097
7.3628 1.37391
7.36298 1.26908
7.35913 1.08404
7.35399 0.989877
7.33812 0.814403
7.32725 0.727304
7.29695 0.558266
7.27877 0.474811
7.231 0.310532
7.20335 0.228917
7.13504 0.0697838
7.09568 -0.0103523
7.00411 -0.162794
6.95089 -0.243171
6.83106 -0.392623
6.74106 -0.493211
6.6115 -0.627319
6.43448 -0.759301
6.33745 -0.825073
6.17414 -0.927512
6.09497 -0.954649
5.9548 -0.979222
5.82105 -0.946156
5.73839 -0.910354
5.62928 -0.811524
5.58921 -0.746856
5.54369 -0.608257
5.53109 -0.53679
5.52023 -0.387385
5.51661 -0.317847
5.51446 -0.165899
5.51305 -0.098784
5.50986 0.0811469
5.51105 0.21046
5.5136 0.439937
5.5185 0.611757
5.52738 0.87958
5.5238 1.02987
5.51295 1.25158
5.49646 1.37804
5.45584 1.59341
5.42156 1.71608
5.35641 1.89538
5.3151 1.98493
5.25366 2.14236
5.22052 2.23059
5.16155 2.38264
5.09035 2.54408
5.04772 2.63406
4.9681 2.81959
4.92073 2.92776
4.8738 3.03657
4.81137 3.19161
4.79213 3.24348
4.76107 3.38065
4.75694 3.43971
4.77725 3.57468
4.80326 3.62825
4.89622 3.69616
4.95548 3.69295
5.05321 3.61277
5.08555 3.55594
5.15281 3.38883
5.19132 3.28252
5.25263 3.08741
5.29855 2.94879
5.34143 2.6762
5.36922 2.43432
5.38884 2.16188
5.3778 2.00826
5.36199 1.80854
5.32502 1.58181
5.30324 1.48449
5.26005 1.32984
5.23186 1.25076
5.14856 1.0744
5.09613 0.97214
4.99739 0.802124
4.92422 0.687722
4.8101 0.528635
4.7321 0.432828
4.60555 0.304633
4.51306 0.229246
4.31773 0.0917246
4.14004 0.00426428
4.01181 -0.0593408
3.8024 -0.130488
3.66014 -0.166595
3.41508 -0.207906
3.2715 -0.219784
3.04719 -0.22154
2.92336 -0.206239
2.72612 -0.175101
2.62642 -0.151077
2.45073 -0.0919643
2.36056 -0.052833
2.19344 0.0381582
2.10243 0.0944998
1.93734 0.211443
1.83859 0.2849
1.6685 0.420944
1.56126 0.507535
1.38482 0.657562
1.27998 0.757548
1.12966 0.931302
1.04343 1.04463
0.918645 1.24049
0.836457 1.38604
0.738728 1.58131
0.655389 1.81654
0.617718 1.94612
0.570032 2.15758
0.550371 2.28577
0.534915 2.50301
0.534535 2.63506
0.551039 2.85465
0.570056 2.98748
0.617511 3.20441
0.655066 3.33503
0.731044 3.54548
0.784962 3.67333
0.886151 3.881
0.963216 4.02003
1.06432 4.19521
1.21279 4.36909
1.30023 4.44521
1.43338 4.52977
1.57849 4.54946
1.67861 4.54674
1.81846 4.49185
1.88346 4.44104
1.97634 4.32756
2.01817 4.2603
2.08875 4.12827
2.12508 4.05972
2.19781 3.92414
2.23741 3.85779
2.32234 3.72201
2.36722 3.65812
2.46595 3.52118
2.52818 3.43697
2.65773 3.26356
2.78054 3.12239
2.8746 3.01253
3.01383 2.87689
3.08439 2.82007
3.22605 2.73875
3.28377 2.71029
3.41171 2.65282
3.47514 2.62804
3.63537 2.57307
3.70173 2.55433
3.82731 2.52372
3.95568 2.5031
4.01934 2.49487
4.16692 2.49125
4.24634 2.49494
4.39028 2.51316
4.46142 2.52909
4.64087 2.57969
4.71004 2.60357
4.86705 2.67181
4.92175 2.69991
5.05937 2.79487
5.1294 2.85902
5.26485 3.00922
5.33805 3.12355
5.43722 3.28562
5.48063 3.47319
5.4897 3.62895
5.50025 3.79854
5.45979 4.01582
5.4264 4.13642
5.33793 4.3428
5.24484 4.48117
5.12755 4.65801
4.95346 4.81309
4.83983 4.89138
4.63351 4.98094
4.47594 5.01335
4.26507 5.05704
4.0153 5.04746
3.88387 5.02825
3.67337 4.95448
3.55721 4.88937
3.39308 4.76799
3.32946 4.68438
3.24418 4.54547
3.18885 4.35621
3.16068 4.23286
3.13467 4.04055
3.13164 3.94168
3.13564 3.76788
3.13938 3.68648
3.14489 3.52987
3.14648 3.45701
3.15087 3.26549
3.15181 3.1109
3.14972 2.83686
3.14978 2.69332
3.15842 2.49285
3.17012 2.34644
3.18681 2.14158
3.19708 2.04304
3.21274 1.87372
3.22697 1.76947
3.24205 1.6647
3.27144 1.51299
3.28392 1.44845
3.30942 1.31047
3.31866 1.2568
3.34085 1.1162
3.34775 1.05582
3.3577 0.912475
3.35712 0.852339
3.34521 0.707565
3.33212 0.637058
3.29438 0.480276
3.26581 0.38452
3.20273 0.187216
3.16827 0.0846565
3.11508 -0.0608592
3.08549 -0.129477
3.01182 -0.279838
2.96646 -0.351911
2.84005 -0.464036
2.75608 -0.51016
2.56306 -0.558916
2.41916 -0.562182
2.2313 -0.567912
2.02622 -0.510501
1.9141 -0.466553
1.73419 -0.36026
1.64556 -0.285821
1.52101 -0.143341
1.46049 -0.0299348
1.41406 0.157965
1.40093 0.265716
1.38784 0.447727
1.39978 0.535263
1.4177 0.696127
1.42938 0.76938
1.44478 0.91335
1.45431 0.972207
1.47402 1.11115
1.48481 1.16725
1.50842 1.31088
1.51897 1.37653
1.5426 1.53221
1.55205 1.61229
1.57702 1.78967
1.59863 1.92701
1.63052 2.07675
1.68574 2.27692
1.71921 2.37566
1.78377 2.5515
1.82525 2.64674
1.91201 2.82041
1.96662 2.91274
2.07428 3.07232
2.14134 3.15561
2.27065 3.29924
2.34812 3.37145
2.49267 3.49478
2.5737 3.55666
2.74883 3.6754
2.91549 3.7532
3.03466 3.80833
3.26034 3.88694
3.45286 3.93546
3.59461 3.97524
3.85745 4.02139
4.06707 4.06241
4.34391 4.12112
4.52088 4.15702
4.75701 4.20408
4.90037 4.22671
5.1156 4.25143
5.23957 4.25873
5.45244 4.25248
5.58218 4.23664
5.79464 4.17903
5.92434 4.13128
6.12654 4.02915
6.2484 3.95438
6.43134 3.81479
6.53952 3.71756
6.6973 3.54711
6.78822 3.43235
6.91694 3.23913
6.98793 3.11351
7.08605 2.90506
7.13878 2.77103
7.20927 2.55398
7.24503 2.41832
7.29176 2.20019
7.31357 2.06808
7.34161 1.85518
7.35281 1.7315
7.36664 1.5288
7.37015 1.41691
7.37229 1.22646
7.36996 1.1263
7.36063 0.946759
7.35278 0.855492
7.33021 0.683778
7.31574 0.597643
7.27707 0.431217
7.25402 0.347593
7.19618 0.185882
7.1623 0.103842
7.08243 -0.0519176
7.03564 -0.132641
6.93092 -0.281958
6.86704 -0.36795
6.72271 -0.532789
6.58363 -0.651688
6.47336 -0.739519
6.30802 -0.857273
6.21474 -0.911529
6.06767 -0.975462
5.96699 -0.976236
5.85813 -0.968559
5.71953 -0.898014
5.65824 -0.844151
5.58246 -0.721191
5.55793 -0.649492
5.53343 -0.503399
5.52675 -0.430522
5.52233 -0.27968
5.51966 -0.209215
5.51698 -0.0553349
5.51803 0.0382921
5.51606 0.253797
5.51996 0.396776
5.52477 0.654931
5.52881 0.835977
5.5295 1.07312
5.51986 1.20851
5.49481 1.42164
5.46893 1.55179
5.41494 1.7592
5.37491 1.85587
5.30475 2.02731
5.27379 2.10366
5.21131 2.27295
5.16292 2.38906
5.11198 2.5062
5.0353 2.67588
4.9882 2.78087
4.92422 2.9336
4.86325 3.07789
4.83018 3.15225
4.78505 3.28653
4.77215 3.3443
4.76296 3.48292
4.77207 3.54409
4.82872 3.65754
4.87862 3.6924
4.98908 3.68326
5.03544 3.64539
5.10907 3.51919
5.14574 3.43188
5.21112 3.24365
5.25013 3.13097
5.30814 2.90624
5.34634 2.71955
5.38279 2.39286
5.3884 2.2055
5.39044 1.9665
5.35821 1.7699
5.33447 1.6244
5.29779 1.44121
5.27787 1.36965
5.21647 1.20993
5.17181 1.11131
5.07795 0.932482
5.02434 0.836431
4.90305 0.649576
4.83991 0.560492
4.70593 0.397927
4.64087 0.329901
4.4796 0.201258
4.35169 0.119114
4.18314 0.0110175
3.97218 -0.0776023
3.84542 -0.123235
3.61819 -0.178574
3.45865 -0.205743
3.22866 -0.228041
3.0906 -0.225869
2.87974 -0.207173
2.76761 -0.188576
2.58326 -0.144703
2.48875 -0.113368
2.31933 -0.0385753
2.22718 0.0105014
2.06346 0.114106
1.96775 0.180164
1.8011 0.307214
1.69747 0.388324
1.52465 0.531266
1.41184 0.623308
1.24637 0.785364
1.15092 0.893205
1.01445 1.07725
0.932879 1.19925
0.807784 1.41892
0.721049 1.62119
0.664226 1.77382
0.6002 1.98607
0.571214 2.11397
0.539736 2.32808
0.52957 2.45971
0.530197 2.67847
0.539661 2.81253
0.571767 3.03108
0.600436 3.16427
0.662328 3.37805
0.708621 3.50806
0.79701 3.71526
0.859443 3.8465
0.968503 4.06334
1.08401 4.21838
1.17993 4.3404
1.31407 4.47199
1.41905 4.51823
1.53569 4.55791
1.69665 4.54344
1.78028 4.51294
1.89623 4.42434
1.94882 4.36142
2.02756 4.23593
2.06614 4.16558
2.13628 4.03072
2.1748 3.9612
2.2536 3.82483
2.2972 3.75766
2.3898 3.62079
2.43973 3.55604
2.55339 3.40137
2.63518 3.29675
2.74823 3.1517
2.90111 2.98669
2.98145 2.90611
3.11852 2.79932
3.18869 2.76127
3.32297 2.69367
3.37273 2.67122
3.51654 2.61429
3.59418 2.58745
3.73489 2.54625
3.8287 2.52618
3.91993 2.50789
4.06293 2.49316
4.12486 2.49152
4.2882 2.49934
4.3479 2.50673
4.50364 2.54009
4.59913 2.56699
4.75045 2.62001
4.82762 2.65314
4.9585 2.72342
5.02707 2.76916
5.16046 2.88965
5.23569 2.97678
5.36742 3.15581
5.42852 3.30738
5.48 3.45044
5.50725 3.6518
5.49134 3.84125
5.47404 3.97459
5.41386 4.1782
5.35967 4.30498
5.23383 4.52339
5.09396 4.67578
4.99024 4.78962
4.80248 4.91393
4.67516 4.96794
4.43897 5.0365
4.22269 5.0467
4.05833 5.05469
3.84113 5.01948
3.71231 4.97414
3.51731 4.87173
3.4249 4.79784
3.3054 4.66674
3.24712 4.52574
3.19714 4.39904
3.15178 4.19337
3.13827 4.08402
3.12924 3.90475
3.13424 3.81149
3.1391 3.64602
3.14222 3.57341
3.1466 3.41338
3.14702 3.30665
3.1504 3.0673
3.14953 2.88049
3.14573 2.64988
3.15111 2.53586
3.16848 2.30284
3.18033 2.18472
3.19626 1.99942
3.20461 1.91658
3.22245 1.76456
3.24557 1.62583
3.25924 1.55488
3.28784 1.405
3.29789 1.35104
3.3226 1.21335
3.33128 1.15555
3.34879 1.01221
3.35259 0.952556
3.35285 0.808921
3.34659 0.74286
3.32217 0.594581
3.3018 0.513177
3.25297 0.342828
3.21671 0.228543
3.15479 0.0433321
3.1312 -0.0233355
3.06861 -0.169704
3.03329 -0.249871
2.93804 -0.385004
2.87309 -0.446721
2.71589 -0.527145
2.60434 -0.555409
2.37957 -0.580517
2.19981 -0.552332
2.06477 -0.530923
1.87299 -0.451966
1.76674 -0.389307
1.60905 -0.261936
1.54825 -0.177417
1.46066 -0.0155166
1.41613 0.115092
1.38384 0.30509
1.38338 0.405037
1.38766 0.571723
1.40504 0.655112
1.42132 0.806031
1.43209 0.872346
1.449 1.01271
1.45935 1.07081
1.48162 1.21006
1.49253 1.27101
1.51642 1.41938
1.52694 1.49225
1.55083 1.6552
1.56077 1.75547
1.59092 1.93714
1.63436 2.1195
1.66919 2.23732
1.7258 2.41808
1.76234 2.51431
1.8375 2.68788
1.88703 2.7855
1.98362 2.95215
2.045 3.04093
2.16353 3.19236
2.23751 3.27196
2.37455 3.40527
2.45639 3.47184
2.60592 3.58502
2.72418 3.65975
2.87285 3.74827
3.07337 3.82687
3.22101 3.87717
3.41009 3.93907
3.63638 3.98512
3.81463 4.02436
4.10704 4.07807
4.30117 4.11709
4.56033 4.17394
4.71414 4.20203
4.94136 4.23943
5.07277 4.25425
5.28215 4.26412
5.41119 4.26434
5.62484 4.23188
5.75667 4.19904
5.96517 4.11803
6.09274 4.05561
6.28606 3.93379
6.40244 3.84652
6.57305 3.69076
6.67387 3.58308
6.81716 3.40065
6.89927 3.27825
7.01201 3.07799
7.07446 2.94639
7.15855 2.73293
7.20302 2.59644
7.26129 2.3786
7.29017 2.24308
7.32732 2.02742
7.34386 1.89804
7.36482 1.69029
7.37223 1.57136
7.3805 1.37525
7.3812 1.26845
7.37809 1.08415
7.37316 0.987813
7.35774 0.812857
7.34671 0.723401
7.31652 0.554727
7.29773 0.468841
7.24976 0.304881
7.22104 0.220876
7.1523 0.0620997
7.11146 -0.0202991
7.01938 -0.172367
6.96423 -0.254892
6.84392 -0.404109
6.75154 -0.507098
6.62201 -0.63945
6.44608 -0.772658
6.34711 -0.839559
6.18906 -0.939045
6.10972 -0.966855
5.97017 -0.991363
5.83824 -0.960123
5.75421 -0.9233
5.64566 -0.825491
5.60348 -0.758613
5.55661 -0.620447
5.54283 -0.545279
5.53133 -0.39613
5.52761 -0.322277
5.52558 -0.16955
5.52416 -0.0976527
5.52114 0.0811019
5.52221 0.211316
5.52432 0.439476
5.52889 0.612206
5.53718 0.878075
5.53323 1.03036
5.52211 1.25137
5.50524 1.38
5.46505 1.59454
5.43044 1.71917
5.36598 1.89786
5.32421 1.98905
5.2635 2.14533
5.23016 2.23438
5.17091 2.38665
5.10097 2.54693
5.05753 2.63916
4.97964 2.82164
4.9305 2.93183
4.8837 3.04015
4.82172 3.19374
4.80119 3.24989
4.77067 3.3872
4.76676 3.44988
4.78816 3.58389
4.81633 3.63903
4.90755 3.70242
4.97077 3.69759
5.06718 3.61649
5.10048 3.55784
5.16605 3.39407
5.20477 3.2861
5.26526 3.0908
5.31144 2.94903
5.35324 2.67719
5.38021 2.43571
5.39914 2.16395
5.38786 2.00934
5.3718 1.81062
5.33288 1.5844
5.31 1.48236
5.26681 1.32818
5.23742 1.24625
5.15514 1.07175
5.10191 0.968092
5.00342 0.798956
4.92933 0.683513
4.81546 0.525209
4.73634 0.428212
4.60995 0.300129
4.51636 0.223401
4.32251 0.0876376
4.14772 -4.61405e-05
4.01372 -0.0667695
3.80508 -0.137907
3.66096 -0.175007
3.41725 -0.217077
3.27155 -0.229732
3.04815 -0.232203
2.92154 -0.216951
2.72475 -0.186307
2.6226 -0.161877
2.44705 -0.103174
2.35447 -0.0632171
2.18765 0.0272265
2.09466 0.0846335
1.93022 0.20099
1.83005 0.275526
1.66101 0.410975
1.55265 0.498728
1.37732 0.648817
1.27039 0.749793
1.11993 0.922904
1.03205 1.0381
0.907072 1.23355
0.821577 1.38658
0.726672 1.57864
0.643333 1.81131
0.604909 1.94341
0.557444 2.15462
0.537515 2.28521
0.522185 2.50199
0.521846 2.63637
0.538341 2.85544
0.557659 2.99054
0.604838 3.20696
0.642818 3.33982
0.718077 3.54993
0.772422 3.68008
0.87189 3.88758
0.947721 4.02578
1.04811 4.20019
1.19134 4.36832
1.27931 4.4468
1.41089 4.53269
1.5536 4.55618
1.65528 4.55487
1.7954 4.50342
1.86384 4.4525
1.95886 4.34119
2.00355 4.27151
2.07561 4.13964
2.11416 4.06751
2.18794 3.93104
2.22995 3.86065
2.31614 3.72332
2.36404 3.65512
2.46238 3.51958
2.52609 3.43448
2.65332 3.26593
2.77509 3.12683
2.87073 3.01702
3.01041 2.88299
3.08384 2.8246
3.22448 2.74362
3.28491 2.71352
3.41284 2.65594
3.47691 2.63078
3.63301 2.57679
3.70297 2.5568
3.82743 2.526
3.95334 2.50526
4.02015 2.49661
4.16777 2.49272
4.24539 2.49624
4.3901 2.51457
4.4638 2.53094
4.63989 2.58047
4.71032 2.60477
4.86479 2.67175
4.9232 2.70244
5.06031 2.79632
5.13189 2.86159
5.26282 3.01004
5.33845 3.12414
5.44133 3.30708
5.48847 3.49252
5.5012 3.64912
5.50788 3.80451
5.46661 4.01686
5.4315 4.13907
5.34218 4.34417
5.2503 4.48375
5.13393 4.66014
4.95637 4.81599
4.84128 4.89556
4.63591 4.98533
4.47173 5.01849
4.26347 5.06008
4.01548 5.05207
3.88211 5.03227
3.67158 4.96061
3.55252 4.89628
3.39395 4.77953
3.33338 4.69169
3.2483 4.5565
3.18696 4.35734
3.15864 4.23574
3.13297 4.04872
3.12989 3.94766
3.13368 3.77395
3.13716 3.6889
3.142 3.53049
3.14329 3.45618
3.14702 3.26373
3.14718 3.1101
3.14416 2.83972
3.14376 2.69275
3.15157 2.49294
3.16286 2.34539
3.17898 2.14182
3.18929 2.04177
3.20493 1.87366
3.21899 1.77019
3.23495 1.66111
3.26351 1.51217
3.27635 1.44636
3.30215 1.30833
3.31206 1.2515
3.33411 1.11272
3.34103 1.05264
3.35131 0.909653
3.35082 0.845341
3.33943 0.70054
3.32641 0.626989
3.29037 0.471804
3.26298 0.377014
3.20375 0.187623
3.16937 0.083702
3.11579 -0.063396
3.08453 -0.136098
3.01044 -0.286204
2.96301 -0.361214
2.83856 -0.472215
2.75082 -0.519635
2.56277 -0.566089
2.41996 -0.57226
2.22903 -0.577299
2.02313 -0.520524
1.90833 -0.476331
1.72819 -0.370428
1.63727 -0.294282
1.51396 -0.151594
1.44992 -0.034949
1.39996 0.14989
1.38356 0.262872
1.36868 0.439483
1.37938 0.530324
1.39664 0.689122
1.40943 0.765521
1.42549 0.90955
1.43552 0.972702
1.45505 1.112
1.46616 1.17077
1.4897 1.31313
1.50071 1.38019
1.52472 1.53441
1.53412 1.61643
1.56064 1.79768
1.58511 1.93889
1.6172 2.08093
1.67236 2.27942
1.70685 2.38035
1.7717 2.55548
1.81432 2.65259
1.90107 2.82532
1.95693 2.91944
2.06428 3.07849
2.13265 3.16357
2.26129 3.30684
2.34029 3.3806
2.48425 3.50357
2.56911 3.56875
2.74113 3.68495
2.91034 3.76592
3.03158 3.82087
3.2566 3.89989
3.44994 3.94867
3.59434 3.98894
3.85551 4.03488
4.06489 4.07563
4.34001 4.13364
4.51833 4.1696
4.75386 4.21634
4.89915 4.23913
5.11395 4.26354
5.24044 4.27064
5.45341 4.26391
5.58574 4.2478
5.79792 4.19002
5.92985 4.14116
6.13148 4.03882
6.2552 3.96261
6.43756 3.82308
6.54736 3.72426
6.70469 3.55422
6.79702 3.43775
6.92553 3.24519
6.99779 3.11774
7.09602 2.91009
7.14986 2.77425
7.22077 2.55814
7.25755 2.42065
7.30499 2.20355
7.32773 2.06963
7.35668 1.85782
7.36869 1.73233
7.38347 1.53066
7.3876 1.41687
7.39057 1.22729
7.38861 1.12504
7.37986 0.94613
7.37205 0.852578
7.34974 0.681291
7.33488 0.592745
7.29616 0.426651
7.27227 0.340605
7.2141 0.17923
7.17893 0.0948654
7.0986 -0.0605103
7.05012 -0.143424
6.94486 -0.292403
6.87906 -0.380715
6.7343 -0.545638
6.59522 -0.664895
6.48354 -0.753179
6.31981 -0.871761
6.22854 -0.92408
6.08384 -0.986707
5.9829 -0.989275
5.87189 -0.980475
5.73717 -0.912315
5.67383 -0.856939
5.59722 -0.734874
5.57089 -0.660179
5.54521 -0.51469
5.53794 -0.437829
5.53326 -0.286488
5.53067 -0.211461
5.52824 -0.0556316
5.52921 0.0396623
5.52707 0.253254
5.53076 0.39775
5.53503 0.653977
5.53868 0.835883
5.53896 1.07219
5.5289 1.2097
5.50387 1.4222
5.4777 1.55426
5.42452 1.76035
5.38382 1.85959
5.31472 2.02925
5.28305 2.10791
5.2212 2.27519
5.17323 2.3915
5.12192 2.51027
5.04592 2.67975
4.99887 2.78405
4.93484 2.93578
4.87382 3.0792
4.84011 3.15573
4.79467 3.29161
4.78116 3.35333
4.77313 3.49161
4.78333 3.55563
4.83895 3.66458
4.89371 3.70047
5.0013 3.68808
5.05088 3.64739
5.12346 3.52242
5.15995 3.43584
5.22383 3.24843
5.26363 3.13299
5.32067 2.90783
5.35828 2.71896
5.39346 2.39562
5.39883 2.20616
5.4006 1.96909
5.36706 1.77268
5.34247 1.62552
5.30493 1.44045
5.28419 1.36666
5.22262 1.20671
5.17778 1.10739
5.08432 0.929716
5.02966 0.832028
4.90889 0.646575
4.84444 0.555917
4.71107 0.394397
4.64321 0.323761
4.48392 0.196391
4.35598 0.112841
4.1876 0.00460216
3.97536 -0.0844069
3.84674 -0.131041
3.62043 -0.186832
3.45941 -0.214895
3.23015 -0.238002
3.09017 -0.23622
2.87933 -0.218098
2.76491 -0.199328
2.58081 -0.155854
2.48384 -0.123901
2.31452 -0.0495622
2.22026 0.000412924
2.0569 0.1035
1.95954 0.170608
1.79374 0.297053
1.68887 0.379248
1.51729 0.521796
1.4036 0.615777
1.23782 0.776652
1.14046 0.886013
1.00391 1.06957
0.920283 1.19345
0.792285 1.41699
0.708242 1.61662
0.651888 1.76997
0.587875 1.98204
0.558434 2.11241
0.527137 2.32614
0.516857 2.46011
0.517547 2.67837
0.527189 2.81472
0.559162 3.03273
0.588202 3.16816
0.649604 3.38149
0.696312 3.51375
0.783618 3.72079
0.846323 3.85398
0.953002 4.06767
1.06185 4.21659
1.15911 4.34105
1.29126 4.47186
1.39629 4.52226
1.51303 4.56358
1.67165 4.55266
1.75807 4.52315
1.8757 4.43763
1.93162 4.37345
2.01236 4.249
2.05344 4.17556
2.12481 4.04024
2.1656 3.96686
2.24552 3.82921
2.2918 3.75782
2.38412 3.62183
2.43698 3.55331
2.55039 3.39996
2.63336 3.29484
2.74372 3.15507
2.89551 2.99337
2.97891 2.91109
3.11457 2.80575
3.18835 2.76548
3.32168 2.69801
3.37533 2.67368
3.51696 2.6174
3.59322 2.59088
3.73279 2.54947
3.82784 2.52844
3.9217 2.50962
4.06233 2.49496
4.1262 2.49303
4.28733 2.50062
4.3496 2.5085
4.50466 2.54155
4.59949 2.5682
4.74944 2.62064
4.82659 2.65377
4.9588 2.72513
5.03042 2.77254
5.16162 2.89157
5.23565 2.97772
5.36348 3.15814
5.42723 3.30677
5.48752 3.47287
5.51468 3.65822
5.50126 3.84621
5.48119 3.97724
5.41921 4.17946
5.36448 4.30832
5.23963 4.52459
5.0971 4.67973
4.99209 4.79349
4.80519 4.91748
4.67596 4.97195
4.43714 5.04269
4.22194 5.05251
4.05717 5.05878
3.84062 5.02443
3.70936 4.97945
3.51344 4.88032
3.425 4.80813
3.31046 4.6787
3.24547 4.52366
3.19617 4.39855
3.15045 4.20164
3.13644 4.09079
3.12748 3.91304
3.13226 3.81614
3.13666 3.64999
3.13959 3.57264
3.14325 3.41396
3.14329 3.30528
3.14565 3.06791
3.14419 2.88194
3.13957 2.65074
3.14459 2.53458
3.16104 2.30321
3.17275 2.18357
3.18837 1.99957
3.19693 1.91512
3.21512 1.76247
3.23737 1.62832
3.25157 1.55266
3.28017 1.40431
3.29097 1.34711
3.31579 1.20944
3.32498 1.1496
3.34211 1.01044
3.34622 0.946549
3.3467 0.803324
3.34043 0.733541
3.31701 0.585829
3.29708 0.502882
3.2508 0.336589
3.21705 0.227692
3.15617 0.0435988
3.13097 -0.0276028
3.06802 -0.174956
3.03028 -0.258592
2.93558 -0.393307
2.8671 -0.457379
2.71197 -0.536165
2.59833 -0.565491
2.38076 -0.587946
2.20084 -0.562697
2.06051 -0.540157
1.86854 -0.462203
1.75977 -0.398443
1.60205 -0.270996
1.53927 -0.185385
1.45022 -0.0260458
1.40237 0.108445
1.36562 0.297394
1.36427 0.398203
1.3673 0.562386
1.38393 0.649599
1.40158 0.799631
1.4129 0.869991
1.43013 1.01051
1.44084 1.073
1.46267 1.21214
1.47406 1.27468
1.49813 1.42163
1.50902 1.49598
1.53356 1.65794
1.54521 1.76385
1.57585 1.93987
1.62093 2.12228
1.65618 2.24119
1.71316 2.42138
1.75079 2.51962
1.8261 2.6924
1.87675 2.79168
1.97323 2.95763
2.03588 3.0482
2.1539 3.19924
2.22921 3.28049
2.36566 3.41346
2.44935 3.48109
2.60011 3.59636
2.72358 3.67465
2.86931 3.75963
3.06887 3.83912
3.22001 3.89049
3.4086 3.95243
3.63473 3.99854
3.81411 4.03791
4.10351 4.09085
4.29867 4.1299
4.55641 4.18612
4.71239 4.21447
4.93877 4.25153
5.07254 4.26643
5.28162 4.27585
5.41357 4.27559
5.62699 4.24318
5.76129 4.20957
5.96933 4.12834
6.09895 4.06461
6.29165 3.94272
6.40976 3.85392
6.57984 3.69841
6.68216 3.58909
6.82511 3.40718
6.90853 3.28306
7.02124 3.08348
7.08486 2.95008
7.16922 2.73752
7.21475 2.59922
7.27359 2.38236
7.30344 2.24504
7.34141 2.03044
7.35883 1.89928
7.38071 1.6926
7.38885 1.57183
7.39801 1.37668
7.39921 1.26789
7.39679 1.08434
7.39207 0.985809
7.37706 0.811367
7.36586 0.719548
7.33577 0.551239
7.31636 0.462924
7.26819 0.29929
7.23838 0.212906
7.16924 0.054496
7.12691 -0.030146
7.03434 -0.181823
6.97735 -0.26656
6.85665 -0.41566
6.76241 -0.520766
6.63148 -0.653243
6.45796 -0.785881
6.3574 -0.854144
6.20441 -0.950572
6.12467 -0.979176
5.9848 -1.00306
5.85703 -0.974331
5.77059 -0.936944
5.6623 -0.839916
5.61796 -0.770842
5.5698 -0.633735
5.55477 -0.55509
5.54244 -0.405808
5.53853 -0.327667
5.53651 -0.173436
5.53503 -0.0965895
5.53229 0.0810631
5.53328 0.212206
5.535 0.439049
5.53924 0.612675
5.54697 0.876563
5.54266 1.03084
5.53129 1.25115
5.51401 1.38194
5.4743 1.59563
5.43946 1.72161
5.37564 1.90029
5.3336 1.99227
5.27327 2.14826
5.23972 2.23804
5.18045 2.39022
5.11201 2.54837
5.0673 2.64416
4.99122 2.82237
4.94086 2.93423
4.89389 3.04286
4.83195 3.19609
4.81027 3.25651
4.78027 3.39483
4.77664 3.46099
4.79853 3.59244
4.82961 3.65025
4.91871 3.70852
4.9864 3.70155
5.08112 3.61993
5.11568 3.55909
5.17936 3.39915
5.2183 3.28957
5.27794 3.09401
5.3243 2.94919
5.36494 2.67799
5.39115 2.43707
5.40995 2.16616
5.39752 2.01009
5.3805 1.81078
5.34069 1.58628
5.31674 1.48025
5.27344 1.32656
5.24283 1.24172
5.16163 1.06914
5.10763 0.96407
5.00939 0.795798
4.93441 0.679316
4.8208 0.521785
4.74055 0.423625
4.6134 0.294873
4.51979 0.21729
4.32764 0.0825079
4.15175 -0.00651583
4.01553 -0.0739413
3.80777 -0.145369
3.66181 -0.183424
3.41944 -0.226125
3.27164 -0.239503
3.04913 -0.242484
2.91978 -0.227453
2.72344 -0.197305
2.61886 -0.172466
2.44348 -0.114176
2.3485 -0.0734143
2.18198 0.0164679
2.08701 0.0749212
1.92319 0.190666
1.82159 0.266269
1.6536 0.40116
1.54419 0.490174
1.37013 0.640331
1.26111 0.742288
1.11041 0.914659
1.0207 1.0316
0.895477 1.22674
0.810244 1.37956
0.712362 1.57531
0.631473 1.80612
0.592365 1.94077
0.545028 2.1517
0.524826 2.28469
0.50962 2.50099
0.509317 2.63767
0.525784 2.85621
0.545386 2.99357
0.592261 3.20948
0.630639 3.34456
0.705135 3.55432
0.759841 3.68676
0.857858 3.89386
0.931913 4.03191
1.03419 4.2072
1.16737 4.36507
1.25742 4.44782
1.38811 4.53527
1.52807 4.56271
1.6315 4.56321
1.77198 4.51507
1.8438 4.46421
1.94101 4.35502
1.98866 4.28308
2.06237 4.15139
2.10325 4.07573
2.17815 3.93833
2.22262 3.86384
2.30853 3.72725
2.35914 3.65499
2.45871 3.51793
2.52394 3.43196
2.6473 3.27013
2.7708 3.12964
2.86594 3.02251
3.00402 2.89116
3.08096 2.83012
3.22083 2.74944
3.28492 2.71731
3.41413 2.65889
3.47864 2.63338
3.63061 2.58042
3.70346 2.55932
3.82727 2.52829
3.95088 2.50746
4.02095 2.49834
4.1677 2.49417
4.24592 2.49768
4.39042 2.51607
4.46631 2.53277
4.63875 2.58114
4.71062 2.60593
4.86363 2.67253
4.92464 2.70515
5.06229 2.79914
5.13521 2.86528
5.26124 3.01041
5.33837 3.12508
5.44613 3.32789
5.49059 3.49531
5.51124 3.66992
5.51522 3.81075
5.47401 4.01813
5.4373 4.1421
5.34745 4.34619
5.25184 4.49072
5.13514 4.6631
4.95948 4.81917
4.84267 4.89962
4.63806 4.9889
4.47358 5.02305
4.26139 5.06544
4.01568 5.05714
3.88025 5.03679
3.66968 4.96726
3.54794 4.90341
3.3964 4.79128
3.3287 4.68866
3.25208 4.56464
3.18491 4.35859
3.15735 4.24258
3.13155 4.05883
3.12812 3.95455
3.13161 3.7807
3.13485 3.69147
3.13902 3.53113
3.14008 3.45535
3.14309 3.26377
3.1427 3.10932
3.13879 2.84103
3.13784 2.69222
3.14485 2.49306
3.1557 2.34438
3.17124 2.14209
3.18161 2.04053
3.19731 1.8736
3.21103 1.77174
3.228 1.65711
3.25559 1.51134
3.26884 1.44425
3.29506 1.3058
3.30568 1.24562
3.32754 1.10816
3.33502 1.04483
3.34489 0.905055
3.34454 0.836825
3.33361 0.69259
3.32069 0.616142
3.28629 0.462794
3.26011 0.369263
3.20459 0.188091
3.17013 0.0826971
3.11602 -0.0663346
3.083 -0.143536
3.00815 -0.293719
2.95777 -0.371927
2.83369 -0.482026
2.74252 -0.530551
2.55811 -0.575805
2.41159 -0.583196
2.22523 -0.584717
2.02019 -0.530245
1.90283 -0.485604
1.72252 -0.380132
1.62933 -0.302289
1.50674 -0.159592
1.4392 -0.040461
1.38644 0.138505
1.36635 0.256589
1.3498 0.428998
1.35892 0.522443
1.37529 0.680199
1.38947 0.76066
1.40642 0.904517
1.41685 0.971917
1.4363 1.11106
1.44774 1.17415
1.47109 1.31538
1.48256 1.3839
1.50691 1.53673
1.51643 1.6209
1.54445 1.80465
1.57131 1.94686
1.60389 2.08519
1.65927 2.28188
1.69467 2.385
1.75978 2.55943
1.80352 2.65841
1.89022 2.8302
1.9473 2.9261
2.05432 3.08461
2.12399 3.17146
2.252 3.31435
2.33251 3.38965
2.47597 3.51202
2.56684 3.5816
2.73316 3.69409
2.90554 3.77842
3.0285 3.83313
3.25398 3.9131
3.44736 3.96171
3.5941 4.00241
3.85362 4.04813
4.06276 4.08873
4.33614 4.14606
4.5158 4.18207
4.75073 4.22846
4.89796 4.25139
5.11235 4.27543
5.24134 4.28239
5.45438 4.27511
5.58926 4.25874
5.80116 4.20084
5.93533 4.1509
6.1364 4.04839
6.26198 3.97075
6.44374 3.83131
6.55514 3.7309
6.71201 3.56127
6.80575 3.44311
6.93403 3.2512
7.00757 3.12193
7.1059 2.91511
7.16086 2.77747
7.23218 2.56231
7.26998 2.42301
7.31812 2.20696
7.34179 2.07125
7.37161 1.86052
7.38443 1.73324
7.40012 1.5326
7.40488 1.41691
7.40863 1.22818
7.40703 1.12385
7.39882 0.945559
7.39103 0.849715
7.36896 0.678854
7.35371 0.587895
7.31492 0.422137
7.29017 0.333676
7.23169 0.172647
7.19522 0.0859733
7.11444 -0.0690066
7.06429 -0.154106
6.9586 -0.30281
6.89091 -0.393479
6.74589 -0.557201
6.60888 -0.676262
6.49418 -0.767063
6.33232 -0.886339
6.24279 -0.936702
6.09967 -0.997899
6.00021 -1.00234
5.8854 -0.992321
5.75549 -0.927069
5.68968 -0.870175
5.61232 -0.749429
5.58412 -0.67195
5.55712 -0.526837
5.54916 -0.446062
5.54406 -0.293666
5.54148 -0.213945
5.53932 -0.0560044
5.54023 0.0410307
5.538 0.252744
5.54149 0.398757
5.54525 0.653041
5.54854 0.835782
5.54842 1.07125
5.53793 1.21088
5.51295 1.42274
5.4865 1.55669
5.43426 1.76038
5.39273 1.86323
5.32472 2.03054
5.29217 2.11209
5.23117 2.27707
5.18375 2.39306
5.13244 2.51304
5.05657 2.68354
5.00973 2.78599
4.94556 2.93715
4.88447 3.08015
4.8499 3.15944
4.80435 3.29689
4.79028 3.3627
4.78325 3.50127
4.79462 3.56799
4.84903 3.67167
4.9089 3.7083
5.01349 3.6926
5.06658 3.64875
5.1382 3.52506
5.17438 3.43965
5.23659 3.25309
5.27701 3.13481
5.3331 2.90934
5.37011 2.71817
5.40434 2.39863
5.40951 2.20697
5.40997 1.97122
5.3759 1.77669
5.35024 1.62595
5.31213 1.44073
5.29005 1.36289
5.22863 1.20345
5.18367 1.10349
5.09062 0.926972
5.03492 0.827638
4.91469 0.643585
4.84894 0.551352
4.71604 0.39099
4.64607 0.318041
4.48844 0.191159
4.35678 0.104673
4.18991 -0.00161706
3.97856 -0.091217
3.84805 -0.138779
3.62269 -0.195063
3.4602 -0.223954
3.23166 -0.247722
3.08976 -0.24637
2.87899 -0.228787
2.76227 -0.209872
2.57845 -0.166792
2.47902 -0.134223
2.30984 -0.0603503
2.21346 -0.00949482
2.05045 0.0930521
1.95142 0.161195
1.78645 0.287029
1.68036 0.370344
1.51007 0.512576
1.39564 0.608478
1.22956 0.768174
1.13021 0.878974
0.993423 1.06195
0.908478 1.18806
0.782534 1.40952
0.698382 1.60712
0.639117 1.76603
0.575776 1.97806
0.545858 2.1109
0.514704 2.32422
0.504308 2.46052
0.505051 2.67826
0.514859 2.81689
0.546677 3.03436
0.576065 3.17202
0.636944 3.38488
0.684023 3.51939
0.770285 3.72621
0.83316 3.86137
0.938876 4.07212
1.03575 4.21037
1.13535 4.33977
1.26705 4.47036
1.3726 4.52566
1.49152 4.56891
1.64626 4.56183
1.73556 4.53348
1.85481 4.45098
1.91409 4.38569
1.99692 4.26233
2.04061 4.18593
2.11333 4.05016
2.15647 3.97291
2.23629 3.8359
2.28495 3.76057
2.37829 3.62338
2.43417 3.55054
2.54729 3.39849
2.63395 3.28998
2.74094 3.15746
2.88887 3.00033
2.97347 2.91823
3.1082 2.81366
3.18596 2.77065
3.31991 2.7026
3.37726 2.67639
3.51733 2.62039
3.5922 2.5942
3.73066 2.5526
3.82659 2.53077
3.9231 2.51139
4.06173 2.49674
4.12842 2.49456
4.28605 2.50192
4.35233 2.51038
4.50581 2.543
4.5997 2.56929
4.74841 2.62135
4.82669 2.65517
4.95904 2.72711
5.03374 2.77624
5.16375 2.89446
5.23922 2.98306
5.36056 3.15934
5.42331 3.29406
5.49707 3.50805
5.51895 3.65227
5.51028 3.85126
5.48876 3.98007
5.42534 4.18112
5.36664 4.31575
5.24288 4.53053
5.10067 4.68495
4.99383 4.79714
4.80779 4.92081
4.67688 4.97629
4.43927 5.04516
4.22684 5.05684
4.05595 5.0638
3.84003 5.02986
3.70632 4.98524
3.51571 4.89173
3.42718 4.81807
3.31755 4.69333
3.24136 4.52526
3.1948 4.39818
3.14891 4.20913
3.13496 4.0995
3.12576 3.92252
3.13022 3.82149
3.13414 3.65428
3.13688 3.57189
3.13986 3.41454
3.13964 3.30246
3.14105 3.06854
3.13898 2.88184
3.1336 2.65163
3.13819 2.53332
3.15371 2.30362
3.16527 2.18246
3.18061 1.99973
3.18944 1.91365
3.20796 1.76013
3.22922 1.63117
3.24389 1.55044
3.27259 1.40361
3.28429 1.34238
3.30913 1.20496
3.319 1.14169
3.33582 1.00403
3.34019 0.936894
3.34052 0.796212
3.33427 0.722961
3.31181 0.576308
3.29237 0.492074
3.24856 0.330118
3.21725 0.226888
3.15729 0.043958
3.13031 -0.0322076
3.06682 -0.181004
3.02638 -0.268261
2.93112 -0.402832
2.85916 -0.468954
2.70504 -0.546695
2.58623 -0.576664
2.3739 -0.59885
2.19484 -0.573612
2.05644 -0.548999
1.86436 -0.471977
1.75313 -0.407118
1.59532 -0.27973
1.52984 -0.19324
1.44011 -0.0387898
1.38872 0.098462
1.3498 0.28325
1.34544 0.389128
1.34702 0.551562
1.3627 0.642116
1.38181 0.791698
1.39382 0.866438
1.41143 1.00673
1.42234 1.07346
1.44384 1.2135
1.45576 1.27832
1.47993 1.42392
1.49119 1.49983
1.51637 1.66101
1.52963 1.77044
1.56136 1.94435
1.60749 2.12514
1.64338 2.24506
1.7007 2.42465
1.7394 2.52488
1.81482 2.69689
1.86657 2.79781
1.96289 2.96306
2.02681 3.05543
2.14431 3.20605
2.22097 3.28894
2.35687 3.42152
2.44245 3.49
2.59624 3.60888
2.72526 3.6904
2.86616 3.77083
3.0644 3.85101
3.21786 3.90315
3.4086 3.96582
3.63311 4.01173
3.81363 4.05127
4.10005 4.1035
4.29618 4.14261
4.55253 4.19819
4.71065 4.22676
4.93621 4.26343
5.07235 4.27839
5.28114 4.28735
5.41596 4.28663
5.62912 4.25426
5.76587 4.2199
5.97347 4.13851
6.10512 4.07349
6.2972 3.95156
6.41703 3.86124
6.58657 3.70598
6.69038 3.59504
6.83299 3.41367
6.91771 3.28784
7.03038 3.08895
7.09519 2.95376
7.17979 2.74211
7.22639 2.602
7.28579 2.38615
7.31662 2.24704
7.35538 2.03351
7.37368 1.90057
7.39646 1.69498
7.40532 1.57237
7.41531 1.37818
7.41702 1.2674
7.41525 1.08459
7.41073 0.983859
7.39609 0.809928
7.38471 0.71574
7.35469 0.547799
7.33465 0.457056
7.28627 0.293757
7.25539 0.205006
7.18585 0.0469736
7.14203 -0.0398952
7.04903 -0.191195
6.99025 -0.278172
6.86913 -0.427161
6.77438 -0.533451
6.64016 -0.667326
6.47057 -0.799489
6.36843 -0.868873
6.21973 -0.962197
6.13928 -0.991637
5.99904 -1.01476
5.87688 -0.988733
5.78755 -0.951163
5.67943 -0.855061
5.63276 -0.783935
5.58319 -0.647768
5.56683 -0.565751
5.55352 -0.415934
5.54933 -0.333426
5.54725 -0.177533
5.5457 -0.0956021
5.5433 0.0810209
5.54425 0.213126
5.54561 0.438653
5.54954 0.613162
5.55674 0.875043
5.55207 1.0313
5.54048 1.25091
5.52281 1.38386
5.48368 1.5967
5.44868 1.72295
5.38542 1.90267
5.34311 1.99489
5.28298 2.15113
5.24932 2.2413
5.1903 2.39285
5.12286 2.55003
5.07693 2.64899
5.00264 2.82285
4.95136 2.93578
4.9035 3.04625
4.84223 3.19834
4.81932 3.26343
4.78992 3.4028
4.78656 3.47252
4.80792 3.59949
4.84287 3.66158
4.93004 3.71455
5.00199 3.70503
5.09377 3.62417
5.13109 3.56
5.19287 3.40406
5.2319 3.29292
5.29047 3.09703
5.3369 2.94797
5.3766 2.67859
5.40224 2.43868
5.42047 2.16839
5.40764 2.01108
5.3885 1.80915
5.34878 1.59057
5.32364 1.47915
5.27969 1.32414
5.24787 1.23656
5.16805 1.06656
5.11327 0.960072
5.01531 0.79265
4.93945 0.675134
4.82608 0.518395
4.74464 0.419109
4.61739 0.290005
4.5189 0.208657
4.33001 0.0748022
4.15438 -0.0140578
4.01734 -0.0809851
3.81046 -0.152781
3.66266 -0.19179
3.42165 -0.235038
3.27175 -0.249083
3.05014 -0.252574
2.91809 -0.237748
2.7222 -0.208092
2.6152 -0.182849
2.44 -0.124965
2.34266 -0.0834104
2.17643 0.00589622
2.07947 0.0653761
1.91626 0.180492
1.81322 0.257164
1.64631 0.391537
1.53589 0.481882
1.36316 0.63201
1.25211 0.735002
1.1011 0.906558
1.00963 1.02527
0.884495 1.2202
0.798783 1.37285
0.700688 1.56708
0.619277 1.80088
0.579842 1.93815
0.532807 2.14882
0.512315 2.28419
0.497216 2.5
0.496944 2.63898
0.513367 2.85697
0.533234 2.99657
0.579778 3.21195
0.618522 3.34925
0.692239 3.55865
0.747283 3.69335
0.844164 3.89994
0.916901 4.03857
1.02056 4.21513
1.1408 4.35899
1.23404 4.44757
1.36529 4.53723
1.5014 4.56861
1.60737 4.57164
1.74825 4.52667
1.82346 4.476
1.92285 4.36896
1.97354 4.29492
2.04901 4.16348
2.09233 4.08433
2.16745 3.94759
2.2141 3.86931
2.30078 3.7318
2.35414 3.6554
2.4549 3.51621
2.5217 3.42937
2.64148 3.2744
2.76638 3.132
2.86026 3.02844
2.99652 2.89973
3.07564 2.83708
3.21613 2.75577
3.28445 2.72135
3.41474 2.66211
3.48033 2.63588
3.62817 2.58395
3.70361 2.56182
3.8269 2.53058
3.94852 2.50965
4.02365 2.49992
4.16852 2.49566
4.24604 2.49913
4.39176 2.51771
4.46949 2.53467
4.63715 2.58165
4.71089 2.60718
4.86218 2.67338
4.92705 2.70854
5.06423 2.8023
5.14013 2.87118
5.26357 3.01493
5.3404 3.12466
5.44016 3.33046
5.48608 3.46947
5.52139 3.6923
5.51978 3.81229
5.48171 4.01956
5.44345 4.14533
5.35036 4.35241
5.25386 4.499
5.13727 4.66855
4.96267 4.8224
4.844 4.90356
4.64015 4.99242
4.47559 5.02846
4.26437 5.071
4.01589 5.06186
3.87828 5.04192
3.66753 4.97501
3.54924 4.91374
3.40372 4.80639
3.3235 4.6864
3.25246 4.56381
3.18379 4.36733
3.15577 4.24865
3.13006 4.06849
3.12645 3.96262
3.12947 3.78816
3.13247 3.69436
3.136 3.53377
3.13699 3.45173
3.13924 3.26235
3.13819 3.10855
3.13374 2.84418
3.13207 2.69171
3.13828 2.49322
3.14866 2.34341
3.16361 2.14239
3.17405 2.0393
3.18987 1.87354
3.20323 1.77328
3.22111 1.65328
3.24769 1.51051
3.26132 1.4421
3.28812 1.30246
3.29957 1.23852
3.32127 1.10165
3.32922 1.03503
3.3387 0.896814
3.33838 0.825451
3.32776 0.683386
3.31499 0.604336
3.28218 0.453282
3.25718 0.361166
3.20528 0.18861
3.17066 0.081773
3.11582 -0.0696069
3.08082 -0.151476
3.00487 -0.302117
2.95129 -0.383275
2.82684 -0.4927
2.73056 -0.542474
2.54751 -0.587101
2.39893 -0.594682
2.21889 -0.594158
2.0173 -0.540238
1.89759 -0.494441
1.71714 -0.389418
1.62162 -0.310011
1.49896 -0.167639
1.42816 -0.0476789
1.37445 0.121703
1.35057 0.243853
1.33168 0.414853
1.3386 0.513066
1.3539 0.669783
1.3695 0.754267
1.38742 0.89793
1.39825 0.969597
1.41772 1.10924
1.42955 1.17679
1.45257 1.31759
1.46454 1.38765
1.48919 1.53918
1.49915 1.62557
1.52869 1.80983
1.55704 1.95149
1.59049 2.08959
1.64632 2.28435
1.68269 2.3896
1.748 2.56333
1.79286 2.66418
1.87946 2.83504
1.93775 2.93272
2.04442 3.09068
2.11538 3.17929
2.24277 3.32176
2.32484 3.39856
2.46806 3.51994
2.5649 3.59415
2.72618 3.70364
2.90053 3.79009
3.02545 3.84505
3.25077 3.92482
3.44209 3.97372
3.59395 4.01609
3.85176 4.06121
4.06068 4.1017
4.3323 4.15838
4.5133 4.19442
4.74761 4.24042
4.89681 4.26345
5.11078 4.28709
5.24229 4.29392
5.45536 4.28614
5.59276 4.26945
5.80436 4.21146
5.94076 4.16048
6.14128 4.05784
6.26872 3.97879
6.44987 3.83946
6.56287 3.73747
6.71928 3.56825
6.81441 3.44842
6.94246 3.25718
7.01727 3.1261
7.1157 2.92011
7.17178 2.78069
7.2435 2.5665
7.28233 2.4254
7.33114 2.2104
7.35575 2.07292
7.38642 1.86328
7.40005 1.73422
7.4166 1.53462
7.42198 1.41702
7.42646 1.22915
7.42522 1.12271
7.41751 0.945042
7.40973 0.846898
7.38787 0.676463
7.37222 0.583089
7.33335 0.417673
7.30774 0.326805
7.24895 0.166132
7.21117 0.0771652
7.12998 -0.0774132
7.07819 -0.164699
6.97211 -0.313156
6.90241 -0.406062
6.75674 -0.568687
6.62434 -0.6864
6.50546 -0.781177
6.34562 -0.900981
6.25703 -0.949499
6.11527 -1.00917
6.01777 -1.01545
5.89926 -1.00442
5.77447 -0.942352
5.70603 -0.884124
5.62771 -0.764632
5.59755 -0.684461
5.56911 -0.53945
5.56036 -0.45474
5.55472 -0.301149
5.55211 -0.216637
5.55024 -0.0564599
5.55109 0.0423936
5.54883 0.252263
5.55216 0.399796
5.55545 0.652121
5.55837 0.835672
5.55788 1.07028
5.54697 1.21204
5.52207 1.42326
5.49536 1.55906
5.4439 1.761
5.40165 1.86677
5.33467 2.03193
5.30117 2.11617
5.24131 2.2783
5.19388 2.39523
5.14266 2.51596
5.06713 2.68715
5.02036 2.78765
4.95577 2.93899
4.89532 3.0802
4.85971 3.16302
4.81404 3.30248
4.79942 3.37242
4.79314 3.51092
4.80575 3.58059
4.85897 3.67857
4.9239 3.71575
5.02503 3.69751
5.08215 3.64972
5.15322 3.52739
5.18905 3.44328
5.24932 3.25758
5.29016 3.13644
5.34534 2.90948
5.38191 2.71613
5.41487 2.40136
5.42009 2.2078
5.41835 1.97315
5.38559 1.78542
5.3584 1.62878
5.3194 1.44294
5.29558 1.35902
5.2343 1.19957
5.18955 1.09957
5.09685 0.92425
5.03992 0.823012
4.92045 0.640618
4.85336 0.546822
4.72105 0.38755
4.6461 0.310306
4.48888 0.183126
4.3551 0.0948274
4.1905 -0.00932855
3.98181 -0.0980262
3.84936 -0.146446
3.62495 -0.203218
3.461 -0.232896
3.2332 -0.257257
3.08935 -0.256399
2.87871 -0.239271
2.7597 -0.220211
2.57616 -0.177518
2.47431 -0.144335
2.30528 -0.0709309
2.2068 -0.019212
2.04412 0.0827765
1.94342 0.151942
1.77928 0.277174
1.67198 0.361642
1.503 0.503583
1.38787 0.601314
1.22156 0.759893
1.12021 0.872102
0.983276 1.05456
0.896895 1.1828
0.771673 1.40145
0.686129 1.60267
0.626759 1.7622
0.563679 1.97409
0.53342 2.10943
0.502446 2.32233
0.491926 2.46095
0.492708 2.67816
0.50267 2.81904
0.534309 3.03596
0.56402 3.17584
0.62435 3.38822
0.671777 3.52498
0.757077 3.73152
0.820216 3.86865
0.924863 4.07716
1.0089 4.20301
1.10795 4.33722
1.24172 4.4673
1.34724 4.52766
1.4698 4.57397
1.6202 4.57077
1.71277 4.54382
1.8336 4.46429
1.89628 4.39806
1.98126 4.27586
2.02767 4.19661
2.10113 4.06168
2.14639 3.98089
2.22689 3.84327
2.27801 3.76395
2.37243 3.62511
2.43134 3.54779
2.54419 3.39701
2.63396 3.28566
2.73812 3.15946
2.88181 3.00709
2.96693 2.92575
3.10147 2.82171
3.18252 2.77634
3.31727 2.70758
3.37917 2.67907
3.51767 2.62329
3.59114 2.59742
3.72847 2.55566
3.82534 2.53307
3.92495 2.51311
4.06302 2.49849
4.13162 2.49603
4.28522 2.50329
4.35483 2.51224
4.50764 2.54452
4.59944 2.57021
4.74733 2.62217
4.82651 2.65665
4.9602 2.72984
5.03875 2.7815
5.16747 2.89955
5.2431 2.9871
5.36007 3.1588
5.42617 3.29362
5.4953 3.50778
5.51893 3.65297
5.51738 3.85162
5.49496 3.98245
5.43139 4.18284
5.37058 4.32086
5.24581 4.53757
5.10452 4.69007
4.99606 4.80147
4.81035 4.92407
4.67782 4.98084
4.44243 5.04975
4.22668 5.0621
4.05475 5.06837
3.83935 5.03587
3.70312 4.99194
3.52114 4.90508
3.43535 4.82988
3.32344 4.70428
3.23877 4.52686
3.19408 4.40537
3.1482 4.22106
3.13336 4.10776
3.12404 3.93186
3.12818 3.82754
3.13156 3.6604
3.13402 3.57312
3.13653 3.41233
3.13603 3.29816
3.13652 3.06918
3.13395 2.88359
3.1277 2.65255
3.13213 2.53079
3.14651 2.30406
3.1579 2.18137
3.173 1.9999
3.18212 1.91218
3.20092 1.75804
3.22122 1.63365
3.23675 1.54658
3.26505 1.40288
3.2777 1.33725
3.30274 1.19924
3.31326 1.13245
3.32974 0.995633
3.33431 0.925347
3.33439 0.786249
3.32814 0.710202
3.30658 0.56584
3.28764 0.480558
3.24624 0.323311
3.21735 0.226121
3.15818 0.044397
3.12929 -0.0369544
3.06494 -0.187541
3.02174 -0.278339
2.92535 -0.412933
2.849 -0.481275
2.69438 -0.558098
2.57195 -0.588378
2.3668 -0.609906
2.18742 -0.585001
2.05202 -0.558877
1.86039 -0.481429
1.74677 -0.4154
1.58871 -0.288348
1.52004 -0.200932
1.43064 -0.0544897
1.37556 0.0830181
1.33509 0.266029
1.32763 0.376364
1.32701 0.538318
1.34154 0.63311
1.36204 0.782289
1.37478 0.86135
1.39287 1.00193
1.40407 1.07303
1.42541 1.21278
1.43771 1.28186
1.46184 1.42625
1.47351 1.5038
1.49945 1.66427
1.51418 1.77598
1.54729 1.94925
1.59389 2.12814
1.63066 2.24896
1.6884 2.42788
1.72817 2.5301
1.80366 2.70134
1.85648 2.8039
1.95262 2.96845
2.01778 3.0626
2.13478 3.21278
2.21279 3.29729
2.34829 3.42935
2.43523 3.49946
2.59257 3.62121
2.72528 3.7046
2.86269 3.78199
3.06005 3.86238
3.21421 3.91522
3.41036 3.97888
3.63162 4.02497
3.81322 4.06464
4.09664 4.11602
4.29373 4.15521
4.54867 4.21014
4.70894 4.2389
4.9337 4.27515
5.0722 4.29014
5.28069 4.29867
5.41836 4.29749
5.63122 4.26512
5.7704 4.23003
5.97757 4.14852
6.11125 4.08225
6.30272 3.96031
6.42427 3.86847
6.59326 3.71349
6.69854 3.60093
6.84079 3.42011
6.92682 3.29258
7.03945 3.09439
7.10544 2.95743
7.19028 2.7467
7.23796 2.60481
7.29789 2.38997
7.32971 2.24908
7.36924 2.03664
7.38841 1.90193
7.41205 1.69742
7.42163 1.57299
7.43242 1.37975
7.43463 1.26698
7.43346 1.0849
7.42913 0.981957
7.41483 0.808535
7.40325 0.711974
7.37329 0.544403
7.35262 0.451237
7.30403 0.288282
7.27205 0.197176
7.20215 0.0395311
7.15684 -0.049553
7.06346 -0.200485
7.00289 -0.289686
6.88122 -0.438449
6.78729 -0.544937
6.64799 -0.682253
6.4842 -0.813513
6.38025 -0.883716
6.23526 -0.973855
6.15364 -1.00416
6.01353 -1.02663
5.89677 -1.00326
5.8051 -0.966002
5.69695 -0.870725
5.64787 -0.797664
5.59676 -0.662245
5.57898 -0.576871
5.56458 -0.426409
5.56002 -0.339485
5.55781 -0.181823
5.55621 -0.0946967
5.55417 0.0809716
5.55511 0.214075
5.55617 0.438288
5.5598 0.613666
5.56649 0.873511
5.56149 1.03175
5.54968 1.25065
5.53163 1.38575
5.49304 1.59769
5.4577 1.72484
5.39528 1.90494
5.35254 1.99761
5.29268 2.15393
5.25916 2.24397
5.2002 2.39497
5.13348 2.5518
5.08646 2.65363
5.01343 2.82365
4.96204 2.93616
4.91252 3.0504
4.85257 3.2004
4.82844 3.2704
4.79952 3.41112
4.79635 3.48434
4.81717 3.60688
4.85587 3.67247
4.94111 3.72062
5.01722 3.70841
5.10628 3.6282
5.14654 3.56074
5.20656 3.40877
5.24554 3.29609
5.30269 3.09982
5.34917 2.94625
5.3882 2.67794
5.41308 2.44002
5.43033 2.17047
5.41842 2.01185
5.39593 1.80608
5.35741 1.59842
5.33065 1.47997
5.28562 1.32162
5.25285 1.23157
5.17442 1.06395
5.11886 0.956079
5.02099 0.789255
4.94445 0.670974
4.83131 0.51502
4.7487 0.414621
4.61852 0.283166
4.51637 0.198906
4.33221 0.0678885
4.1568 -0.0219527
4.01929 -0.0883777
3.81316 -0.16013
3.66353 -0.200078
3.42387 -0.243816
3.27188 -0.258512
3.05114 -0.26252
2.91644 -0.247872
2.72103 -0.218669
2.61162 -0.19302
2.43663 -0.135537
2.33693 -0.0932031
2.17101 -0.00448042
2.07207 0.0560079
1.90945 0.170488
1.80498 0.248239
1.63914 0.382123
1.52773 0.473814
1.35638 0.623813
1.24333 0.727895
1.09206 0.898654
0.998838 1.01913
0.873474 1.21361
0.784994 1.37208
0.689475 1.56412
0.607601 1.79582
0.567474 1.93558
0.52071 2.14598
0.499968 2.28371
0.484977 2.49902
0.484724 2.64029
0.501085 2.85771
0.5212 2.99955
0.567387 3.21439
0.60647 3.3539
0.679421 3.56291
0.734834 3.69985
0.830622 3.90592
0.902863 4.04532
1.00366 4.22085
1.11391 4.35285
1.20925 4.44625
1.34201 4.53835
1.47361 4.57356
1.58261 4.57998
1.72408 4.53815
1.80285 4.48779
1.9044 4.38294
1.95822 4.30695
2.03502 4.17677
2.08063 4.0945
2.15655 3.95754
2.20544 3.87548
2.29304 3.7367
2.34915 3.65603
2.45131 3.51464
2.51944 3.42676
2.63639 3.27736
2.76115 3.1351
2.85418 3.03419
2.98894 2.90796
3.06992 2.84412
3.21081 2.76236
3.28312 2.72578
3.41534 2.66531
3.48201 2.63832
3.62568 2.58741
3.70365 2.56426
3.8267 2.5328
3.94751 2.51176
4.02731 2.50148
4.1703 2.49712
4.24661 2.50058
4.39288 2.51931
4.47207 2.53639
4.636 2.5823
4.71111 2.60852
4.86084 2.67452
4.92995 2.71247
5.06775 2.80712
5.14536 2.87704
5.26645 3.01796
5.34425 3.12733
5.44101 3.32936
5.48656 3.47008
5.52329 3.69143
5.52377 3.81345
5.48819 4.02055
5.44911 4.14844
5.35475 4.35618
5.25878 4.50314
5.14008 4.6748
4.96608 4.82594
4.84544 4.90774
4.64246 4.99658
4.47156 5.03435
4.26336 5.07446
4.01606 5.06738
3.87628 5.04742
3.66516 4.98441
3.55361 4.92613
3.41026 4.81765
3.32453 4.68925
3.25145 4.56342
3.18272 4.37623
3.15492 4.25918
3.12895 4.0807
3.12473 3.97055
3.12728 3.79684
3.13001 3.69907
3.13302 3.53584
3.13384 3.44975
3.13543 3.25947
3.13378 3.10778
3.12878 2.84537
3.12645 2.69123
3.13195 2.49209
3.14173 2.34247
3.15612 2.14271
3.16664 2.03808
3.18257 1.87348
3.19571 1.77407
3.21437 1.6493
3.23998 1.50922
3.25381 1.43971
3.28131 1.29872
3.29362 1.23077
3.31522 1.09379
3.32358 1.02386
3.33264 0.886682
3.33233 0.812379
3.32187 0.672013
3.30925 0.590917
3.27802 0.443074
3.2542 0.352614
3.20584 0.189169
3.17098 0.0809192
3.11522 -0.0730047
3.07808 -0.159576
3.00082 -0.310901
2.94348 -0.395129
2.81762 -0.503934
2.71711 -0.554632
2.53476 -0.599103
2.38355 -0.606645
2.2128 -0.604329
2.01419 -0.550679
1.89231 -0.503322
1.71199 -0.398418
1.61405 -0.317597
1.49036 -0.176095
1.41711 -0.058195
1.36276 0.103509
1.33578 0.228038
1.31442 0.398492
1.31885 0.501206
1.33256 0.657414
1.34956 0.746402
1.36851 0.890239
1.37983 0.966245
1.39936 1.1057
1.41135 1.17748
1.43413 1.31967
1.44668 1.39141
1.47164 1.54175
1.48295 1.63161
1.51335 1.81396
1.54265 1.95499
1.57708 2.09406
1.63341 2.28686
1.67084 2.39419
1.73636 2.5672
1.78232 2.6699
1.86879 2.83985
1.92826 2.93929
2.03457 3.09669
2.10683 3.18704
2.23366 3.32904
2.31727 3.4074
2.46012 3.52817
2.56158 3.60592
2.72068 3.71392
2.89556 3.80104
3.02249 3.85666
3.24677 3.9348
3.43417 3.98487
3.59476 4.0299
3.84997 4.07427
4.05867 4.11459
4.32848 4.17057
4.51083 4.20665
4.74452 4.25224
4.8957 4.27534
5.10925 4.29857
5.24328 4.30528
5.45636 4.29698
5.59624 4.27996
5.80752 4.22189
5.94615 4.16988
6.14612 4.06717
6.27541 3.98673
6.45597 3.84753
6.57056 3.74397
6.72648 3.57518
6.82301 3.45368
6.95082 3.26312
7.0269 3.13025
7.12541 2.9251
7.18262 2.78391
7.25472 2.57071
7.29459 2.42782
7.34405 2.21389
7.3696 2.07464
7.40109 1.86611
7.41553 1.73526
7.4329 1.5367
7.4389 1.4172
7.44407 1.23017
7.44318 1.12163
7.43593 0.944574
7.42815 0.844122
7.40648 0.674113
7.39041 0.578325
7.35146 0.413258
7.32497 0.31999
7.26588 0.159684
7.22681 0.068439
7.14524 -0.0857351
7.09182 -0.175202
6.98533 -0.323387
6.91345 -0.418315
6.76832 -0.57786
6.64181 -0.695045
6.51772 -0.795622
6.36243 -0.911722
6.27149 -0.9624
6.13113 -1.0205
6.0347 -1.02853
5.91405 -1.01704
5.79355 -0.957943
5.72277 -0.898596
5.64334 -0.780218
5.61115 -0.69741
5.58118 -0.552412
5.57154 -0.463762
5.56526 -0.308896
5.56258 -0.219519
5.56102 -0.0570052
5.5618 0.0437486
5.55957 0.25181
5.56274 0.400863
5.5656 0.651217
5.56818 0.835551
5.56736 1.06929
5.55601 1.21318
5.5312 1.42375
5.50423 1.56138
5.45374 1.76116
5.41068 1.8702
5.34467 2.0332
5.31014 2.12018
5.25145 2.27934
5.20387 2.39735
5.1526 2.51897
5.07746 2.69054
5.0303 2.7896
4.96524 2.94168
4.90639 3.07926
4.86962 3.16645
4.82376 3.30811
4.80859 3.38224
4.8023 3.51735
4.81658 3.59287
4.86896 3.68575
4.93833 3.72278
5.03651 3.70223
5.09731 3.65066
5.16827 3.52957
5.20412 3.44394
5.26206 3.26187
5.30411 3.13779
5.35727 2.90913
5.39322 2.715
5.42475 2.40386
5.43027 2.20847
5.4263 1.97468
5.39623 1.79824
5.36733 1.6351
5.32662 1.44644
5.30109 1.35633
5.23992 1.19584
5.19536 1.09566
5.10302 0.921545
5.04412 0.817529
4.92614 0.637678
4.85775 0.542308
4.72559 0.384462
4.64636 0.303133
4.48765 0.17402
4.35149 0.0835383
4.1914 -0.0167095
3.98513 -0.105017
3.85069 -0.154201
3.62722 -0.211278
3.46181 -0.241721
3.23476 -0.266639
3.08895 -0.266316
2.87848 -0.249576
2.75718 -0.230351
2.57395 -0.188026
2.46971 -0.154234
2.30084 -0.0813017
2.20026 -0.0287352
2.03793 0.0726841
1.93555 0.142867
1.77223 0.267509
1.66373 0.353151
1.49605 0.494794
1.38021 0.594219
1.21379 0.751794
1.11048 0.865419
0.973335 1.04729
0.884901 1.17737
0.757681 1.39838
0.673635 1.59866
0.614913 1.75854
0.551794 1.97019
0.521124 2.10798
0.490344 2.32047
0.479704 2.4614
0.480514 2.67805
0.490616 2.82118
0.522056 3.03753
0.552067 3.17962
0.611835 3.39152
0.659604 3.53049
0.743988 3.73673
0.807496 3.87578
0.909323 4.08276
0.98594 4.20051
1.08521 4.33948
1.21635 4.46411
1.32066 4.52839
1.44733 4.5785
1.59345 4.57929
1.68957 4.55405
1.81205 4.47753
1.87823 4.41049
1.96502 4.29021
2.01407 4.20847
2.08866 4.07384
2.13613 3.98959
2.21747 3.8511
2.27108 3.76771
2.36666 3.62709
2.42865 3.54514
2.54109 3.39554
2.63201 3.28368
2.73416 3.16185
2.8743 3.01404
2.96029 2.93293
3.0944 2.82991
3.17846 2.78229
3.3145 2.71263
3.38107 2.68173
3.518 2.62614
3.59004 2.60058
3.72644 2.55861
3.82486 2.53526
3.92712 2.51485
4.06204 2.50032
4.13548 2.49747
4.2844 2.50459
4.35745 2.51406
4.50886 2.54588
4.59964 2.57128
4.74621 2.62309
4.82643 2.65841
4.96179 2.73321
5.04371 2.78689
5.17171 2.90441
5.24892 2.9935
5.36284 3.16047
5.42799 3.29366
5.49601 3.50688
5.52081 3.65351
5.52175 3.8514
5.50027 3.98453
5.43722 4.18453
5.37527 4.32482
5.24966 4.54003
5.11154 4.69107
4.99859 4.80627
4.81309 4.92767
4.67866 4.98503
4.44077 5.05661
4.22581 5.06865
4.05359 5.07332
3.83858 5.0427
3.69982 4.99998
3.52363 4.91553
3.43629 4.83499
3.32709 4.71014
3.24008 4.53576
3.193 4.41281
3.14741 4.23294
3.13222 4.11856
3.12239 3.94363
3.12608 3.83482
3.129 3.66616
3.13124 3.57379
3.13323 3.41176
3.13243 3.29637
3.13212 3.06982
3.12897 2.88337
3.12225 2.65347
3.12619 2.52913
3.13955 2.30454
3.15066 2.18032
3.16554 2.0001
3.17494 1.9107
3.194 1.75611
3.21355 1.6351
3.23 1.5417
3.25757 1.4019
3.27122 1.33173
3.2965 1.19288
3.30766 1.12239
3.32382 0.985863
3.32855 0.912465
3.32835 0.774591
3.32209 0.696015
3.30127 0.553769
3.28286 0.467901
3.24383 0.31606
3.21479 0.217271
3.15885 0.0449108
3.12793 -0.0417442
3.06249 -0.194231
3.01633 -0.288712
2.91812 -0.423424
2.83761 -0.493641
2.68225 -0.569759
2.5559 -0.600407
2.36214 -0.620506
2.17766 -0.596624
2.04741 -0.569135
1.8564 -0.490891
1.74052 -0.423512
1.58207 -0.297078
1.50995 -0.208655
1.42021 -0.0687144
1.36251 0.0662162
1.32103 0.247635
1.31072 0.361382
1.3076 0.523191
1.32064 0.622078
1.3423 0.771506
1.35587 0.855156
1.37447 0.995655
1.38588 1.07093
1.40718 1.2115
1.42001 1.28515
1.44388 1.4286
1.45598 1.5079
1.4832 1.6689
1.49945 1.78253
1.53345 1.9539
1.58024 2.13122
1.61799 2.2529
1.67621 2.43109
1.71708 2.53528
1.79261 2.70574
1.8465 2.80995
1.94242 2.97379
2.00882 3.06971
2.12532 3.21942
2.20471 3.30554
2.33973 3.43718
2.42801 3.5092
2.58776 3.63249
2.72231 3.71663
2.85912 3.79314
3.0559 3.87322
3.21033 3.92688
3.41345 3.99159
3.63109 4.0383
3.81289 4.07819
4.09328 4.12847
4.2913 4.16769
4.54484 4.22196
4.70725 4.2509
4.93122 4.2867
5.07209 4.30171
5.28029 4.30982
5.42079 4.3082
5.6333 4.27577
5.7749 4.23996
5.98162 4.15837
6.11733 4.09087
6.3082 3.96896
6.43145 3.87563
6.59989 3.72093
6.70664 3.60676
6.84853 3.42649
6.93586 3.29728
7.04843 3.0998
7.11561 2.96108
7.20068 2.75129
7.24944 2.60763
7.3099 2.39381
7.34271 2.25116
7.38298 2.03983
7.40303 1.90336
7.42749 1.69994
7.43779 1.57367
7.44933 1.38139
7.45203 1.26661
7.45142 1.08526
7.44728 0.980099
7.43329 0.807184
7.42151 0.708244
7.39158 0.54105
7.37026 0.445464
7.32147 0.282861
7.2884 0.189415
7.21815 0.0321662
7.17137 -0.0591224
7.07762 -0.209684
7.0152 -0.301048
6.89294 -0.449464
6.79904 -0.556716
6.65674 -0.696333
6.50396 -0.821918
6.39611 -0.895713
6.25287 -0.984123
6.16756 -1.0167
6.02892 -1.03871
5.91571 -1.0177
5.82054 -0.979317
5.71462 -0.886634
5.66322 -0.811774
5.61049 -0.677029
5.5912 -0.588334
5.5756 -0.437177
5.57061 -0.345804
5.56821 -0.186302
5.56659 -0.0938805
5.5649 0.0809129
5.56586 0.215052
5.56665 0.43795
5.57 0.614184
5.57623 0.871965
5.57089 1.03216
5.55889 1.25036
5.54044 1.38762
5.50249 1.59863
5.46684 1.72624
5.40577 1.90463
5.36205 2.0002
5.30239 2.15666
5.26785 2.24865
5.20994 2.39705
5.14394 2.55329
5.0958 2.65807
5.02355 2.82489
4.97264 2.93578
4.92112 3.05504
4.86307 3.20206
4.83764 3.27729
4.809 3.41953
4.80583 3.49614
4.82621 3.61357
4.86834 3.6827
4.9523 3.72663
5.0318 3.71162
5.11877 3.6319
5.16214 3.56032
5.2211 3.41073
5.25965 3.29909
5.31541 3.10225
5.36149 2.94541
5.39922 2.67819
5.42331 2.44112
5.43956 2.17235
5.42862 2.0119
5.40366 1.80345
5.36637 1.60807
5.3376 1.48208
5.29155 1.32028
5.25789 1.22743
5.18073 1.06136
5.1244 0.952098
5.02596 0.784956
4.94941 0.666827
4.83639 0.511736
4.75243 0.410353
4.61977 0.276981
4.51385 0.189419
4.33557 0.0622117
4.15712 -0.031234
4.02127 -0.0958091
3.81586 -0.167535
3.6644 -0.208334
3.4261 -0.25247
3.27204 -0.267812
3.05214 -0.272338
2.91485 -0.257843
2.71991 -0.229041
2.60811 -0.202981
2.43336 -0.145891
2.33132 -0.102793
2.16572 -0.0146584
2.0648 0.0468233
1.90278 0.16067
1.79686 0.239508
1.6321 0.372915
1.51969 0.465952
1.34974 0.615718
1.23475 0.720948
1.08327 0.890926
0.988126 1.01306
0.862424 1.20713
0.773646 1.36601
0.676276 1.56146
0.596231 1.79081
0.555397 1.93307
0.508768 2.14317
0.487773 2.28327
0.472893 2.49806
0.472655 2.6416
0.488936 2.85844
0.509279 3.0025
0.55509 3.21679
0.594494 3.3585
0.666696 3.56711
0.722504 3.70624
0.816773 3.9119
0.888219 4.05202
0.986486 4.22654
1.08712 4.34741
1.18392 4.4457
1.31853 4.53909
1.44522 4.57757
1.55718 4.58795
1.69946 4.54936
1.78194 4.49953
1.88539 4.39737
1.9423 4.31979
2.02071 4.19059
2.06868 4.10533
2.14556 3.96798
2.19676 3.88211
2.28533 3.74195
2.34424 3.6569
2.44782 3.51315
2.51723 3.4242
2.63183 3.27913
2.75466 3.13959
2.84759 3.04007
2.98079 2.91643
3.06376 2.85116
3.20536 2.76899
3.28164 2.73027
3.41594 2.66851
3.48366 2.64069
3.6233 2.59079
3.70391 2.5666
3.8267 2.53501
3.9455 2.51393
4.03143 2.50297
4.17275 2.4986
4.2472 2.50197
4.39412 2.52086
4.47511 2.53818
4.63443 2.58287
4.71131 2.60993
4.85939 2.67586
4.93281 2.71661
5.07134 2.81193
5.1517 2.88406
5.27151 3.02318
5.3502 3.13359
5.44224 3.32812
5.48812 3.47044
5.52564 3.69049
5.52736 3.81453
5.49367 4.02123
5.45434 4.1514
5.35965 4.35868
5.26488 4.5063
5.14145 4.68053
4.96943 4.82952
4.84701 4.91216
4.64468 5.00041
4.47276 5.03953
4.26119 5.08044
4.0163 5.07384
3.87421 5.05371
3.66572 4.99402
3.55501 4.93568
3.41519 4.8264
3.32585 4.69664
3.25276 4.57083
3.18357 4.38952
3.15391 4.26966
3.12791 4.09376
3.12313 3.98091
3.12507 3.80612
3.12757 3.70343
3.13009 3.5392
3.13075 3.44812
3.13168 3.25908
3.12945 3.10702
3.12427 2.84854
3.12111 2.69074
3.12582 2.49184
3.13504 2.34156
3.14879 2.14307
3.15936 2.03688
3.1754 1.87341
3.1885 1.77387
3.20779 1.64535
3.23215 1.51115
3.24758 1.43307
3.27461 1.29459
3.28781 1.2225
3.30931 1.08513
3.31806 1.01178
3.32671 0.875217
3.3264 0.79809
3.31604 0.659216
3.30358 0.576374
3.27376 0.431735
3.24996 0.339474
3.20377 0.181642
3.17124 0.0800855
3.11424 -0.0764325
3.07476 -0.167824
2.99592 -0.319926
2.93471 -0.406991
2.80721 -0.515233
2.70231 -0.5669
2.52043 -0.611919
2.36358 -0.618649
2.20945 -0.614955
2.01093 -0.561399
1.88696 -0.512274
1.7069 -0.407381
1.60648 -0.32527
1.4807 -0.185512
1.40625 -0.0709867
1.35061 0.0860841
1.3215 0.211048
1.29794 0.380837
1.29984 0.487435
1.31152 0.643494
1.32979 0.737121
1.34969 0.881133
1.36149 0.961446
1.38122 1.10138
1.39348 1.17757
1.41617 1.3192
1.42905 1.39515
1.45447 1.54446
1.46728 1.63802
1.49841 1.81911
1.52875 1.9596
1.56379 2.09854
1.62056 2.2894
1.6591 2.39875
1.72485 2.57104
1.7719 2.67558
1.85821 2.84462
1.91884 2.94581
2.02478 3.10264
2.09835 3.1947
2.22462 3.33624
2.30972 3.41623
2.45207 3.53676
2.55701 3.61696
2.7161 3.7245
2.8907 3.81161
3.01969 3.86801
3.24253 3.94424
3.42638 3.99571
3.59924 4.04314
3.84829 4.08741
4.05671 4.12746
4.32469 4.18265
4.50839 4.21876
4.74145 4.26391
4.89463 4.28706
5.10775 4.30988
5.24432 4.31651
5.45738 4.30766
5.59971 4.29029
5.81064 4.23213
5.95149 4.17913
6.15093 4.07638
6.28206 3.99456
6.46202 3.85552
6.57819 3.7504
6.73363 3.58206
6.83154 3.4589
6.9591 3.26902
7.03645 3.13438
7.13504 2.93008
7.19338 2.78714
7.26586 2.57493
7.30676 2.43027
7.35686 2.21742
7.38335 2.07641
7.41563 1.869
7.43087 1.73637
7.44903 1.53885
7.45564 1.41743
7.46146 1.23125
7.46091 1.1206
7.45408 0.944148
7.4463 0.841382
7.42478 0.671802
7.40829 0.573598
7.36924 0.408888
7.34188 0.31323
7.2825 0.153302
7.24214 0.0597921
7.16022 -0.0939725
7.10517 -0.185601
6.99822 -0.333463
6.92418 -0.430414
6.77992 -0.587908
6.66267 -0.700241
6.53672 -0.805606
6.38278 -0.919588
6.28793 -0.973667
6.14849 -1.03137
6.05036 -1.04149
5.92867 -1.02948
5.81258 -0.973642
5.73949 -0.913473
5.65914 -0.795994
5.6249 -0.71066
5.59333 -0.565644
5.58272 -0.473069
5.5757 -0.316889
5.57291 -0.222588
5.5717 -0.0576489
5.57238 0.0450943
5.57019 0.251384
5.57324 0.401958
5.57572 0.650325
5.57796 0.835416
5.57682 1.06827
5.56505 1.2143
5.54036 1.42421
5.51316 1.56363
5.46414 1.75937
5.42058 1.87117
5.35506 2.03329
5.31918 2.12415
5.26157 2.27987
5.21306 2.40077
5.16242 2.52171
5.08752 2.69371
5.04015 2.79229
4.9741 2.9449
4.91752 3.07764
4.87975 3.16949
4.83352 3.31365
4.8177 3.39198
4.81119 3.52377
4.82712 3.60445
4.87894 3.69279
4.95206 3.72929
5.04808 3.7066
5.11215 3.65125
5.18334 3.5305
5.2192 3.44337
5.27508 3.26591
5.31825 3.13873
5.36916 2.90963
5.40439 2.71342
5.43437 2.40624
5.43981 2.20894
5.43459 1.97581
5.40662 1.80991
5.37696 1.6431
5.33397 1.45151
5.30618 1.35381
5.2456 1.19296
5.20096 1.09184
5.10904 0.918889
5.0486 0.812649
4.93171 0.634802
4.86198 0.53789
4.72994 0.381496
4.64619 0.296006
4.48648 0.165135
4.34522 0.0708853
4.19281 -0.0231325
3.9885 -0.112079
3.85203 -0.16199
3.62949 -0.219295
3.46263 -0.25045
3.23635 -0.275894
3.08854 -0.276125
2.87831 -0.259714
2.75472 -0.240304
2.57182 -0.198321
2.46519 -0.163925
2.29653 -0.0914633
2.19385 -0.0380644
2.03187 0.0627806
1.9278 0.133978
1.76531 0.258039
1.6556 0.344871
1.48921 0.48619
1.3727 0.587223
1.20622 0.743853
1.10093 0.858883
0.963498 1.04012
0.873559 1.17228
0.748029 1.39214
0.664297 1.5887
0.602806 1.75482
0.540165 1.96634
0.509027 2.10658
0.478394 2.31863
0.467636 2.46185
0.468466 2.67795
0.478696 2.82331
0.509915 3.03908
0.540206 3.18336
0.599408 3.39476
0.647522 3.53594
0.730897 3.74186
0.79453 3.88284
0.893435 4.08823
0.963957 4.1998
1.06813 4.34529
1.19072 4.46128
1.294 4.529
1.42415 4.58255
1.56626 4.58724
1.66594 4.56402
1.78994 4.49086
1.85964 4.42337
1.94839 4.30491
2.00016 4.22086
2.07605 4.08644
2.12578 3.99876
2.20805 3.85932
2.26419 3.77182
2.36095 3.6293
2.42605 3.54256
2.53798 3.39406
2.62815 3.28401
2.72866 3.16533
2.86575 3.02187
2.95307 2.94032
3.08711 2.83799
3.17423 2.78823
3.31165 2.7177
3.38297 2.68436
3.51832 2.62895
3.59063 2.60308
3.72462 2.5615
3.82396 2.53748
3.92949 2.5165
4.06121 2.50217
4.13953 2.49888
4.28358 2.50583
4.36025 2.51587
4.51054 2.54733
4.59942 2.57224
4.74503 2.62413
4.82625 2.66035
4.96338 2.73673
5.04837 2.79321
5.17704 2.91046
5.25608 3.00166
5.36785 3.16564
5.43076 3.29338
5.49752 3.5058
5.52319 3.65398
5.52567 3.85108
5.50491 3.98641
5.44271 4.18609
5.37982 4.32881
5.25361 4.54112
5.11963 4.69095
5.00091 4.81088
4.81585 4.93134
4.67969 4.98976
4.44236 5.0599
4.2304 5.07431
4.05243 5.07961
3.83779 5.05023
3.69926 5.00865
3.52786 4.9256
3.43624 4.84133
3.33022 4.71814
3.24247 4.54896
3.19372 4.42467
3.14751 4.24801
3.13106 4.13021
3.1208 3.95543
3.12403 3.8427
3.12645 3.67331
3.12844 3.57575
3.12996 3.41154
3.12888 3.2933
3.12783 3.07046
3.12429 2.88513
3.11688 2.65465
3.12051 2.52691
3.13274 2.30504
3.1436 2.17929
3.15821 2.0003
3.16799 1.90865
3.18722 1.75442
3.20592 1.63765
3.22391 1.53537
3.25069 1.39728
3.26549 1.32325
3.29039 1.186
3.30219 1.11171
3.31802 0.975192
3.32289 0.898668
3.32241 0.761717
3.31614 0.680785
3.29598 0.540581
3.27763 0.452706
3.24007 0.304246
3.21209 0.207825
3.15945 0.0454458
3.12625 -0.0466391
3.05944 -0.20105
3.01024 -0.29915
2.90994 -0.433922
2.82514 -0.505985
2.66883 -0.581654
2.5366 -0.612699
2.35918 -0.631699
2.17329 -0.609409
2.04295 -0.579102
1.85234 -0.500429
1.73429 -0.43164
1.57522 -0.306267
1.49972 -0.216771
1.40881 -0.0812155
1.34977 0.0518052
1.30721 0.229226
1.29449 0.345117
1.28892 0.506751
1.30025 0.609425
1.32271 0.759286
1.33704 0.847549
1.35623 0.988436
1.36795 1.06804
1.38922 1.20832
1.4022 1.28614
1.42609 1.43091
1.43887 1.51233
1.46743 1.67391
1.48516 1.78955
1.51983 1.95877
1.5668 2.1343
1.60541 2.25687
1.66413 2.43428
1.70611 2.54043
1.78167 2.71011
1.83662 2.81595
1.93229 2.97908
1.99992 3.07676
2.11594 3.22598
2.19668 3.31371
2.3311 3.44506
2.42079 3.51918
2.58199 3.64273
2.71755 3.72733
2.85559 3.80419
3.05191 3.8838
3.20716 3.93819
3.41851 4.00409
3.63411 4.0516
3.81272 4.09216
4.08999 4.14089
4.2889 4.18008
4.54104 4.23365
4.70559 4.26275
4.92878 4.29809
5.07201 4.31311
5.27995 4.32081
5.42327 4.3188
5.63537 4.28625
5.77936 4.24973
5.98563 4.16806
6.12337 4.09937
6.31364 3.97751
6.4386 3.88271
6.60648 3.72831
6.7147 3.61254
6.85621 3.43284
6.94483 3.30195
7.05734 3.1052
7.12571 2.96473
7.211 2.75588
7.26084 2.61046
7.32181 2.39769
7.35561 2.25329
7.3966 2.04306
7.41753 1.90484
7.44278 1.70252
7.4538 1.57442
7.46604 1.38309
7.46922 1.26629
7.46914 1.08567
7.46517 0.97828
7.45146 0.805869
7.43946 0.704549
7.40956 0.537734
7.38758 0.439734
7.33859 0.277495
7.30442 0.18172
7.23385 0.024877
7.1856 -0.0686021
7.09148 -0.218777
7.02719 -0.312276
6.9045 -0.460425
6.80974 -0.567952
6.66888 -0.708563
6.52675 -0.826649
6.41547 -0.904784
6.27266 -0.992813
6.1821 -1.02833
6.04505 -1.0506
5.93361 -1.03186
5.8349 -0.991939
5.73225 -0.902714
5.67864 -0.82612
5.62435 -0.692001
5.6035 -0.600059
5.58661 -0.4482
5.58112 -0.352364
5.57849 -0.19097
5.57686 -0.0931615
5.57551 0.0808436
5.57649 0.216055
5.57706 0.43764
5.58015 0.614714
5.58595 0.870402
5.58028 1.03255
5.5681 1.25005
5.54928 1.38945
5.51239 1.59951
5.47669 1.72575
5.41679 1.90267
5.37193 2.00161
5.31226 2.15936
5.27582 2.25458
5.21973 2.39842
5.15378 2.55552
5.105 2.66237
5.03342 2.82638
4.9831 2.93549
4.92955 3.0596
4.87367 3.20341
4.84695 3.28393
4.81835 3.4244
4.81506 3.50735
4.83521 3.62043
4.88026 3.69204
4.96356 3.73233
5.04581 3.71451
5.13138 3.63458
5.17747 3.55931
5.23586 3.41159
5.27416 3.30179
5.3285 3.10434
5.37408 2.94293
5.41013 2.67799
5.43327 2.44211
5.4487 2.17417
5.43783 2.01154
5.41215 1.80355
5.37522 1.61704
5.34479 1.48573
5.29719 1.31907
5.26256 1.22316
5.18684 1.05885
5.12977 0.948183
5.03117 0.78128
4.95421 0.662759
4.84132 0.50855
4.75597 0.406197
4.62066 0.270789
4.50902 0.178667
4.34034 0.057752
4.16059 -0.0389383
4.02322 -0.103032
3.81857 -0.174962
3.66527 -0.216567
3.42834 -0.261029
3.27222 -0.277006
3.05314 -0.282037
2.9133 -0.26767
2.71885 -0.23922
2.60468 -0.212738
2.43019 -0.156028
2.32583 -0.112183
2.16057 -0.0246383
2.05766 0.0378234
1.89623 0.15104
1.78888 0.230973
1.62518 0.363906
1.51178 0.458289
1.34325 0.607739
1.22635 0.714145
1.07467 0.883333
0.977679 1.00715
0.852001 1.20096
0.762722 1.3594
0.66425 1.55883
0.584428 1.78564
0.543414 1.9306
0.497022 2.1404
0.475746 2.28284
0.460959 2.49711
0.46073 2.6429
0.476916 2.85915
0.497472 3.00542
0.542891 3.21915
0.582605 3.36305
0.65404 3.57123
0.710149 3.71258
0.802679 3.91779
0.873228 4.05858
0.971498 4.23396
1.0595 4.34115
1.16015 4.44758
1.29441 4.53969
1.41716 4.58114
1.53356 4.59493
1.67434 4.56031
1.76049 4.51137
1.86597 4.41195
1.92604 4.33298
2.00617 4.20473
2.05657 4.11658
2.13453 3.9788
2.18807 3.88914
2.27766 3.74752
2.3394 3.658
2.44439 3.51172
2.51507 3.42168
2.62722 3.28065
2.74681 3.14551
2.83992 3.04678
2.9721 2.92514
3.05745 2.85819
3.19974 2.77563
3.28008 2.73475
3.41471 2.67239
3.48532 2.64306
3.621 2.59407
3.70492 2.56862
3.82685 2.53714
3.94363 2.51608
4.03548 2.50445
4.1739 2.50005
4.25044 2.5035
4.39554 2.52242
4.47799 2.5399
4.63313 2.58355
4.71163 2.61152
4.85787 2.67731
4.93567 2.72108
5.07483 2.81745
5.15834 2.89203
5.27783 3.03021
5.35605 3.13934
5.4444 3.32658
5.49047 3.47061
5.52824 3.68951
5.53082 3.81557
5.49858 4.02173
5.45916 4.15419
5.36432 4.36118
5.27082 4.50963
5.14144 4.68626
4.9726 4.83292
4.84859 4.91666
4.64689 5.00433
4.47507 5.04536
4.26153 5.08633
4.02039 5.08039
3.87211 5.06072
3.67012 5.00399
3.55795 4.94516
3.42022 4.83664
3.32765 4.7074
3.25499 4.58259
3.18538 4.40557
3.15393 4.28332
3.12719 4.10823
3.12155 3.99131
3.12291 3.81636
3.12513 3.70917
3.12718 3.54318
3.12766 3.44664
3.12798 3.25743
3.1253 3.10626
3.11983 2.85003
3.11595 2.69052
3.11989 2.49103
3.1285 2.34067
3.14162 2.14346
3.15223 2.03569
3.16838 1.87277
3.18149 1.77358
3.20152 1.64104
3.22492 1.51119
3.24175 1.42476
3.26845 1.28748
3.28246 1.21212
3.30353 1.07585
3.31264 0.999026
3.32089 0.862838
3.32056 0.782944
3.31029 0.645378
3.29783 0.560288
3.26896 0.417885
3.2456 0.325594
3.20156 0.173519
3.17138 0.078981
3.11291 -0.079951
3.07091 -0.176136
2.99032 -0.328998
2.92505 -0.418833
2.79572 -0.526543
2.68533 -0.57937
2.5036 -0.626801
2.34602 -0.631615
2.20472 -0.625576
2.00778 -0.571959
1.88162 -0.521168
1.70174 -0.416523
1.59879 -0.333328
1.4714 -0.196683
1.39575 -0.0839117
1.33855 0.0688973
1.30739 0.194044
1.28206 0.362649
1.28154 0.472351
1.29097 0.628201
1.31029 0.726368
1.331 0.870975
1.34334 0.955697
1.36329 1.09554
1.37567 1.17585
1.39841 1.31819
1.41193 1.39871
1.43769 1.5475
1.45208 1.64479
1.4838 1.82377
1.51515 1.96442
1.55064 2.10304
1.60781 2.29197
1.64745 2.4033
1.71345 2.57484
1.7616 2.68122
1.84772 2.84934
1.90951 2.95227
2.01507 3.10851
2.08993 3.20229
2.21558 3.34339
2.30212 3.42511
2.44398 3.54564
2.55197 3.62772
2.71171 3.73488
2.88594 3.82199
3.01703 3.87918
3.23878 3.95361
3.42146 4.00642
3.60283 4.05599
3.84685 4.10071
4.05481 4.14042
4.32093 4.19463
4.50598 4.23074
4.73841 4.27543
4.8936 4.29862
5.1063 4.32102
5.24543 4.3276
5.45845 4.31824
5.60319 4.30047
5.81373 4.2422
5.95679 4.18822
6.15569 4.08546
6.28867 4.0023
6.46803 3.86343
6.58578 3.75676
6.74073 3.58888
6.84002 3.46407
6.96732 3.27489
7.04594 3.13848
7.14459 2.93504
7.20407 2.79037
7.2769 2.57916
7.31886 2.43275
7.36957 2.22099
7.39701 2.07824
7.43003 1.87195
7.44608 1.73754
7.46498 1.54106
7.4722 1.41773
7.47863 1.23239
7.47841 1.11961
7.47197 0.943762
7.46417 0.838675
7.4428 0.669525
7.42587 0.568907
7.38672 0.404562
7.35847 0.306524
7.29882 0.146985
7.25716 0.0512227
7.17491 -0.102122
7.11821 -0.195895
7.01085 -0.343435
6.93459 -0.442197
6.79201 -0.598338
6.68242 -0.705381
6.55938 -0.813479
6.40522 -0.925318
6.30646 -0.983064
6.16706 -1.04128
6.06573 -1.05382
5.94339 -1.04179
5.83101 -0.989112
5.75528 -0.927727
5.67499 -0.811882
5.63874 -0.724106
5.60554 -0.579079
5.59388 -0.482623
5.58606 -0.325115
5.58314 -0.225844
5.5823 -0.0584011
5.58282 0.04643
5.58072 0.250983
5.58364 0.403079
5.58578 0.649444
5.58771 0.835263
5.58629 1.06721
5.57409 1.21538
5.54968 1.42463
5.52241 1.56579
5.47475 1.75714
5.43106 1.87051
5.3656 2.03284
5.32826 2.12803
5.27171 2.27991
5.22133 2.40575
5.1715 2.52513
5.09744 2.69624
5.04971 2.7952
4.98286 2.948
4.92844 3.07617
4.88902 3.17419
4.84333 3.31893
4.8265 3.4014
4.81998 3.52926
4.83724 3.615
4.889 3.69975
4.96516 3.73515
5.05982 3.71024
5.12649 3.65145
5.19807 3.53094
5.23418 3.4426
5.28848 3.26965
5.33279 3.13678
5.38135 2.9085
5.41562 2.71037
5.44383 2.40855
5.44909 2.20935
5.44355 1.97683
5.41605 1.81671
5.38667 1.65031
5.34097 1.4558
5.31094 1.35145
5.25094 1.18995
5.20547 1.08673
5.11494 0.916276
5.05274 0.807525
4.93715 0.631989
4.86605 0.533572
4.7341 0.378633
4.64462 0.2881
4.48338 0.154582
4.33925 0.0581918
4.1945 -0.0295841
3.99188 -0.119016
3.85335 -0.169712
3.63176 -0.227277
3.46347 -0.259106
3.23797 -0.285035
3.08812 -0.285817
2.87818 -0.269696
2.75232 -0.25008
2.56977 -0.20841
2.46078 -0.173411
2.29234 -0.10142
2.18756 -0.0472024
2.02595 0.053066
1.92019 0.125276
1.75852 0.248764
1.64761 0.336796
1.48248 0.47777
1.36534 0.580357
1.1988 0.736037
1.09159 0.852488
0.953988 1.03316
0.862566 1.16741
0.739238 1.3856
0.654734 1.57883
0.59074 1.75103
0.528547 1.96248
0.497089 2.10522
0.466611 2.31682
0.455722 2.46232
0.456559 2.67784
0.466904 2.82542
0.497888 3.0406
0.528442 3.18707
0.587067 3.39795
0.635492 3.54134
0.71774 3.74693
0.781345 3.88982
0.87863 4.09334
0.948927 4.20697
1.05232 4.35252
1.16324 4.45741
1.26938 4.53104
1.40118 4.58618
1.53868 4.59463
1.64191 4.57395
1.76743 4.50407
1.84067 4.43639
1.93148 4.31977
1.98603 4.23357
2.06331 4.09935
2.11538 4.00832
2.19864 3.8679
2.25734 3.77624
2.35529 3.63172
2.42351 3.54004
2.53483 3.39258
2.62308 3.28569
2.72164 3.1701
2.85647 3.03028
2.94535 2.94798
3.0795 2.84624
3.16985 2.79418
3.30754 2.72327
3.38306 2.68776
3.51683 2.63239
3.59341 2.6047
3.72299 2.56425
3.82362 2.53952
3.93176 2.51815
4.05982 2.50399
4.14446 2.50033
4.28541 2.50731
4.36467 2.51778
4.51204 2.54873
4.59947 2.57332
4.74399 2.62533
4.82598 2.66244
4.96491 2.74065
5.05312 2.8002
5.18264 2.91747
5.26282 3.00939
5.37294 3.1702
5.43524 3.29574
5.4997 3.50456
5.52593 3.65441
5.5294 3.85072
5.50916 3.98818
5.44781 4.1875
5.38394 4.33272
5.25752 4.5422
5.12769 4.69063
5.00306 4.81531
4.81859 4.93504
4.68062 4.99497
4.44512 5.06382
4.2377 5.08058
4.05508 5.08623
3.837 5.05847
3.7023 5.01823
3.53406 4.93655
3.43766 4.84988
3.33353 4.72888
3.2452 4.56416
3.1953 4.43933
3.14818 4.26438
3.13038 4.14327
3.11933 3.9687
3.122 3.85153
3.12393 3.68106
3.12565 3.57833
3.12672 3.41147
3.12541 3.29109
3.12372 3.07111
3.11969 2.88521
3.11195 2.65651
3.11497 2.52528
3.12614 2.30557
3.13668 2.17829
3.15106 2.00053
3.16124 1.90642
3.18066 1.75236
3.19883 1.63856
3.21813 1.52858
3.24397 1.3944
3.2601 1.31314
3.28462 1.17767
3.29701 1.0995
3.31234 0.96468
3.31733 0.884193
3.31658 0.747988
3.31026 0.664534
3.29055 0.525866
3.27235 0.436692
3.23619 0.291693
3.20928 0.197842
3.15992 0.0457178
3.12423 -0.0517784
3.05584 -0.207925
3.0035 -0.30965
2.90089 -0.4444
2.81116 -0.518434
2.6534 -0.594137
2.51887 -0.625822
2.35059 -0.644123
2.16979 -0.621402
2.03841 -0.589263
1.84827 -0.50996
1.72801 -0.439929
1.56804 -0.316226
1.49005 -0.226519
1.39803 -0.094514
1.33734 0.038901
1.29373 0.21059
1.2787 0.328334
1.27093 0.489383
1.28042 0.595376
1.30341 0.745941
1.31844 0.838866
1.33815 0.979923
1.35013 1.06367
1.3715 1.20433
1.38475 1.28653
1.40881 1.43222
1.42306 1.51856
1.45201 1.67926
1.47133 1.79709
1.50642 1.9633
1.55353 2.1374
1.59295 2.26086
1.65214 2.43746
1.69526 2.54555
1.77084 2.71443
1.82683 2.82191
1.92224 2.98431
1.99109 3.08374
2.10659 3.23247
2.18866 3.32184
2.3224 3.45299
2.41358 3.52936
2.57587 3.65257
2.71246 3.73761
2.85216 3.81505
3.04808 3.89417
3.2046 3.94914
3.42127 4.0157
3.63622 4.06459
3.81276 4.10587
4.08677 4.15335
4.28652 4.19241
4.53726 4.24523
4.70394 4.27446
4.92638 4.30933
5.07198 4.32434
5.27966 4.33167
5.4258 4.32932
5.63745 4.29659
5.78381 4.25934
5.9896 4.17762
6.12936 4.10773
6.31904 3.98596
6.4457 3.8897
6.61302 3.73562
6.7227 3.61826
6.86383 3.43914
6.95374 3.30658
7.06617 3.11057
7.13573 2.96837
7.22123 2.76047
7.27217 2.61331
7.33362 2.40159
7.36842 2.25545
7.4101 2.04634
7.43192 1.90638
7.45791 1.70516
7.46964 1.57522
7.48256 1.38484
7.48621 1.26602
7.48662 1.08612
7.48281 0.976494
7.46936 0.804588
7.45713 0.700884
7.42723 0.534455
7.40459 0.434046
7.3554 0.272181
7.32013 0.174089
7.24926 0.0176628
7.19954 -0.0779918
7.10507 -0.227772
7.03888 -0.323351
6.91599 -0.471225
6.82051 -0.57893
6.68463 -0.718108
6.54891 -0.831732
6.43698 -0.911906
6.29378 -1.00005
6.1979 -1.03864
6.0618 -1.06192
5.9507 -1.04544
5.84923 -1.00455
5.74958 -0.9188
5.69399 -0.840649
5.63831 -0.707082
5.61585 -0.61198
5.59762 -0.459437
5.59157 -0.35915
5.58867 -0.195827
5.58706 -0.0925499
5.586 0.0807624
5.58702 0.217085
5.58739 0.437354
5.59024 0.615255
5.59563 0.868797
5.58966 1.0329
5.57739 1.2497
5.55826 1.39123
5.52269 1.59807
5.48695 1.72489
5.42785 1.9005
5.38192 2.00247
5.3231 2.15744
5.28339 2.26112
5.22922 2.39978
5.16323 2.55777
5.11416 2.66608
5.04323 2.82747
4.99305 2.93589
4.93774 3.0644
4.8842 3.20438
4.85575 3.29162
4.8275 3.42874
4.82407 3.51766
4.84414 3.62702
4.89165 3.70045
4.97493 3.73758
5.05925 3.71691
5.14386 3.6366
5.19241 3.55802
5.25058 3.41227
5.28942 3.30347
5.34252 3.10371
5.38695 2.93787
5.42116 2.67634
5.44312 2.44302
5.45749 2.17814
5.44684 2.01115
5.42104 1.80649
5.38335 1.62219
5.35169 1.48857
5.30257 1.31801
5.26663 1.21838
5.192 1.05499
5.13508 0.944265
5.03606 0.777347
4.95889 0.658747
4.84609 0.505459
4.75933 0.402142
4.6202 0.263764
4.50461 0.168106
4.34272 0.05134
4.16412 -0.0458799
4.02521 -0.110193
3.82126 -0.18232
3.66614 -0.224748
3.4306 -0.269507
3.27243 -0.286102
3.05413 -0.291615
2.91179 -0.277357
2.71785 -0.249218
2.60133 -0.222303
2.42711 -0.165958
2.32045 -0.121376
2.15554 -0.0344204
2.05065 0.0290094
1.88982 0.1416
1.78102 0.222633
1.61838 0.355093
1.50399 0.450826
1.33692 0.599879
1.21812 0.707476
1.06629 0.87591
0.967516 1.00145
0.841926 1.19502
0.75178 1.35348
0.652733 1.55748
0.572551 1.78032
0.531484 1.92813
0.485407 2.13766
0.463881 2.28245
0.449178 2.49617
0.448947 2.64421
0.465025 2.85985
0.485776 3.00832
0.530791 3.22147
0.570793 3.36755
0.641413 3.5753
0.69773 3.71885
0.788763 3.92349
0.859074 4.06495
0.955599 4.23862
1.03639 4.34095
1.14408 4.45419
1.26883 4.5395
1.39064 4.58499
1.51145 4.60123
1.64892 4.57095
1.73871 4.52315
1.84624 4.42648
1.90951 4.34634
1.99145 4.21906
2.04435 4.12815
2.12346 3.98994
2.1794 3.89651
2.27003 3.75337
2.3346 3.6593
2.44083 3.51058
2.51288 3.41916
2.62207 3.2826
2.73837 3.15191
2.83152 3.05407
2.96297 2.93414
3.05086 2.86544
3.19318 2.7827
3.27726 2.73977
3.41102 2.67724
3.48744 2.64523
3.61833 2.59741
3.70728 2.57012
3.82703 2.53919
3.94201 2.51812
4.03955 2.5059
4.17313 2.50152
4.25636 2.50524
4.39856 2.5241
4.48204 2.54181
4.6318 2.58428
4.71296 2.61359
4.85625 2.67895
4.93854 2.72594
5.07841 2.82363
5.1646 2.90003
5.28379 3.03676
5.36195 3.1464
5.44826 3.32766
5.49374 3.4706
5.53108 3.6885
5.53399 3.81851
5.50313 4.02213
5.46282 4.15832
5.36864 4.36362
5.27602 4.5131
5.1417 4.69166
4.9756 4.83616
4.85016 4.92118
4.64905 5.00884
4.47752 5.05202
4.26006 5.09138
4.02482 5.08729
3.87019 5.06782
3.67446 5.0141
3.56287 4.95549
3.42594 4.84847
3.33026 4.72009
3.2575 4.59637
3.18749 4.42249
3.15453 4.29827
3.12684 4.12397
3.12016 4.00317
3.12082 3.82754
3.12271 3.71552
3.12432 3.54747
3.12461 3.44589
3.12438 3.25663
3.12118 3.1055
3.11575 2.85348
3.11104 2.69098
3.11417 2.49081
3.12216 2.33982
3.13462 2.14388
3.14527 2.03452
3.16156 1.87194
3.17486 1.77216
3.1955 1.63661
3.21797 1.51137
3.23641 1.41578
3.26225 1.28227
3.27743 1.20034
3.29788 1.06744
3.30743 0.985161
3.31524 0.851508
3.31482 0.767078
3.30457 0.630527
3.2921 0.543451
3.26409 0.403217
3.2412 0.311138
3.19922 0.164862
3.16801 0.0681233
3.1112 -0.0837017
3.06652 -0.184627
2.98405 -0.338117
2.91434 -0.43076
2.78276 -0.537987
2.66891 -0.591933
2.49277 -0.639386
2.33516 -0.644694
2.19533 -0.636202
2.00461 -0.582456
1.87624 -0.530131
1.69647 -0.42599
1.59087 -0.342066
1.46399 -0.20945
1.38599 -0.0968167
1.32736 0.0508402
1.29345 0.176816
1.26671 0.343887
1.26384 0.45636
1.27102 0.611923
1.29121 0.714448
1.31251 0.859647
1.32537 0.948755
1.34556 1.08879
1.35833 1.17372
1.38103 1.31627
1.395 1.4014
1.42158 1.5523
1.43768 1.65298
1.46952 1.82667
1.50196 1.96977
1.53775 2.10754
1.59519 2.29456
1.63591 2.40784
1.70215 2.57862
1.75141 2.68681
1.83732 2.85401
1.90025 2.95867
2.00541 3.11433
2.08155 3.20981
2.20651 3.35051
2.29446 3.43402
2.43589 3.55472
2.54702 3.63849
2.70727 3.745
2.88128 3.83217
3.01455 3.89012
3.23526 3.96329
3.41876 4.01739
3.60511 4.06825
3.84557 4.11387
4.053 4.15334
4.31719 4.20656
4.50359 4.24261
4.73538 4.28681
4.89261 4.31001
5.10487 4.33199
5.2466 4.33856
5.45957 4.32876
5.60668 4.31053
5.81681 4.25212
5.96206 4.19717
6.16041 4.09443
6.29524 4.00993
6.474 3.87126
6.59332 3.76306
6.74778 3.59564
6.84844 3.4692
6.97547 3.28072
7.05536 3.14256
7.15406 2.94
7.21468 2.7936
7.28786 2.5834
7.33086 2.43525
7.38217 2.2246
7.41055 2.08011
7.4443 1.87496
7.46116 1.73878
7.48076 1.54333
7.48858 1.41808
7.49558 1.23357
7.49569 1.11865
7.48961 0.94341
7.48178 0.835996
7.46052 0.667279
7.44314 0.564248
7.40389 0.400278
7.37475 0.299868
7.31484 0.140731
7.27189 0.04273
7.18932 -0.110185
7.13096 -0.206082
7.02324 -0.353289
6.94491 -0.453776
6.8051 -0.608987
6.69894 -0.713353
6.57601 -0.82302
6.42741 -0.930827
6.3263 -0.990921
6.18637 -1.05009
6.08143 -1.06521
5.95858 -1.05392
5.8486 -1.00409
5.76917 -0.940167
5.69074 -0.827786
5.65261 -0.737679
5.61781 -0.592657
5.60506 -0.492383
5.59635 -0.33355
5.59329 -0.229284
5.59269 -0.0602011
5.59298 0.0485604
5.59114 0.250608
5.59396 0.404225
5.5958 0.648571
5.59742 0.835069
5.59578 1.06612
5.58318 1.21643
5.55941 1.42499
5.5323 1.56569
5.4856 1.75369
5.44165 1.86967
5.377 2.02922
5.339 2.12764
5.28217 2.27821
5.2293 2.41073
5.18018 2.52856
5.10769 2.69608
5.05918 2.7977
4.99158 2.95076
4.93893 3.07522
4.89689 3.18149
4.85329 3.32109
4.83492 3.41091
4.82865 3.53461
4.84701 3.62441
4.89907 3.70635
4.97772 3.74031
5.07151 3.71324
5.14033 3.65135
5.21089 3.53334
5.24928 3.4412
5.30249 3.27232
5.3477 3.13297
5.39394 2.90482
5.42691 2.70612
5.45346 2.41087
5.45812 2.21191
5.453 1.98023
5.42451 1.81773
5.394 1.65138
5.34748 1.45829
5.31562 1.34916
5.25565 1.18644
5.20929 1.08099
5.12071 0.913699
5.05687 0.802582
4.94245 0.629246
4.86956 0.528928
4.73802 0.375936
4.64364 0.28088
4.48071 0.14424
4.33684 0.0480221
4.1966 -0.0366331
3.99524 -0.125764
3.85468 -0.177373
3.63402 -0.235195
3.46432 -0.26769
3.23961 -0.294077
3.08769 -0.295391
2.87809 -0.279522
2.74996 -0.25968
2.56779 -0.218295
2.45644 -0.182703
2.28825 -0.111177
2.1814 -0.0561512
2.02016 0.0435413
1.91271 0.116761
1.75186 0.239682
1.63973 0.328922
1.47587 0.469531
1.35818 0.573628
1.19156 0.728337
1.08246 0.84626
0.94477 1.02642
0.851796 1.16272
0.73042 1.37964
0.645264 1.56907
0.578779 1.74712
0.51696 1.95862
0.485268 2.10388
0.45498 2.31503
0.443961 2.4628
0.444792 2.67773
0.455239 2.82753
0.485972 3.0421
0.516773 3.19074
0.574799 3.40109
0.623481 3.54668
0.70461 3.75192
0.768338 3.89659
0.863315 4.09774
0.933596 4.213
1.0374 4.35946
1.13637 4.45471
1.25104 4.53655
1.37776 4.58936
1.5118 4.60165
1.61873 4.58339
1.74467 4.51705
1.82143 4.4494
1.91434 4.33465
1.97172 4.24648
2.0505 4.11249
2.10495 4.01818
2.18925 3.87677
2.25052 3.78094
2.34953 3.63452
2.42083 3.5378
2.52921 3.39455
2.61785 3.28744
2.71487 3.17452
2.84684 3.03891
2.93718 2.95595
3.07113 2.85479
3.16453 2.80058
3.30163 2.7296
3.38142 2.69191
3.5127 2.63677
3.59667 2.60608
3.72139 2.56688
3.82418 2.54126
3.93389 2.51974
4.05771 2.50579
4.15008 2.50184
4.28624 2.50871
4.37101 2.51987
4.51473 2.55032
4.59951 2.5744
4.74393 2.62706
4.82626 2.66501
4.96643 2.74498
5.05765 2.80747
5.18791 2.92447
5.26966 3.01791
5.37818 3.17602
5.44123 3.30224
5.50267 3.50318
5.52898 3.65479
5.53288 3.85226
5.51332 3.98992
5.45189 4.19028
5.3867 4.33801
5.26159 4.54363
5.13442 4.69121
5.00506 4.81966
4.82136 4.93882
4.68094 5.00071
4.44755 5.0676
4.2464 5.0872
4.05809 5.09311
3.8375 5.06736
3.70528 5.02793
3.54037 4.94792
3.44072 4.86018
3.33726 4.74125
3.24824 4.5803
3.19714 4.45486
3.14925 4.28165
3.13008 4.15759
3.11808 3.98288
3.12006 3.8613
3.12147 3.68936
3.12292 3.58121
3.12354 3.41213
3.12199 3.28903
3.11969 3.07176
3.11533 2.88725
3.10728 2.65979
3.10965 2.5239
3.11972 2.30613
3.12995 2.17733
3.14411 2.00076
3.15473 1.90375
3.17432 1.75033
3.19215 1.6385
3.21264 1.52175
3.23739 1.3926
3.25513 1.30233
3.27874 1.17166
3.29215 1.08625
3.30677 0.955695
3.31196 0.868923
3.31104 0.735837
3.30445 0.647666
3.28512 0.510405
3.26708 0.420125
3.23226 0.278567
3.20505 0.183407
3.1569 0.036226
3.11945 -0.0637756
3.05169 -0.214971
2.996 -0.320367
2.89076 -0.454939
2.79699 -0.530632
2.63866 -0.606942
2.50326 -0.639074
2.34043 -0.65582
2.16173 -0.632733
2.03321 -0.60043
1.84414 -0.519614
1.72161 -0.448546
1.56173 -0.327577
1.48164 -0.23825
1.38874 -0.109498
1.3254 0.0257569
1.2808 0.191158
1.26329 0.310993
1.25356 0.471283
1.26121 0.580339
1.28452 0.731513
1.30007 0.829005
1.32027 0.970475
1.33309 1.05979
1.35414 1.19948
1.36784 1.28669
1.39215 1.43318
1.40764 1.52463
1.43702 1.68604
1.4584 1.80639
1.49316 1.96673
1.54052 2.14049
1.58064 2.26486
1.64024 2.44062
1.68451 2.55064
1.7601 2.71872
1.81713 2.82782
1.91226 2.98949
1.98233 3.09065
2.09727 3.23891
2.18062 3.32994
2.31365 3.46095
2.4071 3.54006
2.56982 3.66245
2.70765 3.74784
2.84885 3.82567
3.04438 3.90441
3.20361 3.96023
3.42166 4.02663
3.63698 4.07708
3.81571 4.11848
4.08365 4.16574
4.28417 4.20468
4.53351 4.25669
4.70231 4.28601
4.92401 4.3204
5.07198 4.33541
5.27945 4.3424
5.42838 4.33976
5.63954 4.30679
5.78825 4.2688
5.99354 4.18702
6.13532 4.11597
6.32439 3.99431
6.45276 3.89661
6.61951 3.74287
6.73065 3.62393
6.87139 3.44539
6.96259 3.31118
7.07494 3.11591
7.14569 2.97199
7.23138 2.76505
7.28341 2.61617
7.34534 2.40552
7.38115 2.25766
7.42348 2.04967
7.44618 1.90797
7.47289 1.70786
7.48533 1.57609
7.49888 1.38665
7.503 1.2658
7.50386 1.08661
7.5002 0.974738
7.48697 0.803335
7.47451 0.697244
7.44461 0.531209
7.4213 0.428396
7.37192 0.266918
7.33555 0.166521
7.26438 0.0105229
7.21319 -0.087294
7.11839 -0.23667
7.05032 -0.334301
6.92763 -0.481977
6.83224 -0.590086
6.6988 -0.728013
6.57039 -0.836671
6.45831 -0.919025
6.31492 -1.00658
6.21469 -1.04769
6.07909 -1.07244
5.96726 -1.05825
5.86314 -1.01663
5.7664 -0.934603
5.70804 -0.853653
5.65227 -0.72219
5.62824 -0.624043
5.60863 -0.470844
5.60198 -0.366139
5.59872 -0.201508
5.59722 -0.0929607
5.59635 0.08146
5.59749 0.218151
5.59764 0.437092
5.60027 0.615803
5.605 0.865911
5.59905 1.03321
5.58687 1.2493
5.56752 1.39292
5.53316 1.59424
5.49753 1.72284
5.4397 1.89522
5.393 2.00027
5.33448 2.15373
5.29177 2.26482
5.23866 2.40033
5.17299 2.55801
5.12394 2.66728
5.05334 2.82722
5.0026 2.93675
4.9455 3.06984
4.89473 3.20346
4.86347 3.30091
4.83656 3.43212
4.83281 3.52724
4.85302 3.6334
4.90258 3.7079
4.98624 3.74226
5.07216 3.71884
5.15528 3.63944
5.2069 3.55625
5.26546 3.41236
5.30508 3.29804
5.35695 3.10121
5.3998 2.93223
5.43235 2.6735
5.45308 2.44394
5.46654 2.18257
5.45597 2.01316
5.42932 1.80953
5.39088 1.62549
5.35805 1.48963
5.30774 1.31704
5.27035 1.2135
5.19655 1.05047
5.1403 0.940348
5.04093 0.773604
4.96344 0.654804
4.85032 0.50203
4.76251 0.398154
4.62034 0.257412
4.50312 0.159634
4.34316 0.0434065
4.16761 -0.0525425
4.02724 -0.117422
3.82394 -0.189593
3.66701 -0.232859
3.43287 -0.277898
3.27266 -0.295117
3.05512 -0.301106
2.91033 -0.286906
2.7169 -0.259032
2.59803 -0.231679
2.42413 -0.175688
2.31518 -0.130377
2.15064 -0.0440051
2.04377 0.0203826
1.88354 0.132353
1.77329 0.214488
1.6117 0.346472
1.49634 0.443556
1.33076 0.592126
1.21008 0.700939
1.05814 0.868663
0.957599 0.995936
0.832101 1.18929
0.741037 1.34832
0.641299 1.55597
0.56263 1.77186
0.51963 1.92566
0.473898 2.13494
0.452158 2.28208
0.437545 2.49525
0.437302 2.64552
0.453258 2.86054
0.474189 3.01119
0.518785 3.22375
0.559044 3.37201
0.628823 3.57932
0.685359 3.72503
0.774777 3.92903
0.84448 4.07055
0.940167 4.24313
1.01491 4.34161
1.12999 4.46173
1.2425 4.53915
1.36875 4.59033
1.4891 4.60725
1.62371 4.58128
1.71679 4.53484
1.82628 4.44084
1.89278 4.35973
1.97658 4.23348
2.03205 4.13994
2.11238 4.00132
2.17073 3.90417
2.26232 3.75962
2.32969 3.66098
2.43412 3.51423
2.50802 3.41995
2.6156 3.28619
2.72955 3.1586
2.82275 3.06157
2.95328 2.9434
3.04367 2.87321
3.18525 2.79038
3.27268 2.74559
3.40524 2.68295
3.48869 2.64767
3.61504 2.60092
3.70994 2.57143
3.82717 2.54114
3.94074 2.52001
4.04349 2.50732
4.17179 2.50299
4.2631 2.50709
4.40118 2.52564
4.48713 2.54381
4.63079 2.58513
4.71437 2.61583
4.85518 2.68106
4.94165 2.73128
5.08181 2.83005
5.17092 2.90855
5.2898 3.04414
5.36865 3.15607
5.45385 3.33281
5.49827 3.47161
5.53398 3.68748
5.53727 3.82054
5.5074 4.02246
5.46563 4.16313
5.37185 4.36756
5.27969 4.51765
5.14287 4.69621
4.97852 4.83939
4.85174 4.92576
4.65055 5.01377
4.47947 5.05895
4.25841 5.09673
4.03126 5.09468
3.8695 5.07567
3.67969 5.02472
3.56783 4.96636
3.43165 4.86082
3.33378 4.73401
3.26029 4.61109
3.18994 4.44022
3.15548 4.31413
3.1268 4.14043
3.119 4.01594
3.11885 3.83936
3.12036 3.72241
3.12152 3.5525
3.12161 3.44514
3.12084 3.25598
3.11741 3.10359
3.11167 2.85654
3.10639 2.69285
3.10866 2.49085
3.11602 2.33899
3.12782 2.14437
3.1385 2.03335
3.15493 1.87076
3.16859 1.76986
3.1897 1.63239
3.21136 1.51132
3.23136 1.40686
3.25605 1.27888
3.27273 1.1881
3.29226 1.06058
3.3025 0.970692
3.3098 0.841704
3.30927 0.750693
3.29925 0.617535
3.28644 0.526129
3.25922 0.388002
3.23628 0.294586
3.19536 0.151787
3.16317 0.0533708
3.10676 -0.0943142
3.05972 -0.197873
2.97698 -0.347423
2.90305 -0.442524
2.76976 -0.549404
2.65351 -0.604573
2.48252 -0.651091
2.32343 -0.656993
2.18624 -0.647056
2.00086 -0.593553
1.87055 -0.539517
1.69101 -0.43602
1.58373 -0.352267
1.45699 -0.222447
1.37665 -0.109724
1.31722 0.0317637
1.27984 0.158804
1.25191 0.32442
1.24669 0.439653
1.25314 0.595012
1.27261 0.701414
1.29429 0.847403
1.30821 0.942472
1.32831 1.08123
1.34193 1.17256
1.36417 1.31384
1.37903 1.40471
1.40599 1.55696
1.42371 1.66162
1.45557 1.8295
1.48953 1.97659
1.5253 2.11193
1.58271 2.29716
1.62449 2.41235
1.69095 2.58236
1.74131 2.69236
1.82701 2.85864
1.89107 2.96501
1.99581 3.12007
2.0732 3.21727
2.19744 3.3576
2.28677 3.44292
2.42855 3.5643
2.54281 3.64966
2.70287 3.75495
2.87672 3.84214
3.01219 3.90102
3.23306 3.97367
3.41851 4.02882
3.60822 4.07999
3.84706 4.12652
4.05129 4.16606
4.31349 4.2184
4.50123 4.25437
4.73237 4.29804
4.89165 4.32124
5.10349 4.34281
5.24784 4.34937
5.46074 4.33924
5.61021 4.32047
5.81987 4.2619
5.9673 4.20598
6.16509 4.10327
6.30176 4.01745
6.47992 3.87901
6.60082 3.76929
6.75477 3.60235
6.8568 3.47428
6.98355 3.28652
7.06471 3.14662
7.16346 2.94494
7.22522 2.79683
7.29873 2.58766
7.34279 2.43778
7.39466 2.22825
7.424 2.08204
7.45844 1.87802
7.47609 1.74007
7.49637 1.54566
7.50478 1.41847
7.51231 1.2348
7.51273 1.11773
7.50698 0.943088
7.49911 0.83334
7.47796 0.66506
7.46012 0.559618
7.42076 0.396033
7.39072 0.29326
7.33057 0.134537
7.28633 0.0343114
7.20346 -0.118163
7.14344 -0.216172
7.03549 -0.363071
6.95541 -0.465357
6.81816 -0.619233
6.7157 -0.720923
6.59108 -0.832779
6.44943 -0.936083
6.3462 -0.998267
6.2058 -1.058
6.09746 -1.0756
5.9739 -1.06545
5.86542 -1.0183
5.78243 -0.952029
5.70612 -0.843601
5.66632 -0.751229
5.63012 -0.606305
5.61624 -0.502306
5.60659 -0.342594
5.60339 -0.233537
5.60267 -0.0635015
5.60301 0.0500286
5.60146 0.250275
5.60421 0.4054
5.60579 0.647697
5.60696 0.833603
5.60531 1.06421
5.59245 1.21741
5.56968 1.42522
5.54265 1.56329
5.49716 1.7472
5.45333 1.86586
5.38903 2.02346
5.34936 2.1271
5.29262 2.27581
5.23816 2.41244
5.18929 2.53005
5.11807 2.69471
5.06891 2.79884
5.00032 2.95305
4.94921 3.07379
4.90409 3.18945
4.86304 3.32174
4.84286 3.42071
4.83717 3.53965
4.85645 3.63284
4.90909 3.71252
4.98978 3.74478
5.08257 3.71624
5.15369 3.65113
5.22329 3.53544
5.26486 3.43644
5.31792 3.26833
5.3632 3.12382
5.40656 2.90058
5.43809 2.70256
5.46312 2.41317
5.46738 2.21493
5.46156 1.98603
5.43261 1.81934
5.40082 1.65205
5.35376 1.4604
5.32028 1.34688
5.25999 1.18283
5.21296 1.07542
5.12636 0.911131
5.06083 0.797609
4.94755 0.6266
4.87238 0.52389
4.74188 0.373219
4.64397 0.274726
4.48051 0.136477
4.33857 0.0407686
4.1968 -0.0447766
3.99858 -0.132468
3.85599 -0.185008
3.63628 -0.243029
3.46519 -0.276188
3.24128 -0.303024
3.08726 -0.304923
2.87804 -0.289195
2.74766 -0.269108
2.56587 -0.227982
2.4522 -0.191802
2.28428 -0.120734
2.17535 -0.0649085
2.0145 0.0342099
1.90535 0.108438
1.74532 0.230793
1.63198 0.321246
1.46938 0.461467
1.3505 0.566474
1.18447 0.720737
1.07355 0.840203
0.935801 1.01986
0.841289 1.15825
0.721313 1.37399
0.637056 1.55765
0.567983 1.73994
0.50538 1.95472
0.473553 2.10257
0.443484 2.31326
0.432343 2.4633
0.433161 2.67762
0.443698 2.82961
0.474166 3.04356
0.505191 3.19438
0.562594 3.40418
0.611512 3.55197
0.691495 3.75681
0.755298 3.90318
0.8482 4.10104
0.918834 4.21879
1.02314 4.36626
1.11093 4.45289
1.23529 4.54298
1.35345 4.59249
1.4878 4.60878
1.59773 4.59173
1.72192 4.52971
1.80203 4.46228
1.89703 4.34944
1.95729 4.25947
2.03761 4.12576
2.09448 4.02829
2.1798 3.88598
2.24361 3.78603
2.3414 3.64092
2.41489 3.54026
2.52141 3.39955
2.61112 3.29109
2.70868 3.17852
2.83676 3.04778
2.92849 2.96421
3.06181 2.86387
3.15789 2.80767
3.29407 2.73666
3.38016 2.69575
3.50777 2.64148
3.59916 2.60767
3.71971 2.56946
3.82502 2.54285
3.9358 2.52126
4.05586 2.50751
4.15552 2.50338
4.2863 2.51002
4.37797 2.522
4.5168 2.55168
4.60311 2.57656
4.74395 2.62897
4.82966 2.66929
4.96821 2.74978
5.06241 2.81532
5.19318 2.93204
5.27693 3.02793
5.38419 3.18446
5.44765 3.30944
5.50668 3.50286
5.53245 3.65515
5.53636 3.8529
5.51711 3.99158
5.45513 4.19375
5.3886 4.34371
5.26503 4.54651
5.13886 4.69399
5.00694 4.8239
4.82411 4.94261
4.68135 5.00644
4.44987 5.07204
4.25582 5.09408
4.06305 5.10082
3.84753 5.0771
3.70912 5.03821
3.54705 4.95983
3.44446 4.87162
3.34103 4.75407
3.25182 4.59735
3.19929 4.47121
3.15063 4.29952
3.13007 4.17264
3.11705 3.9976
3.11826 3.87173
3.11909 3.69838
3.12022 3.58485
3.1204 3.4128
3.11868 3.28622
3.11586 3.07126
3.11103 2.8889
3.10274 2.66226
3.10461 2.52296
3.11349 2.30673
3.12341 2.17643
3.1374 2.00167
3.14845 1.90079
3.16819 1.74835
3.1859 1.63741
3.20735 1.51535
3.23103 1.39143
3.25042 1.2918
3.27294 1.16686
3.28753 1.07293
3.30138 0.947828
3.30683 0.853472
3.3058 0.725154
3.29881 0.630516
3.28019 0.496861
3.26169 0.402526
3.22772 0.263372
3.20003 0.166726
3.15237 0.0228586
3.11324 -0.0790727
3.04515 -0.226777
2.98645 -0.334181
2.88018 -0.465433
2.78301 -0.542737
2.62482 -0.619551
2.48799 -0.651758
2.3309 -0.667064
2.15399 -0.644259
2.02744 -0.61202
1.83969 -0.52977
1.71502 -0.457719
1.55717 -0.340064
1.47361 -0.250221
1.38019 -0.124943
1.314 0.0120027
1.26846 0.170936
1.24834 0.292957
1.23722 0.452614
1.24348 0.564858
1.2664 0.716361
1.28235 0.81926
1.30292 0.960287
1.31683 1.05657
1.33742 1.19411
1.3521 1.28839
1.37617 1.4338
1.39293 1.53131
1.42224 1.69325
1.44604 1.81635
1.48024 1.96997
1.52797 2.14348
1.56855 2.26884
1.62846 2.44376
1.67387 2.5557
1.74945 2.72296
1.80753 2.83368
1.90235 2.9946
1.97361 3.09749
2.08797 3.24528
2.17258 3.33799
2.30506 3.46877
2.40236 3.5513
2.56443 3.67279
2.7035 3.75827
2.84563 3.83615
3.04079 3.91459
3.20416 3.97149
3.42221 4.03742
3.63856 4.08903
3.8173 4.13036
4.08077 4.17761
4.28186 4.21683
4.52979 4.26804
4.70071 4.29743
4.92167 4.33131
5.07202 4.34632
5.27929 4.35302
5.431 4.3501
5.64167 4.31688
5.79268 4.27813
5.99745 4.1963
6.14123 4.12409
6.3297 4.00256
6.45977 3.90343
6.62596 3.75004
6.73854 3.62954
6.87889 3.4516
6.97139 3.31575
7.08363 3.12123
7.15558 2.97561
7.24145 2.76964
7.29458 2.61905
7.35696 2.40947
7.39377 2.2599
7.43674 2.05305
7.46033 1.90962
7.48772 1.71061
7.50086 1.577
7.515 1.3885
7.51959 1.26561
7.52086 1.08713
7.51735 0.973007
7.50432 0.802107
7.49161 0.693627
7.4617 0.527993
7.4377 0.422782
7.38814 0.261702
7.35066 0.159012
7.27923 0.00345479
7.22656 -0.0965122
7.13147 -0.245487
7.06162 -0.345197
6.93937 -0.492659
6.84406 -0.601015
6.71234 -0.737908
6.59168 -0.841208
6.47953 -0.926251
6.33603 -1.0126
6.23167 -1.05599
6.09648 -1.08208
5.98346 -1.07015
5.87699 -1.02836
5.78248 -0.949749
5.72086 -0.865295
5.6661 -0.737251
5.64061 -0.636183
5.61966 -0.482642
5.61238 -0.373726
5.60859 -0.208355
5.60719 -0.0948409
5.60655 0.0814944
5.60778 0.219248
5.60783 0.436857
5.61016 0.616335
5.61434 0.863211
5.60845 1.0327
5.59673 1.24879
5.57714 1.39445
5.54408 1.589
5.50891 1.71779
5.4523 1.88771
5.40468 1.99593
5.34603 2.14875
5.30058 2.26646
5.24807 2.40001
5.18312 2.55637
5.13383 2.66725
5.06346 2.82624
5.01216 2.93686
4.95304 3.07503
4.90495 3.20191
4.87069 3.31017
4.84531 3.43506
4.84126 3.53619
4.8618 3.63946
4.91313 3.71451
4.99718 3.7465
5.08451 3.72061
5.16633 3.64192
5.22129 3.55321
5.28064 3.40899
5.32091 3.28956
5.37259 3.09357
5.41315 2.92285
5.44343 2.67135
5.46307 2.44483
5.47525 2.18876
5.46483 2.01753
5.43704 1.81369
5.39811 1.62898
5.36412 1.49032
5.31278 1.31612
5.27395 1.20876
5.20096 1.04612
5.14452 0.935268
5.04562 0.769836
4.96781 0.650939
4.85394 0.498143
4.76567 0.394106
4.62176 0.252163
4.50384 0.152853
4.34247 0.0352847
4.1691 -0.0601147
4.02933 -0.124898
3.82661 -0.196818
3.66788 -0.240903
3.43515 -0.28619
3.27292 -0.30404
3.0561 -0.310531
2.9089 -0.2963
2.716 -0.268652
2.5948 -0.240862
2.42123 -0.185215
2.31002 -0.139186
2.14585 -0.0533912
2.03702 0.0119448
1.87739 0.1233
1.76568 0.206538
1.60514 0.338042
1.48865 0.436343
1.32428 0.584218
1.20198 0.694353
1.0502 0.861588
0.947922 0.990611
0.822474 1.18372
0.730874 1.3438
0.630381 1.55277
0.553424 1.76313
0.508235 1.92319
0.462476 2.13224
0.440564 2.28174
0.426051 2.49433
0.425793 2.64682
0.441614 2.86121
0.462709 3.01404
0.506865 3.226
0.547357 3.37643
0.616275 3.58327
0.673 3.73111
0.760792 3.93436
0.829888 4.07521
0.925116 4.24704
0.998717 4.3461
1.11615 4.46883
1.21683 4.53906
1.3496 4.59614
1.46706 4.61315
1.59986 4.59112
1.69702 4.54517
1.80624 4.45491
1.87591 4.37304
1.96161 4.24788
2.01967 4.15186
2.10124 4.01295
2.162 3.91217
2.25299 3.76849
2.32235 3.66621
2.42537 3.52084
2.50305 3.42139
2.60854 3.29074
2.71958 3.16661
2.81357 3.06934
2.9429 2.95304
3.03551 2.8815
3.17609 2.79863
3.26773 2.75153
3.39858 2.68901
3.48964 2.65015
3.61169 2.60445
3.71195 2.57289
3.82722 2.54301
3.94002 2.52174
4.04697 2.50872
4.17053 2.50445
4.26953 2.50893
4.40146 2.52668
4.49371 2.54619
4.63118 2.58643
4.71907 2.61946
4.85716 2.685
4.94677 2.73802
5.0854 2.8371
5.1776 2.91805
5.29612 3.05312
5.37519 3.16591
5.4599 3.33864
5.50425 3.47908
5.53736 3.68643
5.54057 3.82289
5.51125 4.0227
5.46796 4.16774
5.37437 4.37199
5.2814 4.52395
5.14474 4.70024
4.98179 4.84263
4.85329 4.93033
4.6522 5.01879
4.48089 5.06568
4.25862 5.10288
4.04511 5.10304
3.87811 5.08533
3.68995 5.03651
3.57312 4.9778
3.43731 4.87344
3.33806 4.74904
3.26349 4.62679
3.19274 4.45856
3.15672 4.3306
3.12704 4.15735
3.11807 4.02925
3.11706 3.85184
3.11809 3.73003
3.11879 3.55779
3.11866 3.44441
3.11743 3.25458
3.11376 3.10132
3.10773 2.85832
3.10188 2.69391
3.10341 2.49132
3.1101 2.33821
3.12132 2.1469
3.13187 2.03285
3.14849 1.87139
3.16265 1.76687
3.18408 1.62859
3.20515 1.51064
3.22648 1.39867
3.25007 1.27606
3.26821 1.17645
3.28682 1.05441
3.29778 0.956566
3.30461 0.832804
3.30395 0.734492
3.29433 0.606158
3.28089 0.508455
3.25466 0.373974
3.23101 0.276763
3.19066 0.136482
3.15739 0.0364296
3.10082 -0.108199
3.05141 -0.213694
2.96802 -0.35993
2.89029 -0.456057
2.757 -0.560793
2.63827 -0.617125
2.47259 -0.662437
2.31224 -0.668938
2.17721 -0.657887
1.99655 -0.605075
1.86452 -0.549416
1.68532 -0.446758
1.57802 -0.363899
1.45091 -0.236011
1.36809 -0.123386
1.30762 0.0126151
1.26655 0.140034
1.23778 0.304381
1.23049 0.422395
1.23616 0.577616
1.25528 0.688544
1.27664 0.834525
1.29173 0.936409
1.31168 1.07328
1.32638 1.17218
1.3481 1.31111
1.3642 1.40951
1.39084 1.5622
1.41019 1.67093
1.44204 1.83291
1.47755 1.98335
1.51325 2.11624
1.57047 2.29956
1.6132 2.41683
1.67984 2.58608
1.73131 2.69787
1.81678 2.86322
1.88197 2.97129
1.98625 3.12575
2.06487 3.22466
2.18843 3.36458
2.27923 3.45171
2.42276 3.57459
2.53986 3.66135
2.6988 3.765
2.87224 3.85197
3.01079 3.91209
3.23228 3.98445
3.42016 4.04026
3.61005 4.09112
3.84722 4.13833
4.04981 4.17821
4.30988 4.23001
4.49889 4.26601
4.72937 4.30913
4.89073 4.3323
5.10214 4.35347
5.24914 4.36004
5.46196 4.34966
5.61376 4.3303
5.82294 4.27155
5.97252 4.21466
6.16973 4.11199
6.30824 4.02488
6.4858 3.88667
6.60826 3.77545
6.76171 3.609
6.86511 3.47932
6.99158 3.29228
7.074 3.15066
7.17278 2.94987
7.23568 2.80006
7.30951 2.59193
7.35463 2.44034
7.40705 2.23193
7.43733 2.08401
7.47244 1.88113
7.49089 1.74141
7.5118 1.54804
7.5208 1.41892
7.52882 1.23606
7.52956 1.11684
7.5241 0.942791
7.51619 0.830704
7.49511 0.662865
7.47681 0.555013
7.43734 0.391824
7.4064 0.286698
7.34602 0.128402
7.30048 0.0259638
7.21733 -0.126064
7.15568 -0.226189
7.04764 -0.372819
6.96597 -0.47681
6.83108 -0.629124
6.73204 -0.728363
6.60635 -0.842012
6.47149 -0.941101
6.36612 -1.00531
6.22515 -1.06522
6.11345 -1.08512
5.98931 -1.07632
5.88144 -1.03158
5.7953 -0.963439
5.72089 -0.858948
5.67842 -0.761911
5.64242 -0.620121
5.62743 -0.512611
5.61678 -0.352481
5.61338 -0.238943
5.61246 -0.0675409
5.61277 0.0511649
5.61166 0.249964
5.61433 0.406588
5.61569 0.646798
5.61644 0.832322
5.61458 1.06096
5.60196 1.21827
5.58042 1.42197
5.55356 1.55953
5.50911 1.73939
5.46583 1.85986
5.40153 2.0161
5.3589 2.1268
5.30296 2.27268
5.24755 2.41179
5.19887 2.52971
5.12855 2.69222
5.07859 2.79922
5.00897 2.95481
4.95913 3.07228
4.91108 3.19675
4.87234 3.32227
4.85052 3.42971
4.84544 3.54451
4.86559 3.64043
4.91892 3.71818
5.00128 3.74875
5.09334 3.71888
5.16665 3.6504
5.23584 3.53517
5.28028 3.42988
5.33355 3.2613
5.37905 3.11379
5.41993 2.89264
5.44979 2.69468
5.47254 2.41764
5.47644 2.2197
5.46957 1.99273
5.44027 1.82231
5.40727 1.65336
5.35991 1.46275
5.32483 1.34463
5.26422 1.17937
5.21613 1.06934
5.13115 0.90734
5.06407 0.79181
4.95245 0.624056
4.87519 0.519092
4.7458 0.37037
4.64503 0.269059
4.48202 0.130887
4.34077 0.0343615
4.19581 -0.0531419
4.0019 -0.139256
3.85729 -0.192696
3.63853 -0.250784
3.46607 -0.284593
3.24297 -0.311866
3.08682 -0.314376
2.87803 -0.2987
2.7454 -0.278341
2.56403 -0.237464
2.44803 -0.200703
2.28042 -0.13009
2.16942 -0.0734734
2.00898 0.0250735
1.89813 0.100307
1.73891 0.222098
1.62432 0.313733
1.46282 0.453411
1.3427 0.559339
1.17733 0.713089
1.06476 0.834265
0.927062 1.01349
0.831148 1.154
0.712094 1.36842
0.6286 1.54845
0.557549 1.73245
0.494129 1.95075
0.462053 2.10128
0.432109 2.31152
0.420859 2.46381
0.421662 2.67751
0.432276 2.83169
0.462464 3.045
0.493692 3.19798
0.550454 3.40723
0.59958 3.5572
0.678397 3.7616
0.742322 3.90951
0.833446 4.10419
0.904539 4.2239
1.00843 4.37117
1.09056 4.45485
1.21967 4.54886
1.32979 4.59562
1.46604 4.61571
1.57765 4.59968
1.69983 4.54194
1.78379 4.47412
1.87962 4.36403
1.94276 4.27244
2.02464 4.13914
2.08394 4.03863
2.16929 3.89702
2.23502 3.79371
2.33167 3.6497
2.40689 3.54568
2.51252 3.4063
2.60379 3.29572
2.70192 3.18326
2.82573 3.05746
2.91912 2.97287
3.05161 2.87338
3.15005 2.81539
3.28564 2.74412
3.37844 2.69972
3.50276 2.64621
3.60086 2.60948
3.71812 2.57198
3.82571 2.54443
3.93737 2.52275
4.05469 2.50914
4.16024 2.50491
4.28547 2.51116
4.38481 2.52412
4.51629 2.55241
4.6098 2.57978
4.74546 2.63165
4.83551 2.67499
4.97196 2.75601
5.06863 2.82458
5.19872 2.94069
5.28397 3.03853
5.39042 3.19287
5.4549 3.31998
5.51246 3.50894
5.53683 3.65547
5.53982 3.85384
5.51962 3.99652
5.45789 4.19702
5.38938 4.35015
5.26722 4.55147
5.14138 4.69892
5.00908 4.82801
4.82686 4.94646
4.68136 5.01215
4.45224 5.07743
4.26859 5.10141
4.07512 5.11064
3.86174 5.08741
3.71811 5.04939
3.5559 4.97274
3.44901 4.88413
3.34493 4.76739
3.25585 4.61508
3.20177 4.48818
3.1523 4.31781
3.13031 4.18814
3.11626 4.01283
3.11663 3.88279
3.11681 3.70776
3.11759 3.58872
3.11735 3.41348
3.11547 3.2835
3.11219 3.0704
3.1068 2.88927
3.0984 2.66465
3.09967 2.52205
3.10758 2.31027
3.11697 2.17755
3.13081 2.00459
3.14249 1.89792
3.1622 1.74736
3.18007 1.63533
3.20219 1.50974
3.22504 1.38986
3.24581 1.28232
3.26739 1.1623
3.28303 1.06052
3.2962 0.940354
3.30191 0.838731
3.30086 0.715369
3.29342 0.613749
3.27567 0.484913
3.25626 0.384462
3.22326 0.248857
3.19446 0.148677
3.14686 0.00731539
3.10601 -0.0963103
3.03711 -0.241154
2.97566 -0.349952
2.86831 -0.477859
2.76806 -0.555874
2.6112 -0.63215
2.47352 -0.664091
2.3213 -0.678088
2.14632 -0.655816
2.01844 -0.621868
1.83487 -0.540487
1.70829 -0.467508
1.55272 -0.3528
1.46655 -0.262731
1.37226 -0.140269
1.30336 -0.00300485
1.25651 0.15049
1.23399 0.274362
1.22175 0.433502
1.22666 0.548889
1.24921 0.700633
1.26578 0.810373
1.28617 0.949818
1.30129 1.05359
1.32145 1.18865
1.3373 1.2909
1.36094 1.43468
1.37891 1.53914
1.40785 1.69824
1.43401 1.82596
1.46785 1.9738
1.51577 2.14639
1.55669 2.27262
1.61681 2.44687
1.66334 2.56072
1.73889 2.72716
1.79802 2.83949
1.89251 2.99966
1.96495 3.10426
2.07871 3.25156
2.1646 3.34593
2.29691 3.47625
2.39817 3.56236
2.55959 3.68319
2.70009 3.76894
2.84285 3.84675
3.03818 3.92495
3.20589 3.98283
3.42199 4.0478
3.63891 4.10022
3.81898 4.14178
4.07802 4.18915
4.27965 4.22869
4.52611 4.27923
4.69912 4.30869
4.91937 4.34206
5.0721 4.35707
5.2792 4.36352
5.43365 4.36033
5.64383 4.32687
5.79713 4.28734
6.00134 4.20545
6.14712 4.13209
6.33498 4.01071
6.46674 3.91017
6.63236 3.75715
6.74639 3.63509
6.88634 3.45776
6.98012 3.32028
7.09226 3.12653
7.1654 2.97921
7.25144 2.77423
7.30567 2.62194
7.36849 2.41345
7.40631 2.26218
7.44989 2.05648
7.47435 1.91132
7.50239 1.71342
7.51623 1.57797
7.53093 1.3904
7.53597 1.26546
7.53763 1.08768
7.53425 0.971295
7.52141 0.8009
7.50844 0.690028
7.4785 0.524803
7.45381 0.4172
7.40407 0.256532
7.36549 0.15156
7.2938 -0.00354494
7.23967 -0.105657
7.14436 -0.254248
7.07281 -0.356028
6.95111 -0.503171
6.85581 -0.611686
6.72629 -0.746981
6.61194 -0.846175
6.4972 -0.934572
6.35709 -1.01827
6.24866 -1.06368
6.11378 -1.09094
5.99917 -1.08111
5.89079 -1.03964
5.79768 -0.963928
5.73291 -0.875862
5.67942 -0.752132
5.65232 -0.646865
5.63069 -0.494959
5.62276 -0.382142
5.61833 -0.215896
5.61698 -0.097458
5.61654 0.0811852
5.61786 0.220351
5.6179 0.436634
5.61996 0.616844
5.62351 0.859238
5.61778 1.03088
5.6069 1.24438
5.58757 1.39258
5.5555 1.58155
5.52077 1.71146
5.46536 1.8789
5.41679 1.98997
5.35749 2.14273
5.3094 2.26677
5.25749 2.39865
5.19345 2.55334
5.14382 2.6661
5.07353 2.82445
5.02143 2.93683
4.96055 3.07934
4.91453 3.2009
4.87783 3.31814
4.85369 3.4381
4.84944 3.54408
4.8704 3.64519
4.92327 3.72041
5.00782 3.75029
5.09637 3.72201
5.17753 3.64287
5.23523 3.54913
5.29552 3.40374
5.33653 3.2803
5.38835 3.085
5.42667 2.91212
5.4553 2.66493
5.47315 2.4479
5.4836 2.19606
5.47338 2.02275
5.4442 1.81846
5.40502 1.63315
5.36998 1.49128
5.31769 1.31523
5.27727 1.2038
5.20485 1.04127
5.14677 0.927745
5.04963 0.765225
4.97205 0.647104
4.85761 0.494469
4.76884 0.389974
4.62385 0.247456
4.50426 0.146217
4.34225 0.0281828
4.16948 -0.0680442
4.0314 -0.132521
3.82925 -0.204068
3.66873 -0.248908
3.43744 -0.294377
3.27321 -0.312862
3.05706 -0.319838
2.9075 -0.305527
2.71515 -0.278071
2.59164 -0.249842
2.41841 -0.194537
2.30495 -0.147801
2.14119 -0.0625774
2.03039 0.0036978
1.87138 0.114442
1.75819 0.198775
1.59864 0.329734
1.48094 0.429176
1.31765 0.576299
1.19387 0.687748
1.04238 0.854624
0.938467 0.985464
0.813121 1.1783
0.721007 1.3395
0.620391 1.54779
0.543923 1.75613
0.497124 1.92064
0.451254 2.12954
0.429122 2.28141
0.414686 2.49343
0.414411 2.64813
0.430088 2.86187
0.451329 3.01687
0.49503 3.2282
0.535729 3.3808
0.603768 3.58716
0.660672 3.73707
0.746907 3.93942
0.815658 4.07972
0.909964 4.24971
0.985054 4.35196
1.10069 4.47392
1.19544 4.54141
1.33097 4.60146
1.44581 4.61894
1.57761 4.60037
1.67874 4.55461
1.78653 4.46863
1.8595 4.38573
1.94654 4.26219
2.00721 4.16388
2.08943 4.02573
2.15216 3.92195
2.24247 3.77923
2.31342 3.67383
2.41534 3.52926
2.49647 3.42524
2.60066 3.29649
2.70916 3.17517
2.80345 3.07793
2.93166 2.96324
3.02654 2.89032
3.16619 2.8072
3.2634 2.75704
3.39178 2.69513
3.48975 2.65289
3.60858 2.60789
3.71321 2.57452
3.82718 2.54485
3.93976 2.52337
4.04979 2.51012
4.16949 2.50585
4.27504 2.51066
4.40047 2.52744
4.50075 2.54878
4.63116 2.58772
4.72615 2.62424
4.86088 2.69005
4.95372 2.74609
5.09038 2.84561
5.18493 2.92864
5.30234 3.06257
5.38272 3.17689
5.46668 3.34784
5.51049 3.48629
5.54134 3.68539
5.54375 3.82691
5.51402 4.02625
5.46875 4.17549
5.37588 4.37723
5.28194 4.5312
5.14675 4.70458
4.98555 4.84597
4.85482 4.93489
4.65353 5.02402
4.4821 5.07255
4.26349 5.11044
4.06025 5.11212
3.89085 5.09569
3.70267 5.04851
3.58084 4.98981
3.44385 4.88682
3.34297 4.76487
3.26702 4.6432
3.19586 4.47731
3.15823 4.34748
3.12754 4.17466
3.11738 4.04307
3.11546 3.86467
3.11593 3.738
3.11615 3.56324
3.1158 3.4437
3.11413 3.25327
3.1102 3.09848
3.10385 2.86052
3.0975 2.69489
3.09824 2.49183
3.10427 2.34034
3.11497 2.1517
3.12529 2.03434
3.1422 1.87327
3.15707 1.76353
3.17857 1.62569
3.19942 1.50886
3.22168 1.39163
3.24446 1.27287
3.26374 1.16611
3.28163 1.04822
3.29317 0.943617
3.29966 0.8242
3.29889 0.719266
3.28972 0.595649
3.27555 0.491241
3.25046 0.3615
3.22552 0.258378
3.18583 0.121393
3.15094 0.0181595
3.09384 -0.124012
3.04207 -0.231133
2.95788 -0.374433
2.87661 -0.47094
2.74335 -0.573327
2.62278 -0.630113
2.46211 -0.67373
2.3019 -0.680588
2.16647 -0.668015
1.98884 -0.615595
1.85792 -0.560097
1.67954 -0.458094
1.57235 -0.375828
1.44538 -0.249905
1.36042 -0.137973
1.2983 -0.00586533
1.25408 0.124973
1.22426 0.284113
1.21509 0.40471
1.21997 0.559854
1.23946 0.676555
1.25987 0.821404
1.27606 0.930769
1.29576 1.0654
1.3116 1.17202
1.33286 1.30866
1.35019 1.41506
1.37611 1.56543
1.3974 1.68085
1.42897 1.83624
1.46578 1.98923
1.50147 2.12053
1.55842 2.30111
1.60208 2.42124
1.66883 2.58976
1.72141 2.70333
1.80662 2.86776
1.87293 2.97752
1.97675 3.13136
2.05659 3.23196
2.17962 3.37138
2.27206 3.46027
2.41752 3.58469
2.53745 3.673
2.69518 3.7751
2.86828 3.86182
3.01219 3.9234
3.23257 3.99555
3.42217 4.05149
3.61203 4.10193
3.84744 4.14972
4.04848 4.19003
4.30635 4.24136
4.49661 4.27745
4.7264 4.32006
4.88984 4.3432
5.10083 4.36398
5.2505 4.37057
5.4632 4.36
5.61735 4.34001
5.82601 4.28108
5.97772 4.22321
6.17434 4.12059
6.31468 4.03219
6.49164 3.89425
6.61566 3.78153
6.7686 3.61559
6.87336 3.48432
6.99954 3.298
7.08323 3.15467
7.18203 2.95478
7.24608 2.80329
7.32021 2.59621
7.36638 2.44292
7.41933 2.23565
7.45057 2.08603
7.4863 1.88429
7.50555 1.74281
7.52706 1.55047
7.53664 1.4194
7.54512 1.23736
7.54616 1.11598
7.54097 0.942517
7.533 0.828083
7.51199 0.660689
7.49306 0.550153
7.45363 0.387647
7.42154 0.279837
7.36119 0.122322
7.31436 0.0176817
7.23096 -0.133899
7.16772 -0.236146
7.05969 -0.382509
6.97653 -0.488091
6.84479 -0.637266
6.74708 -0.736478
6.62096 -0.850994
6.49317 -0.945724
6.38284 -1.01327
6.24429 -1.07189
6.12926 -1.09386
6.00466 -1.08649
5.89663 -1.04381
5.80786 -0.974387
5.7349 -0.873405
5.68984 -0.771771
5.65444 -0.634083
5.6386 -0.523219
5.62693 -0.362914
5.62326 -0.245035
5.62206 -0.0720274
5.62229 0.0521956
5.62169 0.249655
5.62431 0.407784
5.62562 0.64585
5.62584 0.829776
5.62393 1.05452
5.61195 1.21527
5.59133 1.41354
5.56499 1.55356
5.52155 1.73
5.47898 1.85267
5.41433 2.00777
5.36871 2.12478
5.31315 2.26874
5.25709 2.40971
5.20812 2.52894
5.13904 2.68881
5.088 2.79903
5.01767 2.95559
4.96834 3.07166
4.91819 3.20255
4.88105 3.32343
4.85806 3.43718
4.85348 3.54928
4.87438 3.64711
4.92853 3.72337
5.01231 3.75221
5.10412 3.72064
5.17912 3.64894
5.2483 3.53311
5.29516 3.42248
5.34899 3.2535
5.39437 3.10266
5.43345 2.88336
5.46121 2.69093
5.48184 2.41965
5.48523 2.22556
5.47707 2.00017
5.44734 1.82612
5.41334 1.65515
5.36586 1.46542
5.32919 1.34246
5.26813 1.17569
5.21837 1.06206
5.1342 0.901002
5.06617 0.784565
4.95724 0.621534
4.87787 0.514247
4.74976 0.367409
4.64573 0.26313
4.48336 0.125318
4.34135 0.0274251
4.19563 -0.0607805
4.00515 -0.146112
3.85858 -0.200442
3.64078 -0.258492
3.46695 -0.29291
3.24468 -0.320584
3.08636 -0.323684
2.87806 -0.308058
2.7432 -0.287378
2.56225 -0.246736
2.44395 -0.209403
2.27667 -0.139243
2.1636 -0.0818431
2.00358 0.0161338
1.89103 0.0923685
1.73261 0.213572
1.6167 0.306344
1.45623 0.445392
1.33485 0.552268
1.1702 0.705449
1.05606 0.828428
0.918532 1.00728
0.821271 1.1499
0.702866 1.36283
0.619174 1.54256
0.547228 1.72676
0.483261 1.94674
0.450773 2.09999
0.420885 2.30979
0.40951 2.46433
0.410287 2.6774
0.42097 2.83376
0.450863 3.04642
0.482273 3.20155
0.538376 3.41023
0.58769 3.56237
0.66535 3.76626
0.729409 3.9156
0.818585 4.10637
0.890008 4.22792
0.992569 4.3738
1.07477 4.45972
1.20233 4.55332
1.30928 4.59972
1.44533 4.62216
1.55851 4.6073
1.67883 4.55348
1.76735 4.48453
1.86233 4.37834
1.92818 4.28535
2.01126 4.15312
2.07271 4.0501
2.15793 3.90943
2.22524 3.80324
2.32092 3.66003
2.39764 3.55292
2.50298 3.41416
2.59545 3.30185
2.69397 3.18936
2.81419 3.06754
2.90892 2.98211
3.04072 2.88322
3.14297 2.82254
3.27702 2.75162
3.37656 2.70367
3.49802 2.65083
3.60152 2.61161
3.71669 2.57442
3.8262 2.54605
3.93857 2.52424
4.05412 2.51068
4.16397 2.50638
4.28454 2.51222
4.39075 2.52611
4.51566 2.55319
4.61705 2.58342
4.74693 2.63444
4.84322 2.68185
4.97748 2.76365
5.07615 2.83511
5.20492 2.95041
5.29192 3.05048
5.39746 3.20251
5.46211 3.33026
5.51853 3.51472
5.54184 3.65598
5.54298 3.85645
5.52116 4.00401
5.45916 4.20345
5.38863 4.35923
5.26855 4.55754
5.1434 4.70456
5.0117 4.8322
4.82963 4.95034
4.68141 5.01786
4.45499 5.0843
4.27793 5.10951
4.08368 5.1201
3.87679 5.09792
3.72958 5.06073
3.56625 4.98585
3.45514 4.89748
3.34945 4.78155
3.26024 4.63325
3.20453 4.50556
3.15424 4.33642
3.13081 4.20404
3.11571 4.02836
3.11518 3.89422
3.11467 3.71737
3.11505 3.59277
3.11438 3.41418
3.11234 3.28044
3.10857 3.06897
3.10259 2.89005
3.09415 2.66737
3.09494 2.5212
3.10185 2.31463
3.11067 2.18094
3.12433 2.009
3.13669 1.89623
3.15636 1.74729
3.17466 1.63242
3.19712 1.50522
3.21954 1.3873
3.24123 1.27425
3.26217 1.15736
3.27858 1.04958
3.29128 0.93278
3.29718 0.825355
3.29615 0.705841
3.28834 0.598119
3.27142 0.473791
3.25096 0.366867
3.21912 0.235827
3.18852 0.130012
3.141 -0.00851509
3.098 -0.114732
3.02805 -0.25715
2.96396 -0.367027
2.85555 -0.491681
2.75266 -0.569846
2.59992 -0.643654
2.45995 -0.676299
2.31024 -0.688796
2.13695 -0.666569
2.00829 -0.631299
1.82958 -0.551696
1.70142 -0.47796
1.54854 -0.365954
1.45979 -0.275327
1.36444 -0.154871
1.29331 -0.0171832
1.2456 0.130193
1.21984 0.25583
1.20703 0.414181
1.21136 0.534738
1.23316 0.684737
1.25028 0.802015
1.27021 0.939529
1.28647 1.05072
1.30629 1.1836
1.32329 1.29361
1.34631 1.43466
1.3657 1.54752
1.39406 1.70027
1.42234 1.83483
1.45593 1.97789
1.50374 2.14929
1.54485 2.27565
1.60518 2.44907
1.65292 2.56569
1.72841 2.73132
1.78858 2.84524
1.88273 3.00465
1.95635 3.11097
2.06956 3.25773
2.15682 3.35371
2.28914 3.48352
2.39449 3.57313
2.5539 3.69203
2.69714 3.77954
2.84344 3.85798
3.0382 3.93588
3.20941 3.99435
3.42264 4.05823
3.63939 4.11106
3.82083 4.15289
4.07541 4.20038
4.27752 4.24027
4.52248 4.29021
4.69755 4.31978
4.9171 4.35265
5.07222 4.36765
5.27916 4.37388
5.43629 4.37039
5.64602 4.33673
5.80158 4.29642
6.00521 4.21447
6.15297 4.13997
6.34021 4.01876
6.47366 3.91681
6.63871 3.76418
6.75419 3.64058
6.89372 3.46388
6.98879 3.32478
7.10082 3.1318
7.17515 2.9828
7.26135 2.77882
7.31669 2.62484
7.37992 2.41745
7.41875 2.26449
7.46291 2.05995
7.48826 1.91308
7.51691 1.71628
7.53145 1.57899
7.54666 1.39235
7.55215 1.26534
7.55416 1.08826
7.55091 0.9696
7.53822 0.79971
7.52472 0.685857
7.49498 0.521367
7.46892 0.410449
7.41962 0.251052
7.37939 0.143326
7.30811 -0.0104823
7.25226 -0.114983
7.15707 -0.262958
7.0833 -0.367147
6.96295 -0.513547
6.86868 -0.621103
6.74075 -0.754818
6.63061 -0.851769
6.51134 -0.943641
6.37786 -1.02346
6.26388 -1.07153
6.13086 -1.09908
6.01437 -1.09116
5.90446 -1.05037
5.81195 -0.976935
5.74457 -0.886125
5.69214 -0.76639
5.66316 -0.656057
5.64166 -0.507576
5.63311 -0.391093
5.62796 -0.223875
5.6266 -0.100518
5.62637 0.0807542
5.62776 0.221451
5.62787 0.436413
5.62966 0.617284
5.63271 0.853391
5.62732 1.02587
5.61703 1.23433
5.59857 1.38561
5.56736 1.57112
5.53314 1.70358
5.47894 1.86895
5.42763 1.98536
5.36884 2.13611
5.31852 2.26512
5.26666 2.39677
5.20379 2.54924
5.15383 2.66404
5.08352 2.82164
5.0301 2.93721
4.96827 3.08217
4.92327 3.20118
4.88505 3.32427
4.86169 3.44143
4.85737 3.55069
4.8788 3.65058
4.93302 3.72563
5.0183 3.75351
5.10781 3.72277
5.18871 3.64244
5.2486 3.54431
5.30938 3.39861
5.35163 3.2703
5.40362 3.07533
5.43957 2.90429
5.46646 2.66256
5.48289 2.44848
5.49169 2.20153
5.48155 2.02867
5.45079 1.82376
5.41154 1.63777
5.37561 1.49257
5.32238 1.31442
5.28012 1.19835
5.20776 1.03523
5.14825 0.919356
5.05257 0.759122
4.97631 0.643182
4.86118 0.490719
4.76928 0.383461
4.62559 0.242469
4.50351 0.139009
4.34286 0.021868
4.17107 -0.0751127
4.03336 -0.140032
3.83188 -0.211352
3.66958 -0.256891
3.43973 -0.302465
3.27352 -0.321562
3.058 -0.328981
2.90616 -0.314582
2.71435 -0.287293
2.58854 -0.258617
2.41568 -0.203652
2.29999 -0.15622
2.13664 -0.0715635
2.02389 -0.0043588
1.86548 0.10577
1.75079 0.191176
1.59217 0.32153
1.47321 0.422069
1.31095 0.56842
1.18577 0.681163
1.03465 0.847768
0.929182 0.980469
0.803974 1.17298
0.711143 1.33519
0.611055 1.54234
0.534231 1.75046
0.486237 1.91804
0.440258 2.12686
0.417852 2.2811
0.403455 2.49254
0.403152 2.64944
0.418675 2.86251
0.440046 3.01967
0.483276 3.23038
0.524158 3.38513
0.591312 3.59099
0.648396 3.74291
0.732934 3.94424
0.801217 4.08334
0.894125 4.2507
0.969981 4.35585
1.08337 4.47674
1.17873 4.54617
1.3117 4.60613
1.42667 4.62479
1.55668 4.60897
1.66152 4.56347
1.76758 4.48173
1.8449 4.39656
1.93129 4.27666
1.99434 4.17649
2.07702 4.03942
2.14145 3.93311
2.23114 3.79123
2.30348 3.68301
2.40454 3.5389
2.48857 3.43102
2.59198 3.30342
2.69845 3.18416
2.79286 3.08696
2.91994 2.97371
3.01704 2.89969
3.156 2.81589
3.25932 2.7623
3.38527 2.70109
3.48913 2.65587
3.60577 2.61122
3.7137 2.57636
3.82706 2.54666
3.93977 2.52494
4.0519 2.51151
4.16897 2.50718
4.27932 2.51224
4.39992 2.52829
4.50696 2.55134
4.63155 2.58925
4.73383 2.62954
4.8639 2.69485
4.96205 2.75531
5.09665 2.85541
5.19327 2.94053
5.30942 3.07342
5.39117 3.18817
5.47355 3.35674
5.51697 3.49349
5.54562 3.68458
5.54671 3.83193
5.51576 4.03235
5.46844 4.18534
5.37599 4.38517
5.28132 4.54036
5.14863 4.70947
4.98891 4.84988
4.85638 4.93953
4.65503 5.02955
4.48348 5.07978
4.26833 5.11846
4.07496 5.12165
3.90429 5.10662
3.71625 5.06036
3.58884 5.00109
3.45138 4.9006
3.34864 4.78115
3.27092 4.66003
3.19926 4.49632
3.16 4.36468
3.12829 4.1922
3.11692 4.05718
3.11408 3.87771
3.1139 3.74621
3.11361 3.56881
3.113 3.443
3.1109 3.25163
3.1067 3.09593
3.09962 2.86239
3.09319 2.6962
3.09319 2.4924
3.09861 2.3433
3.10881 2.15738
3.11895 2.03681
3.13608 1.87609
3.15173 1.76065
3.1732 1.62369
3.19417 1.50602
3.21693 1.38586
3.23928 1.26891
3.25929 1.15728
3.27673 1.0417
3.28867 0.93221
3.29494 0.815492
3.2941 0.705522
3.28531 0.585372
3.27052 0.475244
3.24646 0.3498
3.22005 0.240432
3.18126 0.107707
3.14398 -0.000731256
3.08616 -0.140788
3.03198 -0.249612
2.94687 -0.390268
2.86237 -0.486725
2.72939 -0.586902
2.60718 -0.643362
2.45165 -0.68465
2.29141 -0.691659
2.15469 -0.677694
1.97995 -0.625932
1.85071 -0.571342
1.67571 -0.470681
1.56683 -0.388265
1.44051 -0.264423
1.35334 -0.152506
1.28956 -0.0234821
1.24231 0.110013
1.21126 0.263838
1.20047 0.388017
1.20489 0.542096
1.22398 0.665307
1.24413 0.808534
1.26123 0.92527
1.28064 1.05804
1.29756 1.17181
1.31836 1.30612
1.33693 1.42067
1.362 1.5657
1.38546 1.69045
1.41638 1.83887
1.45422 1.9943
1.49028 2.12534
1.54648 2.30225
1.59091 2.42481
1.65789 2.59339
1.7116 2.70875
1.79655 2.87224
1.86397 2.98367
1.96729 3.1368
2.04842 3.23915
2.17048 3.37703
2.26524 3.46865
2.41266 3.59462
2.53592 3.68455
2.69278 3.78504
2.86724 3.87254
3.016 3.93512
3.23456 4.00699
3.42493 4.06258
3.61473 4.11266
3.84784 4.1608
4.04729 4.20158
4.3029 4.25244
4.49438 4.28868
4.72344 4.33081
4.88898 4.35393
5.09956 4.37432
5.2519 4.3809
5.46443 4.37016
5.62184 4.34912
5.82909 4.29047
5.98292 4.23165
6.17893 4.12908
6.32108 4.03941
6.49743 3.90174
6.62302 3.78754
6.77544 3.62212
6.88156 3.48926
7.00744 3.30369
7.09239 3.15866
7.19121 2.95968
7.2564 2.80653
7.33082 2.6005
7.37805 2.44553
7.43151 2.2394
7.46369 2.08809
7.50003 1.88751
7.52007 1.74425
7.54214 1.55295
7.5523 1.41993
7.56121 1.2387
7.56254 1.11513
7.5576 0.94226
7.54929 0.824775
7.52853 0.65797
7.50829 0.543735
7.46935 0.382306
7.43543 0.271363
7.37577 0.115413
7.32676 0.00800842
7.24422 -0.141957
7.17841 -0.247023
7.07128 -0.392596
6.98712 -0.499111
6.85869 -0.644897
6.76151 -0.744422
6.63482 -0.859518
6.5135 -0.950249
6.39626 -1.02189
6.26296 -1.07819
6.144 -1.10214
6.01981 -1.09594
5.91102 -1.05498
5.82023 -0.984996
5.74805 -0.886709
5.70077 -0.78119
5.66597 -0.647698
5.64882 -0.531121
5.63702 -0.373665
5.63305 -0.251557
5.6315 -0.0767507
5.63164 0.0531046
5.63156 0.249339
5.63414 0.408974
5.63576 0.64476
5.63533 0.825367
5.63333 1.04422
5.62226 1.20668
5.60242 1.4017
5.57678 1.54459
5.53449 1.71883
5.49262 1.84435
5.42711 1.99871
5.37811 2.12253
5.32304 2.26448
5.26677 2.4061
5.21678 2.52821
5.14951 2.68446
5.09698 2.79849
5.0265 2.95498
4.97663 3.07234
4.92553 3.20649
4.88912 3.32549
4.86552 3.44301
4.86127 3.55395
4.88284 3.6529
4.93792 3.72808
5.02297 3.75508
5.11481 3.7215
5.1911 3.64674
5.26021 3.5305
5.30946 3.41437
5.36391 3.24498
5.40857 3.09306
5.44631 2.87697
5.47239 2.68486
5.49136 2.42214
5.49375 2.2296
5.48413 2.00637
5.45379 1.83097
5.41904 1.65747
5.37156 1.46831
5.33329 1.34037
5.27149 1.17156
5.22004 1.05432
5.13645 0.893803
5.06803 0.777115
4.96197 0.618959
4.87931 0.508141
4.75121 0.361888
4.64407 0.255201
4.48397 0.11904
4.34157 0.0203864
4.19562 -0.068076
4.00833 -0.152906
3.85984 -0.20816
3.64301 -0.266166
3.46785 -0.301143
3.24641 -0.329156
3.08589 -0.332782
2.87826 -0.31728
2.74104 -0.296219
2.56053 -0.255803
2.43996 -0.217902
2.27301 -0.148195
2.1579 -0.0900193
1.99831 0.00738666
1.88404 0.0846097
1.72639 0.205197
1.60913 0.299064
1.44962 0.437427
1.32698 0.54529
1.16342 0.698266
1.04743 0.822692
0.910158 1.00121
0.811413 1.14624
0.69371 1.35729
0.609388 1.53815
0.537162 1.72247
0.472747 1.94275
0.439712 2.09872
0.409831 2.30808
0.398303 2.46487
0.399035 2.67729
0.409773 2.83581
0.439359 3.04781
0.47093 3.20508
0.526362 3.41319
0.575852 3.56747
0.65231 3.77079
0.716457 3.92142
0.803363 4.10756
0.874656 4.23037
0.975493 4.37463
1.06017 4.46452
1.18367 4.55659
1.29235 4.60492
1.42522 4.62823
1.54075 4.61459
1.6591 4.56417
1.75201 4.49408
1.84548 4.39232
1.91528 4.29624
1.99749 4.16757
2.06088 4.06248
2.14596 3.92279
2.21466 3.81405
2.30954 3.6714
2.38781 3.5611
2.4929 3.42295
2.58639 3.30911
2.68517 3.19651
2.80235 3.07787
2.89829 2.9917
3.0296 2.89328
3.13676 2.82913
3.26866 2.75893
3.37431 2.70769
3.49369 2.65527
3.60132 2.614
3.7154 2.57681
3.82641 2.54773
3.9394 2.52573
4.05406 2.51214
4.16668 2.50777
4.28436 2.51334
4.39539 2.52793
4.51587 2.55429
4.62366 2.58709
4.74853 2.63737
4.85151 2.68932
4.98299 2.77157
5.08486 2.84687
5.21212 2.96144
5.30068 3.06318
5.40538 3.21246
5.46982 3.34084
5.52485 3.52051
5.54697 3.6651
5.54577 3.86006
5.52208 4.0125
5.45935 4.21198
5.38721 4.36994
5.26894 4.56564
5.14437 4.71169
5.0139 4.83693
4.83248 4.9544
4.68154 5.0238
4.4579 5.09151
4.28634 5.11792
4.08978 5.12912
3.89177 5.10865
3.74185 5.07206
3.57762 4.9989
3.46167 4.91061
3.3547 4.79619
3.26504 4.65168
3.20757 4.52321
3.15643 4.35516
3.13153 4.22016
3.11541 4.04405
3.11395 3.90585
3.11267 3.72712
3.1126 3.59694
3.11148 3.41489
3.10927 3.27765
3.10493 3.06784
3.09817 2.8905
3.08986 2.66981
3.09033 2.5204
3.09629 2.31935
3.10453 2.1852
3.11806 2.01421
3.13111 1.89545
3.15071 1.74796
3.16959 1.62934
3.19216 1.50166
3.21451 1.38379
3.2367 1.26753
3.25731 1.15188
3.27417 1.04016
3.28661 0.924954
3.29263 0.81354
3.29165 0.696233
3.28359 0.58403
3.26729 0.462871
3.24594 0.350509
3.21509 0.223522
3.18248 0.111736
3.13538 -0.0229995
3.08942 -0.133749
3.01829 -0.274054
2.95162 -0.384854
2.84234 -0.506498
2.73712 -0.584486
2.58908 -0.655036
2.44655 -0.68815
2.29872 -0.699027
2.12655 -0.676957
1.99752 -0.640765
1.82368 -0.563487
1.6961 -0.490092
1.5455 -0.38012
1.45279 -0.287224
1.35673 -0.168526
1.28406 -0.0315655
1.23521 0.110811
1.20677 0.241311
1.19312 0.394989
1.19696 0.521365
1.21774 0.669246
1.23556 0.793891
1.25516 0.929834
1.27237 1.04774
1.29192 1.17894
1.30998 1.29607
1.3323 1.43338
1.3534 1.55534
1.38092 1.70128
1.4111 1.8425
1.44451 1.98206
1.49185 2.15102
1.53306 2.27831
1.59363 2.45028
1.6427 2.57053
1.71802 2.73543
1.77923 2.85095
1.87283 3.00906
1.94777 3.11751
2.05967 3.26224
2.14853 3.36056
2.28166 3.49064
2.39138 3.58377
2.54925 3.70088
2.6963 3.79051
2.84526 3.86916
3.04057 3.94736
3.21431 4.00605
3.4248 4.06885
3.64061 4.1218
3.82326 4.16385
4.07293 4.21135
4.27547 4.2516
4.51891 4.30098
4.696 4.33068
4.91485 4.36307
5.07238 4.37806
5.27916 4.38406
5.43969 4.37999
5.64912 4.34617
5.80628 4.30539
6.00908 4.22337
6.15881 4.14774
6.34541 4.0267
6.48054 3.92337
6.64501 3.77114
6.76194 3.64602
6.90106 3.46995
6.99741 3.32924
7.10931 3.13705
7.18484 2.98638
7.27118 2.7834
7.32762 2.62776
7.39126 2.42147
7.4311 2.26684
7.47582 2.06347
7.50204 1.91488
7.53127 1.7192
7.5465 1.58004
7.56221 1.39433
7.56813 1.26525
7.57047 1.08886
7.56719 0.967392
7.5547 0.797871
7.54013 0.680088
7.51079 0.516846
7.4831 0.402095
7.43437 0.244255
7.39197 0.133322
7.32147 -0.0189197
7.26299 -0.126144
7.1688 -0.272729
7.09281 -0.378935
6.97487 -0.523667
6.88179 -0.630084
6.75498 -0.762115
6.64763 -0.857634
6.52427 -0.952386
6.3973 -1.0285
6.27724 -1.07947
6.14738 -1.10673
6.0287 -1.1004
5.91793 -1.06052
5.82532 -0.988766
5.75593 -0.896179
5.70414 -0.779591
5.67341 -0.664269
5.65216 -0.520038
5.64302 -0.398338
5.63748 -0.232085
5.63607 -0.103809
5.63609 0.0801825
5.63748 0.222543
5.63779 0.436173
5.63938 0.617557
5.642 0.845504
5.63705 1.01703
5.62716 1.22174
5.60965 1.37523
5.57944 1.55856
5.54592 1.69388
5.49288 1.8579
5.43837 1.98029
5.37988 2.12921
5.32763 2.26238
5.27541 2.39474
5.21406 2.54411
5.16375 2.66139
5.09344 2.81764
5.03806 2.9381
4.97623 3.08332
4.93114 3.20278
4.89234 3.32864
4.8693 3.44504
4.86505 3.55614
4.88698 3.65558
4.94242 3.7302
5.02858 3.7561
5.11886 3.72283
5.19956 3.64124
5.26143 3.5389
5.32215 3.39369
5.36583 3.26069
5.41782 3.06723
5.45217 2.89471
5.47779 2.65795
5.49282 2.44955
5.49965 2.20731
5.48912 2.03336
5.4567 1.82842
5.41765 1.64285
5.38095 1.4941
5.32676 1.31371
5.28259 1.19282
5.21007 1.02875
5.14936 0.910793
5.05529 0.752809
4.97939 0.637789
4.86346 0.485741
4.76817 0.375569
4.6251 0.235367
4.50126 0.13052
4.34315 0.0153687
4.17451 -0.0809158
4.03522 -0.147445
3.83446 -0.218599
3.67042 -0.264832
3.44203 -0.310454
3.27384 -0.330121
3.05894 -0.337937
2.90499 -0.323482
2.7136 -0.296334
2.5855 -0.267191
2.41304 -0.212563
2.29442 -0.163924
2.13221 -0.0803518
2.0171 -0.0118251
1.85969 0.0972718
1.74348 0.183726
1.58574 0.313427
1.46548 0.415031
1.30429 0.560721
1.17781 0.674899
1.02707 0.841089
0.919994 0.975593
0.794787 1.16808
0.701269 1.33091
0.60199 1.53727
0.524743 1.74518
0.475625 1.91546
0.42949 2.12419
0.406759 2.28081
0.392366 2.49166
0.392017 2.65076
0.407372 2.86315
0.428857 3.02246
0.471601 3.23252
0.512649 3.38942
0.578901 3.59474
0.636135 3.74862
0.718653 3.94877
0.786326 4.08605
0.877589 4.25042
0.953623 4.35805
1.0652 4.47806
1.164 4.55136
1.29243 4.61045
1.4098 4.63076
1.53702 4.61697
1.64527 4.57186
1.74966 4.49395
1.83137 4.40637
1.91621 4.29108
1.98244 4.18776
2.06419 4.05372
2.13015 3.94521
2.21932 3.80408
2.2929 3.69323
2.39319 3.54946
2.47995 3.43796
2.58267 3.3113
2.68759 3.19349
2.78422 3.0943
2.90804 2.98433
3.00895 2.90812
3.1461 2.82445
3.25537 2.76738
3.37925 2.70678
3.4878 2.65907
3.60325 2.61442
3.71358 2.57837
3.82684 2.54846
3.93992 2.52648
4.05337 2.51288
4.16915 2.50848
4.28245 2.51369
4.40034 2.52938
4.512 2.55376
4.6327 2.59117
4.74102 2.63492
4.86721 2.69996
4.97104 2.76532
5.10403 2.86649
5.20243 2.95334
5.31735 3.08498
5.40058 3.20024
5.48099 3.3659
5.52409 3.50501
5.55057 3.69231
5.54936 3.84303
5.51683 4.03943
5.4676 4.19598
5.37545 4.39473
5.28014 4.55072
5.14985 4.71563
4.99243 4.85403
4.85806 4.94447
4.65663 5.03534
4.485 5.08724
4.2725 5.12653
4.08917 5.13123
3.91753 5.1181
3.73021 5.07216
3.59753 5.01227
3.45974 4.91457
3.35457 4.79719
3.27431 4.67476
3.20292 4.51542
3.16201 4.38203
3.12926 4.20981
3.11671 4.07146
3.11295 3.89085
3.11202 3.75455
3.11117 3.57448
3.11028 3.44231
3.1077 3.25026
3.10313 3.09326
3.09518 2.86449
3.08881 2.69724
3.08818 2.49304
3.09308 2.3466
3.10283 2.16353
3.11328 2.03766
3.13021 1.87946
3.14663 1.7584
3.16801 1.62238
3.1893 1.50269
3.21227 1.38112
3.23451 1.26429
3.25488 1.14979
3.27212 1.03487
3.28427 0.922263
3.29045 0.806632
3.28957 0.693329
3.28104 0.575035
3.26585 0.460805
3.24251 0.338278
3.2148 0.223701
3.17675 0.094733
3.13682 -0.0193031
3.07903 -0.155679
3.02139 -0.268622
2.93542 -0.406674
2.84788 -0.503097
2.717 -0.599946
2.59193 -0.656571
2.4409 -0.69533
2.28049 -0.702215
2.14256 -0.68716
1.97042 -0.63646
1.84115 -0.581061
1.67289 -0.484162
1.56237 -0.401763
1.43641 -0.279251
1.34704 -0.167256
1.28102 -0.0396742
1.23124 0.0962129
1.19936 0.24435
1.18698 0.375028
1.19062 0.524903
1.20924 0.654394
1.22922 0.796369
1.24716 0.919674
1.26637 1.05132
1.28419 1.17126
1.30458 1.3034
1.32438 1.42551
1.3487 1.56549
1.37409 1.69851
1.40444 1.84151
1.44282 1.99788
1.47953 2.13009
1.5345 2.3024
1.57963 2.42751
1.64676 2.59513
1.70191 2.71409
1.7862 2.87565
1.85478 2.98933
1.95676 3.13994
2.03928 3.24494
2.16122 3.38201
2.2588 3.47677
2.40841 3.60439
2.53544 3.69602
2.69139 3.79486
2.86694 3.88275
3.02058 3.94677
3.23791 4.01861
3.4283 4.07358
3.61856 4.12345
3.8488 4.17176
4.04624 4.21298
4.29953 4.26327
4.4922 4.29968
4.72051 4.34137
4.88815 4.36447
5.09833 4.38449
5.2547 4.39069
5.46643 4.37988
5.62715 4.35771
5.83241 4.29972
5.98816 4.24002
6.18349 4.13745
6.32745 4.04652
6.50318 3.90914
6.63032 3.79348
6.78222 3.62859
6.88971 3.49416
7.01528 3.30934
7.1015 3.16262
7.20032 2.96457
7.26666 2.80976
7.34134 2.6048
7.38964 2.44816
7.44357 2.24319
7.47671 2.09019
7.51362 1.89078
7.53445 1.74575
7.55705 1.55548
7.56778 1.42048
7.57709 1.24006
7.57871 1.11422
7.57387 0.941674
7.56483 0.819914
7.54429 0.655102
7.52274 0.535877
7.48427 0.377196
7.4484 0.261375
7.38945 0.107851
7.33787 -0.00341787
7.25606 -0.15197
7.18765 -0.259331
7.08216 -0.403462
6.99714 -0.510494
6.8725 -0.652275
6.77513 -0.75232
6.64833 -0.867312
6.53162 -0.955213
6.40886 -1.03004
6.28038 -1.08436
6.15762 -1.11005
6.03446 -1.10475
5.92457 -1.06517
5.83235 -0.995202
5.76033 -0.898758
5.71128 -0.790319
5.67688 -0.660365
5.65852 -0.538171
5.64682 -0.384374
5.64274 -0.257814
5.6408 -0.0816505
5.64088 0.0538762
5.64131 0.249008
5.64388 0.410137
5.64635 0.643169
5.64498 0.818933
5.64275 1.03249
5.63254 1.19554
5.61346 1.38807
5.58869 1.53347
5.54767 1.70632
5.50504 1.83664
5.43973 1.98937
5.38753 2.11923
5.33253 2.26012
5.27636 2.40156
5.22524 2.52686
5.15997 2.67916
5.10549 2.79761
5.03542 2.95298
4.9841 3.07403
4.933 3.20882
4.89659 3.32827
4.87283 3.44752
4.86881 3.55839
4.89097 3.65789
4.94706 3.73226
5.0333 3.7573
5.12521 3.72163
5.2026 3.64395
5.27147 3.52757
5.32294 3.40622
5.37805 3.2369
5.4222 3.08223
5.45898 2.86885
5.48342 2.67916
5.5006 2.42434
5.50216 2.23393
5.49088 2.01264
5.45986 1.83617
5.42424 1.65955
5.37695 1.47145
5.33708 1.33838
5.27445 1.16735
5.22135 1.04654
5.13836 0.886422
5.06924 0.768909
4.96557 0.614901
4.87944 0.50072
4.7511 0.35499
4.64128 0.246254
4.4853 0.113615
4.34211 0.0134588
4.19504 -0.0755433
4.01141 -0.159612
3.86066 -0.215866
3.64522 -0.273785
3.46875 -0.309287
3.24816 -0.337571
3.08542 -0.341602
2.87997 -0.326228
2.73894 -0.304866
2.55888 -0.264672
2.43524 -0.225744
2.2687 -0.156616
2.15089 -0.0969111
1.99271 -0.000885142
1.87661 0.0775611
1.72024 0.196959
1.60159 0.291888
1.44304 0.429562
1.31918 0.538514
1.15672 0.691343
1.03894 0.817128
0.901917 0.995295
0.801558 1.14312
0.684714 1.35191
0.599826 1.53385
0.527338 1.71857
0.462562 1.93873
0.428881 2.09745
0.398954 2.30639
0.387244 2.46542
0.387907 2.67718
0.398685 2.83786
0.42795 3.04918
0.459662 3.20859
0.514411 3.4161
0.564057 3.5725
0.63919 3.77518
0.703253 3.92691
0.787735 4.10806
0.858541 4.23166
0.95773 4.37432
1.04557 4.46838
1.16509 4.55915
1.27711 4.61029
1.40617 4.63407
1.52434 4.62159
1.64076 4.57397
1.73743 4.50314
1.82941 4.40552
1.90323 4.30623
1.98372 4.18214
2.0497 4.07392
2.13362 3.93674
2.20357 3.82569
2.29774 3.68352
2.37856 3.56872
2.4824 3.43249
2.57699 3.31703
2.67677 3.2035
2.79041 3.0884
2.8894 2.99986
3.01863 2.90328
3.13129 2.83523
3.26089 2.7659
3.37166 2.7118
3.48979 2.6595
3.60044 2.6166
3.71419 2.57915
3.82639 2.54945
3.93992 2.52723
4.05439 2.51354
4.1686 2.5091
4.285 2.51454
4.39892 2.52962
4.51705 2.55577
4.62924 2.59064
4.75087 2.64077
4.85952 2.69698
4.98784 2.77923
5.09423 2.85953
5.22018 2.97334
5.31033 3.07647
5.41446 3.22309
5.47854 3.35377
5.53158 3.53068
5.5521 3.67798
5.54847 3.86976
5.52225 4.0251
5.45901 4.2213
5.38559 4.38139
5.26934 4.57391
5.14549 4.71908
5.01502 4.84288
4.83544 4.95872
4.68181 5.02999
4.46191 5.09824
4.29404 5.12632
4.09652 5.1384
3.90661 5.11964
3.7544 5.08357
3.58948 5.01181
3.4687 4.92356
3.36004 4.81011
3.27023 4.66999
3.21076 4.54098
3.15883 4.37391
3.13247 4.23636
3.11534 4.05977
3.11294 3.91759
3.11083 3.73695
3.11026 3.6012
3.10863 3.41562
3.10621 3.27475
3.10119 3.06659
3.09356 2.89118
3.08552 2.67252
3.08569 2.51967
3.09086 2.32429
3.09851 2.18992
3.11217 2.01974
3.12592 1.89425
3.14531 1.74906
3.16478 1.62651
3.18736 1.49881
3.20986 1.37981
3.23226 1.26183
3.25277 1.14607
3.26985 1.03199
3.28218 0.917016
3.28827 0.803114
3.28733 0.68656
3.27914 0.571466
3.26324 0.451906
3.24125 0.335695
3.21102 0.211397
3.17659 0.0946143
3.12994 -0.0364503
3.0806 -0.152497
3.00946 -0.288959
2.93889 -0.402986
2.8299 -0.52119
2.72176 -0.599383
2.57838 -0.666303
2.43351 -0.69955
2.28695 -0.708916
2.11774 -0.687218
1.98549 -0.649742
1.81519 -0.574656
1.69138 -0.503478
1.54309 -0.39478
1.44659 -0.299402
1.34953 -0.181688
1.2755 -0.0456888
1.22545 0.0930263
1.19462 0.228505
1.18029 0.37688
1.18342 0.509836
1.2031 0.654612
1.22156 0.785741
1.24098 0.920919
1.25899 1.04445
1.27835 1.17467
1.2973 1.2978
1.31914 1.4322
1.34169 1.56157
1.36864 1.70261
1.40007 1.84804
1.43366 1.9863
1.48004 2.15122
1.52108 2.28008
1.58186 2.45011
1.63198 2.57371
1.70712 2.73765
1.76944 2.85572
1.86184 3.01103
1.93783 3.12206
2.04914 3.2654
2.14015 3.36672
2.27454 3.49751
2.3889 3.59427
2.54564 3.70971
2.69611 3.80105
2.84799 3.88012
3.04372 3.95871
3.21944 4.01757
3.42844 4.07964
3.64292 4.13265
3.82633 4.17477
4.07062 4.22213
4.2735 4.26271
4.51538 4.31153
4.69448 4.34138
4.91264 4.37331
5.07258 4.38832
5.28054 4.39389
5.44512 4.38874
5.65306 4.35521
5.81314 4.313
6.01299 4.23219
6.16464 4.15542
6.35057 4.03454
6.48738 3.92984
6.65127 3.77802
6.76964 3.65138
6.90833 3.47597
7.00597 3.33366
7.11773 3.14227
7.19447 2.98994
7.28093 2.78798
7.33848 2.63068
7.40249 2.42552
7.44334 2.26923
7.4886 2.06703
7.51569 1.91673
7.54548 1.72216
7.56139 1.58115
7.57755 1.39635
7.58392 1.26518
7.58637 1.08979
7.58271 0.963653
7.57029 0.796976
7.55471 0.673063
7.5258 0.513797
7.49631 0.392609
7.44846 0.238889
7.40348 0.121996
7.33398 -0.0272502
7.27254 -0.138761
7.17936 -0.284008
7.10143 -0.391657
6.98638 -0.534203
6.89489 -0.638992
6.769 -0.768854
6.66264 -0.864059
6.53716 -0.960154
6.41455 -1.03386
6.29012 -1.08695
6.16282 -1.11403
6.04217 -1.10895
5.931 -1.07005
5.83783 -0.999495
5.76695 -0.905937
5.71536 -0.79147
5.68321 -0.672267
5.66217 -0.531705
5.65234 -0.404076
5.64687 -0.240345
5.64548 -0.107262
5.64576 0.0794106
5.64708 0.223621
5.64777 0.43588
5.64939 0.617311
5.65146 0.837178
5.6468 1.00677
5.6372 1.20799
5.62066 1.36305
5.5915 1.54474
5.55878 1.68277
5.50638 1.84613
5.44915 1.97489
5.39053 2.12237
5.33674 2.25852
5.2839 2.39226
5.2241 2.53842
5.1715 2.66136
5.10311 2.81316
5.04544 2.93915
4.98427 3.08315
4.93833 3.20517
4.89956 3.33173
4.87655 3.44871
4.87247 3.56068
4.89492 3.6601
4.95149 3.73414
5.03857 3.75806
5.12948 3.72227
5.20997 3.63946
5.27357 3.5333
5.33419 3.38874
5.38029 3.24963
5.43146 3.0579
5.46432 2.88529
5.48884 2.65369
5.5025 2.4503
5.5074 2.21278
5.49599 2.03817
5.46221 1.83291
5.42342 1.6482
5.38601 1.49586
5.33093 1.31364
5.28473 1.18735
5.21204 1.02223
5.15006 0.901917
5.05734 0.74575
4.97909 0.62868
4.86443 0.479445
4.76596 0.366695
4.62357 0.22717
4.49838 0.121545
4.34358 0.00906431
4.17789 -0.0866091
4.03383 -0.155537
3.83663 -0.225882
3.67124 -0.272751
3.44433 -0.318339
3.27418 -0.338524
3.06202 -0.346451
2.90528 -0.332341
2.71407 -0.305216
2.58252 -0.275581
2.40965 -0.220929
2.2876 -0.170631
2.12639 -0.0881244
2.00883 -0.0177969
1.8534 0.0893609
1.73568 0.17696
1.57935 0.305427
1.45779 0.40811
1.29769 0.553211
1.16995 0.668916
1.01962 0.834584
0.910898 0.970859
0.785551 1.16366
0.69104 1.32843
0.59306 1.53257
0.515601 1.7398
0.465295 1.91284
0.418953 2.12152
0.395853 2.28054
0.381422 2.49079
0.381008 2.65207
0.396177 2.86378
0.417758 3.02523
0.460006 3.23463
0.501199 3.39367
0.566504 3.59842
0.623803 3.75418
0.703792 3.94986
0.770962 4.08815
0.860588 4.24941
0.938716 4.36076
1.04722 4.47862
1.14962 4.55592
1.27414 4.61455
1.39414 4.63661
1.51885 4.62444
1.62987 4.57987
1.73301 4.50511
1.8184 4.41581
1.90172 4.30485
1.97152 4.19782
2.05127 4.06819
2.11941 3.9565
2.20719 3.81746
2.28207 3.70394
2.38151 3.56063
2.47142 3.44497
2.57337 3.31941
2.67674 3.20302
2.77638 3.10106
2.89629 2.99487
3.00272 2.91506
3.13686 2.83268
3.25143 2.77236
3.37379 2.71215
3.48589 2.66244
3.60095 2.61752
3.71303 2.58049
3.82653 2.55025
3.94012 2.52798
4.0544 2.51423
4.16984 2.50977
4.28477 2.51507
4.4016 2.5307
4.51603 2.55607
4.63478 2.59358
4.74739 2.6402
4.87071 2.7053
4.97993 2.77561
5.11 2.87567
5.21219 2.96681
5.32619 3.09712
5.41038 3.21435
5.48923 3.37751
5.53138 3.519
5.55541 3.7038
5.55177 3.85713
5.51733 4.05067
5.46598 4.20938
5.37472 4.40504
5.27894 4.56149
5.15043 4.7227
4.99508 4.85921
4.85847 4.95051
4.65838 5.04136
4.48766 5.09441
4.27835 5.13446
4.10169 5.14087
3.9266 5.1284
3.74424 5.084
3.60673 5.02349
3.46827 4.92799
3.36094 4.8129
3.27795 4.68942
3.20675 4.5344
3.16419 4.39938
3.13045 4.22738
3.11672 4.08577
3.11205 3.90402
3.11029 3.76298
3.10884 3.5802
3.10759 3.44163
3.10448 3.24877
3.09949 3.09069
3.09061 2.86671
3.08434 2.69853
3.08304 2.49377
3.08761 2.35012
3.09704 2.16988
3.10791 2.03882
3.12466 1.88291
3.14181 1.75631
3.16305 1.6215
3.18472 1.49937
3.20777 1.37707
3.23006 1.25941
3.2506 1.14326
3.26777 1.02798
3.28002 0.913472
3.28616 0.797813
3.28528 0.682458
3.27691 0.564698
3.26149 0.447858
3.23854 0.326732
3.20985 0.208476
3.1722 0.0821124
3.12977 -0.0367642
3.07231 -0.169315
3.01073 -0.287305
2.92545 -0.420928
2.83351 -0.519678
2.70627 -0.612018
2.5774 -0.669435
2.42987 -0.705771
2.27067 -0.712457
2.12985 -0.696152
1.95964 -0.646586
1.83136 -0.591161
1.66892 -0.497614
1.55834 -0.415785
1.4329 -0.29414
1.34136 -0.181748
1.27295 -0.0546013
1.221 0.0829717
1.18835 0.226701
1.17445 0.363246
1.17722 0.509061
1.19532 0.644211
1.21517 0.785138
1.23381 0.913841
1.25294 1.04524
1.27148 1.17014
1.29165 1.30113
1.31242 1.42901
1.33636 1.5659
1.36304 1.70419
1.39325 1.84455
1.43155 1.99965
1.46904 2.13421
1.52231 2.30127
1.56802 2.4289
1.63521 2.59514
1.69157 2.71765
1.77479 2.87653
1.84425 2.9928
1.94543 3.14158
2.02951 3.2494
2.15191 3.38633
2.25321 3.48486
2.40442 3.61352
2.53522 3.70694
2.69109 3.8046
2.86742 3.89269
3.0256 3.95821
3.24033 4.02917
3.43187 4.08438
3.62333 4.13431
3.85038 4.18271
4.04538 4.22436
4.29624 4.27388
4.49007 4.31047
4.7176 4.35173
4.88736 4.37484
5.0972 4.3943
5.25861 4.39995
5.47045 4.38901
5.63472 4.36536
5.83797 4.30801
5.99524 4.2473
6.18805 4.14573
6.3338 4.05353
6.50889 3.91645
6.63759 3.79934
6.78896 3.635
6.8978 3.499
7.02305 3.31495
7.11054 3.16656
7.20935 2.96944
7.27684 2.81298
7.35177 2.60911
7.40114 2.45082
7.45553 2.24702
7.48961 2.09234
7.52707 1.89409
7.54869 1.74729
7.57177 1.55808
7.58308 1.42108
7.5924 1.24246
7.59403 1.11143
7.58918 0.942643
7.57944 0.813976
7.55926 0.653831
7.53615 0.527299
7.49859 0.37363
7.46022 0.250702
7.40263 0.101756
7.34781 -0.0158161
7.26741 -0.16121
7.19601 -0.272716
7.09232 -0.415296
7.00667 -0.522381
6.88609 -0.659671
6.78773 -0.760403
6.66189 -0.874121
6.54709 -0.960952
6.42163 -1.03726
6.29599 -1.09054
6.17072 -1.11747
6.04829 -1.113
5.93732 -1.07449
5.84407 -1.00488
5.77179 -0.90958
5.72141 -0.799279
5.68714 -0.671715
5.66777 -0.544818
5.65619 -0.394488
5.65178 -0.261379
5.65003 -0.0866861
5.65011 0.0544549
5.65099 0.248649
5.65363 0.411249
5.65575 0.635924
5.65483 0.812072
5.65219 1.02028
5.64274 1.18327
5.62437 1.37351
5.60052 1.52107
5.56063 1.69303
5.51691 1.82857
5.45205 1.98014
5.39702 2.11499
5.34166 2.25561
5.28572 2.39646
5.23289 2.5261
5.16986 2.67353
5.11286 2.79871
5.04419 2.95026
4.99103 3.07599
4.94041 3.21011
4.90359 3.33129
4.87992 3.45113
4.87608 3.56249
4.8988 3.66222
4.95593 3.73588
5.04325 3.75892
5.13524 3.72115
5.21352 3.64081
5.28219 3.52422
5.33602 3.39746
5.39226 3.2273
5.43546 3.07096
5.47121 2.86091
5.49416 2.67323
5.5096 2.4267
5.51029 2.23795
5.49723 2.01853
5.46545 1.84155
5.42913 1.66181
5.38212 1.47506
5.34071 1.33701
5.27708 1.1632
5.22233 1.03868
5.13985 0.878735
5.06894 0.758942
4.96614 0.606907
4.87728 0.490802
4.74994 0.347077
4.63783 0.236644
4.48595 0.107581
4.34218 0.00634742
4.19332 -0.083264
4.01145 -0.167403
3.8584 -0.224192
3.64741 -0.281348
3.46965 -0.317342
3.25114 -0.345783
3.08708 -0.350164
2.8831 -0.335036
2.73802 -0.313441
2.5573 -0.273248
2.4295 -0.232766
2.26312 -0.164132
2.1424 -0.10257
1.9855 -0.00791727
1.86749 0.0722964
1.71356 0.189303
1.59361 0.285303
1.43649 0.421824
1.31145 0.531941
1.15009 0.68464
1.03055 0.81173
0.893805 0.989553
0.791523 1.14093
0.674998 1.34803
0.590193 1.53053
0.517601 1.71591
0.453449 1.9333
0.418288 2.0962
0.388259 2.3047
0.376336 2.46598
0.376904 2.67707
0.387702 2.8399
0.416634 3.05053
0.448469 3.21207
0.502515 3.41896
0.552274 3.57747
0.625664 3.77944
0.68873 3.9295
0.771394 4.10678
0.842032 4.23247
0.940256 4.37336
1.03163 4.47204
1.14748 4.56137
1.26229 4.61521
1.3886 4.63964
1.50881 4.62831
1.62393 4.58289
1.7234 4.51193
1.81444 4.4176
1.89166 4.31585
1.97043 4.19614
2.03957 4.0839
2.1212 3.95086
2.19317 3.83642
2.28572 3.69609
2.36905 3.57682
2.47188 3.44223
2.5677 3.32506
2.66855 3.21053
2.77892 3.09865
2.88291 3.00615
3.0083 2.91276
3.12667 2.84074
3.25387 2.77242
3.36864 2.71598
3.48625 2.66352
3.59909 2.61933
3.71301 2.58145
3.82618 2.55119
3.94021 2.52872
4.05492 2.51489
4.17004 2.51039
4.28619 2.5158
4.4017 2.53127
4.51903 2.55758
4.63397 2.59409
4.75385 2.64461
4.86684 2.70453
4.99207 2.78632
5.1037 2.87153
5.2277 2.98457
5.32069 3.0906
5.42392 3.23576
5.48757 3.36853
5.53838 3.54334
5.55703 3.69306
5.55086 3.88245
5.52207 4.03997
5.45804 4.23343
5.38353 4.39464
5.27028 4.58088
5.14624 4.72693
5.01404 4.85039
4.83717 4.96422
4.68179 5.0367
4.46746 5.10458
4.30046 5.13458
4.10306 5.14733
3.92109 5.13055
3.76482 5.09463
3.60123 5.02428
3.47632 4.93638
3.36568 4.8238
3.27553 4.68775
3.21349 4.55667
3.16139 4.39249
3.13361 4.25251
3.1155 4.07545
3.11216 3.92935
3.10916 3.74683
3.10801 3.60552
3.10589 3.41775
3.10312 3.27194
3.09734 3.06545
3.08882 2.89198
3.08106 2.67527
3.08092 2.51901
3.08549 2.32933
3.09316 2.19178
3.10659 2.0251
3.12101 1.89357
3.1402 1.75021
3.16023 1.62395
3.18278 1.49637
3.20549 1.37582
3.22798 1.2568
3.24852 1.14024
3.26568 1.02471
3.27797 0.909213
3.2841 0.793766
3.2832 0.677037
3.27497 0.56017
3.25927 0.440992
3.23687 0.322337
3.20689 0.199343
3.17097 0.0789853
3.12452 -0.0493627
3.07199 -0.170113
3.00145 -0.302627
2.92634 -0.420625
2.8201 -0.533548
2.70711 -0.613904
2.56793 -0.67725
2.42168 -0.710455
2.27488 -0.71847
2.10879 -0.696975
1.97323 -0.658723
1.80654 -0.586107
1.6856 -0.516674
1.54039 -0.409387
1.441 -0.31174
1.34294 -0.194443
1.2677 -0.0594521
1.21626 0.0771815
1.18344 0.216134
1.16837 0.360743
1.17069 0.498925
1.18929 0.641334
1.2083 0.777732
1.22767 0.912814
1.24628 1.04076
1.26561 1.17099
1.28524 1.29856
1.30691 1.43173
1.33044 1.56576
1.35726 1.70463
1.38921 1.85126
1.42332 1.99031
1.46834 2.15033
1.51038 2.2832
1.56975 2.44857
1.62102 2.57563
1.6953 2.73708
1.75871 2.85845
1.84998 3.01139
1.92727 3.12524
2.03832 3.26767
2.13175 3.37219
2.26812 3.50446
2.38703 3.60443
2.54296 3.71842
2.69622 3.81103
2.85138 3.89087
3.04728 3.9699
3.22529 4.02889
3.43199 4.08999
3.64612 4.14366
3.82989 4.18568
4.06851 4.23284
4.27161 4.27366
4.5119 4.32187
4.69297 4.35189
4.91048 4.38331
5.0729 4.39833
5.28303 4.40318
5.45189 4.39687
5.65927 4.36339
5.82181 4.31974
6.0188 4.24013
6.17159 4.16245
6.35572 4.04229
6.4942 3.93622
6.65749 3.78482
6.77729 3.65669
6.91555 3.48193
7.01448 3.33804
7.12609 3.14746
7.20402 2.99348
7.2906 2.79256
7.34926 2.63361
7.41363 2.4296
7.45549 2.27165
7.50126 2.07064
7.52922 1.91863
7.55951 1.72523
7.57612 1.58232
7.59215 1.40003
7.59903 1.26372
7.60125 1.09234
7.59726 0.95879
7.58506 0.797306
7.5683 0.665669
7.5401 0.511708
7.50851 0.383011
7.46193 0.234452
7.4139 0.110439
7.3461 -0.0342638
7.28104 -0.151959
7.18992 -0.294074
7.1095 -0.405102
6.99792 -0.544404
6.90539 -0.649492
6.78285 -0.77509
6.67565 -0.871087
6.5503 -0.966815
6.42937 -1.03968
6.30298 -1.09376
6.17693 -1.121
6.055 -1.11691
5.94344 -1.07893
5.84956 -1.00924
5.77757 -0.915296
5.72583 -0.80202
5.69262 -0.680138
5.67164 -0.542128
5.66118 -0.40884
5.65584 -0.248245
5.65464 -0.109094
5.65485 0.0756717
5.65636 0.225783
5.65792 0.4355
5.65927 0.611548
5.66068 0.825744
5.65661 0.996056
5.64715 1.19377
5.63152 1.34995
5.60335 1.53028
5.57032 1.6731
5.51934 1.83427
5.46012 1.96894
5.40081 2.11567
5.34576 2.2539
5.29192 2.38978
5.23355 2.53278
5.17843 2.66193
5.11238 2.80901
5.052 2.94105
4.99212 3.08236
4.94508 3.20762
4.90657 3.33409
4.88346 3.45219
4.8796 3.56456
4.90259 3.66412
4.96023 3.7375
5.04822 3.75944
5.13962 3.72124
5.21996 3.63717
5.28515 3.52738
5.34604 3.3826
5.3944 3.23821
5.44471 3.04814
5.47618 2.87547
5.49967 2.64923
5.51201 2.45121
5.51489 2.21818
5.50222 2.04265
5.4673 1.83738
5.42885 1.65365
5.39005 1.49586
5.33495 1.31425
5.28665 1.18217
5.21379 1.01593
5.15002 0.892276
5.05782 0.736967
4.97731 0.617919
4.86324 0.470567
4.76225 0.356237
4.62143 0.218274
4.49538 0.112482
4.34306 0.00225652
4.17896 -0.0930976
4.03058 -0.164029
3.83585 -0.234082
3.67013 -0.281108
3.44718 -0.326153
3.27575 -0.346789
3.06648 -0.354672
2.90699 -0.34104
2.71592 -0.313864
2.57852 -0.283056
2.40589 -0.228673
2.27967 -0.176475
2.11905 -0.0947523
1.99911 -0.0225327
1.84528 0.0829306
1.72605 0.172243
1.57248 0.297952
1.44968 0.401826
1.29115 0.54588
1.16183 0.663778
1.01228 0.82825
0.901165 0.968166
0.776095 1.16013
0.680586 1.32723
0.583763 1.5294
0.507135 1.73371
0.455582 1.90876
0.408615 2.11885
0.385137 2.28027
0.370628 2.48994
0.370123 2.65339
0.385089 2.86439
0.406748 3.02798
0.448485 3.2367
0.489798 3.39787
0.554009 3.60203
0.611376 3.75938
0.688614 3.94972
0.754845 4.08855
0.843286 4.24756
0.92438 4.36317
1.03017 4.47902
1.13555 4.55991
1.25724 4.6184
1.379 4.64212
1.50227 4.63136
1.61514 4.58758
1.71774 4.51517
1.80583 4.42509
1.8882 4.31747
1.96107 4.20744
2.0388 4.08211
2.10984 3.96616
2.19506 3.83097
2.27296 3.71247
2.3699 3.5719
2.46267 3.45248
2.56417 3.32762
2.66649 3.21218
2.76931 3.10735
2.88549 3.00467
2.99772 2.92092
3.12862 2.84031
3.24758 2.77718
3.3689 2.71717
3.48359 2.6659
3.59881 2.62052
3.71218 2.58267
3.82612 2.55204
3.94029 2.52947
4.05516 2.51555
4.1708 2.51103
4.28665 2.51642
4.40337 2.53217
4.51942 2.55835
4.63752 2.59638
4.75297 2.64535
4.87432 2.71076
4.98815 2.78533
5.11584 2.88385
5.22211 2.98022
5.33482 3.10929
5.4205 3.22979
5.49767 3.39099
5.53859 3.53468
5.56001 3.71751
5.55387 3.87304
5.51748 4.06417
5.4641 4.22435
5.37371 4.41722
5.2769 4.57361
5.15042 4.72998
4.99761 4.86445
4.85622 4.95818
4.65991 5.04802
4.49189 5.10142
4.28534 5.14198
4.11244 5.15021
3.93356 5.13784
3.75793 5.09576
3.61523 5.03435
3.47689 4.94098
3.36751 4.82803
3.28164 4.70334
3.2107 4.5529
3.16615 4.41534
3.13183 4.24477
3.11693 4.10004
3.11137 3.91715
3.10873 3.77145
3.10664 3.58677
3.10491 3.44236
3.1012 3.24739
3.09576 3.08823
3.08593 2.86902
3.07972 2.69986
3.07829 2.49942
3.08215 2.35334
3.0916 2.17596
3.10297 2.03892
3.11947 1.88608
3.13723 1.75481
3.15837 1.62072
3.1804 1.49628
3.20349 1.37344
3.22589 1.25463
3.24649 1.13737
3.26367 1.02127
3.27595 0.90552
3.28209 0.789272
3.28122 0.672608
3.27294 0.554589
3.25741 0.436138
3.23459 0.315306
3.20518 0.1947
3.16756 0.0696824
3.12307 -0.0526963
3.06577 -0.182332
3.00067 -0.304807
2.91674 -0.433613
2.81997 -0.53543
2.69649 -0.623312
2.56423 -0.681581
2.41876 -0.715929
2.26117 -0.722203
2.11726 -0.704854
1.95061 -0.657016
1.82101 -0.601262
1.66471 -0.511289
1.5521 -0.427247
1.42949 -0.308615
1.33611 -0.195684
1.26539 -0.0683094
1.21168 0.069983
1.17807 0.211314
1.16283 0.351659
1.16472 0.49508
1.18218 0.634276
1.20199 0.775036
1.22117 0.907873
1.24034 1.03983
1.25941 1.1684
1.27959 1.2995
1.30102 1.43108
1.32495 1.56705
1.35229 1.70756
1.38278 1.84776
1.42052 2.0001
1.45914 2.13835
1.5103 2.29915
1.55767 2.43179
1.62309 2.5932
1.68132 2.72022
1.7626 2.87561
1.83412 2.99588
1.93366 3.14217
2.02023 3.25354
2.1429 3.39033
2.24897 3.49313
2.39962 3.62046
2.53514 3.7172
2.69167 3.81419
2.86831 3.90228
3.03124 3.96952
3.24229 4.03904
3.43652 4.09514
3.62795 4.14498
3.85243 4.19371
4.04545 4.23575
4.29304 4.28431
4.48799 4.32107
4.71471 4.36188
4.88661 4.38497
5.09622 4.40369
5.26304 4.40871
5.47581 4.39747
5.64353 4.37237
5.84536 4.31548
6.00442 4.25324
6.19375 4.15344
6.34064 4.06029
6.51457 3.92367
6.64481 3.80512
6.79564 3.64134
6.90584 3.5038
7.03077 3.32052
7.11953 3.17046
7.2183 2.97429
7.28695 2.8162
7.36212 2.61344
7.41255 2.4535
7.46738 2.25088
7.50241 2.09454
7.54038 1.89746
7.56278 1.74893
7.58561 1.56272
7.59782 1.42098
7.60679 1.24639
7.60843 1.10783
7.6036 0.94438
7.59311 0.807846
7.57338 0.653008
7.54869 0.519064
7.51207 0.370419
7.47121 0.240443
7.4151 0.0962756
7.35684 -0.0280334
7.2786 -0.169091
7.2036 -0.286332
7.10327 -0.42504
7.01503 -0.535268
6.89928 -0.666654
6.79828 -0.76956
6.67538 -0.880105
6.56026 -0.967285
6.43453 -1.04361
6.30979 -1.09671
6.18346 -1.12438
6.06117 -1.12068
5.94937 -1.08308
5.85528 -1.01396
5.78249 -0.919317
5.73113 -0.807945
5.69675 -0.68167
5.67659 -0.551189
5.66507 -0.403492
5.66043 -0.2641
5.65889 -0.0931577
5.65954 0.0527046
5.6608 0.249292
5.66286 0.412091
5.6651 0.628378
5.66451 0.802129
5.66158 1.00643
5.65287 1.17054
5.63509 1.35859
5.61175 1.50912
5.57289 1.67957
5.52819 1.82075
5.464 1.97128
5.40653 2.10995
5.3504 2.25113
5.2946 2.39134
5.24007 2.52518
5.17895 2.66859
5.11962 2.80048
5.0525 2.94772
4.99747 3.0781
4.94754 3.21094
4.91025 3.3341
4.88673 3.45419
4.88306 3.56618
4.90632 3.66598
4.96449 3.73896
5.0528 3.75999
5.14487 3.72018
5.22389 3.63735
5.29266 3.51993
5.34858 3.38852
5.405 3.21929
5.44836 3.05949
5.48319 2.8526
5.50467 2.66724
5.51844 2.42882
5.51812 2.24188
5.50321 2.02439
5.47052 1.84664
5.43344 1.66339
5.38704 1.47916
5.34338 1.33396
5.27995 1.16078
5.22292 1.0307
5.14095 0.871365
5.06766 0.748058
4.9652 0.597288
4.87389 0.479552
4.74736 0.337513
4.63362 0.226177
4.48544 0.100662
4.34109 -0.00115231
4.19062 -0.09119
4.00965 -0.175622
3.85479 -0.232856
3.64774 -0.289522
3.47109 -0.325518
3.25642 -0.353389
3.0901 -0.358434
2.88739 -0.343653
2.73845 -0.321898
2.55722 -0.281407
2.42282 -0.238979
2.25818 -0.171214
2.13281 -0.107332
1.97699 -0.0137973
1.85692 0.0683462
1.70486 0.183349
1.58365 0.281081
1.42949 0.41465
1.30312 0.526342
1.14306 0.678609
1.02137 0.807975
0.884832 0.985647
0.780897 1.14046
0.665457 1.34481
0.580999 1.52694
0.507937 1.71414
0.444627 1.92787
0.408116 2.09493
0.377744 2.30303
0.365581 2.46655
0.366025 2.67697
0.376823 2.84194
0.405408 3.05186
0.437345 3.21553
0.490633 3.42178
0.540451 3.58232
0.611701 3.78222
0.673737 3.93099
0.754826 4.10478
0.827684 4.23449
0.923466 4.37222
1.01793 4.47503
1.13119 4.5635
1.2478 4.6196
1.37251 4.64485
1.49392 4.63473
1.60857 4.591
1.70988 4.52047
1.80069 4.42845
1.8804 4.32535
1.95804 4.20895
2.02995 4.09333
2.10927 3.9644
2.18439 3.84492
2.27399 3.70852
2.36017 3.58422
2.46159 3.45189
2.55862 3.33312
2.66056 3.21755
2.76862 3.108
2.87698 3.01206
2.99922 2.92127
3.12212 2.84617
3.24773 2.77842
3.36545 2.72015
3.48302 2.66734
3.59745 2.6221
3.71184 2.58371
3.82582 2.55295
3.94037 2.5302
4.05551 2.51621
4.17124 2.51166
4.28763 2.51711
4.4041 2.5329
4.52145 2.55964
4.63809 2.59749
4.75722 2.64875
4.8733 2.71168
4.99649 2.79322
5.11284 2.88231
5.23415 2.99435
5.33109 3.10503
5.43187 3.24875
5.4966 3.38454
5.54505 3.55771
5.56165 3.70959
5.55294 3.89694
5.52164 4.05617
5.45687 4.24715
5.38125 4.40923
5.27059 4.58912
5.14638 4.7353
5.01171 4.85869
4.83638 4.97156
4.68101 5.04432
4.47315 5.11111
4.30648 5.14249
4.10983 5.15582
3.93405 5.14096
3.77143 5.10399
3.61259 5.03643
3.48377 4.94868
3.37148 4.83703
3.28084 4.7046
3.21593 4.57063
3.16403 4.41064
3.13468 4.2672
3.11586 4.09098
3.11157 3.94043
3.10767 3.75713
3.10586 3.61068
3.10323 3.42106
3.09998 3.26999
3.09338 3.06442
3.08424 2.89288
3.07664 2.68099
3.07594 2.52323
3.08025 2.33627
3.08818 2.19272
3.1014 2.02981
3.11641 1.89292
3.13544 1.75118
3.15591 1.62189
3.17845 1.49414
3.20137 1.37207
3.22391 1.2522
3.2445 1.13465
3.26169 1.01806
3.27399 0.901755
3.28013 0.785225
3.27926 0.667887
3.27104 0.549858
3.25541 0.43037
3.23274 0.310194
3.20271 0.187489
3.16567 0.0648452
3.11904 -0.0620055
3.06393 -0.186125
2.99413 -0.315645
2.91479 -0.436797
2.81097 -0.545209
2.69395 -0.627286
2.55767 -0.687848
2.41079 -0.720745
2.26305 -0.727641
2.10063 -0.706597
1.96105 -0.667535
1.80045 -0.598362
1.67664 -0.526969
1.53758 -0.423488
1.43463 -0.322767
1.33635 -0.206099
1.26061 -0.0727386
1.20762 0.0631876
1.17322 0.203879
1.15729 0.346772
1.15874 0.488117
1.17632 0.629648
1.19575 0.769769
1.2152 0.905546
1.23426 1.03677
1.25371 1.16787
1.27381 1.29845
1.29557 1.43184
1.31965 1.5682
1.34669 1.70698
1.37866 1.85287
1.41352 1.99406
1.45705 2.14893
1.5008 2.28723
1.55771 2.44592
1.61148 2.57903
1.68313 2.73497
1.74933 2.86192
1.83785 3.01057
1.91849 3.12944
2.02764 3.26935
2.12537 3.37854
2.26141 3.51015
2.38605 3.61412
2.54044 3.72628
2.69646 3.8204
2.8554 3.9014
3.05136 3.98111
3.232 4.04005
3.43501 4.09986
3.64801 4.15379
3.83365 4.19652
4.06728 4.24367
4.26982 4.28453
4.50806 4.33179
4.69149 4.36218
4.90839 4.39303
5.07543 4.40764
5.28604 4.41191
5.4593 4.40446
5.66671 4.3709
5.83188 4.32568
6.02678 4.24699
6.18093 4.16765
6.36134 4.04977
6.50115 3.94252
6.66366 3.79155
6.7849 3.66193
6.92271 3.48784
7.02293 3.34238
7.13438 3.15262
7.21352 2.99701
7.30019 2.79713
7.35996 2.63656
7.42467 2.43369
7.46755 2.2741
7.51379 2.07429
7.54263 1.92058
7.57257 1.73051
7.59036 1.58338
7.60595 1.40511
7.61318 1.26144
7.61524 1.09534
7.61088 0.954015
7.59889 0.797607
7.58105 0.658896
7.55343 0.509482
7.52001 0.374305
7.47445 0.230011
7.42367 0.0997082
7.35756 -0.0407441
7.28894 -0.164612
7.20086 -0.302182
7.11684 -0.418673
7.01034 -0.551746
6.91389 -0.660974
6.79618 -0.780979
6.68671 -0.878807
6.56331 -0.972691
6.44226 -1.04572
6.3156 -1.09999
6.18978 -1.12762
6.06722 -1.12432
5.95517 -1.08715
5.86058 -1.01815
5.78771 -0.924122
5.7356 -0.811387
5.70159 -0.687744
5.68054 -0.551125
5.66961 -0.413372
5.66439 -0.256048
5.66327 -0.110432
5.664 0.0721053
5.66561 0.226573
5.66789 0.434759
5.6689 0.605472
5.66982 0.813964
5.66632 0.983704
5.65701 1.17875
5.64214 1.33681
5.61469 1.51574
5.58104 1.66389
5.53115 1.82305
5.47105 1.96295
5.41069 2.10924
5.35452 2.24895
5.29959 2.38705
5.24215 2.52791
5.18503 2.66223
5.12097 2.80565
5.05817 2.94289
4.99949 3.08168
4.95149 3.20984
4.91326 3.33607
4.89007 3.45528
4.88644 3.56795
4.90996 3.66765
4.96863 3.74031
5.05749 3.76031
5.14926 3.71982
5.22964 3.63422
5.29615 3.52124
5.35714 3.37679
5.40781 3.22676
5.45756 3.03817
5.48776 2.8657
5.5103 2.64472
5.52136 2.45186
5.52214 2.22341
5.50779 2.04582
5.47237 1.84134
5.43389 1.65899
5.39321 1.49435
5.33896 1.31593
5.28787 1.17614
5.21601 1.01185
5.14936 0.882361
5.05812 0.728975
4.97456 0.606274
4.86083 0.460357
4.75775 0.344853
4.62002 0.210261
4.49185 0.10311
4.34148 -0.00503539
4.17825 -0.100113
4.02641 -0.172668
3.83372 -0.242632
3.66733 -0.289675
3.45172 -0.333507
3.2796 -0.35481
3.07244 -0.362563
2.90984 -0.349599
2.71898 -0.322297
2.5749 -0.289914
2.40413 -0.236288
2.27105 -0.18146
2.11327 -0.10134
1.98832 -0.0263223
1.83591 0.0776979
1.7149 0.168971
1.5634 0.292456
1.43943 0.398222
1.28394 0.53943
1.15258 0.660629
1.00411 0.82351
0.890709 0.967338
0.765956 1.15824
0.670069 1.32676
0.574484 1.52713
0.499047 1.72757
0.446014 1.90469
0.398605 2.11611
0.374667 2.28001
0.359984 2.48909
0.359364 2.65472
0.374106 2.865
0.395823 3.03071
0.437025 3.23875
0.478417 3.40204
0.541283 3.60553
0.598255 3.76329
0.673148 3.94874
0.739534 4.08948
0.826794 4.24541
0.910992 4.36571
1.0143 4.47948
1.1217 4.5632
1.2417 4.62203
1.36442 4.64724
1.48708 4.63774
1.60106 4.59497
1.70376 4.52424
1.79365 4.43417
1.8758 4.32876
1.95087 4.21695
2.02723 4.0948
2.10096 3.97497
2.18361 3.84369
2.26471 3.71993
2.3588 3.58281
2.4542 3.45982
2.55523 3.33577
2.65714 3.22065
2.76237 3.11371
2.87624 3.01328
2.99266 2.92668
3.12161 2.8472
3.24361 2.78199
3.36458 2.72184
3.4811 2.66935
3.59677 2.62341
3.71116 2.58486
3.82564 2.55381
3.9404 2.53093
4.05579 2.51686
4.17182 2.51228
4.28831 2.51776
4.40537 2.53376
4.52245 2.56063
4.64058 2.59942
4.75788 2.6503
4.87827 2.71637
4.99554 2.79415
5.12153 2.8914
5.23158 2.99287
5.34176 3.11984
5.43003 3.24593
5.5051 3.40419
5.54554 3.55146
5.56432 3.73263
5.55567 3.89004
5.51742 4.079
5.46209 4.24038
5.37256 4.43076
5.27482 4.58602
5.1494 4.73836
4.9981 4.87101
4.8534 4.96648
4.66073 5.05564
4.49626 5.10879
4.29255 5.14927
4.12149 5.15899
3.93962 5.14658
3.77037 5.10685
3.62192 5.04426
3.48531 4.95348
3.37392 4.84223
3.28539 4.71655
3.2146 4.57037
3.16768 4.42868
3.13332 4.26174
3.11714 4.11206
3.11089 3.93035
3.10733 3.77926
3.10456 3.59413
3.10229 3.44396
3.09785 3.24686
3.092 3.08632
3.08139 2.87321
3.07503 2.70415
3.07352 2.50692
3.07731 2.35499
3.08648 2.18206
3.09835 2.03895
3.11466 1.88865
3.13289 1.75371
3.154 1.61994
3.17631 1.49359
3.19944 1.3701
3.22195 1.25013
3.24258 1.13195
3.25978 1.01493
3.27208 0.898205
3.27823 0.781175
3.27738 0.663548
3.26914 0.544919
3.25356 0.425388
3.2307 0.304236
3.20077 0.182166
3.16286 0.0575159
3.11679 -0.0670561
3.05933 -0.195021
2.99173 -0.320562
2.9083 -0.445841
2.808 -0.549559
2.68684 -0.634288
2.55253 -0.69277
2.4079 -0.725666
2.25227 -0.731539
2.10525 -0.713359
1.94459 -0.667866
1.80973 -0.610287
1.66119 -0.52467
1.5442 -0.436925
1.42592 -0.322323
1.33102 -0.208792
1.25816 -0.0806439
1.20324 0.0573523
1.16847 0.197935
1.15207 0.340172
1.15308 0.482928
1.16983 0.624457
1.18967 0.766086
1.20924 0.901856
1.22857 1.03501
1.24802 1.16622
1.26836 1.29831
1.29021 1.43204
1.31436 1.56846
1.34197 1.70945
1.37292 1.85075
1.40998 2.00004
1.44978 2.14218
1.4989 2.29686
1.54852 2.43573
1.61122 2.59049
1.6724 2.72399
1.7506 2.87377
1.82561 3.00008
1.92226 3.14215
2.01334 3.25919
2.13397 3.39341
2.24611 3.50164
2.39502 3.62652
2.53539 3.72675
2.69261 3.82329
2.86967 3.91162
3.03746 3.98075
3.24448 4.04867
3.4408 4.10536
3.63255 4.15529
3.85466 4.20463
4.04852 4.24667
4.28996 4.29459
4.48555 4.33139
4.7112 4.3715
4.88595 4.39487
5.09734 4.41284
5.269 4.41687
5.4818 4.40534
5.65314 4.37877
5.85412 4.32214
6.01519 4.25818
6.20201 4.15972
6.35002 4.06474
6.52037 3.9308
6.65207 3.81082
6.80228 3.64761
6.91384 3.50853
7.03843 3.32604
7.12845 3.17434
7.22719 2.97912
7.29698 2.81942
7.37237 2.61777
7.42387 2.4562
7.47911 2.25478
7.51509 2.09677
7.55262 1.9032
7.57641 1.75084
7.59873 1.56871
7.61161 1.4199
7.62026 1.25052
7.62191 1.10442
7.61707 0.94573
7.60593 0.802559
7.58649 0.651664
7.56053 0.511973
7.52449 0.366774
7.48165 0.231416
7.42658 0.0906809
7.36549 -0.0391109
7.28937 -0.176177
7.21087 -0.299107
7.11489 -0.432252
7.02244 -0.547853
6.91206 -0.67282
6.80738 -0.779121
6.68823 -0.88575
6.57171 -0.973913
6.44704 -1.0494
6.32217 -1.10274
6.19563 -1.13082
6.07312 -1.12782
5.96072 -1.091
5.86588 -1.02237
5.79249 -0.928125
5.74037 -0.816141
5.70573 -0.690341
5.685 -0.557377
5.67347 -0.41148
5.66864 -0.266902
5.66739 -0.0991404
5.6683 0.053499
5.67043 0.24849
5.67197 0.412616
5.6743 0.620573
5.67406 0.79185
5.67087 0.992326
5.66289 1.15701
5.64554 1.34343
5.62188 1.49877
5.58419 1.66677
5.5384 1.81297
5.47534 1.96313
5.41587 2.10465
5.35877 2.24661
5.30286 2.38667
5.24699 2.52377
5.18712 2.6648
5.12611 2.80157
5.06008 2.9459
5.00364 3.07984
4.95426 3.21175
4.91661 3.33654
4.89322 3.45686
4.88974 3.56942
4.91353 3.66926
4.9727 3.74153
5.06191 3.7606
5.15413 3.71871
5.23374 3.63357
5.30263 3.51541
5.36046 3.37974
5.41711 3.2112
5.46081 3.04821
5.49491 2.84435
5.51498 2.6612
5.52711 2.43089
5.52574 2.24564
5.50896 2.02997
5.47565 1.85064
5.43731 1.66428
5.39165 1.4835
5.34525 1.32972
5.28314 1.16017
5.22293 1.02247
5.14249 0.865975
5.06568 0.736945
4.9645 0.588882
4.86978 0.467578
4.74478 0.327838
4.62884 0.215257
4.48452 0.0936545
4.33895 -0.00898584
4.18719 -0.0992408
4.00853 -0.183066
3.85014 -0.24171
3.64652 -0.298267
3.47424 -0.333635
3.26295 -0.36073
3.09463 -0.366425
2.89283 -0.352112
2.73742 -0.329239
2.55852 -0.289276
2.41645 -0.244535
2.25497 -0.178304
2.12283 -0.111221
1.97032 -0.0198821
1.84528 0.0654009
1.69483 0.178732
1.57209 0.278474
1.42011 0.409781
1.29223 0.524174
1.13474 0.674366
1.0107 0.807233
0.875057 0.983525
0.769945 1.14105
0.656834 1.34143
0.57203 1.52368
0.498497 1.71257
0.436053 1.92237
0.398185 2.0936
0.367463 2.30134
0.355012 2.46719
0.355272 2.67686
0.366049 2.84398
0.394266 3.05317
0.426277 3.21896
0.47871 3.42455
0.528534 3.58697
0.597424 3.78182
0.658361 3.9318
0.738642 4.10249
0.814119 4.23644
0.907869 4.37134
1.00469 4.47755
1.11617 4.56556
1.23376 4.62345
1.35769 4.64969
1.47975 4.64077
1.59447 4.59841
1.69698 4.52866
1.78811 4.43817
1.86946 4.3347
1.94672 4.22036
2.02062 4.10255
2.09835 3.97656
2.17608 3.85293
2.26312 3.71995
2.35163 3.59136
2.4518 3.46113
2.55009 3.34077
2.65271 3.22465
2.75975 3.1162
2.8709 3.01814
2.99159 2.92868
3.11741 2.85158
3.24245 2.78388
3.36214 2.72427
3.48007 2.67095
3.59568 2.62487
3.71067 2.58593
3.82537 2.55469
3.94044 2.53165
4.05607 2.5175
4.17232 2.5129
4.28914 2.51843
4.40631 2.53456
4.52405 2.56184
4.6418 2.60084
4.76085 2.65309
4.87899 2.71831
5.00119 2.79994
5.12124 2.89217
5.24001 3.00319
5.34062 3.119
5.43849 3.26093
5.50502 3.40112
5.5508 3.57112
5.56592 3.72696
5.55476 3.91248
5.52105 4.07319
5.45561 4.26195
5.37912 4.42437
5.26997 4.599
5.14552 4.7443
5.00891 4.8674
4.83509 4.97959
4.6802 5.05245
4.47858 5.11802
4.3117 5.15022
4.11668 5.16386
3.94479 5.15051
3.77746 5.11283
3.62284 5.04792
3.49039 4.96006
3.37728 4.84971
3.28592 4.72011
3.21831 4.58347
3.16662 4.42768
3.13545 4.27902
3.11635 4.10614
3.11108 3.94936
3.10635 3.76777
3.10386 3.61467
3.10062 3.42514
3.09681 3.26869
3.08932 3.06396
3.07972 2.89566
3.07218 2.68812
3.07115 2.5272
3.0754 2.34355
3.08359 2.19326
3.09659 2.03386
3.11207 1.89262
3.13102 1.75182
3.15181 1.62025
3.1744 1.49205
3.19748 1.36866
3.22007 1.24795
3.24071 1.12941
3.25792 1.01191
3.27022 0.894748
3.27637 0.777331
3.27553 0.659249
3.26732 0.540332
3.25169 0.420243
3.22883 0.299036
3.19857 0.176046
3.16066 0.0520127
3.11354 -0.0743308
3.05664 -0.200436
2.98719 -0.328447
2.90465 -0.451026
2.80186 -0.556655
2.68252 -0.639281
2.54755 -0.698051
2.40085 -0.730385
2.2519 -0.736462
2.09378 -0.716162
1.94946 -0.675949
1.79628 -0.610493
1.66685 -0.53581
1.53437 -0.436691
1.42776 -0.332723
1.32985 -0.216806
1.25405 -0.0852657
1.19951 0.0507804
1.16388 0.191959
1.147 0.33459
1.14757 0.477511
1.16414 0.61948
1.18394 0.761941
1.20357 0.899033
1.22297 1.03265
1.24261 1.16512
1.26304 1.29774
1.28503 1.43212
1.30942 1.56955
1.3368 1.70915
1.36864 1.85383
1.40418 1.9972
1.4465 2.14782
1.49178 2.29086
1.54646 2.44349
1.60276 2.58277
1.67158 2.73271
1.74096 2.86589
1.82642 3.00955
1.91118 3.13443
2.01754 3.27058
2.12104 3.38584
2.25432 3.5142
2.38569 3.62331
2.5384 3.73361
2.69711 3.82929
2.85966 3.91158
3.05297 3.99067
3.23832 4.05076
3.43839 4.10948
3.64982 4.16352
3.83883 4.20724
4.06881 4.25469
4.26816 4.29531
4.50339 4.34109
4.68939 4.3721
4.90647 4.40221
5.07899 4.41646
5.29056 4.42017
5.46786 4.4115
5.67493 4.37776
5.84291 4.33094
6.03634 4.25284
6.19202 4.17161
6.36975 4.05543
6.51053 3.94622
6.66986 3.7982
6.79254 3.66699
6.92982 3.49369
7.03133 3.34667
7.14261 3.15774
7.22295 3.00052
7.3097 2.8017
7.37058 2.63951
7.43561 2.43782
7.4795 2.27659
7.52525 2.08023
7.55557 1.92307
7.58493 1.73718
7.60368 1.58328
7.61883 1.41022
7.6264 1.25932
7.62829 1.09769
7.62364 0.950179
7.61173 0.797131
7.59307 0.653377
7.5657 0.506573
7.53093 0.366981
7.48586 0.225091
7.43308 0.0904082
7.36811 -0.0472013
7.29676 -0.175848
7.21158 -0.309218
7.12404 -0.430909
7.02221 -0.558279
6.92182 -0.671783
6.80853 -0.78679
6.6966 -0.88656
6.57554 -0.978269
6.45378 -1.05172
6.32759 -1.10581
6.20158 -1.13385
6.07874 -1.13119
5.96616 -1.09474
5.87092 -1.0263
5.7973 -0.932324
5.74472 -0.819738
5.71012 -0.69496
5.6889 -0.558916
5.67762 -0.418011
5.6725 -0.262778
5.67148 -0.111144
5.67265 0.0681462
5.67463 0.22849
5.67705 0.429739
5.67845 0.599159
5.67887 0.802076
5.67592 0.971104
5.6667 1.16367
5.65171 1.32582
5.62521 1.5018
5.59084 1.65523
5.54172 1.81285
5.48142 1.95699
5.4201 2.10317
5.36286 2.24414
5.30696 2.38399
5.24989 2.52403
5.19152 2.66179
5.12861 2.80338
5.06421 2.94394
5.00627 3.08143
4.95763 3.21165
4.91959 3.33787
4.89636 3.45797
4.89296 3.57092
4.91701 3.67072
4.97667 3.74265
5.06635 3.76071
5.15844 3.71801
5.23888 3.6309
5.30653 3.51515
5.36777 3.37066
5.42053 3.21577
5.4695 3.02942
5.49906 2.85609
5.5208 2.64018
5.53061 2.45242
5.52923 2.22845
5.51325 2.04813
5.47745 1.84468
5.43861 1.66354
5.39589 1.4924
5.34285 1.31824
5.28861 1.16983
5.21841 1.00918
5.14826 0.872672
5.05881 0.72259
4.97124 0.594561
4.85961 0.452112
4.75283 0.333011
4.61899 0.202888
4.48788 0.0936568
4.33933 -0.0124152
4.17731 -0.106959
4.02149 -0.181306
3.83061 -0.251437
3.66511 -0.298304
3.4559 -0.341117
3.28468 -0.362634
3.0794 -0.370222
2.91222 -0.357625
2.72299 -0.33026
2.57096 -0.296035
2.40345 -0.243576
2.26292 -0.185914
2.10877 -0.107878
1.97738 -0.0292884
1.82843 0.0721405
1.70267 0.166781
1.55282 0.288532
1.42737 0.396619
1.27392 0.536037
1.14123 0.660333
0.994222 0.821521
0.879351 0.968432
0.755439 1.15734
0.659647 1.32706
0.565761 1.52466
0.491071 1.72199
0.43651 1.90056
0.389488 2.11188
0.364477 2.28015
0.349508 2.48829
0.348905 2.65661
0.363228 2.86561
0.385 3.03348
0.425603 3.24077
0.46702 3.40613
0.528109 3.60726
0.583985 3.76464
0.65745 3.94654
0.725894 4.09138
0.81137 4.24363
0.898071 4.36769
0.999705 4.48015
1.10831 4.56596
1.22736 4.6254
1.35051 4.65193
1.47307 4.64362
1.58775 4.60193
1.69091 4.53248
1.78201 4.44289
1.86446 4.33882
1.94097 4.22628
2.01677 4.10595
2.0923 3.98366
2.17332 3.85489
2.25661 3.7274
2.34857 3.59276
2.44603 3.46703
2.54665 3.34368
2.64882 3.22828
2.75541 3.12025
2.86848 3.02072
2.98729 2.9325
3.11567 2.85333
3.23955 2.78674
3.36075 2.72616
3.47855 2.67274
3.59483 2.6262
3.71005 2.58702
3.82512 2.55555
3.94045 2.53237
4.05633 2.51813
4.17284 2.51351
4.28988 2.5191
4.40741 2.5354
4.52526 2.56294
4.64376 2.6026
4.76226 2.65504
4.88247 2.722
5.00213 2.80212
5.12721 2.89868
5.24012 3.00445
5.34793 3.12983
5.43851 3.2617
5.51129 3.41622
5.55184 3.56854
5.56795 3.74613
5.5572 3.90764
5.51723 4.09467
5.46016 4.25688
5.37236 4.44244
5.27272 4.59844
5.1476 4.7476
4.9976 4.87835
4.85046 4.9752
4.66154 5.06374
4.4995 5.11665
4.2996 5.15642
4.12864 5.16719
3.94604 5.15494
3.78062 5.11694
3.62829 5.05379
3.49304 4.96526
3.3798 4.85519
3.28924 4.72915
3.21826 4.58621
3.16912 4.44064
3.13478 4.27757
3.11729 4.1218
3.11058 3.9432
3.10605 3.78499
3.10263 3.60186
3.09974 3.44436
3.09462 3.24867
3.0882 3.08557
3.07697 2.87816
3.0703 2.7097
3.06893 2.5149
3.07281 2.35679
3.08177 2.18749
3.09402 2.03926
3.11021 1.89065
3.1288 1.75302
3.14993 1.6191
3.17244 1.49126
3.19564 1.36699
3.21823 1.24598
3.2389 1.12692
3.25611 1.00901
3.26842 0.891426
3.27458 0.773595
3.27375 0.65515
3.26553 0.53581
3.2499 0.415438
3.22692 0.293707
3.19656 0.170663
3.15818 0.0458117
3.11095 -0.080003
3.05304 -0.20741
2.98404 -0.33452
2.89995 -0.457799
2.79764 -0.561988
2.67725 -0.644927
2.54219 -0.703001
2.39756 -0.734931
2.24415 -0.7405
2.09436 -0.721696
1.93938 -0.678319
1.79932 -0.618761
1.65755 -0.536996
1.53625 -0.445877
1.42189 -0.334888
1.32587 -0.22076
1.25131 -0.0918775
1.19552 0.0454187
1.15956 0.18609
1.14215 0.329094
1.14228 0.472226
1.15826 0.614966
1.17821 0.758143
1.19806 0.895954
1.2176 1.03065
1.23734 1.16381
1.25792 1.29724
1.28005 1.43234
1.30449 1.5697
1.33222 1.71068
1.3636 1.85315
1.40015 2.00019
1.4408 2.14511
1.48849 2.29543
1.53981 2.43896
1.60034 2.58849
1.66403 2.72746
1.73961 2.87237
1.81793 3.00427
1.91187 3.14231
2.00773 3.2652
2.12547 3.39584
2.24434 3.51001
2.39076 3.63189
2.53588 3.73561
2.69388 3.83193
2.87 3.91997
3.04363 3.99144
3.24606 4.0576
3.44457 4.11506
3.63787 4.1654
3.85826 4.21549
4.05172 4.25736
4.28717 4.30449
4.48228 4.34133
4.70668 4.38032
4.88546 4.40428
5.09948 4.42154
5.27585 4.42458
5.48894 4.41275
5.66368 4.38459
5.86382 4.32807
6.02703 4.26231
6.21199 4.16476
6.36117 4.06777
6.5289 3.93583
6.66146 3.81384
6.80897 3.65374
6.92198 3.5128
7.04603 3.33152
7.13735 3.17807
7.23601 2.98393
7.30695 2.82263
7.38254 2.62211
7.4351 2.45892
7.48979 2.2608
7.52732 2.09944
7.56417 1.9103
7.58918 1.75147
7.61094 1.57462
7.62446 1.41889
7.63284 1.25381
7.63448 1.10194
7.62958 0.946138
7.61796 0.798522
7.59857 0.649527
7.57173 0.506239
7.53581 0.362523
7.49165 0.223833
7.43698 0.0847544
7.37401 -0.0486013
7.29936 -0.183054
7.21838 -0.310088
7.12561 -0.439133
7.03 -0.558796
6.92358 -0.679084
6.81613 -0.787917
6.69993 -0.891443
6.58216 -0.980372
6.45868 -1.05492
6.33349 -1.1085
6.20705 -1.13684
6.08424 -1.13444
5.97136 -1.0983
5.87585 -1.03013
5.80185 -0.936116
5.74911 -0.823757
5.71413 -0.697972
5.69297 -0.563388
5.68137 -0.418235
5.67644 -0.269724
5.67542 -0.104429
5.67666 0.0546691
5.67907 0.24292
5.68137 0.40966
5.68326 0.610936
5.68354 0.781489
5.68006 0.978291
5.67205 1.14603
5.65527 1.32892
5.63116 1.48941
5.5944 1.65509
5.54756 1.80559
5.48579 1.95577
5.42479 2.09941
5.36679 2.24211
5.31044 2.38261
5.2537 2.52182
5.19435 2.66212
5.13245 2.80174
5.06683 2.94487
5.00963 3.08096
4.9605 3.21267
4.92265 3.33859
4.89938 3.45924
4.89609 3.57225
4.9204 3.6721
4.98055 3.74366
5.0706 3.76078
5.16295 3.71688
5.24304 3.62966
5.31218 3.51053
5.37161 3.37139
5.42861 3.20341
5.47269 3.03734
5.50642 2.8363
5.52513 2.65528
5.53571 2.43283
5.53332 2.24916
5.51466 2.03498
5.48089 1.8534
5.44101 1.66498
5.39583 1.48725
5.34685 1.32567
5.28617 1.16004
5.22273 1.01472
5.14404 0.861586
5.06348 0.726423
4.96444 0.582019
4.86543 0.455787
4.74414 0.320735
4.62398 0.204502
4.48322 0.0866507
4.33656 -0.0166722
4.18334 -0.107229
4.00739 -0.190097
3.84552 -0.250559
3.64586 -0.306969
3.477 -0.34189
3.26965 -0.368053
3.09941 -0.374168
2.89893 -0.360197
2.73631 -0.335967
2.56031 -0.296627
2.41062 -0.249619
2.25243 -0.184964
2.11356 -0.114757
1.9647 -0.0258559
1.83366 0.0632283
1.68666 0.173754
1.55934 0.277129
1.40895 0.406944
1.27974 0.523966
1.12424 0.672864
0.998752 0.808606
0.864292 0.983226
0.758525 1.14287
0.648263 1.33867
0.563126 1.52138
0.489566 1.71039
0.427806 1.91628
0.388614 2.09079
0.357353 2.29983
0.344933 2.46942
0.344638 2.67728
0.355784 2.8472
0.383205 3.05452
0.415499 3.22283
0.466521 3.42723
0.515941 3.59002
0.582778 3.7804
0.645181 3.93418
0.723378 4.10018
0.801385 4.23832
0.893552 4.3709
0.991871 4.4795
1.10234 4.56756
1.22036 4.62686
1.34396 4.65414
1.4664 4.64639
1.58145 4.60522
1.6848 4.53638
1.77653 4.44696
1.85899 4.34368
1.93643 4.23043
2.01154 4.11161
2.08861 3.98709
2.16787 3.86106
2.2534 3.72993
2.34316 3.59865
2.44273 3.46968
2.54215 3.348
2.6451 3.23171
2.75212 3.1234
2.86472 3.02431
2.98516 2.93514
3.11262 2.85688
3.23786 2.78885
3.35883 2.72828
3.47735 2.67436
3.59386 2.62756
3.7095 2.58808
3.82484 2.5564
3.94045 2.53307
4.05658 2.51875
4.17333 2.51412
4.29064 2.51977
4.40841 2.53623
4.52666 2.56411
4.64522 2.60415
4.76457 2.65748
4.88408 2.72444
5.00607 2.80652
5.12873 2.90106
5.24576 3.0118
5.34886 3.13195
5.44429 3.27265
5.51238 3.41712
5.55569 3.58329
5.56959 3.74433
5.55638 3.92608
5.52041 4.09054
5.45483 4.27641
5.37696 4.43956
5.26931 4.6087
5.1442 4.75357
5.00585 4.87647
4.83547 4.98679
4.67892 5.06109
4.48391 5.12511
4.31554 5.15791
4.12376 5.17153
3.953 5.15917
3.78394 5.12149
3.63145 5.05838
3.49666 4.97081
3.38282 4.86169
3.29054 4.734
3.22079 4.59564
3.16901 4.44294
3.13619 4.28958
3.11688 4.12012
3.11068 3.95666
3.10522 3.77805
3.10197 3.61719
3.09816 3.43039
3.09367 3.26734
3.08556 3.06731
3.0753 2.89865
3.06774 2.69566
3.06672 2.53016
3.07089 2.35022
3.07931 2.19441
3.09216 2.03714
3.10799 1.89274
3.12693 1.75218
3.14796 1.61894
3.17062 1.49008
3.19382 1.36558
3.21646 1.24401
3.23714 1.12456
3.25436 1.00621
3.26666 0.888223
3.27283 0.770007
3.27201 0.651176
3.2638 0.53149
3.24814 0.410719
3.22509 0.288713
3.19452 0.165194
3.15591 0.0402867
3.10813 -0.0861614
3.05009 -0.213256
2.98059 -0.34087
2.89583 -0.463506
2.79289 -0.567729
2.67253 -0.65004
2.53779 -0.70774
2.3918 -0.739415
2.24181 -0.744958
2.08718 -0.725267
1.93948 -0.684247
1.79171 -0.621433
1.65823 -0.544414
1.53041 -0.448483
1.42118 -0.34223
1.32373 -0.226926
1.24781 -0.09675
1.19197 0.0395604
1.15534 0.180734
1.13749 0.323724
1.13718 0.467436
1.15281 0.610539
1.17293 0.754462
1.19276 0.89313
1.21241 1.02858
1.23228 1.16258
1.25298 1.29672
1.27522 1.43227
1.29983 1.57037
1.32752 1.71082
1.35928 1.85471
1.39527 1.99945
1.43687 2.14756
1.48307 2.29336
1.53638 2.44227
1.59431 2.58554
1.66125 2.73149
1.73298 2.86919
1.81629 3.00928
1.90453 3.13909
2.00853 3.272
2.11743 3.39279
2.24804 3.51796
2.38553 3.63166
2.53688 3.7405
2.69736 3.83732
2.86382 3.9212
3.05295 3.99883
3.2439 4.06076
3.44194 4.11872
3.65231 4.17297
3.84413 4.21772
4.07047 4.26541
4.2668 4.30578
4.49846 4.34997
4.68631 4.38146
4.90422 4.4107
5.08296 4.42481
5.29597 4.42797
5.4772 4.41811
5.68407 4.38406
5.85475 4.33556
6.04694 4.25784
6.20424 4.17467
6.37991 4.05968
6.52161 3.9484
6.67852 3.80264
6.80202 3.66932
6.93716 3.49916
7.04003 3.35001
7.15083 3.16275
7.23243 3.00342
7.31914 2.80626
7.38114 2.64232
7.44552 2.44387
7.49101 2.27911
7.53594 2.08756
7.56773 1.92414
7.5964 1.7437
7.61607 1.58316
7.63086 1.41435
7.63867 1.25804
7.64043 1.09898
7.63555 0.947507
7.62358 0.795827
7.60436 0.649092
7.57692 0.503073
7.54129 0.360947
7.4962 0.21978
7.44218 0.0825683
7.37769 -0.0537854
7.30473 -0.185289
7.22126 -0.316288
7.13167 -0.441105
7.03266 -0.565068
6.93001 -0.681015
6.81946 -0.792891
6.70606 -0.893677
6.58664 -0.983803
6.46439 -1.05744
6.33868 -1.11131
6.21249 -1.13969
6.08947 -1.13756
5.97642 -1.10172
5.88058 -1.03375
5.80632 -0.939865
5.75325 -0.827238
5.71816 -0.701716
5.69672 -0.565645
5.6852 -0.422583
5.68014 -0.268355
5.67925 -0.112054
5.6807 0.0625708
5.68309 0.228571
5.68582 0.421163
5.6877 0.592217
5.68783 0.789568
5.68484 0.961145
5.67581 1.14935
5.66052 1.31619
5.63479 1.48915
5.59978 1.64698
5.55124 1.80374
5.491 1.95123
5.42891 2.09752
5.3707 2.23964
5.31402 2.38072
5.25685 2.52098
5.19783 2.66069
5.13536 2.80196
5.0701 2.94422
5.01245 3.08156
4.96351 3.21301
4.92554 3.33955
4.90233 3.4603
4.89914 3.57353
4.92371 3.67338
4.98433 3.74457
5.07479 3.76073
5.16712 3.71594
5.24769 3.6273
5.31626 3.50923
5.37792 3.36442
5.43275 3.2064
5.48024 3.0225
5.51009 2.84686
5.5312 2.6358
5.53979 2.45245
5.5363 2.2331
5.51882 2.04996
5.48248 1.84764
5.44298 1.66676
5.39846 1.49092
5.34626 1.31998
5.28934 1.16435
5.22053 1.00676
5.1472 0.863994
5.0595 0.717015
4.96807 0.583751
4.85936 0.445467
4.74817 0.321904
4.61824 0.196169
4.48412 0.0846989
4.3368 -0.0197684
4.176 -0.113657
4.01667 -0.189641
3.82993 -0.259079
3.66273 -0.307043
3.46044 -0.348732
3.28909 -0.370448
3.08661 -0.377672
2.91342 -0.364915
2.72709 -0.337668
2.56767 -0.301719
2.40287 -0.25023
2.25586 -0.190158
2.10464 -0.113882
1.96735 -0.0320558
1.82189 0.0667452
1.69051 0.165379
1.544 0.284339
1.4142 0.396359
1.26236 0.534648
1.12868 0.66155
0.983006 0.821585
0.867235 0.970959
0.744351 1.15755
0.649213 1.32812
0.557413 1.52212
0.48316 1.71705
0.427297 1.89947
0.380768 2.1071
0.354725 2.28089
0.339287 2.48829
0.338968 2.66048
0.352558 2.8669
0.375004 3.03817
0.414211 3.24301
0.455823 3.41052
0.51469 3.60653
0.571263 3.76753
0.642728 3.9442
0.713454 4.09362
0.797203 4.2424
0.885687 4.36922
0.986313 4.481
1.09551 4.56827
1.21408 4.62849
1.33742 4.65621
1.46007 4.64904
1.57528 4.60843
1.67904 4.54002
1.77103 4.45111
1.85405 4.34787
1.9315 4.23524
2.00734 4.11572
2.08385 3.99228
2.16419 3.86454
2.24851 3.7351
2.33939 3.60166
2.43809 3.47419
2.53862 3.35118
2.64135 3.23524
2.74862 3.12674
2.86184 3.02725
2.98191 2.93821
3.11051 2.85886
3.23555 2.79132
3.35729 2.73017
3.47602 2.67601
3.59298 2.62886
3.70891 2.58913
3.82457 2.55724
3.94044 2.53377
4.05682 2.51937
4.17381 2.51472
4.29137 2.52043
4.40943 2.53707
4.52791 2.56525
4.64691 2.60582
4.76627 2.65957
4.88673 2.72754
5.00801 2.80934
5.13294 2.90593
5.24752 3.01486
5.35367 3.13975
5.44551 3.27533
5.51671 3.4279
5.55722 3.58475
5.57112 3.75852
5.55833 3.92491
5.51755 4.10776
5.45838 4.27343
5.37239 4.45358
5.27053 4.61062
5.1457 4.75683
4.99758 4.8855
4.84734 4.98418
4.66465 5.07077
4.49941 5.12496
4.30645 5.16343
4.13387 5.17491
3.95293 5.16297
3.78861 5.12597
3.63482 5.06311
3.49983 4.97608
3.38522 4.86704
3.29308 4.74112
3.22155 4.60015
3.17065 4.45196
3.13612 4.29153
3.11747 4.1306
3.11036 3.9548
3.1049 3.78971
3.10088 3.60958
3.09729 3.44441
3.09168 3.25368
3.08449 3.08497
3.07278 2.88476
3.06595 2.71161
3.06462 2.52226
3.06861 2.35876
3.07746 2.19202
3.08996 2.04018
3.10613 1.89214
3.12496 1.75266
3.14615 1.61822
3.16881 1.48921
3.19208 1.36412
3.21474 1.24217
3.23544 1.12227
3.25266 1.00352
3.26497 0.885142
3.27114 0.766548
3.27033 0.647356
3.26211 0.527307
3.24643 0.406204
3.22329 0.283826
3.19255 0.160048
3.15362 0.0347492
3.10554 -0.0917712
3.04703 -0.219245
2.97738 -0.346972
2.89194 -0.469205
2.78853 -0.573051
2.66803 -0.655011
2.53291 -0.712404
2.38804 -0.743687
2.23635 -0.748987
2.08505 -0.729861
1.93362 -0.687794
1.79075 -0.627207
1.653 -0.547748
1.52934 -0.454795
1.41733 -0.346051
1.32062 -0.231476
1.24493 -0.102297
1.18837 0.034445
1.15135 0.175377
1.13302 0.318746
1.13228 0.462618
1.14752 0.60611
1.16761 0.750991
1.18765 0.890337
1.20742 1.0266
1.2274 1.16135
1.24821 1.29613
1.27058 1.4323
1.29527 1.57058
1.32314 1.71166
1.35479 1.85486
1.39112 2.00078
1.43219 2.14701
1.47916 2.29514
1.53133 2.44099
1.59073 2.58779
1.65586 2.72988
1.73001 2.87211
1.81056 3.00767
1.9029 3.14325
2.00246 3.2705
2.11827 3.39858
2.24258 3.51739
2.38741 3.63712
2.53602 3.74344
2.69526 3.84005
2.86968 3.92744
3.04895 4.00119
3.24739 4.0659
3.4482 4.12423
3.64303 4.17511
3.86195 4.22614
4.05506 4.2678
4.28461 4.31421
4.47878 4.35093
4.70201 4.38869
4.88644 4.4129
5.1012 4.42954
5.28316 4.43184
5.49615 4.41964
5.67484 4.38993
5.87329 4.33347
6.03963 4.26579
6.2223 4.16909
6.37346 4.06982
6.53885 3.93948
6.67242 3.81524
6.81783 3.65757
6.93162 3.51444
7.0541 3.33622
7.14676 3.17997
7.24484 2.98848
7.31706 2.82458
7.39164 2.62822
7.44597 2.46094
7.49959 2.26818
7.53886 2.10067
7.57486 1.91718
7.60104 1.75201
7.62234 1.57943
7.63634 1.41863
7.64453 1.25595
7.64615 1.10049
7.64115 0.945707
7.6292 0.795548
7.60966 0.646864
7.58225 0.50158
7.54613 0.357963
7.50115 0.217449
7.44641 0.0786877
7.3824 -0.0565741
7.30836 -0.190024
7.22618 -0.319154
7.13502 -0.446268
7.03799 -0.567811
6.93358 -0.685703
6.82492 -0.795518
6.7103 -0.897272
6.592 -0.986369
6.46928 -1.06025
6.34395 -1.11393
6.21761 -1.14247
6.09455 -1.14056
5.98127 -1.10499
5.88517 -1.03723
5.81059 -0.943371
5.7573 -0.830761
5.72197 -0.704742
5.70047 -0.569058
5.68878 -0.423911
5.68381 -0.272683
5.68296 -0.109549
5.68447 0.0542704
5.68718 0.23565
5.68989 0.407266
5.69199 0.599853
5.69221 0.774071
5.68877 0.964797
5.6805 1.13681
5.66419 1.31589
5.63969 1.4806
5.60353 1.64476
5.55608 1.79852
5.49528 1.94916
5.43312 2.09442
5.37436 2.23775
5.31743 2.37904
5.26012 2.51955
5.20082 2.66016
5.13854 2.80127
5.07287 2.94431
5.01538 3.08159
4.9663 3.21363
4.92837 3.3403
4.90518 3.46135
4.90211 3.57471
4.92693 3.67457
4.98802 3.74539
5.07882 3.76062
5.17131 3.71477
5.25177 3.6257
5.32126 3.50547
5.38202 3.36394
5.43979 3.19738
5.4838 3.02772
5.51683 2.83091
5.53517 2.64938
5.54429 2.43463
5.54052 2.25006
5.52042 2.0394
5.48584 1.85522
5.44469 1.66593
5.39944 1.48962
5.34852 1.32266
5.28867 1.15939
5.22273 1.00826
5.14523 0.857371
5.06163 0.717264
4.96448 0.575891
4.86175 0.445325
4.74359 0.314174
4.61984 0.194825
4.48163 0.0797534
4.33414 -0.024012
4.17958 -0.114895
4.00697 -0.196595
3.84114 -0.259095
3.64859 -0.314321
3.47658 -0.350115
3.27648 -0.375309
3.10133 -0.381269
2.90468 -0.367699
2.7353 -0.342177
2.56178 -0.303284
2.40597 -0.254492
2.24978 -0.190882
2.10565 -0.118305
1.95931 -0.0312046
1.82306 0.0611552
1.67933 0.169028
1.54673 0.276604
1.39945 0.403897
1.26641 0.524971
1.1126 0.672928
0.986061 0.811202
0.852732 0.984295
0.746713 1.14553
0.639534 1.33674
0.554293 1.51982
0.480876 1.70918
0.420107 1.91047
0.379197 2.09051
0.348387 2.29656
0.3352 2.47264
0.334601 2.67747
0.346094 2.85244
0.372562 3.05599
0.405433 3.22842
0.454268 3.42668
0.5044 3.59406
0.568794 3.77833
0.633152 3.93693
0.709474 4.09854
0.789358 4.23988
0.880471 4.37087
0.979639 4.48103
1.08957 4.56945
1.20773 4.62989
1.33123 4.65821
1.45392 4.65158
1.56939 4.61149
1.67342 4.54356
1.76584 4.45498
1.84913 4.35211
1.92702 4.23944
2.00287 4.12032
2.07989 3.99628
2.15981 3.86918
2.24475 3.73863
2.33491 3.60606
2.43445 3.47745
2.5347 3.35489
2.63792 3.23846
2.74537 3.12989
2.85875 3.03031
2.97954 2.94091
3.10796 2.86188
3.23375 2.79343
3.35562 2.73211
3.47481 2.67757
3.59208 2.63015
3.70834 2.59016
3.82428 2.55807
3.94042 2.53445
4.05705 2.51997
4.17428 2.51531
4.29209 2.52109
4.4104 2.5379
4.5292 2.56641
4.64841 2.6074
4.76823 2.6618
4.88869 2.73013
5.01101 2.81294
5.13534 2.90911
5.25142 3.02035
5.35558 3.14336
5.44949 3.28312
5.51841 3.43136
5.55998 3.59518
5.57264 3.76052
5.55795 3.93831
5.51971 4.10726
5.45509 4.28752
5.37504 4.45417
5.26851 4.61838
5.14301 4.76254
5.00299 4.88547
4.83767 4.99295
4.67651 5.06993
4.4896 5.13168
4.31727 5.16562
4.13075 5.17886
3.95918 5.16706
3.7907 5.12989
3.63853 5.06781
3.5027 4.98098
3.38796 4.87282
3.29471 4.74637
3.22336 4.60723
3.17114 4.45616
3.13702 4.29965
3.11739 4.13221
3.11037 3.96347
3.10423 3.78727
3.10021 3.61952
3.0959 3.43673
3.09067 3.2665
3.08221 3.07377
3.07122 2.89844
3.06367 2.70302
3.0626 2.53184
3.06673 2.35581
3.07532 2.1961
3.08812 2.03975
3.10416 1.89326
3.12316 1.75235
3.14436 1.61789
3.1671 1.48825
3.19039 1.36279
3.21309 1.24038
3.23379 1.12008
3.25102 1.00094
3.26333 0.88218
3.2695 0.763222
3.26869 0.643677
3.26048 0.523287
3.24476 0.40184
3.22154 0.279148
3.19061 0.155039
3.15142 0.0295094
3.10297 -0.0972897
3.0442 -0.224875
2.97448 -0.352591
2.88804 -0.47466
2.78439 -0.578135
2.66359 -0.659817
2.52871 -0.716804
2.38337 -0.747875
2.23297 -0.753073
2.08033 -0.7337
1.93129 -0.692431
1.7863 -0.630996
1.65118 -0.553054
1.5257 -0.458751
1.41531 -0.351556
1.31812 -0.236552
1.24186 -0.107125
1.18502 0.0292728
1.14749 0.170419
1.12874 0.313872
1.12758 0.458138
1.14238 0.602474
1.16274 0.747517
1.18275 0.887711
1.20261 1.02468
1.22271 1.16013
1.24363 1.29556
1.2661 1.43219
1.29092 1.57093
1.31883 1.71201
1.35063 1.85566
1.38683 2.00096
1.42815 2.14801
1.47471 2.29488
1.52743 2.4422
1.58609 2.58722
1.65224 2.73147
1.72522 2.87152
1.80762 3.01004
1.89808 3.14286
2.00105 3.27416
2.11376 3.39864
2.24315 3.52203
2.38484 3.63871
2.53596 3.7471
2.69725 3.84452
2.86722 3.92994
3.05318 4.00645
3.24846 4.06987
3.44533 4.12745
3.65504 4.18208
3.84932 4.22795
4.07223 4.27593
4.26703 4.31592
4.49363 4.35862
4.68396 4.39042
4.90185 4.41847
5.0878 4.43254
5.29994 4.43503
5.4869 4.42425
5.69132 4.38997
5.86697 4.3396
6.05571 4.26275
6.21706 4.17699
6.38932 4.06369
6.53373 3.94953
6.68761 3.80616
6.81288 3.67003
6.9455 3.50304
7.05001 3.35078
7.15897 3.16725
7.24245 3.00427
7.32741 2.81222
7.39158 2.64332
7.45441 2.45114
7.50194 2.28025
7.5458 2.09457
7.57901 1.9251
7.60712 1.74899
7.62748 1.58372
7.64205 1.41723
7.65001 1.25767
7.65166 1.09942
7.64661 0.945715
7.63448 0.794052
7.61489 0.645662
7.5872 0.499366
7.551 0.355837
7.50562 0.214434
7.45088 0.0758891
7.38636 -0.0603375
7.31269 -0.193194
7.22987 -0.323431
7.13955 -0.449503
7.04175 -0.57207
6.93837 -0.688754
6.82904 -0.799148
6.71523 -0.90003
6.5966 -0.989265
6.47426 -1.06281
6.34884 -1.11653
6.22258 -1.14514
6.09941 -1.14344
5.98596 -1.10812
5.88958 -1.04054
5.81473 -0.946752
5.76119 -0.833998
5.72569 -0.707933
5.70402 -0.571504
5.69233 -0.42698
5.6873 -0.273195
5.68653 -0.114005
5.68821 0.0568586
5.69095 0.227228
5.69395 0.412042
5.69605 0.587945
5.69622 0.777373
5.69305 0.953327
5.68422 1.13658
5.66865 1.3073
5.6434 1.47812
5.608 1.63902
5.55986 1.79575
5.49981 1.94569
5.43702 2.09232
5.37799 2.2355
5.32069 2.37745
5.26319 2.51841
5.20385 2.65927
5.14142 2.80097
5.0757 2.94404
5.01811 3.08183
4.96905 3.21407
4.9311 3.34107
4.90795 3.46231
4.90498 3.57582
4.93005 3.67567
4.9916 3.74612
5.08277 3.76043
5.17527 3.71369
5.25603 3.62354
5.32532 3.50368
5.38754 3.35888
5.44418 3.19841
5.49024 3.01731
5.52046 2.83853
5.54077 2.63419
5.54822 2.44854
5.54328 2.23721
5.52425 2.05033
5.48735 1.85038
5.44691 1.66863
5.40108 1.49027
5.34902 1.32054
5.29029 1.16025
5.22209 1.00399
5.14655 0.856852
5.05984 0.711616
4.96566 0.574608
4.85884 0.43903
4.74457 0.312401
4.61704 0.189465
4.48096 0.0766447
4.33418 -0.0268778
4.17474 -0.120043
4.01247 -0.197485
3.83164 -0.265518
3.65965 -0.315432
3.46594 -0.355698
3.28907 -0.377956
3.09316 -0.38464
2.91359 -0.371655
2.73043 -0.344394
2.5653 -0.307086
2.40189 -0.256102
2.25022 -0.194381
2.10036 -0.119073
1.95878 -0.0349867
1.81549 0.0620678
1.67944 0.164026
1.53595 0.280491
1.40128 0.39687
1.25222 0.533018
1.11544 0.663724
0.971371 0.822616
0.854683 0.974293
0.735053 1.15638
0.638881 1.32953
0.54907 1.52049
0.47551 1.71299
0.418431 1.89947
0.37277 2.10185
0.345489 2.28304
0.33015 2.48609
0.329552 2.66533
0.342625 2.86688
0.365577 3.04427
0.40307 3.24251
0.445651 3.41595
0.501765 3.60473
0.559942 3.77111
0.629279 3.94248
0.701787 4.09548
0.78438 4.24184
0.873925 4.37036
0.974016 4.48193
1.08345 4.57026
1.20178 4.6313
1.3252 4.6601
1.44803 4.65401
1.56369 4.61443
1.66805 4.54694
1.7608 4.45874
1.84446 4.35608
1.92259 4.24364
1.99877 4.12441
2.07578 4.00057
2.156 3.87301
2.24065 3.74275
2.33118 3.60966
2.43049 3.4812
2.53121 3.35812
2.6345 3.24172
2.74224 3.13293
2.85594 3.03317
2.97681 2.94365
3.10583 2.86404
3.23174 2.79566
3.35412 2.73393
3.4736 2.67911
3.59121 2.6314
3.70777 2.59116
3.824 2.55887
3.94039 2.53512
4.05726 2.52057
4.17473 2.5159
4.29279 2.52175
4.41137 2.53874
4.53042 2.56755
4.64995 2.60899
4.76997 2.66388
4.89093 2.73289
5.01329 2.81594
5.13858 2.91309
5.2538 3.02411
5.35893 3.14922
5.45152 3.28702
5.52143 3.4391
5.56166 3.5992
5.5739 3.77048
5.55928 3.94073
5.51828 4.11895
5.45685 4.28877
5.37266 4.46373
5.2687 4.62198
5.14386 4.76593
4.99817 4.89223
4.84445 4.99292
4.66895 5.07674
4.49862 5.13307
4.31278 5.17019
4.13752 5.18226
3.95969 5.17062
3.79499 5.13416
3.64123 5.07202
3.50577 4.98595
3.39024 4.87789
3.29679 4.7523
3.22448 4.61233
3.17228 4.46277
3.13731 4.30343
3.11775 4.1391
3.11018 3.96466
3.10387 3.79444
3.09928 3.61683
3.09499 3.44522
3.089 3.25996
3.08099 3.08415
3.0691 2.89152
3.06193 2.7121
3.06065 2.52838
3.06472 2.36068
3.07351 2.19568
3.08618 2.04152
3.10238 1.89332
3.12137 1.75253
3.14266 1.61738
3.16543 1.4874
3.18877 1.36148
3.21148 1.23869
3.2322 1.11798
3.24943 0.998461
3.26174 0.879336
3.26792 0.760026
3.26712 0.640141
3.2589 0.519417
3.24315 0.397647
3.21983 0.274636
3.18873 0.150243
3.14927 0.0244442
3.10051 -0.102546
3.04146 -0.230287
2.97151 -0.358248
2.88455 -0.479797
2.78035 -0.583066
2.65946 -0.664372
2.5244 -0.7211
2.37949 -0.751886
2.22877 -0.756945
2.07715 -0.737728
1.92738 -0.696298
1.78377 -0.635521
1.64779 -0.557097
1.52346 -0.46362
1.41243 -0.35591
1.31543 -0.24108
1.23903 -0.111971
1.18175 0.0244802
1.14381 0.165601
1.12464 0.309279
1.12309 0.453891
1.13743 0.598595
1.15788 0.744449
1.17804 0.885109
1.198 1.02282
1.2182 1.15893
1.23922 1.29495
1.26181 1.43208
1.28671 1.57111
1.31472 1.71249
1.34654 1.85606
1.38284 2.00163
1.42405 2.14825
1.47077 2.29559
1.52324 2.44221
1.58226 2.58808
1.64798 2.73143
1.7217 2.87282
1.80345 3.01023
1.8954 3.14503
1.99725 3.27478
2.11263 3.40192
2.24035 3.52342
2.38483 3.64224
2.53566 3.7502
2.69643 3.84749
2.86976 3.93447
3.05286 4.00983
3.24915 4.07378
3.45138 4.13276
3.64783 4.18437
3.86319 4.23534
4.05893 4.27807
4.28267 4.32375
4.47674 4.36039
4.69743 4.39664
4.88836 4.42087
5.10134 4.43661
5.29082 4.43846
5.50095 4.42603
5.6859 4.39466
5.88055 4.33879
6.05214 4.26861
6.23058 4.17364
6.38604 4.07111
6.54712 3.94352
6.68415 3.81557
6.82558 3.66165
6.94231 3.51445
7.06142 3.34089
7.15691 3.17997
7.25224 2.99429
7.32723 2.82481
7.39967 2.63511
7.45638 2.46169
7.50862 2.27508
7.54953 2.10186
7.58485 1.92274
7.6119 1.75319
7.63297 1.58291
7.64726 1.41915
7.65536 1.25719
7.65694 1.09976
7.65181 0.944827
7.63961 0.793232
7.61984 0.644065
7.59202 0.497609
7.55557 0.353466
7.51004 0.211911
7.45501 0.0727993
7.39047 -0.0634124
7.3165 -0.196829
7.23394 -0.326784
7.14335 -0.453349
7.04602 -0.575379
6.94238 -0.692325
6.83352 -0.802139
6.71957 -0.903025
6.60125 -0.991889
6.4789 -1.06537
6.3536 -1.11902
6.22731 -1.14772
6.10408 -1.1462
5.99045 -1.11111
5.89382 -1.04371
5.81871 -0.949952
5.76495 -0.83714
5.72926 -0.710781
5.70749 -0.574293
5.6957 -0.428837
5.69071 -0.276012
5.68999 -0.114175
5.69174 0.0523008
5.6947 0.228832
5.69772 0.404377
5.69997 0.589692
5.7002 0.768187
5.6968 0.952937
5.68831 1.12852
5.67229 1.3047
5.64755 1.47216
5.61171 1.63579
5.56401 1.79176
5.50386 1.94326
5.44082 2.0897
5.38141 2.23365
5.32388 2.37583
5.26616 2.51724
5.2067 2.65854
5.14424 2.80051
5.07834 2.94388
5.02078 3.08195
4.97169 3.21452
4.93374 3.34175
4.91063 3.46321
4.90776 3.57685
4.93308 3.67669
4.99507 3.74678
5.08657 3.76019
5.17918 3.71249
5.25992 3.6218
5.3298 3.50067
5.39171 3.35753
5.45014 3.19245
5.49413 3.01967
5.52614 2.82816
5.54455 2.64269
5.55226 2.43682
5.54707 2.24747
5.52611 2.04311
5.49037 1.85583
5.44832 1.66719
5.40248 1.49062
5.35033 1.32078
5.29056 1.15796
5.22307 1.00326
5.14592 0.853
5.06042 0.709788
4.9641 0.569778
4.85914 0.43667
4.74248 0.30752
4.61675 0.186582
4.47967 0.0729443
4.33199 -0.030791
4.17631 -0.122063
4.0072 -0.202563
3.83754 -0.266962
3.65235 -0.320776
3.47482 -0.357926
3.2825 -0.382026
3.10128 -0.387966
2.90917 -0.374549
2.73458 -0.347958
2.56254 -0.309191
2.40254 -0.259204
2.24682 -0.195992
2.09922 -0.121959
1.95377 -0.0356946
1.81396 0.0588342
1.6721 0.165108
1.53527 0.276085
1.39077 0.401151
1.25336 0.526594
1.10242 0.671982
0.973035 0.814507
0.842579 0.984215
0.735181 1.1486
0.631294 1.33492
0.545724 1.51875
0.472498 1.70858
0.412793 1.90545
0.370369 2.09193
0.340202 2.29257
0.326218 2.47637
0.325385 2.67605
0.337094 2.85811
0.362382 3.0553
0.396108 3.23435
0.442624 3.42531
0.494029 3.59854
0.556081 3.77678
0.621972 3.93932
0.696973 4.09776
0.777979 4.24098
0.868559 4.37118
0.968128 4.48228
1.07779 4.5712
1.19596 4.6326
1.31943 4.66191
1.44235 4.65633
1.55823 4.61724
1.66288 4.55019
1.75597 4.46231
1.83995 4.35991
1.91839 4.24758
1.99474 4.12846
2.07195 4.00448
2.15215 3.87696
2.23694 3.74641
2.32737 3.61348
2.42693 3.48455
2.52771 3.36143
2.63129 3.24477
2.73925 3.13586
2.85319 3.03595
2.97447 2.94621
3.10358 2.86663
3.22997 2.79769
3.3526 2.73572
3.47244 2.6806
3.59036 2.63262
3.70722 2.59214
3.82371 2.55967
3.94036 2.53578
4.05747 2.52115
4.17517 2.51648
4.29347 2.5224
4.4123 2.53957
4.53162 2.56868
4.6514 2.61055
4.77174 2.66597
4.89293 2.73544
5.01583 2.8191
5.14118 2.91646
5.25678 3.02857
5.3612 3.1534
5.45451 3.29277
5.52338 3.44378
5.5637 3.60677
5.5752 3.77486
5.55941 3.9498
5.51929 4.12208
5.45541 4.29785
5.37359 4.46721
5.26773 4.62773
5.14219 4.77095
5.00068 4.89404
4.84003 4.99881
4.67475 5.07808
4.49467 5.13792
4.31866 5.17296
4.13695 5.18586
3.96411 5.17438
3.79711 5.13784
3.64456 5.07639
3.50834 4.99047
3.39266 4.88305
3.2985 4.75743
3.22592 4.61808
3.17302 4.46756
3.13794 4.30928
3.11785 4.14236
3.11013 3.97024
3.10334 3.79514
3.0986 3.62258
3.09381 3.44286
3.08789 3.26676
3.07916 3.07988
3.06753 2.89845
3.05997 2.70902
3.05879 2.53333
3.06292 2.36017
3.07163 2.198
3.08442 2.04188
3.1006 1.89399
3.11969 1.75245
3.14101 1.61701
3.16383 1.48656
3.1872 1.36026
3.20994 1.23705
3.23066 1.11597
3.2479 0.996085
3.26021 0.876608
3.26639 0.756959
3.26559 0.636745
3.25737 0.515701
3.24158 0.393617
3.21817 0.270306
3.1869 0.145631
3.14719 0.0195924
3.09815 -0.10759
3.03885 -0.235488
2.96892 -0.363424
2.88104 -0.484791
2.77658 -0.587715
2.65544 -0.668774
2.52044 -0.725191
2.37549 -0.755772
2.22519 -0.760727
2.07348 -0.741479
1.92438 -0.700294
1.78054 -0.63947
1.64524 -0.561449
1.5207 -0.467809
1.41004 -0.360514
1.31293 -0.245549
1.23625 -0.1165
1.17863 0.0198461
1.14029 0.161045
1.12072 0.304901
1.11877 0.449863
1.13271 0.595261
1.15338 0.741346
1.17352 0.882708
1.19357 1.02101
1.21387 1.15776
1.235 1.29434
1.25768 1.43191
1.28268 1.57129
1.31076 1.71284
1.34265 1.85657
1.37894 2.00204
1.4202 2.14878
1.46685 2.29587
1.51942 2.44275
1.57831 2.5883
1.6443 2.73218
1.71785 2.87322
1.80019 3.01151
1.8919 3.14586
1.99498 3.27694
2.10992 3.40337
2.23946 3.52634
2.38354 3.64456
2.53532 3.75324
2.69723 3.8511
2.86958 3.93764
3.05421 4.01375
3.25176 4.078
3.44877 4.13572
3.65653 4.19033
3.85432 4.23756
4.07211 4.28538
4.26924 4.32576
4.48926 4.36703
4.68465 4.39885
4.89914 4.42557
5.09278 4.43951
5.30196 4.44135
5.49617 4.42976
5.69696 4.39557
5.87844 4.34315
6.06307 4.26755
6.22929 4.17885
6.39707 4.06798
6.54567 3.95005
6.69499 3.81036
6.82396 3.66979
6.95239 3.50767
7.06027 3.35032
7.16577 3.17271
7.25236 3.00403
7.33472 2.81855
7.4015 2.64373
7.46266 2.45764
7.51201 2.28146
7.55506 2.10014
7.58928 1.9267
7.61713 1.75288
7.63791 1.58496
7.65241 1.41916
7.66044 1.25785
7.662 1.09939
7.65681 0.944412
7.6445 0.792168
7.62461 0.642735
7.59661 0.495776
7.55999 0.35134
7.51424 0.209355
7.45905 0.0700278
7.39431 -0.06655
7.32034 -0.20003
7.23767 -0.330263
7.14725 -0.456691
7.04988 -0.578833
6.94649 -0.695474
6.83763 -0.80521
6.72389 -0.90578
6.60561 -0.994502
6.48339 -1.06782
6.35812 -1.12143
6.23185 -1.15019
6.10855 -1.14885
5.99476 -1.11397
5.8979 -1.04672
5.82254 -0.953005
5.76856 -0.84009
5.73271 -0.713581
5.71081 -0.57669
5.69898 -0.431235
5.69397 -0.277466
5.69331 -0.116873
5.69518 0.0518647
5.69821 0.224421
5.70141 0.404346
5.70369 0.583312
5.70391 0.767186
5.70062 0.946125
5.6919 1.12584
5.67614 1.29888
5.65114 1.46866
5.61556 1.63142
5.56767 1.78872
5.50788 1.94041
5.44443 2.08756
5.38474 2.23166
5.32691 2.37436
5.26903 2.51612
5.20945 2.65779
5.14693 2.8001
5.0809 2.94365
5.02333 3.08208
4.97423 3.21492
4.93628 3.3424
4.91321 3.46405
4.91045 3.57781
4.93601 3.67764
4.99843 3.74735
5.09026 3.75988
5.1829 3.71134
5.26381 3.61984
5.33373 3.49867
5.3965 3.35396
5.45456 3.19179
5.49949 3.01346
5.52997 2.83138
5.5492 2.63425
5.55597 2.4437
5.54985 2.24033
5.52937 2.04901
5.49198 1.85273
5.4504 1.66934
5.40371 1.49024
5.35123 1.32011
5.29143 1.15731
5.22315 1.00085
5.14633 0.851183
5.05975 0.706191
4.96407 0.567159
4.85784 0.432539
4.74207 0.304528
4.61537 0.182764
4.4785 0.0695717
4.33167 -0.0336097
4.17364 -0.126045
4.00936 -0.204601
3.83337 -0.271485
3.65734 -0.323015
3.47045 -0.362147
3.28845 -0.384923
3.09797 -0.391122
2.91332 -0.3779
2.73262 -0.350423
2.56374 -0.312147
2.40046 -0.261229
2.24584 -0.198534
2.0959 -0.123472
1.95167 -0.0380894
1.80898 0.0582856
1.66987 0.162382
1.52804 0.277463
1.38954 0.397314
1.2433 0.531161
1.1025 0.666188
0.962074 0.821827
0.842426 0.977839
0.726544 1.15504
0.629122 1.33093
0.541068 1.51922
0.468073 1.70996
0.410113 1.89987
0.36537 2.0974
0.336943 2.28549
0.321787 2.48353
0.320908 2.66981
0.333332 2.86592
0.35678 3.04979
0.392632 3.24162
0.436138 3.4208
0.490097 3.60364
0.54942 3.7741
0.617276 3.94176
0.690802 4.09679
0.772808 4.24183
0.862874 4.37123
0.962735 4.48291
1.07222 4.57199
1.19041 4.63385
1.31387 4.66363
1.4369 4.65855
1.55298 4.61993
1.65792 4.55329
1.75133 4.46574
1.83563 4.36356
1.91433 4.25137
1.9909 4.13227
2.06823 4.00829
2.14853 3.88064
2.2333 3.75006
2.32389 3.61704
2.42342 3.48792
2.52443 3.36454
2.62819 3.24776
2.73639 3.13868
2.8506 3.03862
2.97208 2.94872
3.10155 2.86882
3.22817 2.79973
3.35117 2.73743
3.47131 2.68204
3.58954 2.6338
3.70667 2.5931
3.82343 2.56044
3.94032 2.53642
4.05766 2.52173
4.17559 2.51705
4.29413 2.52305
4.41321 2.54039
4.53278 2.5698
4.65283 2.61208
4.77342 2.66797
4.89494 2.73796
5.0181 2.82203
5.1439 2.91996
5.25923 3.0324
5.36383 3.15816
5.45683 3.29715
5.52567 3.44975
5.5653 3.61186
5.5763 3.78204
5.56023 3.95444
5.51888 4.12979
5.45589 4.30192
5.37267 4.47368
5.26742 4.6321
5.14239 4.77455
4.99863 4.89888
4.84272 5.0008
4.67223 5.08264
4.49875 5.14041
4.31787 5.17668
4.14082 5.18917
3.96562 5.17779
3.80043 5.14169
3.6471 5.08034
3.51105 4.99498
3.39482 4.88778
3.30031 4.76259
3.22713 4.62308
3.17394 4.47287
3.13838 4.31359
3.1181 4.1473
3.11001 3.97292
3.10296 3.79957
3.09781 3.62308
3.09289 3.4473
3.08651 3.26533
3.07783 3.0847
3.06575 2.89674
3.05829 2.71323
3.05701 2.53293
3.06112 2.36273
3.06991 2.19856
3.08268 2.043
3.09894 1.89431
3.11805 1.75252
3.13943 1.61661
3.1623 1.48579
3.1857 1.35908
3.20845 1.2355
3.22919 1.11405
3.24642 0.993811
3.25874 0.873994
3.26492 0.75402
3.26412 0.633489
3.25589 0.512136
3.24007 0.389751
3.21656 0.266151
3.18513 0.14121
3.14519 0.0149445
3.09588 -0.112422
3.03638 -0.24044
2.96629 -0.368555
2.87785 -0.489499
2.77293 -0.5922
2.65165 -0.672961
2.51659 -0.729134
2.37178 -0.759506
2.22158 -0.76436
2.07021 -0.745151
1.92119 -0.704027
1.77775 -0.643415
1.64249 -0.565431
1.51825 -0.472017
1.40754 -0.364752
1.31047 -0.249768
1.23359 -0.120856
1.17564 0.0154551
1.13692 0.156701
1.11698 0.300749
1.11465 0.446058
1.12818 0.591866
1.14895 0.738554
1.1692 0.880355
1.18934 1.01928
1.20972 1.15661
1.23095 1.29372
1.25372 1.43172
1.27881 1.57141
1.30696 1.71317
1.33889 1.85697
1.37523 2.0025
1.41648 2.14917
1.46315 2.29631
1.51569 2.44308
1.57467 2.5888
1.64063 2.73261
1.71442 2.87402
1.7968 3.01229
1.88906 3.14728
1.99223 3.27829
2.10816 3.40556
2.23778 3.52836
2.38285 3.64722
2.53506 3.75612
2.69718 3.85413
2.87044 3.94116
3.05543 4.01741
3.25148 4.0813
3.45343 4.14045
3.65222 4.193
3.86327 4.24361
4.06316 4.28781
4.2796 4.33215
4.47883 4.36943
4.69349 4.40398
4.89128 4.42823
5.10093 4.443
5.29772 4.44436
5.50471 4.43182
5.69576 4.399
5.88698 4.3437
6.06336 4.27125
6.23798 4.17792
6.39754 4.07229
6.55442 3.94755
6.69517 3.81568
6.83238 3.66591
6.95255 3.51405
7.06792 3.34574
7.16654 3.17963
7.25903 2.99984
7.33665 2.82508
7.40725 2.64094
7.46584 2.46286
7.51718 2.2804
7.55918 2.10371
7.59422 1.92682
7.62178 1.75498
7.64281 1.58539
7.65726 1.42011
7.66532 1.25793
7.66684 1.09937
7.66159 0.943823
7.64919 0.791272
7.62917 0.641387
7.60102 0.494085
7.56421 0.34926
7.51828 0.206974
7.4629 0.0673268
7.39805 -0.0694561
7.32398 -0.203163
7.24134 -0.333461
7.15093 -0.459978
7.05368 -0.582012
6.95036 -0.698571
6.84163 -0.808081
6.72797 -0.908476
6.60982 -0.996997
6.48766 -1.07019
6.36245 -1.12376
6.23618 -1.15258
6.11283 -1.15138
5.99889 -1.11669
5.90181 -1.04958
5.82622 -0.9559
5.77203 -0.842907
5.73602 -0.71619
5.71402 -0.579105
5.70213 -0.433229
5.69712 -0.279582
5.69651 -0.118245
5.69845 0.049208
5.70162 0.22327
5.70489 0.400283
5.70726 0.581644
5.70751 0.761994
5.70414 0.943334
5.69551 1.12059
5.67961 1.29527
5.65476 1.46417
5.61907 1.62797
5.57135 1.78543
5.51163 1.93795
5.44788 2.08529
5.3879 2.22989
5.32984 2.37288
5.27176 2.51504
5.21209 2.65706
5.1495 2.79967
5.08335 2.9434
5.02578 3.08217
4.97667 3.21528
4.93873 3.343
4.91569 3.46483
4.91304 3.57871
4.93883 3.67851
5.00169 3.74786
5.09381 3.75954
5.18651 3.71014
5.26747 3.6181
5.33775 3.49623
5.40056 3.3521
5.45956 3.18806
5.50355 3.0133
5.53464 2.82609
5.55294 2.63714
5.55956 2.43823
5.55315 2.24459
5.53149 2.04557
5.49448 1.85545
5.45177 1.66837
5.40509 1.49073
5.35216 1.3196
5.29199 1.15605
5.22361 0.999383
5.14623 0.84861
5.05971 0.703715
4.96337 0.563762
4.85737 0.429526
4.74099 0.30095
4.61449 0.179553
4.47759 0.0664184
4.33017 -0.0369911
4.17379 -0.128583
4.00715 -0.208299
3.83538 -0.27391
3.65491 -0.326883
3.47395 -0.364917
3.2865 -0.388307
3.10132 -0.394178
2.91208 -0.380709
2.73417 -0.353336
2.56259 -0.31441
2.40001 -0.263676
2.24371 -0.200414
2.09396 -0.125582
1.94819 -0.0394208
1.80625 0.0563172
1.66484 0.162088
1.52533 0.275231
1.38245 0.399004
1.24155 0.527916
1.09363 0.670381
0.960875 0.81758
0.834118 0.983054
0.724536 1.15122
0.623378 1.3336
0.537587 1.51808
0.464655 1.70803
0.405749 1.90194
0.362316 2.09299
0.332626 2.2895
0.317998 2.47933
0.316932 2.67475
0.328703 2.86254
0.353006 3.05485
0.387248 3.2389
0.432127 3.42485
0.484239 3.60183
0.544829 3.77641
0.611469 3.94097
0.685792 4.0977
0.767325 4.24174
0.857711 4.37169
0.957425 4.48335
1.06694 4.5728
1.18507 4.63502
1.30855 4.66526
1.43167 4.66067
1.54795 4.6225
1.65317 4.55625
1.74689 4.46901
1.83149 4.36705
1.91045 4.25498
1.98721 4.13593
2.06468 4.01192
2.14503 3.8842
2.22986 3.75353
2.32053 3.62054
2.42012 3.49111
2.52126 3.36757
2.62523 3.25061
2.73365 3.14139
2.8481 3.04118
2.96987 2.95111
3.09954 2.87109
3.2265 2.80165
3.34978 2.7391
3.47023 2.68344
3.58873 2.63495
3.70614 2.59403
3.82315 2.56119
3.94027 2.53705
4.05784 2.52229
4.176 2.5176
4.29477 2.52368
4.41409 2.5412
4.53391 2.5709
4.6542 2.61357
4.77506 2.66993
4.89685 2.74038
5.02035 2.8249
5.14637 2.92323
5.26173 3.03629
5.36611 3.16234
5.45935 3.30189
5.52758 3.45467
5.56692 3.61782
5.57738 3.7873
5.56063 3.96098
5.51924 4.13464
5.45544 4.30814
5.37274 4.47834
5.26695 4.63674
5.14154 4.77884
4.99932 4.90178
4.84143 5.00485
4.6744 5.08519
4.49825 5.14404
4.32071 5.17968
4.14193 5.19246
3.96858 5.18122
3.80274 5.1452
3.64988 5.08428
3.51344 4.99918
3.39697 4.89239
3.30195 4.76736
3.22838 4.62804
3.17473 4.47752
3.1389 4.31828
3.11827 4.151
3.10994 3.9769
3.10254 3.80175
3.09715 3.62645
3.09188 3.44789
3.08537 3.26855
3.07633 3.08441
3.06422 2.89977
3.05659 2.71325
3.05531 2.53532
3.05944 2.36344
3.06822 2.19997
3.08105 2.04364
3.09733 1.89479
3.1165 1.75253
3.13792 1.61626
3.16082 1.48504
3.18425 1.35796
3.20702 1.23402
3.22777 1.11222
3.24501 0.991637
3.25732 0.871495
3.2635 0.751207
3.26271 0.630372
3.25447 0.508722
3.2386 0.386048
3.21501 0.262171
3.18342 0.136979
3.14325 0.0104977
3.09371 -0.117034
3.03402 -0.24519
2.96377 -0.373381
2.87475 -0.494035
2.7695 -0.596452
2.64802 -0.676974
2.51294 -0.732904
2.36821 -0.763096
2.2182 -0.767862
2.067 -0.748663
1.91825 -0.707649
1.77496 -0.647139
1.63995 -0.569307
1.51581 -0.475976
1.40519 -0.368866
1.30811 -0.253807
1.23102 -0.124992
1.17278 0.0112729
1.13371 0.15258
1.11341 0.296815
1.11072 0.442449
1.12389 0.588787
1.14481 0.735799
1.16508 0.878161
1.18528 1.01761
1.20576 1.15549
1.22707 1.29309
1.24993 1.43151
1.2751 1.5715
1.30332 1.71344
1.33531 1.85735
1.37166 2.00291
1.41293 2.14958
1.4596 2.29669
1.51216 2.44349
1.57115 2.5892
1.63721 2.73316
1.71107 2.87467
1.79371 3.01326
1.88619 3.14841
1.98991 3.2799
2.10617 3.40731
2.23653 3.53058
2.38197 3.64957
2.53474 3.75883
2.6974 3.85716
2.87106 3.9444
3.05584 4.0207
3.25386 4.08522
3.4521 4.14346
3.6574 4.19785
3.85866 4.24641
4.07033 4.2934
4.27256 4.33493
4.48564 4.3746
4.68707 4.40674
4.89712 4.43209
5.09728 4.44581
5.30382 4.44702
5.50393 4.43476
5.70223 4.40058
5.88819 4.34657
6.07008 4.27176
6.23984 4.18086
6.40443 4.07172
6.55618 3.95089
6.70198 3.81406
6.8339 3.66989
6.95894 3.51173
7.06956 3.35025
7.1723 3.17732
7.26126 3.0044
7.34179 2.82353
7.41034 2.64492
7.47058 2.46246
7.52102 2.28343
7.56378 2.1042
7.59857 1.92887
7.62641 1.75573
7.64741 1.58654
7.66193 1.42056
7.66998 1.25825
7.67147 1.0992
7.66616 0.943342
7.65366 0.790372
7.63352 0.640131
7.60523 0.492454
7.56825 0.347296
7.52214 0.204691
7.46661 0.0647801
7.40162 -0.0722394
7.3275 -0.206107
7.24485 -0.336526
7.15449 -0.463063
7.05731 -0.585066
6.95409 -0.701495
6.84545 -0.810848
6.7319 -0.91105
6.61382 -0.999405
6.49174 -1.07248
6.36658 -1.126
6.24032 -1.15486
6.11691 -1.15379
6.00284 -1.11928
5.90556 -1.0523
5.82974 -0.958649
5.77536 -0.845569
5.7392 -0.718687
5.71709 -0.581345
5.70515 -0.435297
5.70014 -0.281326
5.69957 -0.120228
5.7016 0.0476232
5.70486 0.220609
5.70823 0.398299
5.71066 0.577905
5.71092 0.759175
5.70756 0.938921
5.69886 1.11701
5.68302 1.29094
5.6581 1.46051
5.62248 1.62436
5.57477 1.78248
5.51524 1.93546
5.45118 2.08323
5.39095 2.22812
5.33263 2.3715
5.2744 2.514
5.21461 2.65635
5.15195 2.79923
5.0857 2.94314
5.02813 3.08223
4.97901 3.21561
4.94108 3.34355
4.91808 3.46556
4.91553 3.57954
4.94156 3.67932
5.00482 3.74831
5.09723 3.75915
5.18996 3.70898
5.27103 3.61633
5.34145 3.49424
5.4047 3.34951
5.4638 3.18643
5.50803 3.00993
5.53849 2.8261
5.55688 2.6335
5.56296 2.44009
5.55591 2.2418
5.53419 2.04768
5.49623 1.85417
5.45353 1.66937
5.40619 1.49032
5.35307 1.31921
5.29259 1.15505
5.22389 0.997681
5.14633 0.846556
5.05943 0.700999
4.963 0.560953
4.85662 0.426314
4.74024 0.297844
4.61355 0.17638
4.47652 0.0632879
4.32952 -0.0397969
4.17247 -0.131751
4.00745 -0.210886
3.8341 -0.277266
3.65646 -0.329635
3.47305 -0.368239
3.28864 -0.391209
3.10081 -0.397076
2.91365 -0.383568
2.73371 -0.355801
2.56267 -0.316856
2.39879 -0.265734
2.2423 -0.202471
2.09153 -0.127255
1.94565 -0.0411683
1.80256 0.0552329
1.66167 0.160527
1.52024 0.27524
1.37939 0.397273
1.2349 0.529642
1.09106 0.667916
0.953729 0.820759
0.8316 0.980493
0.718581 1.15397
0.620235 1.33189
0.533483 1.51829
0.460888 1.70807
0.402557 1.89978
0.358351 2.09461
0.329217 2.2869
0.314105 2.48198
0.31295 2.67281
0.324864 2.86568
0.348449 3.05352
0.383243 3.24179
0.427056 3.424
0.479794 3.60379
0.539504 3.77601
0.606631 3.9419
0.680551 4.09766
0.762354 4.24215
0.852629 4.37193
0.952408 4.48385
1.06186 4.57354
1.17996 4.63614
1.30345 4.66681
1.42667 4.66268
1.54314 4.62495
1.64862 4.55907
1.74263 4.47212
1.82752 4.37037
1.90673 4.25842
1.98369 4.13941
2.06128 4.01538
2.1417 3.8876
2.22658 3.75688
2.31736 3.62387
2.41697 3.49421
2.51825 3.37046
2.62241 3.25336
2.73105 3.144
2.84573 3.04364
2.96773 2.95341
3.09765 2.87319
3.22487 2.80352
3.34845 2.74069
3.46918 2.68478
3.58796 2.63606
3.70562 2.59493
3.82287 2.56192
3.94022 2.53766
4.05801 2.52284
4.17639 2.51815
4.29538 2.5243
4.41494 2.542
4.53499 2.57198
4.65552 2.61503
4.77663 2.67183
4.89869 2.74272
5.02248 2.82765
5.14877 2.92643
5.26403 3.03993
5.36839 3.16651
5.46165 3.30616
5.52949 3.45971
5.56835 3.62298
5.57835 3.79305
5.56119 3.9662
5.51926 4.14039
5.45544 4.31302
5.37242 4.48336
5.26657 4.64107
5.14137 4.78249
4.99866 4.90552
4.8422 5.00768
4.67421 5.08858
4.49998 5.1469
4.3216 5.18287
4.14426 5.19558
3.97055 5.18444
3.80533 5.14867
3.65229 5.08797
3.5158 5.00324
3.39896 4.89673
3.30356 4.77195
3.22954 4.63264
3.17554 4.48209
3.13936 4.32242
3.11848 4.15497
3.10986 3.97996
3.10217 3.80488
3.09647 3.62828
3.09099 3.45039
3.08419 3.2694
3.07502 3.08664
3.06269 2.90037
3.05502 2.71525
3.0537 2.5362
3.05782 2.36493
3.06663 2.20085
3.07948 2.04445
3.0958 1.89517
3.11501 1.75258
3.13647 1.61592
3.15941 1.48434
3.18287 1.3569
3.20565 1.23261
3.2264 1.11047
3.24364 0.989563
3.25596 0.869108
3.26214 0.748519
3.26135 0.627392
3.25309 0.505458
3.23719 0.382507
3.21351 0.258367
3.18176 0.132936
3.14139 0.00625324
3.09163 -0.12144
3.03176 -0.249731
2.96129 -0.37803
2.87182 -0.498358
2.76622 -0.600519
2.64458 -0.680797
2.50946 -0.736512
2.36481 -0.766538
2.21495 -0.771224
2.06396 -0.752042
1.91539 -0.711107
1.77232 -0.650717
1.63747 -0.572991
1.51347 -0.479779
1.40289 -0.372775
1.30584 -0.257648
1.22857 -0.128927
1.17004 0.00730412
1.13065 0.148673
1.11001 0.29309
1.10697 0.439038
1.11979 0.585787
1.14081 0.733251
1.16114 0.876047
1.18142 1.01602
1.20197 1.15441
1.22337 1.29247
1.24631 1.43127
1.27156 1.57155
1.29985 1.71368
1.33187 1.85769
1.36826 2.00329
1.40954 2.14996
1.45622 2.29706
1.50879 2.44387
1.56782 2.58964
1.63394 2.73367
1.70794 2.87536
1.79076 3.01414
1.88356 3.1496
1.98763 3.28134
2.10442 3.4091
2.23524 3.53259
2.38121 3.65186
2.53445 3.76141
2.69757 3.86002
2.87144 3.94741
3.05709 4.0241
3.25389 4.08831
3.45489 4.14743
3.6558 4.20088
3.86293 4.25106
4.06665 4.29648
4.27715 4.33973
4.4813 4.37763
4.69105 4.41078
4.89419 4.43493
5.10126 4.4488
5.30321 4.44965
5.50858 4.43694
5.70371 4.40309
5.89334 4.34793
6.07266 4.27403
6.2453 4.18146
6.40722 4.07394
6.56168 3.95075
6.70457 3.81649
6.83919 3.66918
6.96138 3.51449
7.07446 3.34938
7.17491 3.18028
7.26578 3.00387
7.34487 2.82637
7.41463 2.64508
7.4742 2.4649
7.52527 2.28421
7.56784 2.10609
7.6029 1.92986
7.63073 1.75701
7.65184 1.58729
7.66637 1.42117
7.67442 1.25845
7.67589 1.0991
7.67051 0.942854
7.65793 0.789533
7.63768 0.638927
7.60924 0.490909
7.5721 0.345426
7.52583 0.202529
7.47015 0.0623584
7.40506 -0.0748719
7.33087 -0.208904
7.24822 -0.339423
7.15791 -0.465996
7.06079 -0.587957
6.95765 -0.704284
6.84911 -0.813484
6.73564 -0.913517
6.61764 -1.00171
6.49562 -1.07467
6.37051 -1.12814
6.24426 -1.15705
6.12081 -1.1561
6.00661 -1.12174
5.90914 -1.05488
5.83311 -0.961251
5.77854 -0.848092
5.74224 -0.721046
5.72004 -0.583503
5.70805 -0.437223
5.70303 -0.28316
5.7025 -0.121918
5.70461 0.0456267
5.70796 0.218658
5.71141 0.395572
5.71389 0.57526
5.71417 0.755616
5.7108 0.935543
5.70209 1.11306
5.68621 1.28727
5.66132 1.4568
5.62569 1.62109
5.57807 1.7796
5.51865 1.93314
5.45431 2.0812
5.39385 2.22646
5.33532 2.37016
5.27691 2.513
5.21702 2.65565
5.1543 2.7988
5.08794 2.94286
5.03038 3.08226
4.98126 3.21591
4.94334 3.34406
4.92038 3.46624
4.91793 3.58032
4.94418 3.68006
5.00784 3.74869
5.10051 3.75874
5.19328 3.70782
5.27442 3.61468
5.34507 3.49219
5.40846 3.34753
5.46805 3.18397
5.51197 3.00853
5.54245 2.82356
5.56042 2.63341
5.56618 2.43806
5.55877 2.24271
5.53641 2.04656
5.49828 1.85501
5.45492 1.66901
5.4074 1.49044
5.35388 1.31864
5.29315 1.15407
5.22419 0.996174
5.14636 0.844496
5.05926 0.69859
4.96255 0.558167
4.85603 0.423411
4.73946 0.294819
4.61268 0.173382
4.47568 0.0604083
4.32852 -0.0427109
4.17199 -0.134412
4.00661 -0.213831
3.83445 -0.27997
3.65606 -0.332706
3.47415 -0.371073
3.28865 -0.394131
3.10201 -0.399845
2.91382 -0.38616
2.73415 -0.358288
2.56215 -0.319038
2.39799 -0.267812
2.2407 -0.204299
2.0895 -0.128994
1.94287 -0.042595
1.79959 0.0538231
1.65779 0.159732
1.51677 0.274089
1.37439 0.397509
1.23148 0.528439
1.08522 0.669266
0.950508 0.819416
0.826081 0.982375
0.715291 1.15276
0.61582 1.33279
0.530012 1.51765
0.457448 1.70735
0.398964 1.89997
0.355098 2.09315
0.325574 2.28792
0.310542 2.48088
0.309244 2.67449
0.320882 2.86519
0.344571 3.05541
0.378821 3.24167
0.422824 3.42553
0.474993 3.60384
0.534888 3.77691
0.601693 3.94202
0.67577 4.09807
0.757488 4.24233
0.84784 4.37227
0.947584 4.4843
1.05702 4.57425
1.17508 4.63719
1.29858 4.66828
1.42189 4.66459
1.53855 4.62728
1.64428 4.56176
1.73857 4.47509
1.82373 4.37353
1.90318 4.2617
1.98032 4.14273
2.05803 4.01868
2.13852 3.89085
2.22346 3.76007
2.31434 3.62707
2.41398 3.49717
2.51539 3.37324
2.61972 3.25599
2.72857 3.14649
2.84347 3.04599
2.96571 2.95561
3.09583 2.87524
3.22333 2.8053
3.34717 2.74223
3.46817 2.68608
3.58721 2.63713
3.70512 2.5958
3.8226 2.56263
3.94017 2.53826
4.05818 2.52337
4.17677 2.51868
4.29598 2.52491
4.41576 2.54278
4.53604 2.57303
4.6568 2.61644
4.77814 2.67366
4.90045 2.74496
5.02451 2.83029
5.15102 2.92949
5.26625 3.04344
5.37053 3.17042
5.46393 3.31035
5.53124 3.46437
5.56971 3.62809
5.57926 3.79819
5.56164 3.97156
5.51941 4.14541
5.4553 4.31803
5.37227 4.48799
5.26626 4.64518
5.14095 4.78625
4.99868 4.90868
4.84208 5.01089
4.67504 5.09142
4.50067 5.14993
4.32324 5.18579
4.14588 5.1986
3.97276 5.18757
3.80756 5.15195
3.65465 5.09153
3.51798 5.00708
3.40087 4.90087
3.30508 4.77627
3.23068 4.63703
3.17631 4.48633
3.13983 4.32645
3.11867 4.15851
3.10979 3.98321
3.10181 3.80741
3.09585 3.63069
3.09011 3.45198
3.08311 3.27127
3.07372 3.08771
3.06128 2.90197
3.05351 2.71628
3.05216 2.53762
3.05629 2.36597
3.06511 2.20186
3.07798 2.04512
3.09434 1.89556
3.11358 1.75262
3.13508 1.61561
3.15806 1.48368
3.18154 1.35589
3.20434 1.23127
3.2251 1.1088
3.24234 0.987587
3.25465 0.866833
3.26084 0.745955
3.26004 0.624549
3.25178 0.502342
3.23583 0.379127
3.21206 0.254737
3.18018 0.12908
3.13961 0.00220702
3.08964 -0.125641
3.02959 -0.254063
2.9588 -0.382458
2.86902 -0.502487
2.76311 -0.60439
2.64131 -0.684441
2.50616 -0.739956
2.36158 -0.769832
2.21186 -0.774446
2.06105 -0.755276
1.91268 -0.714418
1.76978 -0.65413
1.6351 -0.576511
1.51122 -0.4834
1.40069 -0.376507
1.30366 -0.2613
1.22622 -0.132661
1.16744 0.00354319
1.12774 0.144975
1.10677 0.289569
1.10341 0.435811
1.11592 0.582985
1.13703 0.7308
1.15739 0.874054
1.17773 1.0145
1.19836 1.15337
1.21984 1.29186
1.24286 1.43102
1.26818 1.57157
1.29653 1.71388
1.3286 1.858
1.36502 2.00364
1.40631 2.15032
1.453 2.29743
1.50559 2.44424
1.56465 2.59006
1.63084 2.73419
1.70496 2.87602
1.78799 3.01502
1.88106 3.15072
1.98552 3.28275
2.10274 3.41077
2.23405 3.53452
2.38045 3.65402
2.53417 3.76385
2.69765 3.86269
2.87204 3.95037
3.05752 4.02709
3.25542 4.0917
3.45483 4.15049
3.6582 4.20474
3.86169 4.25426
4.06939 4.30072
4.27491 4.34299
4.48376 4.38161
4.68909 4.4138
4.89658 4.43813
5.10078 4.45145
5.30629 4.45207
5.50993 4.43932
5.70758 4.40492
5.89603 4.34996
6.07704 4.27526
6.24853 4.18319
6.41179 4.07463
6.5649 3.95237
6.70906 3.81675
6.84222 3.67089
6.96562 3.51455
7.07741 3.35124
7.1789 3.18046
7.26889 3.00582
7.34873 2.82693
7.41807 2.64698
7.47809 2.46587
7.52905 2.28589
7.57186 2.10723
7.60694 1.93119
7.63489 1.75798
7.65603 1.58813
7.6706 1.42168
7.67866 1.25868
7.68009 1.09898
7.67466 0.942401
7.66199 0.78873
7.64163 0.637787
7.61306 0.489441
7.57577 0.343653
7.52935 0.200478
7.47353 0.0600661
7.40834 -0.0773648
7.3341 -0.211549
7.25145 -0.342164
7.16117 -0.46877
7.06412 -0.590699
6.96106 -0.706932
6.8526 -0.815996
6.73921 -0.915874
6.62128 -1.00393
6.49932 -1.07678
6.37425 -1.1302
6.24801 -1.15913
6.12451 -1.15829
6.0102 -1.12408
5.91255 -1.05733
5.83633 -0.963713
5.78159 -0.850478
5.74515 -0.723283
5.72286 -0.585549
5.71082 -0.439095
5.70579 -0.284891
5.7053 -0.123664
5.70748 0.043834
5.71091 0.216535
5.71444 0.393253
5.71697 0.572413
5.71726 0.752586
5.71388 0.932077
5.70515 1.10957
5.68926 1.28367
5.66436 1.45341
5.62876 1.61795
5.58119 1.77691
5.5219 1.93091
5.4573 2.07929
5.39661 2.22486
5.33787 2.36889
5.27931 2.51204
5.21931 2.65498
5.15653 2.79836
5.09009 2.94256
5.03252 3.08228
4.9834 3.21618
4.94549 3.34453
4.92257 3.46686
4.92022 3.58103
4.94669 3.68074
5.01073 3.74902
5.10365 3.7583
5.19644 3.7067
5.27766 3.61307
5.34847 3.49034
5.41206 3.34545
5.47193 3.18211
5.51585 3.00645
5.54607 2.82238
5.56385 2.63177
5.56925 2.43786
5.56139 2.24179
5.53872 2.0469
5.50002 1.85464
5.4564 1.66925
5.40845 1.49017
5.35468 1.31819
5.29367 1.15311
5.22447 0.994737
5.14641 0.842599
5.05907 0.696285
4.96216 0.555591
4.85546 0.42064
4.73875 0.291981
4.61188 0.170556
4.47481 0.0576162
4.32778 -0.0453763
4.17124 -0.137116
4.00633 -0.216444
3.83413 -0.282758
3.65645 -0.335437
3.47432 -0.373902
3.28944 -0.396841
3.10238 -0.402466
2.9145 -0.388648
2.73418 -0.36058
2.56188 -0.321167
2.39708 -0.269728
2.23929 -0.206081
2.08747 -0.130576
1.9404 -0.0440427
1.79653 0.0526705
1.65452 0.158662
1.5128 0.273581
1.37071 0.396762
1.22675 0.528726
1.08147 0.668567
0.945623 0.820332
0.822498 0.981824
0.71093 1.15357
0.612356 1.33228
0.526402 1.51761
0.454081 1.70703
0.395749 1.89924
0.351733 2.09324
0.322285 2.28726
0.307077 2.48155
0.305669 2.67435
0.317228 2.8663
0.340647 3.05568
0.374865 3.24282
0.418519 3.42592
0.470666 3.60468
0.530305 3.77723
0.597136 3.94248
0.671133 4.0983
0.752906 4.24261
0.84325 4.37256
0.942997 4.48475
1.05239 4.57492
1.17043 4.63819
1.29394 4.66967
1.41734 4.6664
1.53417 4.62949
1.64014 4.56431
1.7347 4.47791
1.82012 4.37653
1.89979 4.26481
1.9771 4.14588
2.05493 4.02182
2.13549 3.89394
2.2205 3.76313
2.31149 3.63013
2.41115 3.50001
2.51266 3.3759
2.61717 3.2585
2.72621 3.14887
2.84133 3.04824
2.96377 2.95771
3.0941 2.87719
3.22185 2.80701
3.34595 2.7437
3.46721 2.68732
3.58649 2.63816
3.70463 2.59664
3.82233 2.56332
3.94012 2.53883
4.05833 2.52389
4.17713 2.5192
4.29655 2.52551
4.41654 2.54354
4.53704 2.57405
4.65802 2.61781
4.77958 2.67542
4.90214 2.74712
5.02645 2.83282
5.15315 2.93244
5.26834 3.04679
5.37261 3.17417
5.46611 3.31432
5.53292 3.46885
5.57096 3.63287
5.5801 3.80318
5.56208 3.97651
5.51953 4.1503
5.45523 4.32268
5.3721 4.49238
5.26596 4.64915
5.1407 4.78972
4.99849 4.9119
4.84232 5.01379
4.67547 5.09431
4.5017 5.15272
4.32449 5.18864
4.14763 5.20148
3.9747 5.19055
3.80974 5.1551
3.65683 5.0949
3.52005 5.01074
3.40267 4.90479
3.30654 4.78037
3.23176 4.64116
3.17706 4.49036
3.14028 4.33021
3.11886 4.16196
3.10973 3.98615
3.10147 3.81002
3.09525 3.63276
3.08928 3.45386
3.08207 3.27269
3.07251 3.08918
3.05993 2.90312
3.0521 2.71759
3.05071 2.53873
3.05483 2.36707
3.06366 2.20274
3.07656 2.04579
3.09295 1.89592
3.11223 1.75266
3.13376 1.61532
3.15677 1.48305
3.18027 1.35494
3.20309 1.22999
3.22385 1.10722
3.24109 0.985707
3.25341 0.864668
3.25959 0.743515
3.25879 0.621842
3.25051 0.499374
3.23453 0.375908
3.21068 0.251281
3.17865 0.125411
3.13791 -0.00164338
3.08775 -0.129641
3.0275 -0.258198
2.9564 -0.386662
2.86633 -0.506428
2.76016 -0.608075
2.63821 -0.687906
2.50303 -0.743237
2.35852 -0.772977
2.20893 -0.777526
2.05828 -0.758367
1.91009 -0.717576
1.76736 -0.657382
1.63283 -0.579861
1.50906 -0.486848
1.39856 -0.380055
1.30157 -0.264762
1.22397 -0.136197
1.16496 -1.36211e-05
1.12497 0.141483
1.1037 0.286245
1.10004 0.432766
1.11224 0.580316
1.13344 0.728496
1.15383 0.872158
1.17423 1.01305
1.19493 1.15236
1.21648 1.29126
1.23958 1.43076
1.26496 1.57156
1.29337 1.71406
1.32549 1.85827
1.36193 2.00396
1.40324 2.15067
1.44994 2.29778
1.50255 2.44461
1.56165 2.59048
1.62791 2.73471
1.70216 2.87668
1.78537 3.01587
1.87873 3.15181
1.98353 3.28409
2.10117 3.41237
2.23292 3.53635
2.37974 3.65606
2.53388 3.76615
2.69779 3.86525
2.87239 3.95309
3.05838 4.03009
3.25591 4.09465
3.45624 4.1538
3.65825 4.20787
3.86329 4.25794
4.0687 4.30403
4.27631 4.34674
4.48277 4.38481
4.69038 4.41709
4.89627 4.4409
5.10261 4.45406
5.30735 4.45438
5.5127 4.4414
5.70999 4.40691
5.89956 4.35154
6.08025 4.27687
6.25245 4.18431
6.41523 4.07595
6.56886 3.95312
6.71239 3.81795
6.84601 3.67144
6.96879 3.51578
7.08101 3.35181
7.18203 3.18181
7.27239 3.0066
7.35201 2.82839
7.42162 2.64803
7.48161 2.46733
7.53276 2.28709
7.57562 2.10855
7.61082 1.93229
7.63883 1.75897
7.66003 1.58887
7.67462 1.42218
7.68268 1.25888
7.68408 1.09887
7.6786 0.941968
7.66585 0.787972
7.64539 0.636706
7.61669 0.488051
7.57926 0.341974
7.53269 0.198538
7.47675 0.057899
7.41147 -0.0797199
7.33718 -0.214047
7.25453 -0.344753
7.16429 -0.471392
7.0673 -0.593292
6.96431 -0.709442
6.85592 -0.818383
6.7426 -0.91812
6.62474 -1.00604
6.50283 -1.07879
6.37779 -1.13217
6.25156 -1.16112
6.12803 -1.16038
6.01362 -1.12629
5.9158 -1.05963
5.83939 -0.966038
5.78449 -0.852731
5.74793 -0.725399
5.72555 -0.587497
5.71346 -0.440881
5.70843 -0.286577
5.70797 -0.125332
5.71021 0.0420454
5.71371 0.214557
5.71731 0.390945
5.71988 0.569814
5.72019 0.749627
5.7168 0.92891
5.70806 1.10622
5.69215 1.28034
5.66724 1.45019
5.63166 1.615
5.58416 1.77435
5.52498 1.9288
5.46012 2.07747
5.39924 2.22335
5.34031 2.36768
5.28159 2.51111
5.2215 2.65433
5.15865 2.79792
5.09214 2.94226
5.03456 3.08227
4.98545 3.21641
4.94755 3.34497
4.92467 3.46744
4.92242 3.58169
4.9491 3.68137
5.0135 3.74931
5.10665 3.75785
5.19946 3.7056
5.28074 3.61156
5.35172 3.48856
5.41541 3.34357
5.47561 3.1802
5.51945 3.00483
5.54955 2.82082
5.56707 2.63085
5.57215 2.43693
5.56392 2.24158
5.54083 2.04654
5.50177 1.8547
5.45773 1.66912
5.40948 1.49003
5.35541 1.31768
5.29416 1.15221
5.22473 0.99338
5.14644 0.840812
5.05889 0.694133
4.9618 0.553162
4.85492 0.41804
4.73808 0.289304
4.61113 0.167875
4.47404 0.054996
4.32703 -0.0479537
4.17067 -0.139631
4.0059 -0.219006
3.83406 -0.285334
3.65652 -0.338097
3.47476 -0.376536
3.28985 -0.399434
3.10297 -0.404949
2.91492 -0.390977
2.73432 -0.362766
2.56152 -0.32316
2.39626 -0.271558
2.23792 -0.207745
2.08559 -0.132094
1.938 -0.0453691
1.79372 0.0515119
1.65125 0.157794
1.50934 0.272844
1.36676 0.396478
1.22296 0.528317
1.07712 0.668757
0.941851 0.820133
0.818366 0.982308
0.707369 1.15338
0.608707 1.33244
0.523097 1.5173
0.450865 1.70668
0.392586 1.89896
0.348625 2.09279
0.319079 2.28734
0.303813 2.48147
0.302288 2.67491
0.313692 2.86667
0.336999 3.0565
0.370994 3.24337
0.414528 3.42668
0.466465 3.60516
0.526028 3.77774
0.592762 3.9428
0.666763 4.0986
0.748533 4.24286
0.838895 4.37286
0.938629 4.48517
1.048 4.57556
1.166 4.63913
1.28952 4.67099
1.413 4.66811
1.53 4.63158
1.6362 4.56673
1.73102 4.48058
1.81669 4.37938
1.89657 4.26776
1.97404 4.14887
2.05198 4.0248
2.13262 3.89688
2.2177 3.76604
2.30878 3.63304
2.40847 3.50272
2.51009 3.37844
2.61474 3.2609
2.72397 3.15114
2.83929 3.05038
2.96194 2.95971
3.09246 2.87905
3.22044 2.80864
3.34479 2.74511
3.46628 2.68851
3.5858 2.63914
3.70417 2.59745
3.82208 2.56398
3.94007 2.53939
4.05848 2.52439
4.17748 2.51971
4.2971 2.52609
4.4173 2.54428
4.538 2.57505
4.65919 2.61914
4.78096 2.67711
4.90374 2.74919
5.02828 2.83524
5.15516 2.93528
5.27033 3.04999
5.3746 3.17773
5.46822 3.31813
5.53451 3.47308
5.57214 3.63742
5.58087 3.80787
5.5625 3.98122
5.51965 4.1549
5.45516 4.3271
5.37196 4.49658
5.26572 4.65289
5.14044 4.79309
4.99841 4.91492
4.84246 5.01663
4.676 5.09702
4.50255 5.15542
4.32576 5.19134
4.14919 5.20424
3.97656 5.19339
3.81175 5.1581
3.65888 5.09812
3.52199 5.01421
3.40437 4.9085
3.30791 4.78424
3.23279 4.64506
3.17777 4.49415
3.14071 4.33377
3.11904 4.16517
3.10967 3.98899
3.10115 3.81243
3.09469 3.63484
3.0885 3.45556
3.08109 3.2742
3.07136 3.09046
3.05866 2.90435
3.05075 2.71873
3.04933 2.53985
3.05344 2.36806
3.06229 2.20359
3.07521 2.0464
3.09163 1.89627
3.11094 1.75271
3.13251 1.61504
3.15554 1.48246
3.17907 1.35404
3.2019 1.22879
3.22266 1.10572
3.23991 0.983924
3.25222 0.862613
3.2584 0.741197
3.2576 0.619269
3.24931 0.496554
3.23328 0.372848
3.20935 0.247997
3.17719 0.121925
3.13628 -0.00530022
3.08595 -0.133444
3.0255 -0.262126
2.95407 -0.390652
2.86377 -0.510173
2.75736 -0.611577
2.63527 -0.691198
2.50007 -0.746357
2.35561 -0.775973
2.20615 -0.780463
2.05565 -0.761313
1.90762 -0.720584
1.76506 -0.660475
1.63066 -0.583045
1.50699 -0.490122
1.39653 -0.383423
1.29958 -0.268037
1.22183 -0.139538
1.1626 -0.00337
1.12235 0.13819
1.1008 0.283114
1.09684 0.429896
1.10877 0.577802
1.13005 0.726312
1.15046 0.870367
1.17091 1.01167
1.19168 1.1514
1.2133 1.29068
1.23646 1.43049
1.26191 1.57154
1.29037 1.7142
1.32253 1.85852
1.359 2.00426
1.40033 2.15099
1.44704 2.29811
1.49967 2.44497
1.55881 2.59089
1.62515 2.73521
1.69952 2.87732
1.78292 3.01669
1.87653 3.15285
1.98167 3.28537
2.0997 3.41388
2.23186 3.53808
2.37906 3.658
2.53361 3.76833
2.69786 3.86764
2.87282 3.95571
3.0589 4.03284
3.25682 4.09758
3.45679 4.15674
3.65931 4.21109
3.86347 4.26111
4.06957 4.30747
4.27608 4.34998
4.48345 4.38808
4.69028 4.42001
4.89725 4.44364
5.10336 4.45648
5.3092 4.45655
5.51464 4.44344
5.71275 4.40868
5.90244 4.35317
6.08363 4.27822
6.25578 4.18559
6.41881 4.07696
6.57224 3.95416
6.7159 3.81873
6.84925 3.67239
6.97213 3.5165
7.08412 3.35281
7.18527 3.18264
7.27552 3.00774
7.35527 2.82942
7.4249 2.64928
7.48502 2.46851
7.53624 2.28835
7.57921 2.1097
7.61449 1.93337
7.64257 1.75988
7.66381 1.58958
7.67843 1.42264
7.68648 1.25907
7.68787 1.09877
7.68233 0.941559
7.66951 0.787254
7.64894 0.635685
7.62013 0.486739
7.58257 0.340389
7.53587 0.196708
7.47981 0.055855
7.41444 -0.0819402
7.34012 -0.216401
7.25746 -0.347194
7.16726 -0.473865
7.07032 -0.595742
6.96739 -0.711817
6.85907 -0.820646
6.74582 -0.920254
6.62802 -1.00805
6.50616 -1.08071
6.38115 -1.13404
6.25493 -1.16302
6.13136 -1.16235
6.01685 -1.12838
5.91888 -1.06181
5.84231 -0.968228
5.78725 -0.854855
5.75057 -0.727398
5.72811 -0.589343
5.71597 -0.442588
5.71094 -0.288197
5.71051 -0.126951
5.7128 0.0403295
5.71637 0.21264
5.72003 0.388767
5.72264 0.567329
5.72297 0.746866
5.71957 0.925915
5.71081 1.1031
5.69488 1.2772
5.66997 1.44717
5.6344 1.61223
5.58696 1.77193
5.5279 1.9268
5.46281 2.07574
5.40173 2.22191
5.34262 2.36652
5.28376 2.51023
5.22357 2.6537
5.16067 2.79749
5.0941 2.94194
5.03651 3.08224
4.98739 3.21662
4.94951 3.34536
4.92667 3.46797
4.92451 3.5823
4.95139 3.68194
5.01615 3.74955
5.10951 3.7574
5.20234 3.70455
5.28368 3.61012
5.35478 3.4869
5.41854 3.34175
5.47904 3.17848
5.52286 3.00322
5.55281 2.81951
5.57012 2.62977
5.57489 2.43628
5.5663 2.2411
5.54287 2.04636
5.50338 1.85453
5.45902 1.66905
5.41045 1.48979
5.35611 1.31719
5.29462 1.15135
5.22497 0.992108
5.14648 0.839138
5.05873 0.692117
4.96145 0.550887
4.85443 0.415599
4.73746 0.286784
4.61043 0.165351
4.47332 0.0525094
4.32635 -0.0503829
4.17011 -0.142039
4.00555 -0.221418
3.83394 -0.287801
3.65666 -0.340596
3.47505 -0.379041
3.2903 -0.401877
3.10341 -0.407291
2.91535 -0.393175
2.73439 -0.364819
2.5612 -0.325047
2.39546 -0.27328
2.23663 -0.20932
2.0838 -0.133516
1.93575 -0.0466311
1.79104 0.0504498
1.64822 0.156925
1.50595 0.272246
1.36321 0.396033
1.21912 0.528169
1.07333 0.668567
0.937966 0.820313
0.814763 0.982319
0.703775 1.15355
0.605387 1.33232
0.519884 1.51716
0.447803 1.70639
0.389596 1.89863
0.345633 2.09259
0.316061 2.28719
0.300706 2.48165
0.299075 2.67517
0.310356 2.86721
0.333504 3.05705
0.367353 3.24404
0.410708 3.42725
0.462512 3.60571
0.521954 3.77816
0.588636 3.94315
0.662613 4.09887
0.744393 4.24312
0.834761 4.37315
0.934485 4.48557
1.04382 4.57616
1.1618 4.64002
1.28533 4.67223
1.40889 4.66973
1.52605 4.63356
1.63247 4.56902
1.72753 4.4831
1.81343 4.38207
1.89351 4.27055
1.97114 4.1517
2.04918 4.02762
2.1299 3.89967
2.21505 3.76881
2.30623 3.63581
2.40594 3.5053
2.50765 3.38086
2.61245 3.26318
2.72185 3.1533
2.83736 3.05242
2.9602 2.96162
3.0909 2.88081
3.21911 2.8102
3.34368 2.74645
3.4654 2.68965
3.58514 2.64009
3.70372 2.59822
3.82183 2.56462
3.94002 2.53993
4.05862 2.52487
4.17781 2.5202
4.29762 2.52665
4.41802 2.545
4.53892 2.57601
4.6603 2.62041
4.78228 2.67873
4.90527 2.75116
5.03002 2.83756
5.15705 2.93798
5.27221 3.05304
5.3765 3.18111
5.47024 3.32176
5.53601 3.47711
5.57323 3.64172
5.58159 3.81231
5.56288 3.98566
5.51977 4.15925
5.4551 4.33129
5.37183 4.50054
5.26549 4.65646
5.14024 4.79627
4.99833 4.91781
4.84264 5.01932
4.67649 5.09962
4.5034 5.15799
4.32694 5.19393
4.15068 5.20687
3.97829 5.19611
3.81363 5.16095
3.66081 5.10117
3.52382 5.01749
3.40598 4.912
3.30922 4.78788
3.23378 4.64873
3.17845 4.49771
3.14113 4.33711
3.11922 4.1682
3.10962 3.99165
3.10085 3.81475
3.09416 3.63679
3.08775 3.45723
3.08016 3.27562
3.07028 3.09173
3.05746 2.90549
3.04949 2.71984
3.04803 2.54089
3.05213 2.36901
3.06099 2.20437
3.07394 2.04698
3.09037 1.89659
3.10972 1.75275
3.13132 1.61479
3.15438 1.48191
3.17792 1.35319
3.20076 1.22765
3.22153 1.1043
3.23878 0.982236
3.25109 0.860666
3.25727 0.739
3.25646 0.61683
3.24816 0.49388
3.23209 0.369948
3.20808 0.244884
3.1758 0.118623
3.13474 -0.00876613
3.08423 -0.13705
3.02357 -0.265849
2.95184 -0.394428
2.86133 -0.513723
2.75471 -0.614898
2.6325 -0.694317
2.49727 -0.749316
2.35287 -0.778819
2.20351 -0.783256
2.05316 -0.764115
1.90528 -0.72344
1.76286 -0.66341
1.6286 -0.586063
1.50502 -0.493224
1.39459 -0.386613
1.29768 -0.271128
1.21981 -0.142687
1.16037 -0.00652956
1.11988 0.135094
1.09806 0.28017
1.09383 0.427197
1.1055 0.575432
1.12685 0.724254
1.14727 0.868674
1.16778 1.01037
1.1886 1.15048
1.21029 1.29011
1.23351 1.43022
1.25902 1.5715
1.28753 1.71433
1.31973 1.85875
1.35622 2.00454
1.39757 2.15129
1.4443 2.29843
1.49696 2.44532
1.55614 2.59129
1.62255 2.7357
1.69703 2.87794
1.78062 3.01748
1.87448 3.15384
1.97994 3.28658
2.09832 3.4153
2.23086 3.53971
2.37842 3.65983
2.53334 3.77038
2.69794 3.8699
2.87315 3.95815
3.0595 4.03547
3.25743 4.10029
3.4576 4.15961
3.65986 4.21402
3.86416 4.26422
4.0698 4.31058
4.27652 4.35314
4.48354 4.39107
4.69079 4.42283
4.89776 4.44618
5.1045 4.45877
5.31064 4.45859
5.51672 4.44532
5.71515 4.41038
5.90528 4.35466
6.08666 4.27956
6.25902 4.18674
6.42206 4.078
6.57554 3.95505
6.7191 3.81959
6.85243 3.67316
6.97519 3.51734
7.08717 3.35362
7.18825 3.18358
7.27855 3.00869
7.35832 2.8305
7.42803 2.65038
7.48823 2.46967
7.53955 2.28949
7.5826 2.1108
7.61796 1.93437
7.64611 1.76073
7.66739 1.59024
7.68204 1.42308
7.69009 1.25925
7.69144 1.09867
7.68586 0.941172
7.67297 0.786578
7.65231 0.634722
7.62338 0.485502
7.5857 0.338897
7.53888 0.194985
7.48271 0.0539318
7.41727 -0.0840287
7.34291 -0.218616
7.26025 -0.349489
7.17007 -0.476192
7.07319 -0.598048
6.97032 -0.714058
6.86206 -0.822785
6.74886 -0.922276
6.63111 -1.00996
6.5093 -1.08253
6.38433 -1.13582
6.25811 -1.16481
6.13451 -1.16422
6.01991 -1.13035
5.9218 -1.06386
5.84507 -0.970287
5.78987 -0.856853
5.75307 -0.729282
5.73054 -0.591092
5.71836 -0.444214
5.71332 -0.289749
5.71291 -0.128507
5.71525 0.0386785
5.71888 0.21081
5.7226 0.386694
5.72525 0.564987
5.72559 0.744266
5.72218 0.923112
5.7134 1.10018
5.69746 1.27427
5.67254 1.44435
5.63699 1.60962
5.58962 1.76965
5.53065 1.9249
5.46534 2.07409
5.40409 2.22054
5.34481 2.36542
5.28582 2.50939
5.22554 2.65309
5.16258 2.79706
5.09597 2.94162
5.03835 3.0822
4.98924 3.2168
4.95136 3.34572
4.92856 3.46846
4.92649 3.58287
4.95358 3.68246
5.01866 3.74976
5.11222 3.75694
5.20506 3.70354
5.28645 3.60875
5.35767 3.48532
5.42151 3.34
5.48225 3.17685
5.52606 3.00176
5.55589 2.81826
5.57299 2.6288
5.57748 2.43558
5.56855 2.24068
5.54479 2.04609
5.50491 1.85437
5.46022 1.66891
5.41136 1.48955
5.35676 1.3167
5.29504 1.15053
5.22519 0.99091
5.14651 0.837572
5.05858 0.690232
4.96114 0.548758
4.85397 0.413311
4.73689 0.284419
4.60978 0.162975
4.47265 0.0501668
4.32573 -0.0526834
4.16961 -0.144314
4.00523 -0.223709
3.83383 -0.290129
3.65677 -0.34296
3.47533 -0.381401
3.29067 -0.404183
3.10382 -0.409496
2.91572 -0.395239
2.73445 -0.36675
2.56087 -0.326821
2.39471 -0.274902
2.23542 -0.210799
2.08213 -0.134854
1.93363 -0.0478118
1.78852 0.0494446
1.64534 0.156127
1.5028 0.27165
1.35981 0.39566
1.2156 0.52793
1.06966 0.668479
0.93442 0.820322
0.811273 0.982439
0.70046 1.15357
0.602196 1.33229
0.516859 1.51698
0.444887 1.70615
0.38675 1.89837
0.342804 2.09238
0.313194 2.28713
0.297769 2.48174
0.296036 2.67547
0.307192 2.86764
0.330202 3.0576
0.363896 3.2446
0.407102 3.42781
0.458768 3.6062
0.518112 3.77858
0.584734 3.94348
0.658695 4.09914
0.740478 4.24336
0.830851 4.37343
0.930564 4.48595
1.03987 4.57673
1.15782 4.64085
1.28136 4.67339
1.405 4.67125
1.52231 4.63543
1.62893 4.57117
1.72423 4.48548
1.81035 4.38461
1.89062 4.27318
1.96839 4.15437
2.04654 4.03028
2.12732 3.90232
2.21255 3.77142
2.30383 3.63843
2.40356 3.50774
2.50535 3.38315
2.61029 3.26534
2.71986 3.15534
2.83555 3.05435
2.95856 2.96342
3.08942 2.88249
3.21784 2.81167
3.34263 2.74773
3.46457 2.69073
3.58451 2.64099
3.70329 2.59896
3.82159 2.56522
3.93996 2.54044
4.05875 2.52534
4.17812 2.52067
4.29812 2.5272
4.4187 2.54569
4.53979 2.57693
4.66136 2.62162
4.78352 2.68028
4.90671 2.75303
5.03165 2.83976
5.15883 2.94057
5.274 3.05593
5.37832 3.18432
5.47213 3.32526
5.53744 3.48092
5.57425 3.64577
5.58226 3.81649
5.56324 3.98985
5.51989 4.16335
5.45506 4.33523
5.37171 4.50428
5.2653 4.65983
5.14006 4.7993
4.99828 4.92057
4.84282 5.02189
4.67696 5.10209
4.50419 5.16043
4.32805 5.19638
4.15207 5.20936
3.97991 5.19868
3.81539 5.16366
3.6626 5.10405
3.52553 5.02059
3.40749 4.9153
3.31045 4.79131
3.23471 4.65217
3.17911 4.50106
3.14153 4.34025
3.1194 4.17106
3.10957 3.99417
3.10057 3.81694
3.09366 3.63867
3.08705 3.45882
3.07928 3.27699
3.06926 3.09293
3.05633 2.90659
3.0483 2.72088
3.0468 2.54187
3.0509 2.36988
3.05977 2.20511
3.07273 2.04752
3.08919 1.8969
3.10857 1.75279
3.13019 1.61455
3.15328 1.48138
3.17684 1.35238
3.19969 1.22657
3.22046 1.10296
3.2377 0.980642
3.25001 0.858826
3.2562 0.736924
3.25539 0.614524
3.24706 0.491352
3.23096 0.367205
3.20687 0.241942
3.17448 0.115501
3.13327 -0.0120426
3.08259 -0.14046
3.02174 -0.269368
2.9497 -0.397993
2.85901 -0.517079
2.75221 -0.61804
2.62988 -0.697267
2.49463 -0.752115
2.35028 -0.781515
2.20102 -0.785904
2.05081 -0.76677
1.90307 -0.726145
1.76079 -0.666186
1.62664 -0.588916
1.50314 -0.496156
1.39274 -0.389625
1.29588 -0.274036
1.21789 -0.145646
1.15826 -0.0094957
1.11754 0.132189
1.09547 0.27741
1.091 0.424665
1.10243 0.573205
1.12383 0.722317
1.14427 0.867081
1.16482 1.00914
1.1857 1.1496
1.20744 1.28956
1.23073 1.42995
1.25629 1.57145
1.28485 1.71443
1.31709 1.85895
1.35361 2.0048
1.39497 2.15158
1.44172 2.29874
1.4944 2.44566
1.55362 2.59168
1.6201 2.73617
1.69471 2.87854
1.77846 3.01824
1.87256 3.15479
1.97831 3.28773
2.09704 3.41665
2.22993 3.54124
2.37782 3.66154
2.53309 3.7723
2.698 3.87202
2.87348 3.96045
3.05999 4.03793
3.25807 4.10286
3.45822 4.16227
3.66049 4.21682
3.86462 4.26711
4.07022 4.31355
4.27676 4.35607
4.48387 4.3939
4.69115 4.42547
4.89844 4.44859
5.10548 4.46093
5.31211 4.4605
5.51858 4.44709
5.71744 4.41197
5.90789 4.35608
6.08952 4.28081
6.26202 4.18784
6.42514 4.07896
6.57861 3.95593
6.72214 3.82039
6.8554 3.67393
6.9781 3.5181
7.09002 3.35443
7.19109 3.18442
7.28139 3.00962
7.36121 2.83148
7.43098 2.65143
7.49126 2.47075
7.54266 2.29056
7.5858 2.11183
7.62123 1.9353
7.64944 1.76153
7.67077 1.59086
7.68543 1.42348
7.69348 1.25942
7.69481 1.09857
7.68918 0.940809
7.67622 0.785941
7.65548 0.633817
7.62644 0.48434
7.58865 0.337495
7.54172 0.193367
7.48545 0.0521271
7.41994 -0.0859877
7.34554 -0.220693
7.26289 -0.351642
7.17274 -0.478375
7.0759 -0.600216
6.97308 -0.716166
6.86488 -0.824802
6.75173 -0.924186
6.63404 -1.01176
6.51226 -1.08425
6.38732 -1.1375
6.26111 -1.1665
6.13748 -1.16598
6.02279 -1.13221
5.92455 -1.06578
5.84767 -0.972219
5.79234 -0.858728
5.75544 -0.731053
5.73283 -0.592742
5.72061 -0.445757
5.71556 -0.29123
5.71518 -0.129997
5.71756 0.0371004
5.72125 0.209067
5.72502 0.384732
5.7277 0.562782
5.72805 0.74183
5.72464 0.920491
5.71584 1.09745
5.69988 1.27153
5.67496 1.4417
5.63943 1.60718
5.59212 1.76752
5.53324 1.92311
5.46772 2.07255
5.40631 2.21925
5.34688 2.36439
5.28776 2.5086
5.22739 2.65251
5.16438 2.79665
5.09774 2.9413
5.0401 3.08214
4.99098 3.21696
4.95312 3.34605
4.93036 3.46891
4.92837 3.58338
4.95565 3.68294
5.02104 3.74992
5.11478 3.75649
5.20763 3.70257
5.28907 3.60747
5.36038 3.48383
5.42437 3.3383
5.48524 3.17532
5.52906 3.00039
5.55877 2.8171
5.57568 2.62788
5.57991 2.43492
5.57068 2.24024
5.54659 2.04581
5.50635 1.85417
5.46136 1.66875
5.41222 1.48928
5.35737 1.31622
5.29544 1.14975
5.22539 0.989786
5.14654 0.83611
5.05844 0.688473
4.96084 0.54677
4.85354 0.411173
4.73636 0.282204
4.60918 0.160747
4.47203 0.0479633
4.32516 -0.0548511
4.16914 -0.146464
4.00493 -0.225871
3.83373 -0.292326
3.65685 -0.345186
3.47557 -0.383621
3.29101 -0.40635
3.10418 -0.411566
2.91604 -0.397173
2.73449 -0.368561
2.56056 -0.328486
2.39399 -0.276423
2.23427 -0.212187
2.08055 -0.136108
1.93164 -0.0489184
1.78615 0.048506
1.64265 0.155374
1.49983 0.271095
1.35663 0.395287
1.21226 0.527714
1.06625 0.668349
0.931062 0.820342
0.808021 0.982494
0.69732 1.15361
0.599199 1.33224
0.51399 1.51684
0.442127 1.70594
0.384055 1.89814
0.340126 2.09221
0.310489 2.28708
0.294997 2.48184
0.293168 2.67573
0.304208 2.86804
0.327083 3.05808
0.360635 3.24512
0.403699 3.42831
0.455241 3.60666
0.514491 3.77896
0.58106 3.9438
0.655002 4.0994
0.736787 4.2436
0.827163 4.3737
0.926865 4.48632
1.03615 4.57726
1.15407 4.64163
1.27761 4.67448
1.40133 4.67268
1.51878 4.63718
1.6256 4.5732
1.72111 4.48772
1.80744 4.38699
1.88789 4.27565
1.9658 4.15688
2.04404 4.0328
2.1249 3.90481
2.2102 3.7739
2.30156 3.6409
2.40132 3.51006
2.50319 3.38532
2.60826 3.26739
2.71798 3.15728
2.83383 3.05617
2.95702 2.96513
3.08803 2.88407
3.21665 2.81307
3.34164 2.74893
3.46377 2.69175
3.58391 2.64184
3.70288 2.59966
3.82136 2.5658
3.93991 2.54093
4.05887 2.52578
4.17842 2.52112
4.29859 2.52772
4.41935 2.54636
4.54062 2.57781
4.66236 2.62279
4.78471 2.68175
4.90807 2.75481
5.03319 2.84184
5.16049 2.94303
5.27568 3.05867
5.38005 3.18736
5.47382 3.32864
5.53878 3.48452
5.5752 3.64959
5.58288 3.82041
5.56358 3.99378
5.52 4.1672
5.45502 4.33894
5.3716 4.5078
5.26513 4.66301
5.13991 4.80217
4.99825 4.92317
4.843 5.02432
4.67741 5.10443
4.50494 5.16274
4.32909 5.1987
4.15337 5.21172
3.98141 5.20111
3.81704 5.16621
3.66428 5.10677
3.52713 5.02351
3.4089 4.91839
3.31161 4.79452
3.23559 4.6554
3.17973 4.50419
3.14192 4.3432
3.11956 4.17373
3.10952 3.99654
3.10031 3.81901
3.09319 3.64044
3.0864 3.46034
3.07846 3.2783
3.0683 3.09409
3.05528 2.90763
3.04718 2.72187
3.04565 2.54279
3.04974 2.37071
3.05861 2.20579
3.07159 2.04802
3.08808 1.89718
3.10748 1.75283
3.12913 1.61433
3.15224 1.4809
3.17581 1.35163
3.19867 1.22556
3.21945 1.10171
3.23669 0.979142
3.249 0.857093
3.25518 0.734967
3.25436 0.612351
3.24603 0.488968
3.22989 0.364621
3.20573 0.239169
3.17323 0.112559
3.13188 -0.0151311
3.08104 -0.143674
3.02 -0.272683
2.94767 -0.40135
2.85681 -0.520242
2.74985 -0.621002
2.62742 -0.700049
2.49214 -0.754756
2.34784 -0.784061
2.19868 -0.788406
2.04859 -0.769279
1.90098 -0.728699
1.75882 -0.668804
1.62478 -0.591605
1.50137 -0.498918
1.39099 -0.392462
1.29418 -0.276762
1.21608 -0.148419
1.15628 -0.0122716
1.11535 0.129473
1.09305 0.274829
1.08834 0.422297
1.09956 0.571117
1.12101 0.720501
1.14145 0.865584
1.16204 1.00797
1.18297 1.14877
1.20477 1.28904
1.22812 1.42969
1.25373 1.57139
1.28233 1.71452
1.3146 1.85913
1.35115 2.00504
1.39253 2.15185
1.4393 2.29903
1.492 2.44598
1.55127 2.59205
1.61782 2.73663
1.69254 2.87911
1.77645 3.01897
1.87078 3.15568
1.9768 3.28881
2.09584 3.41791
2.22907 3.54269
2.37726 3.66316
2.53285 3.7741
2.69804 3.874
2.87376 3.9626
3.06045 4.04023
3.25862 4.10526
3.45881 4.16479
3.66104 4.21944
3.86509 4.26982
4.07058 4.31631
4.27707 4.35881
4.48416 4.39654
4.69157 4.42794
4.89907 4.45084
5.10645 4.46294
5.31347 4.4623
5.52034 4.44874
5.71956 4.41345
5.91032 4.35741
6.09218 4.28198
6.26482 4.18888
6.42801 4.07988
6.58149 3.95675
6.72498 3.82115
6.85818 3.67466
6.98083 3.51883
7.09271 3.35518
7.19376 3.18523
7.28407 3.01048
7.36393 2.83241
7.43376 2.65241
7.49411 2.47175
7.54559 2.29156
7.58881 2.11278
7.62431 1.93617
7.65257 1.76227
7.67394 1.59144
7.68862 1.42386
7.69667 1.25957
7.69798 1.09849
7.69231 0.940468
7.67928 0.785345
7.65845 0.63297
7.62932 0.483252
7.59142 0.336183
7.54438 0.191854
7.48803 0.050439
7.42246 -0.0878199
7.34803 -0.222635
7.26537 -0.353656
7.17525 -0.480419
7.07845 -0.602246
6.97568 -0.718143
6.86753 -0.826696
6.75443 -0.925983
6.63678 -1.01347
6.51505 -1.08588
6.39012 -1.13909
6.26392 -1.1681
6.14026 -1.16763
6.0255 -1.13394
5.92714 -1.06758
5.85012 -0.974025
5.79467 -0.860482
5.75767 -0.732715
5.73499 -0.594295
5.72274 -0.447216
5.71768 -0.292637
5.71732 -0.131415
5.71974 0.0355993
5.72348 0.207416
5.72729 0.382883
5.73001 0.560713
5.73037 0.739551
5.72695 0.918046
5.71813 1.09491
5.70216 1.26898
5.67723 1.43924
5.64171 1.60491
5.59446 1.76552
5.53567 1.92143
5.46996 2.07109
5.4084 2.21804
5.34882 2.36341
5.28959 2.50784
5.22914 2.65195
5.16608 2.79624
5.09943 2.94099
5.04174 3.08208
4.99262 3.2171
4.95478 3.34634
4.93205 3.46932
4.93015 3.58385
4.9576 3.68337
5.0233 3.75006
5.1172 3.75604
5.21005 3.70165
5.29153 3.60626
5.36295 3.48242
5.4271 3.33669
5.48804 3.17387
5.53186 2.99912
5.56147 2.81601
5.5782 2.62702
5.58218 2.43429
5.57267 2.23981
5.54829 2.04551
5.50769 1.85396
5.46242 1.66856
5.41302 1.48901
5.35794 1.31576
5.29581 1.14901
5.22558 0.988735
5.14656 0.834748
5.05831 0.686837
4.96057 0.54492
4.85314 0.409179
4.73587 0.280137
4.60863 0.158662
4.47147 0.0458978
4.32463 -0.0568875
4.16872 -0.148486
4.00466 -0.227905
3.83363 -0.294391
3.65693 -0.347275
3.47578 -0.385703
3.2913 -0.40838
3.1045 -0.413503
2.91634 -0.39898
2.73451 -0.370253
2.56026 -0.330044
2.39332 -0.277847
2.2332 -0.213484
2.07907 -0.137278
1.92978 -0.0499514
1.78393 0.0476292
1.64012 0.154671
1.49705 0.270572
1.35365 0.394933
1.20915 0.527496
1.06305 0.66822
0.927926 0.820335
0.80497 0.982534
0.694379 1.15363
0.596379 1.33219
0.51129 1.51672
0.439524 1.70576
0.381513 1.89795
0.337603 2.09207
0.307942 2.28704
0.29239 2.48194
0.290472 2.67597
0.301401 2.8684
0.32415 3.05853
0.357568 3.2456
0.4005 3.42878
0.451927 3.60708
0.511092 3.77933
0.577611 3.9441
0.651534 4.09965
0.73332 4.24383
0.823697 4.37396
0.923387 4.48666
1.03264 4.57777
1.15054 4.64236
1.27409 4.6755
1.39787 4.67402
1.51546 4.63883
1.62247 4.5751
1.71818 4.48982
1.8047 4.38923
1.88532 4.27797
1.96336 4.15924
2.0417 4.03515
2.12263 3.90715
2.208 3.77622
2.29945 3.64322
2.39922 3.51224
2.50117 3.38736
2.60635 3.26931
2.71621 3.1591
2.83222 3.05789
2.95557 2.96674
3.08673 2.88556
3.21552 2.81438
3.3407 2.75007
3.46303 2.69272
3.58335 2.64265
3.70249 2.60033
3.82115 2.56635
3.93986 2.5414
4.05898 2.52621
4.17869 2.52155
4.29904 2.52822
4.41997 2.547
4.54141 2.57866
4.66331 2.62389
4.78582 2.68314
4.90935 2.7565
5.03463 2.84382
5.16203 2.94536
5.27726 3.06126
5.38167 3.19023
5.47534 3.33186
5.54004 3.48793
5.57609 3.65317
5.58346 3.82409
5.56389 3.99746
5.5201 4.1708
5.45499 4.34241
5.3715 4.5111
5.26498 4.666
5.13978 4.80487
4.99823 4.92564
4.84318 5.02662
4.67784 5.10664
4.50564 5.16492
4.33006 5.20089
4.15458 5.21395
3.98282 5.20341
3.81856 5.16861
3.66584 5.10933
3.52861 5.02624
3.41022 4.92129
3.3127 4.79752
3.23642 4.65841
3.18031 4.50711
3.14228 4.34594
3.11972 4.17624
3.10948 3.99876
3.10006 3.82095
3.09275 3.64212
3.08578 3.46177
3.07769 3.27954
3.0674 3.09518
3.05429 2.90861
3.04614 2.72279
3.04457 2.54365
3.04865 2.37147
3.05753 2.20643
3.07053 2.04849
3.08703 1.89745
3.10646 1.75286
3.12813 1.61412
3.15126 1.48044
3.17485 1.35093
3.19772 1.22462
3.21849 1.10052
3.23574 0.977733
3.24804 0.855467
3.25422 0.73313
3.2534 0.61031
3.24505 0.486729
3.22887 0.362192
3.20465 0.236564
3.17205 0.109796
3.13057 -0.0180326
3.07958 -0.146694
3.01835 -0.275796
2.94574 -0.4045
2.85474 -0.523213
2.74763 -0.623786
2.62511 -0.702664
2.48982 -0.757239
2.34556 -0.786457
2.19649 -0.790762
2.0465 -0.771641
1.89901 -0.731101
1.75697 -0.671266
1.62303 -0.594132
1.49969 -0.501512
1.38933 -0.395124
1.29259 -0.27931
1.21438 -0.151006
1.15443 -0.0148603
1.1133 0.126941
1.09079 0.272425
1.08586 0.42009
1.09687 0.569168
1.11837 0.718803
1.13881 0.864185
1.15943 1.00688
1.18041 1.14799
1.20227 1.28854
1.22567 1.42943
1.25133 1.57132
1.27997 1.71459
1.31227 1.85929
1.34884 2.00525
1.39025 2.1521
1.43703 2.29931
1.48976 2.44629
1.54907 2.59241
1.61569 2.73706
1.69051 2.87966
1.77459 3.01965
1.86912 3.15653
1.9754 3.28982
2.09473 3.4191
2.22826 3.54403
2.37673 3.66467
2.53262 3.77579
2.69808 3.87586
2.87401 3.96461
3.06086 4.04239
3.25912 4.10751
3.45934 4.16713
3.66154 4.22189
3.86552 4.27235
4.07093 4.31889
4.27736 4.36138
4.48447 4.39901
4.69198 4.43024
4.89969 4.45294
5.10738 4.46483
5.31476 4.46397
5.52198 4.45028
5.72153 4.41484
5.91257 4.35864
6.09464 4.28308
6.26743 4.18985
6.43068 4.08075
6.58417 3.95753
6.72763 3.82186
6.86079 3.67534
6.98339 3.51951
7.09523 3.35589
7.19626 3.18598
7.28659 3.01129
7.36648 2.83328
7.43637 2.65332
7.49679 2.47269
7.54834 2.29249
7.59162 2.11367
7.62719 1.93697
7.6555 1.76295
7.6769 1.59197
7.6916 1.42421
7.69965 1.25971
7.70094 1.0984
7.69523 0.940148
7.68214 0.784788
7.66124 0.632179
7.63202 0.482236
7.59402 0.334959
7.54689 0.190443
7.49045 0.0488655
7.42482 -0.0895273
7.35036 -0.224444
7.26771 -0.355533
7.17761 -0.482324
7.08084 -0.60414
6.97812 -0.71999
6.87002 -0.828469
6.75696 -0.927667
6.63935 -1.01506
6.51765 -1.0874
6.39275 -1.14057
6.26655 -1.16959
6.14287 -1.16918
6.02804 -1.13556
5.92957 -1.06926
5.85242 -0.975708
5.79685 -0.862118
5.75977 -0.734267
5.73702 -0.595751
5.72473 -0.448589
5.71967 -0.293967
5.71932 -0.132757
5.72178 0.0341791
5.72556 0.205859
5.72942 0.381146
5.73216 0.558777
5.73253 0.737428
5.7291 0.915773
5.72027 1.09255
5.70428 1.26661
5.67934 1.43695
5.64385 1.60279
5.59666 1.76365
5.53795 1.91985
5.47205 2.06972
5.41036 2.2169
5.35064 2.36249
5.2913 2.50713
5.23078 2.65142
5.16768 2.79585
5.10101 2.94068
5.04329 3.082
4.99417 3.21721
4.95633 3.34661
4.93364 3.4697
4.93182 3.58428
4.95944 3.68376
5.02541 3.75018
5.11947 3.75561
5.21232 3.70078
5.29384 3.60511
5.36535 3.48108
5.42969 3.33517
5.49065 3.17251
5.53446 2.99794
5.56399 2.81501
5.58055 2.62622
5.58431 2.43368
5.57453 2.23938
5.54988 2.04521
5.50894 1.85373
5.46342 1.66836
5.41377 1.48874
5.35848 1.31531
5.29616 1.14831
5.22576 0.987755
5.14658 0.833482
5.05819 0.685318
4.96032 0.543203
4.85278 0.407327
4.73541 0.278213
4.60812 0.156719
4.47094 0.0439688
4.32415 -0.058793
4.16833 -0.150381
4.00441 -0.229811
3.83354 -0.296324
3.65699 -0.349229
3.47597 -0.387648
3.29156 -0.410275
3.10479 -0.415309
2.91659 -0.400663
2.73452 -0.371829
2.55997 -0.331496
2.39269 -0.279174
2.2322 -0.214692
2.0777 -0.138368
1.92804 -0.0509125
1.78186 0.0468133
1.63776 0.154015
1.49445 0.270082
1.35087 0.394597
1.20624 0.527283
1.06006 0.668086
0.924999 0.820314
0.802123 0.982557
0.691629 1.15363
0.593738 1.33214
0.508756 1.51661
0.43708 1.70561
0.379126 1.89779
0.335235 2.09195
0.305554 2.28701
0.289947 2.48203
0.287946 2.67618
0.298771 2.86872
0.321402 3.05892
0.354695 3.24603
0.397506 3.42921
0.448827 3.60747
0.507912 3.77967
0.574384 3.94438
0.648289 4.09989
0.730074 4.24406
0.820451 4.37421
0.92013 4.48699
1.02936 4.57823
1.14724 4.64304
1.2708 4.67645
1.39464 4.67527
1.51235 4.64036
1.61953 4.57688
1.71543 4.49179
1.80214 4.39132
1.88291 4.28014
1.96108 4.16144
2.03951 4.03736
2.1205 3.90934
2.20594 3.7784
2.29747 3.6454
2.39726 3.51428
2.49928 3.38928
2.60457 3.27112
2.71457 3.16081
2.83072 3.0595
2.95421 2.96825
3.0855 2.88696
3.21447 2.81562
3.33983 2.75115
3.46232 2.69363
3.58282 2.64341
3.70212 2.60096
3.82094 2.56687
3.93981 2.54184
4.05909 2.52661
4.17896 2.52196
4.29946 2.5287
4.42055 2.5476
4.54214 2.57946
4.6642 2.62493
4.78686 2.68445
4.91055 2.75808
5.03597 2.84568
5.16347 2.94756
5.27874 3.06369
5.38318 3.19294
5.47672 3.33492
5.54119 3.49113
5.57691 3.65653
5.58399 3.82753
5.56417 4.0009
5.52021 4.17417
5.45496 4.34566
5.37142 4.51419
5.26485 4.6688
5.13967 4.8074
4.99823 4.92795
4.84335 5.02879
4.67824 5.10872
4.5063 5.16697
4.33096 5.20294
4.15571 5.21604
3.98412 5.20556
3.81998 5.17087
3.66729 5.11172
3.53 5.0288
3.41145 4.92399
3.31371 4.80031
3.2372 4.66121
3.18087 4.50984
3.14262 4.3485
3.11987 4.17857
3.10945 4.00084
3.09983 3.82278
3.09234 3.6437
3.08521 3.46313
3.07697 3.28071
3.06657 3.09622
3.05337 2.90954
3.04516 2.72366
3.04357 2.54445
3.04763 2.37219
3.05652 2.20702
3.06953 2.04893
3.08606 1.8977
3.1055 1.7529
3.1272 1.61393
3.15034 1.48002
3.17394 1.35027
3.19682 1.22373
3.2176 1.09942
3.23484 0.976417
3.24714 0.853945
3.25332 0.73141
3.2525 0.608399
3.24413 0.484634
3.22792 0.35992
3.20363 0.234127
3.17093 0.10721
3.12933 -0.0207482
3.07821 -0.149521
3.01679 -0.278707
2.94393 -0.407446
2.8528 -0.525994
2.74556 -0.626393
2.62296 -0.705112
2.48764 -0.759565
2.34342 -0.788703
2.19443 -0.792972
2.04455 -0.773856
1.89717 -0.733353
1.75524 -0.673571
1.62139 -0.596497
1.49811 -0.503939
1.38778 -0.397614
1.29109 -0.28168
1.21279 -0.153411
1.1527 -0.0172644
1.11139 0.124592
1.08868 0.270193
1.08355 0.41804
1.09438 0.567355
1.11591 0.717222
1.13636 0.862881
1.15701 1.00587
1.17803 1.14725
1.19994 1.28806
1.22338 1.42918
1.24909 1.57125
1.27777 1.71464
1.3101 1.85943
1.34669 2.00545
1.38812 2.15233
1.43492 2.29957
1.48767 2.44658
1.54702 2.59275
1.61371 2.73748
1.68864 2.88018
1.77286 3.0203
1.86758 3.15732
1.97411 3.29077
2.09371 3.4202
2.22751 3.54529
2.37624 3.66607
2.5324 3.77735
2.69811 3.87758
2.87424 3.96648
3.06123 4.04439
3.25957 4.10961
3.45982 4.16932
3.66199 4.22416
3.86591 4.27471
4.07125 4.32129
4.27765 4.36375
4.48478 4.4013
4.69239 4.43238
4.9003 4.45489
5.10825 4.46658
5.31596 4.46552
5.52351 4.4517
5.72335 4.41612
5.91465 4.3598
6.09693 4.28411
6.26984 4.19076
6.43316 4.08155
6.58666 3.95825
6.7301 3.82253
6.86322 3.67598
6.98577 3.52015
7.09758 3.35655
7.1986 3.18669
7.28894 3.01205
7.36886 2.83408
7.4388 2.65417
7.49928 2.47355
7.5509 2.29335
7.59425 2.11449
7.62987 1.93772
7.65823 1.76359
7.67967 1.59246
7.69438 1.42453
7.70243 1.25984
7.7037 1.09832
7.69795 0.939851
7.68481 0.78427
7.66383 0.631444
7.63453 0.481293
7.59644 0.333823
7.54922 0.189132
7.49271 0.0474049
7.42702 -0.0911121
7.35254 -0.226124
7.26989 -0.357275
7.17981 -0.484093
7.08308 -0.605901
6.9804 -0.721709
6.87234 -0.830121
6.75932 -0.929239
6.64174 -1.01655
6.52007 -1.08883
6.39519 -1.14197
6.269 -1.17099
6.14529 -1.17062
6.0304 -1.13707
5.93183 -1.07082
5.85457 -0.977271
5.7989 -0.863638
5.76172 -0.735712
5.73892 -0.59711
5.72659 -0.449876
5.72152 -0.295217
5.72119 -0.134022
5.72368 0.032843
5.7275 0.204398
5.7314 0.379523
5.73416 0.556976
5.73454 0.735458
5.73111 0.913668
5.72226 1.09037
5.70626 1.26442
5.68132 1.43483
5.64584 1.60082
5.5987 1.76192
5.54006 1.91839
5.474 2.06845
5.41218 2.21583
5.35234 2.36163
5.2929 2.50646
5.2323 2.65091
5.16917 2.79547
5.10251 2.94038
5.04474 3.08192
4.99561 3.21731
4.95779 3.34685
4.93513 3.47004
4.93338 3.58468
4.96116 3.68411
5.02739 3.75027
5.12159 3.75519
5.21444 3.69997
5.296 3.60405
5.36761 3.47982
5.43212 3.33375
5.49308 3.17124
5.53688 2.99683
5.56632 2.81408
5.58273 2.62547
5.58628 2.43311
5.57626 2.23897
5.55135 2.04492
5.5101 1.8535
5.46434 1.66815
5.41447 1.48846
5.35897 1.31488
5.29647 1.14766
5.22592 0.986843
5.1466 0.832311
5.05808 0.683914
4.96009 0.541615
4.85244 0.405613
4.735 0.27643
4.60765 0.154915
4.47047 0.0421749
4.32371 -0.0605683
4.16798 -0.152148
4.00418 -0.23159
3.83346 -0.298126
3.65705 -0.351048
3.47613 -0.389457
3.29179 -0.412037
3.10504 -0.416986
2.91682 -0.402224
2.73452 -0.373292
2.55969 -0.332843
2.39209 -0.280405
2.23127 -0.215813
2.07642 -0.139379
1.92642 -0.0518032
1.77994 0.0460569
1.63557 0.153406
1.49204 0.269624
1.34829 0.394279
1.20354 0.527077
1.05729 0.667952
0.922279 0.820282
0.799475 0.982567
0.689069 1.15363
0.591275 1.3321
0.50639 1.51651
0.434795 1.70547
0.376895 1.89766
0.333023 2.09185
0.303325 2.28699
0.287668 2.48211
0.28559 2.67638
0.296318 2.86902
0.318839 3.05929
0.352015 3.24643
0.394714 3.4296
0.445937 3.60784
0.50495 3.77999
0.571378 3.94465
0.645267 4.10012
0.727049 4.24427
0.817425 4.37444
0.917093 4.48729
1.0263 4.57867
1.14416 4.64368
1.26772 4.67734
1.39162 4.67643
1.50945 4.64179
1.61679 4.57853
1.71287 4.49361
1.79975 4.39327
1.88067 4.28216
1.95895 4.16349
2.03746 4.03942
2.11852 3.91138
2.20402 3.78043
2.29563 3.64743
2.39544 3.51619
2.49753 3.39107
2.60291 3.27281
2.71303 3.16241
2.82932 3.06101
2.95294 2.96966
3.08436 2.88827
3.21349 2.81677
3.33901 2.75215
3.46167 2.69449
3.58232 2.64413
3.70178 2.60155
3.82075 2.56736
3.93976 2.54226
4.05919 2.52699
4.1792 2.52235
4.29985 2.52915
4.42109 2.54817
4.54283 2.58021
4.66503 2.62591
4.78783 2.68568
4.91166 2.75956
5.03722 2.84742
5.16479 2.94962
5.28012 3.06597
5.38458 3.19547
5.47797 3.3378
5.54225 3.49413
5.57768 3.65966
5.58448 3.83073
5.56444 4.00409
5.5203 4.1773
5.45494 4.34868
5.37134 4.51706
5.26473 4.67142
5.13958 4.80977
4.99823 4.93012
4.84352 5.03081
4.67862 5.11067
4.50691 5.16889
4.3318 5.20486
4.15675 5.21799
3.98532 5.20758
3.82129 5.17297
3.66863 5.11396
3.53128 5.03117
3.41259 4.9265
3.31466 4.8029
3.23793 4.66381
3.18138 4.51236
3.14295 4.35087
3.12001 4.18074
3.10942 4.00277
3.09962 3.82448
3.09196 3.64517
3.08467 3.4644
3.07631 3.28182
3.06579 3.09719
3.05252 2.91041
3.04426 2.72448
3.04263 2.5452
3.04668 2.37285
3.05557 2.20757
3.0686 2.04933
3.08515 1.89792
3.10461 1.75293
3.12632 1.61375
3.14948 1.47962
3.1731 1.34967
3.19598 1.22291
3.21676 1.09839
3.234 0.975191
3.2463 0.852528
3.25248 0.729809
3.25165 0.606619
3.24327 0.482681
3.22702 0.357802
3.20268 0.231856
3.16989 0.104801
3.12818 -0.0232786
3.07692 -0.152154
3.01533 -0.281419
2.94223 -0.410188
2.85098 -0.528584
2.74362 -0.628822
2.62095 -0.707395
2.48562 -0.761735
2.34144 -0.790798
2.19252 -0.795035
2.04273 -0.775924
1.89546 -0.735454
1.75362 -0.67572
1.61985 -0.598701
1.49663 -0.506199
1.38632 -0.399931
1.2897 -0.283874
1.21132 -0.155636
1.15109 -0.0194867
1.10962 0.122421
1.08673 0.268131
1.08141 0.416145
1.09208 0.565677
1.11364 0.715757
1.13408 0.861672
1.15476 1.00492
1.17582 1.14657
1.19777 1.28762
1.22126 1.42894
1.24701 1.57118
1.27573 1.71469
1.30808 1.85956
1.3447 2.00563
1.38614 2.15254
1.43296 2.29981
1.48574 2.44685
1.54513 2.59307
1.61188 2.73787
1.6869 2.88066
1.77126 3.0209
1.86617 3.15806
1.97292 3.29165
2.09276 3.42123
2.22682 3.54645
2.37578 3.66737
2.5322 3.7788
2.69812 3.87917
2.87444 3.96821
3.06157 4.04625
3.25998 4.11155
3.46025 4.17135
3.66241 4.22627
3.86628 4.27689
4.07157 4.3235
4.27793 4.36595
4.48508 4.40342
4.6928 4.43436
4.90088 4.4567
5.10908 4.46819
5.31709 4.46696
5.52492 4.45302
5.72503 4.41731
5.91657 4.36086
6.09903 4.28506
6.27207 4.19161
6.43545 4.08231
6.58897 3.95893
6.73239 3.82316
6.86547 3.67658
6.98799 3.52075
7.09977 3.35717
7.20077 3.18734
7.29112 3.01275
7.37107 2.83483
7.44105 2.65495
7.50159 2.47435
7.55328 2.29414
7.59668 2.11524
7.63236 1.9384
7.66076 1.76417
7.68223 1.59292
7.69696 1.42483
7.705 1.25996
7.70626 1.09825
7.70047 0.939576
7.68728 0.783791
7.66624 0.630764
7.63686 0.480421
7.59869 0.332772
7.55138 0.187921
7.49481 0.0460554
7.42907 -0.092576
7.35457 -0.227676
7.27192 -0.358885
7.18186 -0.485729
7.08516 -0.607529
6.98252 -0.7233
6.87449 -0.831653
6.76151 -0.930698
6.64397 -1.01794
6.52232 -1.09016
6.39746 -1.14326
6.27127 -1.17229
6.14754 -1.17196
6.03259 -1.13846
5.93393 -1.07226
5.85656 -0.978715
5.80079 -0.865044
5.76354 -0.73705
5.74068 -0.598372
5.72832 -0.451075
5.72324 -0.296385
5.72292 -0.135205
5.72545 0.0315936
5.7293 0.203036
5.73323 0.378014
5.73602 0.555307
5.73641 0.733637
5.73297 0.911726
5.72411 1.08835
5.70809 1.2624
5.68314 1.43288
5.64768 1.59901
5.60059 1.76031
5.54203 1.91702
5.47581 2.06726
5.41387 2.21485
5.35392 2.36083
5.29438 2.50583
5.23372 2.65044
5.17056 2.79511
5.10391 2.94009
5.04609 3.08183
4.99695 3.21739
4.95914 3.34706
4.93651 3.47034
4.93483 3.58503
4.96276 3.68443
5.02924 3.75034
5.12356 3.7548
5.21641 3.6992
5.298 3.60305
5.3697 3.47865
5.43438 3.33242
5.49533 3.17006
5.53911 2.99581
5.56848 2.81321
5.58475 2.62477
5.58811 2.43258
5.57786 2.23858
5.55272 2.04462
5.51118 1.85326
5.46519 1.66794
5.41511 1.48819
5.35943 1.31447
5.29677 1.14705
5.22607 0.986
5.14662 0.831231
5.05798 0.682622
4.95988 0.540152
4.85214 0.404034
4.73461 0.274786
4.60723 0.153249
4.47003 0.0405146
4.32331 -0.062214
4.16766 -0.153788
4.00397 -0.23324
3.83338 -0.299798
3.65709 -0.352734
3.47627 -0.391132
3.292 -0.413666
3.10526 -0.418536
2.91701 -0.403665
2.73451 -0.374642
2.55942 -0.334088
2.39154 -0.281543
2.2304 -0.216848
2.07523 -0.140311
1.92493 -0.052625
1.77816 0.0453589
1.63355 0.152843
1.48982 0.269198
1.34591 0.39398
1.20105 0.526879
1.05473 0.66782
0.919764 0.820242
0.797025 0.982566
0.686698 1.15363
0.588991 1.33206
0.504193 1.51643
0.432671 1.70536
0.37482 1.89754
0.330967 2.09177
0.301254 2.28698
0.285552 2.48219
0.283404 2.67656
0.294042 2.86928
0.31646 3.05961
0.349529 3.24678
0.392124 3.42996
0.443259 3.60817
0.502204 3.78028
0.568593 3.9449
0.642464 4.10033
0.724244 4.24447
0.814618 4.37466
0.914276 4.48758
1.02347 4.57908
1.1413 4.64426
1.26487 4.67815
1.38882 4.67751
1.50676 4.64311
1.61425 4.58006
1.71049 4.4953
1.79753 4.39507
1.87859 4.28403
1.95697 4.16539
2.03556 4.04132
2.11669 3.91328
2.20225 3.78232
2.29392 3.64932
2.39376 3.51796
2.4959 3.39274
2.60138 3.27438
2.71162 3.16389
2.82803 3.06241
2.95177 2.97096
3.0833 2.88949
3.21258 2.81785
3.33824 2.75308
3.46105 2.69529
3.58186 2.6448
3.70146 2.6021
3.82057 2.56782
3.93972 2.54265
4.05928 2.52735
4.17943 2.52272
4.30022 2.52957
4.4216 2.54871
4.54347 2.58092
4.66581 2.62683
4.78874 2.68683
4.9127 2.76095
5.03837 2.84905
5.16601 2.95154
5.28139 3.06809
5.38586 3.19783
5.47911 3.34049
5.54322 3.49692
5.57838 3.66256
5.58492 3.83369
5.56468 4.00705
5.52039 4.18019
5.45492 4.35148
5.37126 4.51972
5.26463 4.67384
5.1395 4.81197
4.99825 4.93213
4.84369 5.0327
4.67898 5.11248
4.50747 5.17067
4.33257 5.20665
4.1577 5.21981
3.98643 5.20945
3.82249 5.17493
3.66986 5.11602
3.53246 5.03337
3.41365 4.92882
3.31553 4.8053
3.23861 4.66621
3.18187 4.51469
3.14325 4.35306
3.12015 4.18274
3.10939 4.00456
3.09943 3.82606
3.09161 3.64655
3.08418 3.46559
3.07569 3.28285
3.06508 3.0981
3.05173 2.91123
3.04342 2.72523
3.04177 2.54589
3.04581 2.37346
3.0547 2.20807
3.06774 2.0497
3.0843 1.89813
3.10378 1.75296
3.12552 1.61359
3.14869 1.47926
3.17232 1.3491
3.1952 1.22215
3.21599 1.09744
3.23322 0.974056
3.24552 0.851215
3.2517 0.728324
3.25086 0.604969
3.24247 0.48087
3.22619 0.355839
3.20179 0.22975
3.16893 0.102567
3.12711 -0.0256248
3.07572 -0.154596
3.01397 -0.283932
2.94065 -0.41273
2.84929 -0.530985
2.74183 -0.631076
2.61909 -0.709513
2.48375 -0.763748
2.3396 -0.792744
2.19075 -0.796951
2.04105 -0.777845
1.89386 -0.737404
1.75211 -0.677714
1.61843 -0.600745
1.49526 -0.508294
1.38496 -0.402078
1.28841 -0.285893
1.20995 -0.157682
1.14961 -0.0215293
1.10799 0.120426
1.08493 0.266237
1.07945 0.414404
1.08995 0.564133
1.11155 0.714407
1.13199 0.860557
1.15269 1.00405
1.17379 1.14593
1.19578 1.2872
1.21931 1.42871
1.24509 1.5711
1.27384 1.71472
1.30622 1.85967
1.34286 2.00579
1.38432 2.15274
1.43116 2.30003
1.48396 2.44711
1.54339 2.59338
1.6102 2.73824
1.68531 2.88112
1.7698 3.02146
1.86488 3.15875
1.97183 3.29247
2.0919 3.42217
2.22619 3.54752
2.37536 3.66857
2.53201 3.78013
2.69813 3.88063
2.87461 3.9698
3.06186 4.04796
3.26035 4.11334
3.46064 4.17321
3.66278 4.22822
3.86661 4.2789
4.07186 4.32554
4.2782 4.36797
4.48538 4.40536
4.69319 4.43618
4.90144 4.45836
5.10986 4.46968
5.31813 4.46828
5.52622 4.45423
5.72658 4.4184
5.91833 4.36184
6.10095 4.28594
6.27411 4.19239
6.43755 4.08301
6.59109 3.95956
6.7345 3.82374
6.86755 3.67714
6.99003 3.5213
7.10178 3.35774
7.20278 3.18794
7.29313 3.01339
7.37311 2.83551
7.44314 2.65566
7.50373 2.47508
7.55547 2.29486
7.59893 2.11593
7.63466 1.93903
7.6631 1.76471
7.68459 1.59333
7.69934 1.4251
7.70738 1.26006
7.70861 1.09818
7.70279 0.939322
7.68956 0.78335
7.66845 0.630138
7.639 0.479619
7.60076 0.331807
7.55338 0.186809
7.49675 0.0448155
7.43097 -0.0939209
7.35644 -0.229101
7.27379 -0.360364
7.18375 -0.487232
7.08708 -0.609027
6.98447 -0.724765
6.87648 -0.833064
6.76353 -0.932044
6.64601 -1.01922
6.52439 -1.09139
6.39954 -1.14446
6.27336 -1.17348
6.14961 -1.17319
6.03461 -1.13975
5.93586 -1.07358
5.8584 -0.980041
5.80254 -0.866336
5.76522 -0.738282
5.74231 -0.599537
5.72992 -0.452185
5.72483 -0.297469
5.72453 -0.136304
5.72708 0.0304334
5.73097 0.201774
5.73492 0.37662
5.73773 0.553769
5.73813 0.731963
5.73468 0.909944
5.72581 1.08651
5.70977 1.26055
5.68482 1.43109
5.64938 1.59735
5.60234 1.75884
5.54383 1.91577
5.47748 2.06617
5.41543 2.21393
5.35537 2.36009
5.29575 2.50525
5.23503 2.65
5.17184 2.79478
5.10521 2.93982
5.04734 3.08174
4.99819 3.21746
4.96039 3.34725
4.93779 3.47062
4.93617 3.58535
4.96424 3.68472
5.03094 3.75039
5.12537 3.75442
5.21823 3.69849
5.29985 3.60212
5.37165 3.47756
5.43648 3.3312
5.4974 3.16897
5.54116 2.99487
5.57046 2.81242
5.58661 2.62412
5.58979 2.43208
5.57934 2.2382
5.55398 2.04434
5.51217 1.85304
5.46598 1.66773
5.41571 1.48792
5.35985 1.31408
5.29703 1.14648
5.2262 0.985224
5.14664 0.830241
5.05789 0.681438
4.95968 0.538814
4.85186 0.402586
4.73427 0.273277
4.60684 0.151718
4.46964 0.0389868
4.32295 -0.0637305
4.16737 -0.1553
4.00378 -0.234763
3.83331 -0.301339
3.65713 -0.354286
3.4764 -0.392673
3.29217 -0.415165
3.10545 -0.419961
2.91718 -0.404988
2.73449 -0.375883
2.55918 -0.335231
2.39103 -0.282588
2.2296 -0.217799
2.07414 -0.141167
1.92355 -0.053379
1.77653 0.044718
1.63169 0.152325
1.48777 0.268805
1.34372 0.393701
1.19876 0.526692
1.05237 0.667693
0.917451 0.820197
0.79477 0.982558
0.684514 1.15362
0.586885 1.33202
0.502164 1.51636
0.430708 1.70526
0.372903 1.89744
0.329067 2.0917
0.299343 2.28697
0.2836 2.48227
0.281387 2.67672
0.291942 2.86952
0.314266 3.0599
0.347236 3.2471
0.389737 3.43028
0.440789 3.60847
0.499674 3.78055
0.566026 3.94513
0.639882 4.10053
0.721658 4.24465
0.81203 4.37486
0.911677 4.48784
1.02085 4.57945
1.13867 4.6448
1.26224 4.6789
1.38624 4.67849
1.50428 4.64432
1.61191 4.58147
1.7083 4.49686
1.79548 4.39673
1.87666 4.28575
1.95515 4.16714
2.03381 4.04308
2.115 3.91502
2.20062 3.78406
2.29236 3.65105
2.39221 3.5196
2.49441 3.39428
2.59997 3.27583
2.71031 3.16526
2.82683 3.0637
2.95069 2.97217
3.08233 2.89061
3.21174 2.81884
3.33754 2.75395
3.46049 2.69602
3.58143 2.64541
3.70116 2.60262
3.8204 2.56825
3.93968 2.54301
4.05936 2.52768
4.17964 2.52306
4.30056 2.52997
4.42206 2.54922
4.54406 2.58158
4.66652 2.62769
4.78957 2.68789
4.91365 2.76223
5.03943 2.85056
5.16713 2.95332
5.28256 3.07006
5.38704 3.20002
5.48013 3.34299
5.5441 3.49951
5.57902 3.66524
5.58533 3.83642
5.5649 4.00976
5.52047 4.18286
5.45491 4.35406
5.3712 4.52217
5.26454 4.67608
5.13944 4.814
4.99827 4.934
4.84384 5.03444
4.67931 5.11416
4.508 5.17232
4.33328 5.20831
4.15858 5.22149
3.98744 5.21118
3.82359 5.17673
3.67098 5.11793
3.53354 5.0354
3.41461 4.93095
3.31634 4.8075
3.23924 4.66841
3.18231 4.51682
3.14353 4.35507
3.12027 4.18459
3.10936 4.00621
3.09925 3.82752
3.09129 3.64782
3.08373 3.46669
3.07512 3.28381
3.06442 3.09894
3.05101 2.91198
3.04265 2.72593
3.04097 2.54653
3.045 2.37402
3.0539 2.20853
3.06695 2.05004
3.08352 1.89833
3.10302 1.75299
3.12477 1.61344
3.14796 1.47893
3.17159 1.34858
3.19448 1.22146
3.21527 1.09657
3.23251 0.97301
3.2448 0.850005
3.25097 0.726956
3.25013 0.603447
3.24173 0.479201
3.22542 0.354029
3.20097 0.227809
3.16803 0.100509
3.12612 -0.0277874
3.07461 -0.156846
3.01271 -0.286247
2.93918 -0.415071
2.84773 -0.533198
2.74017 -0.633153
2.61738 -0.711466
2.48203 -0.765606
2.33791 -0.79454
2.18912 -0.79872
2.0395 -0.779617
1.89239 -0.739203
1.75073 -0.679554
1.61711 -0.602629
1.49398 -0.510225
1.3837 -0.404055
1.28723 -0.28774
1.2087 -0.159552
1.14825 -0.0233944
1.10649 0.118605
1.08328 0.264508
1.07765 0.412814
1.08802 0.562721
1.10964 0.713172
1.13007 0.859537
1.15079 1.00325
1.17192 1.14534
1.19395 1.28681
1.21752 1.4285
1.24333 1.57103
1.27211 1.71475
1.30452 1.85977
1.34117 2.00594
1.38265 2.15292
1.42951 2.30024
1.48233 2.44735
1.5418 2.59366
1.60867 2.73858
1.68386 2.88154
1.76847 3.02198
1.8637 3.15938
1.97083 3.29321
2.09111 3.42304
2.22561 3.54851
2.37498 3.66967
2.53183 3.78134
2.69814 3.88197
2.87477 3.97125
3.06212 4.04952
3.26067 4.11497
3.46099 4.17492
3.66312 4.22999
3.86692 4.28073
4.07213 4.3274
4.27846 4.36982
4.48567 4.40714
4.69357 4.43784
4.90196 4.45987
5.11058 4.47104
5.3191 4.46949
5.52741 4.45534
5.72798 4.41939
5.91993 4.36274
6.1027 4.28674
6.27596 4.19311
6.43947 4.08365
6.59302 3.96014
6.73642 3.82428
6.86945 3.67765
6.9919 3.52181
7.10363 3.35827
7.20462 3.1885
7.29498 3.01398
7.37498 2.83614
7.44504 2.65632
7.50568 2.47575
7.55747 2.29553
7.60099 2.11656
7.63676 1.9396
7.66524 1.76519
7.68675 1.59371
7.70151 1.42534
7.70955 1.26016
7.71077 1.09811
7.70492 0.93909
7.69164 0.782947
7.67048 0.629567
7.64097 0.478887
7.60265 0.330925
7.55521 0.185793
7.49852 0.0436839
7.43271 -0.0951484
7.35816 -0.230402
7.27551 -0.361714
7.18549 -0.488605
7.08884 -0.610396
6.98626 -0.726105
6.8783 -0.834357
6.76538 -0.933278
6.64789 -1.0204
6.52628 -1.09251
6.40145 -1.14555
6.27527 -1.17458
6.15151 -1.17431
6.03646 -1.14092
5.93764 -1.07479
5.86009 -0.981252
5.80415 -0.867517
5.76676 -0.73941
5.7438 -0.600606
5.73139 -0.453206
5.72629 -0.298468
5.726 -0.137318
5.72857 0.0293642
5.73249 0.200613
5.73647 0.375342
5.7393 0.552363
5.7397 0.730436
5.73625 0.90832
5.72736 1.08483
5.71132 1.25886
5.68636 1.42946
5.65093 1.59583
5.60393 1.75749
5.54549 1.91462
5.479 2.06517
5.41686 2.2131
5.35671 2.35941
5.29701 2.50472
5.23624 2.64959
5.17302 2.79446
5.10641 2.93957
5.04848 3.08165
4.99933 3.21751
4.96153 3.34742
4.93896 3.47087
4.93741 3.58564
4.9656 3.68497
5.03251 3.75044
5.12704 3.75407
5.2199 3.69784
5.30155 3.60127
5.37343 3.47655
5.43841 3.33007
5.4993 3.16796
5.54303 2.99401
5.57227 2.81169
5.5883 2.62353
5.59133 2.43161
5.58068 2.23785
5.55513 2.04407
5.51307 1.85281
5.4667 1.66753
5.41625 1.48767
5.36023 1.31371
5.29728 1.14596
5.22633 0.984514
5.14665 0.829339
5.0578 0.680361
4.95951 0.537595
4.85161 0.401268
4.73395 0.271901
4.60649 0.150321
4.46928 0.0375903
4.32262 -0.0651186
4.1671 -0.156686
4.00361 -0.236158
3.83324 -0.30275
3.65716 -0.355707
3.4765 -0.394082
3.29233 -0.416534
3.10562 -0.421261
2.91733 -0.406195
2.73447 -0.377014
2.55894 -0.336275
2.39056 -0.283542
2.22887 -0.218666
2.07314 -0.141948
1.9223 -0.0540664
1.77504 0.0441335
1.62999 0.151851
1.4859 0.268444
1.34172 0.393442
1.19667 0.526517
1.05022 0.667572
0.915338 0.82015
0.792709 0.982545
0.682515 1.1536
0.584956 1.33198
0.500304 1.51629
0.428908 1.70518
0.371144 1.89736
0.327325 2.09165
0.29759 2.28697
0.28181 2.48233
0.279539 2.67686
0.290018 2.86973
0.312255 3.06016
0.345135 3.24739
0.38755 3.43057
0.438529 3.60875
0.497359 3.78079
0.563677 3.94534
0.637517 4.10072
0.71929 4.24483
0.80966 4.37505
0.909297 4.48808
1.01845 4.57979
1.13625 4.64529
1.25983 4.67959
1.38388 4.67939
1.50201 4.64543
1.60976 4.58276
1.70629 4.49828
1.79361 4.39825
1.8749 4.28733
1.95348 4.16875
2.03221 4.04468
2.11345 3.91663
2.19913 3.78565
2.29092 3.65264
2.3908 3.5211
2.49305 3.39569
2.59868 3.27716
2.70911 3.16652
2.82574 3.06489
2.9497 2.97328
3.08143 2.89164
3.21096 2.81975
3.33689 2.75474
3.45997 2.6967
3.58103 2.64598
3.70089 2.60309
3.82024 2.56864
3.93964 2.54335
4.05944 2.52799
4.17983 2.52338
4.30087 2.53034
4.42249 2.54968
4.54461 2.58219
4.66718 2.62847
4.79034 2.68888
4.91452 2.76341
5.04039 2.85194
5.16815 2.95497
5.28362 3.07187
5.3881 3.20203
5.48105 3.3453
5.5449 3.50189
5.5796 3.6677
5.58571 3.83891
5.56511 4.01225
5.52054 4.18529
5.45489 4.35641
5.37114 4.52441
5.26446 4.67812
5.13938 4.81587
4.99829 4.93571
4.84399 5.03605
4.67962 5.1157
4.50848 5.17384
4.33393 5.20983
4.15938 5.22303
3.98836 5.21276
3.82459 5.17839
3.672 5.11968
3.53452 5.03725
3.4155 4.9329
3.31708 4.8095
3.23981 4.67042
3.18272 4.51877
3.14379 4.35691
3.12039 4.18627
3.10934 4.00771
3.09908 3.82885
3.09099 3.64898
3.08331 3.46771
3.07461 3.28469
3.06382 3.09972
3.05035 2.91267
3.04195 2.72657
3.04025 2.54711
3.04427 2.37453
3.05316 2.20895
3.06622 2.05035
3.08281 1.8985
3.10233 1.75301
3.12409 1.6133
3.14729 1.47862
3.17093 1.34811
3.19383 1.22082
3.21461 1.09577
3.23185 0.972053
3.24414 0.848898
3.25031 0.725704
3.24947 0.602055
3.24105 0.477674
3.22472 0.352372
3.20022 0.226033
3.16721 0.0986237
3.12521 -0.0297673
3.07359 -0.158906
3.01155 -0.288366
2.93783 -0.417213
2.8463 -0.535224
2.73866 -0.635056
2.61581 -0.713255
2.48046 -0.767308
2.33636 -0.796186
2.18763 -0.800342
2.03808 -0.781243
1.89105 -0.740852
1.74945 -0.681238
1.61589 -0.604354
1.49281 -0.511992
1.38254 -0.405864
1.28616 -0.289414
1.20756 -0.161246
1.14701 -0.025084
1.10514 0.116957
1.08179 0.262942
1.07602 0.411373
1.08626 0.56144
1.1079 0.712051
1.12833 0.85861
1.14907 1.00252
1.17023 1.14481
1.19229 1.28646
1.21589 1.4283
1.24174 1.57095
1.27054 1.71477
1.30297 1.85986
1.33964 2.00607
1.38113 2.15308
1.42801 2.30043
1.48086 2.44756
1.54035 2.59391
1.60728 2.73889
1.68255 2.88192
1.76727 3.02246
1.86264 3.15995
1.96994 3.29389
2.0904 3.42382
2.22509 3.5494
2.37463 3.67066
2.53167 3.78245
2.69814 3.88318
2.87491 3.97257
3.06236 4.05093
3.26096 4.11645
3.4613 4.17647
3.66342 4.23161
3.8672 4.28239
4.07238 4.32909
4.2787 4.37149
4.48594 4.40875
4.69392 4.43935
4.90244 4.46125
5.11124 4.47228
5.31997 4.47059
5.52849 4.45634
5.72926 4.4203
5.92137 4.36355
6.10429 4.28747
6.27764 4.19376
6.4412 4.08423
6.59477 3.96067
6.73816 3.82477
6.87117 3.67812
6.99359 3.52228
7.10531 3.35874
7.20629 3.189
7.29665 3.01452
7.37668 2.83671
7.44678 2.65691
7.50746 2.47635
7.5593 2.29612
7.60285 2.11713
7.63867 1.94012
7.66718 1.76563
7.68872 1.59405
7.70348 1.42556
7.71152 1.26025
7.71273 1.09806
7.70685 0.938879
7.69353 0.782582
7.67233 0.629049
7.64275 0.478223
7.60438 0.330127
7.55688 0.184873
7.50014 0.0426592
7.43429 -0.0962598
7.35973 -0.23158
7.27708 -0.362937
7.18707 -0.489849
7.09045 -0.611636
6.98789 -0.727321
6.87995 -0.83553
6.76706 -0.934399
6.64959 -1.02147
6.52801 -1.09354
6.40319 -1.14655
6.27701 -1.17558
6.15323 -1.17534
6.03814 -1.14198
5.93925 -1.07588
5.86163 -0.98235
5.80561 -0.868587
5.76816 -0.740433
5.74516 -0.601578
5.73272 -0.454136
5.72762 -0.29938
5.72733 -0.138245
5.72992 0.0283878
5.73387 0.199555
5.73787 0.374179
5.74072 0.551087
5.74112 0.729052
5.73767 0.906852
5.72877 1.08331
5.71272 1.25734
5.68776 1.42799
5.65234 1.59446
5.60538 1.75627
5.54699 1.91357
5.48039 2.06426
5.41815 2.21234
5.35792 2.35879
5.29815 2.50423
5.23733 2.64921
5.1741 2.79417
5.10751 2.93933
5.04953 3.08157
5.00037 3.21756
4.96258 3.34756
4.94003 3.47109
4.93853 3.58589
4.96684 3.68519
5.03393 3.75047
5.12856 3.75374
5.22142 3.69724
5.3031 3.60049
5.37506 3.47564
5.44017 3.32905
5.50102 3.16705
5.54473 2.99322
5.57391 2.81103
5.58984 2.62299
5.59272 2.43119
5.58191 2.23753
5.55617 2.04381
5.51388 1.85261
5.46735 1.66733
5.41674 1.48743
5.36058 1.31338
5.2975 1.14548
5.22644 0.98387
5.14666 0.828523
5.05772 0.679388
4.95935 0.536494
4.85138 0.400076
4.73367 0.270657
4.60618 0.149055
4.46896 0.0363241
4.32233 -0.0663786
4.16687 -0.157945
4.00346 -0.237425
3.83318 -0.304031
3.65718 -0.356996
3.4766 -0.39536
3.29246 -0.417774
3.10576 -0.422438
2.91746 -0.407287
2.73444 -0.378038
2.55873 -0.337219
2.39013 -0.284405
2.22821 -0.21945
2.07224 -0.142653
1.92116 -0.0546883
1.77368 0.0436044
1.62845 0.151422
1.4842 0.268115
1.33991 0.393206
1.19477 0.526354
1.04827 0.667458
0.913422 0.820102
0.79084 0.982528
0.680702 1.15359
0.583204 1.33195
0.498614 1.51623
0.42727 1.7051
0.369544 1.89729
0.32574 2.0916
0.295996 2.28697
0.280184 2.4824
0.277859 2.67699
0.288269 2.86991
0.310428 3.0604
0.343227 3.24765
0.385564 3.43083
0.436476 3.60899
0.495256 3.78101
0.561544 3.94553
0.635371 4.10089
0.71714 4.24499
0.807507 4.37522
0.907135 4.4883
1.01627 4.5801
1.13406 4.64574
1.25764 4.68021
1.38173 4.68021
1.49995 4.64644
1.60781 4.58392
1.70447 4.49957
1.7919 4.39962
1.8733 4.28875
1.95196 4.1702
2.03076 4.04614
2.11205 3.91808
2.19777 3.7871
2.28962 3.65409
2.38952 3.52246
2.49181 3.39697
2.59751 3.27837
2.70803 3.16767
2.82475 3.06597
2.9488 2.97429
3.08062 2.89258
3.21026 2.82058
3.33631 2.75546
3.4595 2.69732
3.58067 2.6465
3.70064 2.60352
3.8201 2.569
3.9396 2.54365
4.05951 2.52827
4.18001 2.52367
4.30115 2.53067
4.42288 2.55011
4.5451 2.58275
4.66777 2.62919
4.79103 2.68977
4.91531 2.76449
5.04127 2.85321
5.16906 2.95646
5.28458 3.07351
5.38906 3.20386
5.48188 3.3474
5.54561 3.50405
5.58012 3.66993
5.58604 3.84117
5.56529 4.0145
5.52061 4.1875
5.45488 4.35855
5.37108 4.52644
5.2644 4.67998
5.13934 4.81756
4.99832 4.93727
4.84413 5.03751
4.6799 5.1171
4.50891 5.17522
4.33451 5.21121
4.1601 5.22443
3.98919 5.2142
3.82549 5.17989
3.67293 5.12127
3.53541 5.03893
3.41629 4.93467
3.31774 4.81132
3.24033 4.67224
3.1831 4.52053
3.14403 4.35857
3.1205 4.18779
3.10932 4.00908
3.09894 3.83007
3.09073 3.65005
3.08294 3.46863
3.07414 3.2855
3.06327 3.10043
3.04975 2.9133
3.04132 2.72715
3.03959 2.54764
3.0436 2.37499
3.0525 2.20933
3.06556 2.05063
3.08217 1.89866
3.10169 1.75304
3.12347 1.61318
3.14668 1.47835
3.17033 1.34768
3.19323 1.22024
3.21401 1.09504
3.23125 0.971185
3.24354 0.847893
3.24971 0.724567
3.24886 0.600791
3.24043 0.476286
3.22407 0.350868
3.19953 0.22442
3.16646 0.0969122
3.12437 -0.031565
3.07266 -0.160776
3.0105 -0.290289
2.9366 -0.419158
2.845 -0.537063
2.73728 -0.636784
2.61439 -0.714881
2.47903 -0.768854
2.33496 -0.797683
2.18628 -0.801816
2.03678 -0.78272
1.88983 -0.742351
1.74829 -0.682768
1.61479 -0.60592
1.49175 -0.513596
1.38149 -0.407505
1.28519 -0.290918
1.20654 -0.162767
1.1459 -0.0265997
1.10392 0.115478
1.08045 0.261538
1.07456 0.41008
1.08469 0.560289
1.10635 0.711043
1.12676 0.857777
1.14752 1.00186
1.1687 1.14433
1.19079 1.28614
1.21442 1.42812
1.2403 1.57088
1.26913 1.71479
1.30158 1.85994
1.33827 2.00619
1.37977 2.15323
1.42666 2.3006
1.47953 2.44776
1.53906 2.59415
1.60603 2.73918
1.68138 2.88227
1.76619 3.02289
1.86169 3.16047
1.96914 3.29451
2.08977 3.42453
2.22462 3.5502
2.37432 3.67156
2.53152 3.78344
2.69814 3.88427
2.87502 3.97375
3.06256 4.0522
3.26121 4.11778
3.46158 4.17786
3.66369 4.23305
3.86744 4.28389
4.0726 4.3306
4.27893 4.37299
4.48619 4.41019
4.69424 4.4407
4.90288 4.46248
5.11185 4.47338
5.32077 4.47157
5.52946 4.45723
5.7304 4.42111
5.92267 4.36428
6.1057 4.28812
6.27914 4.19434
6.44275 4.08476
6.59634 3.96115
6.73973 3.82521
6.87272 3.67855
6.99512 3.5227
7.10682 3.35918
7.20779 3.18946
7.29817 3.015
7.37821 2.83722
7.44834 2.65744
7.50906 2.4769
7.56094 2.29666
7.60454 2.11764
7.64038 1.94058
7.66892 1.76602
7.69048 1.59435
7.70526 1.42576
7.7133 1.26033
7.71449 1.098
7.70859 0.93869
7.69524 0.782254
7.67398 0.628585
7.64436 0.477628
7.60593 0.32941
7.55837 0.184049
7.50159 0.0417403
7.43571 -0.0972564
7.36114 -0.232637
7.27849 -0.364034
7.18849 -0.490965
7.09189 -0.61275
6.98936 -0.728412
6.88144 -0.836584
6.76857 -0.935408
6.65112 -1.02243
6.52955 -1.09446
6.40474 -1.14745
6.27857 -1.17648
6.15477 -1.17626
6.03965 -1.14294
5.9407 -1.07686
5.86301 -0.983334
5.80693 -0.869547
5.76943 -0.741353
5.74639 -0.602453
5.73392 -0.454975
5.72881 -0.300204
5.72853 -0.139082
5.73114 0.0275055
5.73511 0.1986
5.73913 0.373132
5.74199 0.54994
5.7424 0.727811
5.73895 0.905536
5.73004 1.08195
5.71397 1.25598
5.68901 1.42667
5.65361 1.59323
5.60668 1.75517
5.54834 1.91263
5.48163 2.06344
5.41932 2.21165
5.35901 2.35823
5.29918 2.50379
5.23832 2.64887
5.17507 2.7939
5.10851 2.93911
5.05048 3.08149
5.0013 3.21759
4.96352 3.34769
4.94099 3.47128
4.93954 3.58612
4.96796 3.68539
5.03522 3.75049
5.12992 3.75344
5.22278 3.69669
5.30449 3.59978
5.37652 3.47482
5.44176 3.32812
5.50257 3.16623
5.54625 2.99252
5.57538 2.81043
5.59121 2.6225
5.59397 2.4308
5.583 2.23723
5.55711 2.04358
5.51461 1.85241
5.46793 1.66715
5.41718 1.48721
5.36089 1.31307
5.29769 1.14505
5.22654 0.983291
5.14667 0.827792
5.05765 0.678517
4.95921 0.535509
4.85117 0.39901
4.73342 0.269542
4.6059 0.14792
4.46868 0.0351873
4.32207 -0.0675111
4.16666 -0.159077
4.00332 -0.238565
3.83312 -0.305183
3.6572 -0.358154
3.47668 -0.396508
3.29258 -0.418888
3.10589 -0.423494
2.91757 -0.408265
2.73442 -0.378956
2.55854 -0.338066
2.38974 -0.285179
2.22761 -0.220154
2.07143 -0.143286
1.92014 -0.0552454
1.77247 0.0431302
1.62707 0.151037
1.48268 0.267819
1.33828 0.392991
1.19307 0.526205
1.04652 0.667353
0.911702 0.820055
0.789161 0.982509
0.679072 1.15357
0.581629 1.33192
0.497092 1.51618
0.425796 1.70504
0.368102 1.89723
0.324313 2.09157
0.294561 2.28697
0.27872 2.48245
0.276348 2.6771
0.286697 2.87008
0.308785 3.0606
0.341511 3.24788
0.383778 3.43106
0.434631 3.60921
0.493367 3.78121
0.559627 3.94571
0.633441 4.10104
0.715206 4.24513
0.80557 4.37538
0.905191 4.4885
1.01431 4.58038
1.13209 4.64613
1.25567 4.68076
1.3798 4.68094
1.49809 4.64734
1.60606 4.58497
1.70283 4.50073
1.79037 4.40086
1.87186 4.29004
1.9506 4.1715
2.02945 4.04745
2.11079 3.91939
2.19656 3.7884
2.28845 3.65539
2.38837 3.52369
2.4907 3.39813
2.59646 3.27946
2.70706 3.1687
2.82386 3.06694
2.94799 2.9752
3.07989 2.89342
3.20963 2.82133
3.33578 2.75611
3.45907 2.69787
3.58035 2.64697
3.70041 2.60391
3.81997 2.56932
3.93957 2.54393
4.05957 2.52853
4.18017 2.52393
4.30141 2.53098
4.42324 2.5505
4.54555 2.58325
4.66831 2.62984
4.79166 2.69058
4.91602 2.76546
5.04205 2.85435
5.16988 2.95781
5.28544 3.075
5.38992 3.20552
5.48261 3.3493
5.54625 3.506
5.58059 3.67194
5.58634 3.84321
5.56545 4.01653
5.52067 4.18948
5.45487 4.36046
5.37104 4.52826
5.26434 4.68166
5.1393 4.81909
4.99834 4.93867
4.84426 5.03882
4.68015 5.11837
4.5093 5.17646
4.33504 5.21245
4.16075 5.2257
3.98994 5.2155
3.8263 5.18125
3.67376 5.12269
3.5362 5.04044
3.41701 4.93625
3.31834 4.81295
3.2408 4.67386
3.18344 4.52211
3.14424 4.36006
3.12059 4.18916
3.1093 4.01031
3.09881 3.83116
3.09049 3.651
3.0826 3.46946
3.07372 3.28622
3.06278 3.10107
3.04921 2.91387
3.04075 2.72768
3.039 2.54811
3.043 2.37541
3.0519 2.20968
3.06497 2.05088
3.08158 1.8988
3.10112 1.75305
3.12291 1.61307
3.14613 1.4781
3.16978 1.3473
3.19269 1.21972
3.21347 1.09439
3.23071 0.970406
3.243 0.84699
3.24916 0.723545
3.24831 0.599654
3.23987 0.475039
3.22349 0.349516
3.19891 0.22297
3.16578 0.0953737
3.12363 -0.0331811
3.07182 -0.162457
3.00954 -0.292018
2.9355 -0.420905
2.84383 -0.538717
2.73604 -0.638338
2.61312 -0.716343
2.47774 -0.770245
2.3337 -0.799029
2.18506 -0.803143
2.03562 -0.78405
1.88872 -0.743699
1.74725 -0.684144
1.6138 -0.607328
1.49079 -0.515038
1.38054 -0.40898
1.28432 -0.292252
1.20562 -0.164115
1.14491 -0.0279432
1.10283 0.114168
1.07926 0.260294
1.07326 0.408934
1.08329 0.559268
1.10497 0.710148
1.12537 0.857036
1.14614 1.00128
1.16735 1.1439
1.18947 1.28585
1.21312 1.42795
1.23903 1.57082
1.26788 1.7148
1.30034 1.86
1.33705 2.00629
1.37856 2.15336
1.42546 2.30075
1.47835 2.44794
1.53791 2.59436
1.60492 2.73943
1.68034 2.88259
1.76524 3.02327
1.86084 3.16093
1.96843 3.29505
2.0892 3.42516
2.22421 3.55091
2.37404 3.67235
2.53139 3.78432
2.69814 3.88523
2.87512 3.9748
3.06274 4.05333
3.26143 4.11897
3.46182 4.1791
3.66393 4.23434
3.86766 4.28521
4.07281 4.33195
4.27913 4.37432
4.48642 4.41147
4.69454 4.4419
4.90328 4.46357
5.11239 4.47436
5.32147 4.47244
5.53033 4.45803
5.73141 4.42182
5.92381 4.36493
6.10696 4.28871
6.28048 4.19487
6.44413 4.08523
6.59773 3.96157
6.74112 3.8256
6.87409 3.67892
6.99648 3.52307
7.10816 3.35956
7.20913 3.18986
7.29951 3.01543
7.37957 2.83767
7.44973 2.65791
7.51048 2.47737
7.56239 2.29713
7.60603 2.11809
7.64191 1.94099
7.67047 1.76637
7.69205 1.59462
7.70684 1.42594
7.71487 1.26039
7.71605 1.09796
7.71013 0.938521
7.69675 0.781963
7.67545 0.628173
7.64578 0.4771
7.6073 0.328776
7.55971 0.183318
7.50288 0.0409262
7.43698 -0.0981394
7.36239 -0.233573
7.27974 -0.365005
7.18975 -0.491954
7.09317 -0.613737
6.99066 -0.729381
6.88277 -0.837521
6.76992 -0.936304
6.65248 -1.02328
6.53093 -1.09528
6.40613 -1.14825
6.27995 -1.17728
6.15615 -1.17707
6.04099 -1.14378
5.94199 -1.07773
5.86423 -0.984206
5.8081 -0.870399
5.77055 -0.74217
5.74747 -0.603231
5.73499 -0.455723
5.72987 -0.300939
5.7296 -0.13983
5.73223 0.0267186
5.73621 0.19775
5.74025 0.372201
5.74312 0.548922
5.74354 0.726711
5.74008 0.90437
5.73116 1.08075
5.71509 1.25477
5.69012 1.4255
5.65474 1.59214
5.60784 1.7542
5.54953 1.91179
5.48274 2.06271
5.42036 2.21104
5.35998 2.35773
5.30009 2.50339
5.23919 2.64856
5.17593 2.79366
5.1094 2.93892
5.05132 3.08141
5.00213 3.21762
4.96435 3.3478
4.94185 3.47145
4.94044 3.58631
4.96895 3.68556
5.03636 3.7505
5.13114 3.75317
5.224 3.69621
5.30573 3.59915
5.37783 3.47408
5.44318 3.3273
5.50394 3.1655
5.54761 2.99189
5.57668 2.80991
5.59243 2.62207
5.59507 2.43046
5.58398 2.23696
5.55794 2.04336
5.51526 1.85223
5.46845 1.66698
5.41757 1.48701
5.36116 1.3128
5.29787 1.14467
5.22662 0.982778
5.14668 0.827145
5.05759 0.677747
4.95909 0.534638
4.851 0.398066
4.7332 0.268555
4.60565 0.146915
4.46843 0.034179
4.32184 -0.0685165
4.16648 -0.160083
4.0032 -0.239578
3.83307 -0.306206
3.65722 -0.359182
3.47674 -0.397526
3.29268 -0.419875
3.106 -0.42443
2.91767 -0.409132
2.73439 -0.379769
2.55836 -0.338816
2.38939 -0.285865
2.22708 -0.220777
2.07071 -0.143846
1.91924 -0.0557387
1.77139 0.0427101
1.62584 0.150695
1.48134 0.267556
1.33684 0.392799
1.19156 0.52607
1.04497 0.667257
0.910177 0.82001
0.787672 0.98249
0.677626 1.15355
0.58023 1.33189
0.49574 1.51614
0.424485 1.70499
0.366821 1.89718
0.323044 2.09153
0.293286 2.28698
0.27742 2.4825
0.275005 2.6772
0.285299 2.87023
0.307325 3.06078
0.339986 3.24807
0.382192 3.43126
0.432993 3.60941
0.491689 3.78139
0.557924 3.94586
0.631727 4.10118
0.713489 4.24526
0.803851 4.37552
0.903463 4.48868
1.01257 4.58063
1.13033 4.64649
1.25392 4.68125
1.37808 4.68159
1.49644 4.64814
1.6045 4.5859
1.70137 4.50176
1.78901 4.40195
1.87059 4.29117
1.94939 4.17266
2.02829 4.04862
2.10967 3.92055
2.19548 3.78956
2.28742 3.65654
2.38735 3.52478
2.48972 3.39916
2.59553 3.28043
2.70619 3.16961
2.82307 3.0678
2.94728 2.97601
3.07924 2.89417
3.20907 2.822
3.33531 2.75669
3.45869 2.69837
3.58006 2.64739
3.70021 2.60426
3.81986 2.56961
3.93954 2.54418
4.05963 2.52876
4.18031 2.52417
4.30164 2.53126
4.42355 2.55085
4.54595 2.5837
4.66879 2.63042
4.79222 2.6913
4.91665 2.76632
5.04274 2.85537
5.1706 2.95902
5.2862 3.07632
5.39067 3.20699
5.48325 3.351
5.5468 3.50774
5.581 3.67372
5.58661 3.84501
5.56559 4.01832
5.52072 4.19124
5.45487 4.36217
5.37099 4.52988
5.26429 4.68314
5.13927 4.82045
4.99837 4.93992
4.84437 5.04
4.68038 5.11949
4.50965 5.17757
4.3355 5.21356
4.16132 5.22682
3.99059 5.21666
3.82701 5.18245
3.67449 5.12396
3.53691 5.04178
3.41764 4.93765
3.31888 4.81439
3.24121 4.6753
3.18374 4.52351
3.14443 4.36137
3.12068 4.19037
3.10929 4.0114
3.09869 3.83213
3.09028 3.65186
3.0823 3.47021
3.07334 3.28687
3.06235 3.10164
3.04874 2.91438
3.04025 2.72815
3.03847 2.54854
3.04247 2.37578
3.05137 2.20998
3.06445 2.0511
3.08107 1.89893
3.10062 1.75307
3.12241 1.61297
3.14564 1.47788
3.1693 1.34696
3.19221 1.21926
3.21299 1.09381
3.23023 0.969713
3.24252 0.846188
3.24868 0.722638
3.24782 0.598645
3.23937 0.473932
3.22297 0.348315
3.19836 0.221682
3.16518 0.0940074
3.12296 -0.0346163
3.07107 -0.163949
3.00869 -0.293552
2.93451 -0.422456
2.84279 -0.540185
2.73495 -0.639718
2.61198 -0.717642
2.4766 -0.771482
2.33258 -0.800226
2.18398 -0.804323
2.03459 -0.785231
1.88775 -0.744897
1.74632 -0.685367
1.61291 -0.608579
1.48994 -0.516317
1.3797 -0.410289
1.28356 -0.293417
1.20482 -0.165293
1.14405 -0.0291157
1.10189 0.113024
1.07822 0.259208
1.07212 0.407934
1.08207 0.558376
1.10376 0.709365
1.12416 0.856389
1.14494 1.00077
1.16617 1.14352
1.18831 1.2856
1.21199 1.42781
1.23791 1.57076
1.26678 1.71481
1.29926 1.86006
1.33598 2.00638
1.3775 2.15347
1.42442 2.30088
1.47733 2.44809
1.53691 2.59454
1.60396 2.73966
1.67943 2.88286
1.76441 3.02361
1.86011 3.16134
1.96781 3.29553
2.08872 3.42571
2.22385 3.55153
2.3738 3.67305
2.53127 3.78509
2.69813 3.88607
2.87521 3.97571
3.06289 4.05432
3.26162 4.12
3.46202 4.18017
3.66413 4.23546
3.86786 4.28637
4.07299 4.33312
4.27931 4.37548
4.48663 4.41259
4.6948 4.44294
4.90364 4.46453
5.11286 4.47522
5.32209 4.4732
5.53108 4.45872
5.73229 4.42245
5.92481 4.36549
6.10805 4.28921
6.28163 4.19532
6.44533 4.08564
6.59895 3.96195
6.74233 3.82595
6.87529 3.67926
6.99766 3.5234
7.10933 3.3599
7.2103 3.19021
7.30068 3.0158
7.38076 2.83806
7.45094 2.65832
7.51173 2.47779
7.56367 2.29754
7.60733 2.11848
7.64324 1.94134
7.67183 1.76667
7.69342 1.59485
7.70821 1.42609
7.71625 1.26045
7.71742 1.09791
7.71148 0.938374
7.69807 0.781708
7.67674 0.627813
7.64703 0.47664
7.60851 0.328222
7.56087 0.18268
7.50401 0.0402158
7.43808 -0.0989098
7.36349 -0.23439
7.28084 -0.365853
7.19086 -0.492817
7.09429 -0.614599
6.9918 -0.730227
6.88392 -0.838339
6.77109 -0.937088
6.65367 -1.02403
6.53213 -1.096
6.40734 -1.14895
6.28116 -1.17797
6.15735 -1.17779
6.04216 -1.14452
5.94311 -1.07849
5.86531 -0.984967
5.80912 -0.871143
5.77153 -0.742883
5.74843 -0.603911
5.73593 -0.456378
5.7308 -0.301584
5.73054 -0.140486
5.73317 0.026028
5.73718 0.197004
5.74123 0.371386
5.74411 0.548032
5.74453 0.725751
5.74107 0.903355
5.73215 1.0797
5.71606 1.25372
5.6911 1.42448
5.65572 1.59119
5.60885 1.75335
5.55058 1.91106
5.4837 2.06207
5.42126 2.21051
5.36083 2.3573
5.30089 2.50304
5.23996 2.64829
5.17669 2.79345
5.11018 2.93875
5.05206 3.08134
5.00286 3.21764
4.96509 3.3479
4.9426 3.47159
4.94123 3.58648
4.96983 3.6857
5.03736 3.75051
5.1322 3.75293
5.22506 3.69578
5.30682 3.5986
5.37897 3.47344
5.44442 3.32658
5.50514 3.16487
5.54878 2.99134
5.57782 2.80944
5.5935 2.62168
5.59604 2.43015
5.58483 2.23672
5.55866 2.04317
5.51582 1.85207
5.4689 1.66683
5.41791 1.48683
5.3614 1.31255
5.29802 1.14433
5.2267 0.982329
5.14669 0.826581
5.05754 0.677076
4.95898 0.533879
4.85084 0.397244
4.73301 0.267695
4.60544 0.146037
4.46821 0.0332983
4.32164 -0.0693953
4.16632 -0.160962
4.00309 -0.240464
3.83302 -0.307101
3.65723 -0.36008
3.4768 -0.398415
3.29276 -0.420737
3.10609 -0.425247
2.91774 -0.409888
2.73436 -0.380478
2.5582 -0.339471
2.38909 -0.286463
2.22662 -0.22132
2.07008 -0.144334
1.91845 -0.0561687
1.77046 0.0423437
1.62478 0.150396
1.48016 0.267325
1.33558 0.39263
1.19025 0.525951
1.04362 0.667172
0.908846 0.819968
0.786371 0.982471
0.676362 1.15354
0.579006 1.33186
0.494557 1.5161
0.423337 1.70494
0.365699 1.89714
0.321933 2.09151
0.29217 2.28698
0.276281 2.48255
0.27383 2.67729
0.284077 2.87035
0.306048 3.06094
0.338653 3.24825
0.380805 3.43144
0.43156 3.60958
0.490222 3.78154
0.556436 3.946
0.630229 4.1013
0.711988 4.24538
0.802346 4.37565
0.901953 4.48884
1.01105 4.58085
1.1288 4.6468
1.25239 4.68168
1.37658 4.68215
1.495 4.64884
1.60314 4.58671
1.7001 4.50265
1.78782 4.40291
1.86947 4.29217
1.94833 4.17367
2.02727 4.04963
2.10869 3.92156
2.19453 3.79057
2.28651 3.65755
2.38646 3.52574
2.48886 3.40005
2.59472 3.28128
2.70544 3.17041
2.82238 3.06856
2.94665 2.97671
3.07867 2.89483
3.20858 2.82258
3.3349 2.7572
3.45836 2.6988
3.5798 2.64775
3.70004 2.60456
3.81976 2.56987
3.93951 2.5444
4.05967 2.52896
4.18043 2.52438
4.30184 2.5315
4.42382 2.55115
4.54629 2.5841
4.66921 2.63093
4.7927 2.69193
4.9172 2.76708
5.04334 2.85626
5.17122 2.96007
5.28686 3.07748
5.39133 3.20828
5.4838 3.35248
5.54729 3.50927
5.58136 3.67528
5.58684 3.84659
5.56572 4.01989
5.52077 4.19278
5.45486 4.36365
5.37096 4.5313
5.26425 4.68444
5.13925 4.82163
4.99839 4.94102
4.84447 5.04102
4.68058 5.12048
4.50995 5.17854
4.33591 5.21453
4.16182 5.22781
3.99116 5.21767
3.82763 5.1835
3.67512 5.12507
3.53752 5.04295
3.41819 4.93888
3.31934 4.81565
3.24158 4.67656
3.184 4.52473
3.1446 4.36252
3.12076 4.19143
3.10927 4.01235
3.09859 3.83298
3.09009 3.6526
3.08204 3.47086
3.07302 3.28744
3.06198 3.10214
3.04833 2.91482
3.03981 2.72855
3.03802 2.54891
3.04201 2.3761
3.0509 2.21024
3.06399 2.05129
3.08062 1.89904
3.10018 1.75309
3.12198 1.61288
3.14521 1.47769
3.16888 1.34666
3.19179 1.21885
3.21257 1.09331
3.22981 0.969109
3.2421 0.845488
3.24826 0.721845
3.24739 0.597763
3.23893 0.472964
3.22252 0.347265
3.19787 0.220556
3.16465 0.0928129
3.12238 -0.0358709
3.07041 -0.165254
3.00795 -0.294893
2.93365 -0.423812
2.84187 -0.541469
2.73398 -0.640925
2.61099 -0.718778
2.47561 -0.772563
2.3316 -0.801273
2.18304 -0.805355
2.03369 -0.786265
1.88689 -0.745945
1.74551 -0.686436
1.61214 -0.609672
1.48919 -0.517436
1.37896 -0.411433
1.28291 -0.294414
1.20414 -0.1663
1.14331 -0.0301185
1.10107 0.112046
1.07733 0.258279
1.07115 0.407078
1.08103 0.557613
1.10273 0.708695
1.12312 0.855834
1.14391 1.00033
1.16516 1.1432
1.18731 1.28538
1.21101 1.42768
1.23695 1.57071
1.26584 1.71482
1.29834 1.86011
1.33506 2.00646
1.3766 2.15357
1.42352 2.30099
1.47644 2.44823
1.53605 2.5947
1.60314 2.73985
1.67865 2.8831
1.7637 3.0239
1.85948 3.16169
1.96728 3.29594
2.0883 3.42618
2.22354 3.55207
2.37359 3.67364
2.53117 3.78574
2.69813 3.88679
2.87528 3.9765
3.06302 4.05516
3.26178 4.12088
3.4622 4.1811
3.66431 4.23642
3.86802 4.28736
4.07314 4.33412
4.27947 4.37647
4.48681 4.41354
4.69503 4.44384
4.90394 4.46535
5.11327 4.47595
5.32262 4.47386
5.53173 4.45931
5.73304 4.42298
5.92566 4.36597
6.10898 4.28965
6.28263 4.19571
6.44635 4.08599
6.59999 3.96227
6.74337 3.82625
6.87632 3.67954
6.99868 3.52369
7.11034 3.36019
7.2113 3.19052
7.30169 3.01612
7.38178 2.8384
7.45198 2.65867
7.51279 2.47815
7.56476 2.29789
7.60845 2.11881
7.64438 1.94164
7.67299 1.76693
7.69459 1.59505
7.70939 1.42622
7.71743 1.2605
7.71859 1.09788
7.71263 0.938248
7.6992 0.781491
7.67784 0.627506
7.64809 0.476246
7.60954 0.327748
7.56187 0.182135
7.50498 0.0396085
7.43903 -0.0995685
7.36443 -0.235088
7.28178 -0.366579
7.19181 -0.493555
7.09526 -0.615337
6.99278 -0.730952
6.88492 -0.83904
6.7721 -0.93776
6.65469 -1.02467
6.53316 -1.09661
6.40837 -1.14955
6.2822 -1.17857
6.15837 -1.1784
6.04316 -1.14515
5.94408 -1.07914
5.86623 -0.985618
5.81 -0.871779
5.77237 -0.743495
5.74924 -0.604495
5.73673 -0.45694
5.7316 -0.302139
5.73134 -0.14105
5.73398 0.0254346
5.738 0.196364
5.74207 0.370688
5.74496 0.54727
5.74538 0.72493
5.74192 0.902486
5.73299 1.0788
5.7169 1.25283
5.69193 1.42361
5.65656 1.59038
5.60971 1.75262
5.55148 1.91043
5.48453 2.06153
5.42204 2.21005
5.36156 2.35692
5.30158 2.50275
5.24062 2.64806
5.17734 2.79326
5.11086 2.9386
5.0527 3.08128
5.00348 3.21766
4.96571 3.34797
4.94324 3.47172
4.94191 3.58662
4.97057 3.68583
5.03822 3.75051
5.13311 3.75273
5.22597 3.69541
5.30775 3.59813
5.37995 3.47289
5.44548 3.32596
5.50617 3.16432
5.54979 2.99087
5.57879 2.80904
5.59441 2.62136
5.59687 2.42989
5.58556 2.23651
5.55928 2.043
5.51631 1.85193
5.46929 1.66669
5.4182 1.48667
5.36161 1.31234
5.29815 1.14404
5.22676 0.981945
5.14669 0.826099
5.05749 0.676504
4.95889 0.533232
4.85071 0.396542
4.73285 0.26696
4.60526 0.145287
4.46803 0.0325448
4.32148 -0.0701478
4.16618 -0.161716
4.00301 -0.241223
3.83299 -0.307867
3.65724 -0.360849
3.47685 -0.399175
3.29283 -0.421474
3.10616 -0.425945
2.91781 -0.410534
2.73434 -0.381084
2.55807 -0.34003
2.38883 -0.286974
2.22622 -0.221784
2.06954 -0.144752
1.91777 -0.0565362
1.76965 0.0420304
1.62386 0.150141
1.47916 0.267127
1.33451 0.392484
1.18912 0.525849
1.04246 0.667098
0.907706 0.819931
0.785257 0.982453
0.675279 1.15352
0.577958 1.33184
0.493543 1.51607
0.422354 1.70491
0.364737 1.8971
0.320981 2.09149
0.291213 2.28699
0.275306 2.48258
0.272823 2.67736
0.283029 2.87046
0.304954 3.06107
0.33751 3.24839
0.379618 3.43159
0.430333 3.60972
0.488966 3.78167
0.555162 3.94611
0.628946 4.1014
0.710701 4.24547
0.801058 4.37575
0.900659 4.48897
1.00975 4.58103
1.12749 4.64706
1.25108 4.68205
1.37529 4.68264
1.49376 4.64944
1.60197 4.58741
1.699 4.50342
1.7868 4.40373
1.86851 4.29302
1.94742 4.17454
2.0264 4.0505
2.10785 3.92243
2.19373 3.79143
2.28574 3.65842
2.38569 3.52655
2.48812 3.40083
2.59403 3.28201
2.70479 3.1711
2.82179 3.06921
2.94611 2.97732
3.07819 2.89539
3.20816 2.82308
3.33455 2.75763
3.45807 2.69918
3.57959 2.64807
3.69988 2.60482
3.81967 2.57009
3.93949 2.54459
4.05972 2.52913
4.18054 2.52456
4.30201 2.53171
4.42406 2.55142
4.54659 2.58445
4.66956 2.63137
4.79312 2.69248
4.91768 2.76774
5.04385 2.85703
5.17175 2.96098
5.28742 3.07848
5.39189 3.20939
5.48427 3.35376
5.5477 3.51058
5.58166 3.67662
5.58703 3.84794
5.56582 4.02123
5.52081 4.19409
5.45486 4.36493
5.37093 4.53251
5.26421 4.68555
5.13923 4.82265
4.99842 4.94195
4.84456 5.04191
4.68075 5.12133
4.51021 5.17937
4.33626 5.21536
4.16224 5.22865
3.99165 5.21854
3.82816 5.18441
3.67566 5.12602
3.53804 5.04395
3.41867 4.93993
3.31974 4.81672
3.24189 4.67763
3.18423 4.52577
3.14475 4.36351
3.12082 4.19233
3.10926 4.01316
3.0985 3.83371
3.08993 3.65324
3.08182 3.47142
3.07274 3.28793
3.06165 3.10257
3.04797 2.9152
3.03943 2.7289
3.03763 2.54922
3.04161 2.37637
3.05051 2.21047
3.0636 2.05146
3.08023 1.89913
3.0998 1.7531
3.12161 1.61281
3.14485 1.47753
3.16852 1.34641
3.19143 1.21851
3.21222 1.09287
3.22945 0.968591
3.24173 0.844888
3.24789 0.721166
3.24703 0.597007
3.23856 0.472135
3.22213 0.346366
3.19746 0.219592
3.1642 0.0917899
3.12187 -0.0369454
3.06985 -0.166371
3.00731 -0.296041
2.9329 -0.424973
2.84109 -0.542568
2.73316 -0.641959
2.61014 -0.719752
2.47476 -0.77349
2.33077 -0.80217
2.18223 -0.80624
2.03292 -0.787152
1.88616 -0.746843
1.74482 -0.687352
1.61148 -0.610609
1.48855 -0.518394
1.37832 -0.412412
1.28237 -0.295244
1.20357 -0.167138
1.14269 -0.0309526
1.1004 0.111233
1.07659 0.257507
1.07035 0.406367
1.08016 0.556977
1.10187 0.708137
1.12226 0.855372
1.14305 0.999966
1.16431 1.14293
1.18648 1.2852
1.2102 1.42757
1.23616 1.57066
1.26506 1.71482
1.29756 1.86014
1.3343 2.00652
1.37584 2.15365
1.42278 2.30109
1.47571 2.44834
1.53534 2.59484
1.60245 2.74001
1.67801 2.8833
1.76311 3.02414
1.85896 3.16198
1.96685 3.29628
2.08795 3.42657
2.22329 3.55251
2.37342 3.67414
2.53109 3.78629
2.69812 3.88739
2.87534 3.97715
3.06312 4.05586
3.26191 4.12162
3.46234 4.18187
3.66445 4.23722
3.86816 4.28818
4.07327 4.33495
4.2796 4.37729
4.48696 4.41434
4.69522 4.44458
4.9042 4.46603
5.11362 4.47656
5.32307 4.4744
5.53226 4.45981
5.73367 4.42343
5.92637 4.36637
6.10976 4.29001
6.28345 4.19604
6.4472 4.08628
6.60085 3.96253
6.74423 3.8265
6.87717 3.67978
6.99952 3.52392
7.11118 3.36043
7.21213 3.19077
7.30253 3.01639
7.38263 2.83868
7.45285 2.65897
7.51368 2.47844
7.56567 2.29818
7.60938 2.11909
7.64533 1.94189
7.67395 1.76714
7.69557 1.59522
7.71038 1.42632
7.71841 1.26054
7.71956 1.09785
7.71359 0.938144
7.70014 0.78131
7.67876 0.62725
7.64898 0.475919
7.6104 0.327354
7.5627 0.181681
7.50579 0.0391035
7.43983 -0.100116
7.36521 -0.235669
7.28257 -0.367182
7.1926 -0.494169
7.09606 -0.615951
6.99359 -0.731554
6.88574 -0.839624
6.77294 -0.93832
6.65554 -1.02521
6.53401 -1.09713
6.40924 -1.15005
6.28306 -1.17907
6.15923 -1.17891
6.044 -1.14568
5.94488 -1.07968
5.86699 -0.98616
5.81073 -0.872309
5.77308 -0.744004
5.74993 -0.604982
5.73739 -0.457409
5.73226 -0.302601
5.732 -0.141522
5.73466 0.0249391
5.73869 0.19583
5.74277 0.370106
5.74567 0.546636
5.74609 0.724247
5.74262 0.901765
5.73369 1.07806
5.71759 1.25208
5.69262 1.42289
5.65726 1.5897
5.61044 1.75202
5.55222 1.90991
5.48522 2.06107
5.42269 2.20967
5.36216 2.35661
5.30215 2.5025
5.24116 2.64786
5.17788 2.79311
5.11143 2.93848
5.05323 3.08123
5.00401 3.21767
4.96624 3.34804
4.94378 3.47182
4.94248 3.58674
4.9712 3.68593
5.03894 3.75051
5.13387 3.75255
5.22673 3.6951
5.30852 3.59773
5.38077 3.47242
5.44637 3.32545
5.50703 3.16386
5.55063 2.99048
5.5796 2.80871
5.59517 2.62108
5.59756 2.42967
5.58616 2.23634
5.5598 2.04286
5.51671 1.85181
5.46961 1.66658
5.41845 1.48654
5.36178 1.31216
5.29826 1.1438
5.22681 0.981625
5.1467 0.825698
5.05745 0.676028
4.95881 0.532694
4.8506 0.395959
4.73271 0.266349
4.60511 0.144663
4.46788 0.0319177
4.32134 -0.0707744
4.16607 -0.162343
4.00293 -0.241855
3.83295 -0.308505
3.65725 -0.36149
3.47688 -0.399809
3.29289 -0.422087
3.10622 -0.426525
2.91786 -0.411072
2.73431 -0.381588
2.55796 -0.340495
2.38861 -0.287399
2.22589 -0.22217
2.06909 -0.145099
1.91721 -0.0568417
1.76899 0.04177
1.6231 0.149928
1.47832 0.266962
1.33361 0.392363
1.18819 0.525762
1.0415 0.667035
0.906758 0.819899
0.784331 0.982437
0.674378 1.15351
0.577085 1.33182
0.492698 1.51605
0.421534 1.70488
0.363935 1.89708
0.320187 2.09148
0.290415 2.28699
0.274493 2.48262
0.271985 2.67742
0.282156 2.87054
0.304043 3.06117
0.336559 3.24851
0.378628 3.43171
0.429311 3.60984
0.48792 3.78178
0.554101 3.94621
0.627877 4.10149
0.70963 4.24556
0.799985 4.37584
0.89958 4.48908
1.00866 4.58119
1.1264 4.64728
1.24999 4.68236
1.37422 4.68304
1.49273 4.64993
1.60099 4.58798
1.69809 4.50406
1.78594 4.40441
1.86771 4.29373
1.94666 4.17526
2.02568 4.05123
2.10715 3.92315
2.19306 3.79215
2.2851 3.65914
2.38506 3.52724
2.48751 3.40147
2.59345 3.28262
2.70426 3.17167
2.8213 3.06975
2.94567 2.97783
3.07778 2.89586
3.20781 2.82349
3.33425 2.758
3.45784 2.69949
3.5794 2.64833
3.69976 2.60504
3.8196 2.57027
3.93947 2.54475
4.05975 2.52928
4.18063 2.52471
4.30215 2.53188
4.42426 2.55164
4.54684 2.58473
4.66986 2.63174
4.79347 2.69293
4.91807 2.76828
5.04428 2.85767
5.1722 2.96173
5.28789 3.07931
5.39235 3.21032
5.48466 3.35483
5.54804 3.51167
5.58192 3.67774
5.5872 3.84907
5.56591 4.02235
5.52084 4.19519
5.45486 4.36599
5.3709 4.53352
5.26419 4.68648
5.13922 4.8235
4.99844 4.94274
4.84464 5.04264
4.68089 5.12204
4.51042 5.18007
4.33654 5.21606
4.1626 5.22936
3.99206 5.21926
3.8286 5.18516
3.67612 5.12681
3.53848 5.04479
3.41906 4.9408
3.32007 4.81762
3.24215 4.67853
3.18442 4.52664
3.14487 4.36433
3.12088 4.19309
3.10925 4.01384
3.09843 3.83431
3.0898 3.65378
3.08163 3.47188
3.07251 3.28834
3.06138 3.10293
3.04768 2.91552
3.03912 2.7292
3.0373 2.54948
3.04128 2.3766
3.05018 2.21065
3.06327 2.05159
3.07991 1.89921
3.09948 1.75311
3.1213 1.61275
3.14454 1.47739
3.16822 1.3462
3.19113 1.21822
3.21192 1.09251
3.22915 0.96816
3.24143 0.844388
3.24759 0.7206
3.24672 0.596378
3.23825 0.471444
3.2218 0.345617
3.19711 0.218789
3.16382 0.090938
3.12146 -0.0378403
3.06938 -0.167301
3.00678 -0.296997
2.93229 -0.42594
2.84044 -0.543484
2.73247 -0.642821
2.60944 -0.720563
2.47405 -0.774262
2.33007 -0.802918
2.18156 -0.806977
2.03228 -0.78789
1.88555 -0.747592
1.74424 -0.688115
1.61092 -0.611389
1.48801 -0.519192
1.37779 -0.413227
